0.9267227891640459,1.3352008281133898,1.7417227998491427,2.14626649246868,2.548809071390476,2.949327051163639,3.347796265498584,3.744191835373737,4.138488135058626,4.530658755877326,4.920676467517801,5.308513176672172,5.6941398827694485,6.077526630536145,6.458642459090218,6.837455347240063,7.213932154621823,7.588038558264248,7.959738984120268,8.328996533046787,8.695772900648006,9.060028290321153,9.421721318755111,9.780808913029823,10.13724619834463,10.490986375264143,10.841980585205896,11.190177762701026,11.535524472730355,11.877964731166731,12.217439806030097,12.553887996872977,12.887244389145195,13.217440579818476,13.544404369858961,13.868059418286567,14.188324851511577,14.505114820336544,14.818337995380464,15.1278969896248,15.433687694162792,15.73559850987193,16.033509453371117,16.327291109913194,16.61680339829408,16.901894102700915,17.182397112599865,17.458130292674603,17.728892878020265,17.994462251457406,18.25458990385545,18.508996294725847,18.75736420209034,18.999329947970715,19.234471554383575,19.462292320296182,19.682197301835284,19.893458270403276,20.095158847561194,20.2861028959818,20.46464764206562,20.628358965591303,20.773139915424053,20.889902672653044,20.889902672653044,20.773139915424053,20.628358965591303,20.464647642065625,20.2861028959818,20.095158847561194,19.893458270403276,19.682197301835284,19.462292320296182,19.234471554383575,18.99932994797072,18.75736420209034,18.508996294725847,18.25458990385545,17.994462251457406,17.728892878020265,17.458130292674603,17.182397112599865,16.90189410270092,16.616803398294085,16.327291109913197,16.033509453371117,15.73559850987193,15.433687694162792,15.1278969896248,14.818337995380464,14.505114820336548,14.18832485151158,13.868059418286563,13.544404369858961,13.217440579818476,12.887244389145195,12.553887996872977,12.217439806030097,11.877964731166735,11.535524472730359,11.190177762701026,10.841980585205896,10.490986375264143,10.13724619834463,9.780808913029823,9.421721318755111,9.060028290321153,8.69577290064801,8.328996533046787,7.959738984120268,7.588038558264248,7.213932154621823,6.837455347240063,6.458642459090218,6.077526630536148,5.694139882769452,5.308513176672175,4.920676467517801,4.530658755877326,4.138488135058626,3.744191835373737,3.347796265498584,2.949327051163639,2.548809071390476,2.14626649246868,1.7417227998491427,1.3352008281133898,0.9267227891640459
0.628785961118453,1.0372640000677968,1.4437859718035497,1.8483296644230869,2.250872243344883,2.651390223118046,3.049859437452991,3.446255007328144,3.8405513070130333,4.232721927831733,4.622739639472208,5.010576348626579,5.3962030547238555,5.779589802490552,6.160705631044623,6.539518519194468,6.915995326576228,7.2901017302186535,7.661802156074675,8.031059705001194,8.397836072602413,8.762091462275558,9.123784490709518,9.482872084984228,9.839309370299038,10.193049547218548,10.544043757160301,10.892240934655431,11.237587644684762,11.580027903121138,11.919502977984504,12.255951168827382,12.589307561099602,12.919503751772881,13.246467541813368,13.570122590240972,13.890388023465983,14.207177992290951,14.520401167334871,14.829960161579207,15.135750866117199,15.437661681826338,15.735572625325524,16.0293542818676,16.31886657024849,16.603957274655322,16.884460284554272,17.16019346462901,17.43095604997467,17.696525423411813,17.956653075809857,18.211059466680254,18.459427374044743,18.70139311992512,18.93653472633798,19.16435549225059,19.38426047378969,19.595521442357683,19.7972220195156,19.988166067936206,20.16671081402003,20.33042213754571,20.47520308737846,20.59196584460745,20.59196584460745,20.47520308737846,20.33042213754571,20.166710814020032,19.988166067936206,19.7972220195156,19.595521442357683,19.38426047378969,19.16435549225059,18.93653472633798,18.70139311992512,18.459427374044747,18.211059466680254,17.956653075809857,17.696525423411813,17.43095604997467,17.16019346462901,16.884460284554272,16.603957274655325,16.318866570248492,16.029354281867604,15.735572625325524,15.437661681826338,15.135750866117199,14.829960161579207,14.520401167334871,14.207177992290955,13.890388023465986,13.57012259024097,13.246467541813368,12.919503751772881,12.589307561099602,12.255951168827382,11.919502977984504,11.58002790312114,11.237587644684764,10.892240934655433,10.544043757160301,10.193049547218548,9.839309370299038,9.482872084984228,9.123784490709518,8.76209146227556,8.397836072602415,8.031059705001192,7.661802156074675,7.2901017302186535,6.915995326576228,6.539518519194468,6.160705631044623,5.779589802490555,5.396203054723859,5.010576348626582,4.622739639472208,4.232721927831733,3.8405513070130333,3.446255007328144,3.049859437452991,2.651390223118046,2.250872243344883,1.8483296644230869,1.4437859718035497,1.0372640000677968,0.628785961118453
0.37966779069521195,0.7881458296445558,1.1946678013803087,1.5992114939998459,2.001754072921642,2.402272052694805,2.80074126702975,3.197136836904903,3.5914331365897922,3.983603757408492,4.373621469048967,4.761458178203338,5.1470848843006145,5.530471632067311,5.911587460621384,6.290400348771227,6.666877156152987,7.0409835597954125,7.412683985651434,7.781941534577953,8.148717902179172,8.512973291852317,8.874666320286277,9.233753914560987,9.590191199875797,9.943931376795307,10.29492558673706,10.64312276423219,10.988469474261521,11.330909732697897,11.670384807561263,12.00683299840414,12.340189390676361,12.67038558134964,12.997349371390127,13.321004419817731,13.641269853042742,13.95805982186771,14.27128299691163,14.580841991155966,14.886632695693958,15.188543511403097,15.486454454902283,15.78023611144436,16.06974839982525,16.354839104232084,16.635342114131035,16.91107529420577,17.18183787955143,17.447407252988576,17.707534905386616,17.961941296257013,18.210309203621506,18.45227494950188,18.68741655591474,18.915237321827348,19.13514230336645,19.34640327193444,19.54810384909236,19.739047897512965,19.91759264359679,20.08130396712247,20.226084916955216,20.34284767418421,20.34284767418421,20.226084916955216,20.08130396712247,19.91759264359679,19.739047897512965,19.54810384909236,19.34640327193444,19.13514230336645,18.915237321827348,18.68741655591474,18.452274949501884,18.210309203621506,17.961941296257013,17.707534905386616,17.447407252988576,17.18183787955143,16.91107529420577,16.635342114131035,16.354839104232084,16.06974839982525,15.780236111444363,15.486454454902283,15.188543511403097,14.886632695693958,14.580841991155966,14.27128299691163,13.958059821867712,13.641269853042745,13.32100441981773,12.997349371390127,12.67038558134964,12.340189390676361,12.00683299840414,11.670384807561263,11.330909732697899,10.988469474261523,10.643122764232192,10.29492558673706,9.943931376795307,9.590191199875797,9.233753914560987,8.874666320286277,8.512973291852319,8.148717902179174,7.7819415345779515,7.412683985651434,7.0409835597954125,6.666877156152987,6.290400348771227,5.911587460621384,5.530471632067314,5.147084884300618,4.761458178203341,4.373621469048967,3.983603757408492,3.5914331365897922,3.197136836904903,2.80074126702975,2.402272052694805,2.001754072921642,1.5992114939998459,1.1946678013803087,0.7881458296445558,0.37966779069521195
0.18823835917265086,0.5967163981219947,1.0032383698577476,1.4077820624772848,1.810324641399081,2.210842621172244,2.6093118355071887,3.005707405382342,3.400003705067231,3.792174325885931,4.182192037526406,4.5700287466807765,4.955655452778053,5.33904220054475,5.7201580290988225,6.098970917248666,6.475447724630426,6.849554128272851,7.221254554128873,7.590512103055392,7.957288470656611,8.321543860329756,8.683236888763716,9.042324483038426,9.398761768353236,9.752501945272746,10.103496155214499,10.45169333270963,10.79704004273896,11.139480301175336,11.478955376038702,11.81540356688158,12.1487599591538,12.478956149827079,12.805919939867566,13.12957498829517,13.44984042152018,13.76663039034515,14.079853565389069,14.389412559633405,14.695203264171397,14.997114079880536,15.29502502337972,15.588806679921799,15.878318968302688,16.16340967270952,16.44391268260847,16.71964586268321,16.99040844802887,17.25597782146601,17.51610547386405,17.770511864734452,18.01887977209894,18.26084551797932,18.49598712439218,18.723807890304787,18.94371287184389,19.15497384041188,19.3566744175698,19.547618465990404,19.726163212074226,19.88987453559991,20.034655485432655,20.15141824266165,20.15141824266165,20.034655485432655,19.88987453559991,19.72616321207423,19.547618465990404,19.3566744175698,19.15497384041188,18.94371287184389,18.723807890304787,18.49598712439218,18.26084551797932,18.018879772098945,17.770511864734452,17.51610547386405,17.25597782146601,16.99040844802887,16.71964586268321,16.44391268260847,16.163409672709523,15.87831896830269,15.5888066799218,15.29502502337972,14.997114079880536,14.695203264171397,14.389412559633405,14.079853565389069,13.766630390345151,13.449840421520184,13.129574988295168,12.805919939867566,12.478956149827079,12.1487599591538,11.81540356688158,11.478955376038702,11.139480301175338,10.797040042738962,10.451693332709631,10.103496155214499,9.752501945272746,9.398761768353236,9.042324483038426,8.683236888763716,8.321543860329758,7.9572884706566125,7.59051210305539,7.221254554128873,6.849554128272851,6.475447724630426,6.098970917248666,5.7201580290988225,5.339042200544753,4.955655452778057,4.57002874668078,4.182192037526406,3.792174325885931,3.400003705067231,3.005707405382342,2.6093118355071887,2.210842621172244,1.810324641399081,1.4077820624772848,1.0032383698577476,0.5967163981219947,0.18823835917265086
0.06131368729218778,0.46979172624153165,0.8763136979772845,1.2808573905968217,1.683399969518618,2.0839179492917808,2.4823871636267256,2.878782733501879,3.273079033186768,3.6652496540054678,4.055267365645943,4.443104074800313,4.828730780897594,5.21211752866429,5.5932333572183595,5.972046245368205,6.348523052749966,6.722629456392392,7.094329882248413,7.463587431174933,7.830363798776151,8.194619188449296,8.556312216883256,8.915399811157966,9.271837096472776,9.625577273392286,9.97657148333404,10.32476866082917,10.6701153708585,11.012555629294877,11.352030704158242,11.68847889500112,12.02183528727334,12.35203147794662,12.678995267987105,13.00265031641471,13.322915749639721,13.639705718464688,13.952928893508608,14.262487887752943,14.568278592290937,14.870189408000076,15.16810035149926,15.46188200804134,15.751394296422227,16.03648500082906,16.31698801072801,16.59272119080275,16.86348377614841,17.129053149585552,17.389180801983592,17.643587192853992,17.891955100218482,18.13392084609886,18.36906245251172,18.596883218424324,18.81678819996343,19.028049168531417,19.22974974568934,19.420693794109944,19.599238540193767,19.76294986371945,19.907730813552195,20.02449357078119,20.02449357078119,19.907730813552195,19.76294986371945,19.599238540193767,19.420693794109944,19.22974974568934,19.028049168531417,18.81678819996343,18.596883218424324,18.36906245251172,18.13392084609886,17.891955100218485,17.643587192853992,17.389180801983592,17.129053149585552,16.86348377614841,16.59272119080275,16.31698801072801,16.036485000829064,15.75139429642223,15.461882008041341,15.16810035149926,14.870189408000076,14.568278592290937,14.262487887752943,13.952928893508608,13.639705718464691,13.322915749639723,13.002650316414707,12.678995267987105,12.35203147794662,12.02183528727334,11.68847889500112,11.352030704158242,11.012555629294878,10.670115370858502,10.324768660829172,9.97657148333404,9.625577273392286,9.271837096472776,8.915399811157966,8.556312216883256,8.194619188449298,7.830363798776153,7.463587431174931,7.094329882248413,6.722629456392392,6.348523052749966,5.972046245368205,5.5932333572183595,5.21211752866429,4.828730780897594,4.443104074800317,4.055267365645943,3.6652496540054678,3.273079033186768,2.878782733501879,2.4823871636267256,2.0839179492917808,1.683399969518618,1.2808573905968217,0.8763136979772845,0.46979172624153165,0.06131368729218778
0.0034130445791795694,0.41189108352852344,0.8184130552642763,1.2229567478838135,1.6254993268056097,2.0260173065787725,2.4244865209137174,2.8208820907888708,3.21517839047376,3.6073490112924596,3.9973667229329344,4.385203432087305,4.770830138184586,5.154216885951282,5.535332714505351,5.914145602655196,6.290622410036958,6.664728813679384,7.036429239535405,7.405686788461924,7.772463156063143,8.136718545736288,8.498411574170248,8.857499168444958,9.213936453759768,9.567676630679278,9.918670840621031,10.266868018116162,10.612214728145492,10.954654986581868,11.294130061445234,11.630578252288112,11.963934644560332,12.294130835233611,12.621094625274097,12.944749673701702,13.265015106926713,13.58180507575168,13.8950282507956,14.204587245039935,14.51037794957793,14.812288765287068,15.11019970878625,15.403981365328331,15.693493653709218,15.978584358116052,16.259087368015003,16.53482054808974,16.8055831334354,17.071152506872544,17.331280159270584,17.585686550140984,17.834054457505474,18.076020203385852,18.31116180979871,18.538982575711316,18.75888755725042,18.97014852581841,19.17184910297633,19.362793151396932,19.54133789748076,19.70504922100644,19.849830170839187,19.96659292806818,19.96659292806818,19.849830170839187,19.70504922100644,19.54133789748076,19.362793151396936,19.17184910297633,18.97014852581841,18.75888755725042,18.538982575711316,18.31116180979871,18.076020203385852,17.834054457505477,17.585686550140984,17.331280159270584,17.071152506872544,16.8055831334354,16.53482054808974,16.259087368015003,15.978584358116056,15.69349365370922,15.403981365328331,15.11019970878625,14.812288765287068,14.51037794957793,14.204587245039935,13.8950282507956,13.581805075751683,13.265015106926715,12.944749673701699,12.621094625274097,12.294130835233611,11.963934644560332,11.630578252288112,11.294130061445234,10.95465498658187,10.612214728145494,10.266868018116163,9.918670840621031,9.567676630679278,9.213936453759768,8.857499168444958,8.498411574170248,8.13671854573629,7.772463156063145,7.405686788461923,7.036429239535405,6.664728813679384,6.290622410036958,5.914145602655196,5.535332714505351,5.154216885951282,4.770830138184586,4.385203432087309,3.9973667229329344,3.6073490112924596,3.21517839047376,2.8208820907888708,2.4244865209137174,2.0260173065787725,1.6254993268056097,1.2229567478838135,0.8184130552642763,0.41189108352852344,0.0034130445791795694
0.016598036600406374,0.42507607554975024,0.8315980472855031,1.2361417399050403,1.6386843188268365,2.0392022985999994,2.437671512934944,2.8340670828100976,3.2283633824949867,3.6205340033136864,4.010551714954161,4.398388424108532,4.7840151302058125,5.167401877972509,5.548517706526578,5.927330594676423,6.303807402058185,6.67791380570061,7.049614231556632,7.418871780483151,7.78564814808437,8.149903537757515,8.511596566191475,8.870684160466185,9.227121445780995,9.580861622700505,9.931855832642258,10.280053010137388,10.625399720166719,10.967839978603095,11.30731505346646,11.643763244309339,11.977119636581559,12.307315827254838,12.634279617295324,12.957934665722929,13.27820009894794,13.594990067772907,13.908213242816826,14.217772237061162,14.523562941599156,14.825473757308295,15.12338470080748,15.417166357349558,15.706678645730445,15.991769350137279,16.27227236003623,16.548005540110967,16.81876812545663,17.08433749889377,17.344465151291814,17.59887154216221,17.8472394495267,18.08920519540708,18.324346801819935,18.552167567732546,18.77207254927165,18.98333351783964,19.185034094997558,19.37597814341816,19.554522889501985,19.718234213027667,19.863015162860414,19.979777920089408,19.979777920089408,19.863015162860414,19.718234213027667,19.55452288950199,19.375978143418163,19.185034094997558,18.98333351783964,18.77207254927165,18.552167567732546,18.324346801819935,18.08920519540708,17.847239449526704,17.59887154216221,17.344465151291814,17.08433749889377,16.81876812545663,16.548005540110967,16.27227236003623,15.991769350137282,15.706678645730449,15.41716635734956,15.12338470080748,14.825473757308295,14.523562941599156,14.217772237061162,13.908213242816826,13.59499006777291,13.278200098947941,12.957934665722926,12.634279617295324,12.307315827254838,11.977119636581559,11.643763244309339,11.30731505346646,10.967839978603097,10.62539972016672,10.28005301013739,9.931855832642258,9.580861622700505,9.227121445780995,8.870684160466185,8.511596566191475,8.149903537757517,7.7856481480843716,7.418871780483149,7.049614231556632,6.67791380570061,6.303807402058185,5.927330594676423,5.548517706526578,5.167401877972509,4.7840151302058125,4.398388424108536,4.010551714954161,3.6205340033136864,3.2283633824949867,2.8340670828100976,2.437671512934944,2.0392022985999994,1.6386843188268365,1.2361417399050403,0.8315980472855031,0.42507607554975024,0.016598036600406374
0.10039919960425436,0.5088772385535982,0.9153992102893511,1.3199429029088883,1.7224854818306845,2.1230034616038473,2.521472675938792,2.9178682458139455,3.3121645454988347,3.7043351663175343,4.094352877958009,4.48218958711238,4.8678162932096605,5.251203040976357,5.632318869530426,6.011131757680271,6.387608565062031,6.761714968704457,7.133415394560478,7.502672943486997,7.869449311088216,8.233704700761361,8.595397729195321,8.954485323470031,9.310922608784841,9.664662785704351,10.015656995646104,10.363854173141235,10.709200883170565,11.051641141606941,11.391116216470307,11.727564407313185,12.060920799585405,12.391116990258684,12.718080780299172,13.041735828726775,13.362001261951786,13.678791230776755,13.992014405820674,14.30157340006501,14.607364104603004,14.909274920312143,15.207185863811326,15.500967520353406,15.790479808734293,16.075570513141127,16.356073523040077,16.631806703114815,16.902569288460477,17.16813866189762,17.42826631429566,17.68267270516606,17.93104061253055,18.173006358410927,18.408147964823783,18.63596873073639,18.855873712275496,19.067134680843484,19.268835258001403,19.459779306422007,19.638324052505833,19.80203537603151,19.946816325864262,20.063579083093256,20.063579083093256,19.946816325864262,19.802035376031515,19.638324052505833,19.459779306422007,19.268835258001403,19.067134680843484,18.855873712275496,18.63596873073639,18.408147964823783,18.173006358410927,17.931040612530552,17.682672705166055,17.42826631429566,17.16813866189762,16.902569288460477,16.631806703114815,16.356073523040077,16.07557051314113,15.790479808734295,15.500967520353406,15.207185863811326,14.909274920312143,14.607364104603004,14.30157340006501,13.992014405820674,13.678791230776756,13.36200126195179,13.041735828726774,12.718080780299172,12.391116990258684,12.060920799585405,11.727564407313185,11.391116216470307,11.051641141606943,10.709200883170567,10.363854173141236,10.015656995646104,9.664662785704351,9.310922608784841,8.954485323470031,8.595397729195321,8.233704700761363,7.869449311088218,7.502672943486996,7.133415394560478,6.761714968704457,6.387608565062031,6.011131757680271,5.632318869530426,5.251203040976357,4.8678162932096605,4.482189587112384,4.094352877958009,3.7043351663175343,3.3121645454988347,2.9178682458139455,2.521472675938792,2.1230034616038473,1.7224854818306845,1.3199429029088883,0.9153992102893511,0.5088772385535982,0.10039919960425436
0.25183271620879566,0.6603107551581395,1.0668327268938924,1.4713764195134296,1.8739189984352258,2.2744369782083886,2.6729061925433335,3.069301762418487,3.463598062103376,3.8557686829220756,4.2457863945625505,4.633623103716921,5.019249809814202,5.402636557580898,5.783752386134967,6.162565274284814,6.539042081666574,6.913148485309,7.284848911165021,7.6541064600915405,8.020882827692759,8.385138217365904,8.746831245799864,9.105918840074574,9.462356125389384,9.816096302308894,10.167090512250647,10.515287689745778,10.860634399775108,11.203074658211484,11.54254973307485,11.878997923917728,12.212354316189948,12.542550506863227,12.869514296903713,13.193169345331318,13.513434778556329,13.830224747381296,14.143447922425215,14.453006916669551,14.758797621207545,15.060708436916684,15.358619380415869,15.652401036957947,15.941913325338835,16.227004029745668,16.50750703964462,16.783240219719357,17.054002805065018,17.31957217850216,17.579699830900203,17.8341062217706,18.08247412913509,18.324439875015468,18.559581481428324,18.787402247340935,19.007307228880038,19.21856819744803,19.420268774605947,19.61121282302655,19.789757569110375,19.953468892636053,20.098249842468803,20.215012599697797,20.215012599697797,20.098249842468803,19.953468892636057,19.789757569110378,19.611212823026552,19.420268774605947,19.21856819744803,19.007307228880038,18.787402247340935,18.559581481428324,18.324439875015468,18.082474129135093,17.834106221770597,17.579699830900203,17.31957217850216,17.054002805065018,16.783240219719357,16.50750703964462,16.22700402974567,15.941913325338836,15.652401036957949,15.358619380415869,15.060708436916684,14.758797621207545,14.453006916669551,14.143447922425215,13.8302247473813,13.51343477855633,13.193169345331315,12.869514296903713,12.542550506863227,12.212354316189948,11.878997923917728,11.54254973307485,11.203074658211486,10.86063439977511,10.51528768974578,10.167090512250647,9.816096302308894,9.462356125389384,9.105918840074574,8.746831245799864,8.385138217365906,8.02088282769276,7.654106460091539,7.284848911165021,6.913148485309,6.539042081666574,6.162565274284814,5.783752386134967,5.402636557580898,5.019249809814202,4.633623103716925,4.2457863945625505,3.8557686829220756,3.463598062103376,3.069301762418487,2.6729061925433335,2.2744369782083886,1.8739189984352258,1.4713764195134296,1.0668327268938924,0.6603107551581395,0.25183271620879566
0.46550665696037896,0.8739846959097228,1.2805066676454757,1.6850503602650129,2.087592939186809,2.488110918959972,2.886580133294917,3.28297570317007,3.6772720028549593,4.069442623673659,4.459460335314134,4.847297044468505,5.2329237505657815,5.616310498332478,5.997426326886551,6.376239215036396,6.752716022418156,7.126822426060581,7.4985228519166025,7.867780400843122,8.23455676844434,8.598812158117486,8.960505186551446,9.319592780826156,9.676030066140966,10.029770243060476,10.380764453002229,10.72896163049736,11.07430834052669,11.416748598963066,11.756223673826431,12.09267186466931,12.42602825694153,12.756224447614809,13.083188237655294,13.4068432860829,13.72710871930791,14.043898688132877,14.357121863176797,14.666680857421133,14.972471561959125,15.274382377668264,15.57229332116745,15.866074977709527,16.155587266090414,16.440677970497248,16.7211809803962,16.996914160470936,17.267676745816598,17.53324611925374,17.793373771651783,18.04778016252218,18.296148069886673,18.538113815767048,18.773255422179908,19.001076188092515,19.220981169631617,19.43224213819961,19.633942715357527,19.82488676377813,20.003431509861958,20.167142833387636,20.311923783220386,20.428686540449377,20.428686540449377,20.311923783220386,20.167142833387636,20.003431509861958,19.82488676377813,19.633942715357527,19.43224213819961,19.220981169631617,19.001076188092515,18.773255422179908,18.53811381576705,18.296148069886673,18.04778016252218,17.793373771651783,17.53324611925374,17.267676745816598,16.996914160470936,16.7211809803962,16.44067797049725,16.155587266090418,15.86607497770953,15.57229332116745,15.274382377668264,14.972471561959125,14.666680857421133,14.357121863176797,14.043898688132881,13.727108719307912,13.406843286082896,13.083188237655294,12.756224447614809,12.42602825694153,12.09267186466931,11.756223673826431,11.416748598963068,11.074308340526692,10.728961630497361,10.380764453002229,10.029770243060476,9.676030066140966,9.319592780826156,8.960505186551446,8.598812158117488,8.234556768444342,7.86778040084312,7.4985228519166025,7.126822426060581,6.752716022418156,6.376239215036396,5.997426326886551,5.616310498332481,5.232923750565785,4.847297044468508,4.459460335314134,4.069442623673659,3.6772720028549593,3.28297570317007,2.886580133294917,2.488110918959972,2.087592939186809,1.6850503602650129,1.2805066676454757,0.8739846959097228,0.46550665696037896
0.7338129649344225,1.1422910038837664,1.5488129756195192,1.9533566682390564,2.3558992471608526,2.7564172269340155,3.1548864412689603,3.5512820111441137,3.945578310829003,4.3377489316477025,4.727766643288177,5.115603352442548,5.501230058539825,5.884616806306521,6.265732634860592,6.6445455230104375,7.0210223303921975,7.395128734034623,7.766829159890644,8.136086708817164,8.502863076418382,8.867118466091528,9.228811494525488,9.587899088800198,9.944336374115007,10.298076551034518,10.64907076097627,10.997267938471401,11.342614648500732,11.685054906937108,12.024529981800473,12.360978172643351,12.694334564915572,13.02453075558885,13.351494545629338,13.675149594056942,13.995415027281952,14.31220499610692,14.62542817115084,14.934987165395176,15.240777869933169,15.542688685642307,15.840599629141492,16.13438128568357,16.423893574064458,16.70898427847129,16.989487288370242,17.26522046844498,17.53598305379064,17.801552427227783,18.061680079625827,18.316086470496224,18.564454377860713,18.80642012374109,19.04156173015395,19.26938249606656,19.48928747760566,19.700548446173652,19.90224902333157,20.093193071752175,20.271737817835998,20.43544914136168,20.580230091194426,20.69699284842342,20.69699284842342,20.580230091194426,20.43544914136168,20.271737817836,20.093193071752175,19.90224902333157,19.700548446173652,19.48928747760566,19.26938249606656,19.04156173015395,18.80642012374109,18.564454377860717,18.316086470496224,18.061680079625827,17.801552427227783,17.53598305379064,17.26522046844498,16.989487288370242,16.708984278471295,16.42389357406446,16.134381285683574,15.840599629141492,15.542688685642307,15.240777869933169,14.934987165395176,14.62542817115084,14.312204996106923,13.995415027281956,13.67514959405694,13.351494545629338,13.02453075558885,12.694334564915572,12.360978172643351,12.024529981800473,11.68505490693711,11.342614648500733,10.997267938471403,10.64907076097627,10.298076551034518,9.944336374115007,9.587899088800198,9.228811494525488,8.86711846609153,8.502863076418384,8.136086708817162,7.766829159890644,7.395128734034623,7.0210223303921975,6.6445455230104375,6.265732634860592,5.884616806306525,5.501230058539829,5.115603352442552,4.727766643288177,4.3377489316477025,3.945578310829003,3.5512820111441137,3.1548864412689603,2.7564172269340155,2.3558992471608526,1.9533566682390564,1.5488129756195192,1.1422910038837664,0.7338129649344225
1.0471983475903812,1.455676386539725,1.862198358275478,2.266742050895015,2.6692846298168114,3.069802609589974,3.468271823924919,3.8646673938000724,4.2589636934849615,4.651134314303661,5.041152025944136,5.428988735098507,5.814615441195787,6.198002188962482,6.579118017516553,6.957930905666398,7.334407713048158,7.7085141166905835,8.080214542546605,8.449472091473124,8.816248459074343,9.180503848747488,9.542196877181448,9.901284471456158,10.257721756770968,10.611461933690478,10.962456143632231,11.310653321127361,11.656000031156692,11.998440289593068,12.337915364456434,12.674363555299312,13.007719947571532,13.337916138244811,13.664879928285298,13.988534976712902,14.308800409937913,14.625590378762881,14.938813553806801,15.248372548051137,15.554163252589131,15.85607406829827,16.153985011797452,16.447766668339533,16.73727895672042,17.022369661127254,17.302872671026204,17.578605851100942,17.849368436446603,18.114937809883745,18.375065462281785,18.629471853152186,18.877839760516675,19.119805506397054,19.35494711280991,19.582767878722517,19.802672860261623,20.01393382882961,20.21563440598753,20.406578454408134,20.58512320049196,20.74883452401764,20.89361547385039,21.010378231079383,21.010378231079383,20.89361547385039,20.748834524017642,20.58512320049196,20.406578454408134,20.21563440598753,20.01393382882961,19.802672860261623,19.582767878722517,19.35494711280991,19.119805506397054,18.87783976051668,18.629471853152182,18.375065462281785,18.114937809883745,17.849368436446603,17.578605851100942,17.302872671026204,17.022369661127257,16.737278956720424,16.447766668339533,16.153985011797452,15.85607406829827,15.554163252589131,15.248372548051137,14.938813553806801,14.625590378762883,14.308800409937916,13.9885349767129,13.664879928285298,13.337916138244811,13.007719947571532,12.674363555299312,12.337915364456434,11.99844028959307,11.656000031156694,11.310653321127363,10.962456143632231,10.611461933690478,10.257721756770968,9.901284471456158,9.542196877181448,9.18050384874749,8.816248459074345,8.449472091473123,8.080214542546605,7.7085141166905835,7.334407713048158,6.957930905666398,6.579118017516553,6.198002188962484,5.814615441195787,5.42898873509851,5.041152025944136,4.651134314303661,4.2589636934849615,3.8646673938000724,3.468271823924919,3.069802609589974,2.6692846298168114,2.266742050895015,1.862198358275478,1.455676386539725,1.0471983475903812
1.3945044305275651,1.802982469476909,2.209504441212662,2.614048133832199,3.0165907127539953,3.417108692527158,3.815577906862103,4.211973476737256,4.606269776422145,4.998440397240845,5.38845810888132,5.776294818035691,6.161921524132971,6.545308271899668,6.926424100453739,7.305236988603584,7.681713795985344,8.05582019962777,8.42752062548379,8.79677817441031,9.163554542011529,9.527809931684674,9.889502960118634,10.248590554393344,10.605027839708153,10.958768016627664,11.309762226569417,11.657959404064547,12.003306114093878,12.345746372530254,12.68522144739362,13.021669638236498,13.355026030508718,13.685222221181997,14.012186011222482,14.335841059650086,14.656106492875097,14.972896461700065,15.286119636743985,15.59567863098832,15.901469335526315,16.203380151235454,16.501291094734636,16.795072751276717,17.084585039657604,17.369675744064438,17.650178753963388,17.925911934038126,18.196674519383784,18.46224389282093,18.72237154521897,18.97677793608937,19.22514584345386,19.467111589334237,19.702253195747094,19.9300739616597,20.149978943198807,20.361239911766795,20.562940488924717,20.753884537345318,20.932429283429144,21.096140606954823,21.240921556787573,21.357684314016566,21.357684314016566,21.240921556787573,21.096140606954826,20.932429283429144,20.75388453734532,20.562940488924717,20.361239911766795,20.149978943198807,19.9300739616597,19.702253195747094,19.467111589334237,19.225145843453863,18.97677793608937,18.72237154521897,18.46224389282093,18.196674519383784,17.925911934038126,17.650178753963388,17.36967574406444,17.084585039657604,16.795072751276717,16.501291094734636,16.203380151235454,15.901469335526315,15.59567863098832,15.286119636743985,14.972896461700067,14.6561064928751,14.335841059650084,14.012186011222482,13.685222221181997,13.355026030508718,13.021669638236498,12.68522144739362,12.345746372530256,12.00330611409388,11.657959404064549,11.309762226569417,10.958768016627664,10.605027839708153,10.248590554393344,9.889502960118634,9.527809931684676,9.16355454201153,8.796778174410308,8.42752062548379,8.05582019962777,7.681713795985344,7.305236988603584,6.926424100453739,6.545308271899669,6.161921524132973,5.776294818035694,5.38845810888132,4.998440397240845,4.606269776422145,4.211973476737256,3.815577906862103,3.417108692527158,3.0165907127539953,2.614048133832199,2.209504441212662,1.802982469476909,1.3945044305275651
1.7633650616548735,2.1718431006042174,2.5783650723399703,2.9829087649595074,3.3854513438813036,3.7859693236544665,4.184438537989411,4.580834107864565,4.975130407549454,5.3673010283681535,5.757318740008628,6.145155449162999,6.530782155260278,6.914168903026974,7.295284731581045,7.67409761973089,8.05057442711265,8.424680830755076,8.796381256611097,9.165638805537617,9.532415173138835,9.89667056281198,10.25836359124594,10.61745118552065,10.97388847083546,11.32762864775497,11.678622857696723,12.026820035191854,12.372166745221184,12.71460700365756,13.054082078520926,13.390530269363804,13.723886661636024,14.054082852309303,14.38104664234979,14.704701690777394,15.024967124002405,15.341757092827372,15.654980267871291,15.964539262115629,16.27032996665362,16.572240782362762,16.870151725861945,17.163933382404025,17.453445670784912,17.738536375191746,18.019039385090696,18.294772565165434,18.565535150511092,18.831104523948238,19.091232176346278,19.345638567216678,19.594006474581168,19.835972220461542,20.071113826874402,20.29893459278701,20.518839574326115,20.730100542894103,20.93180112005202,21.122745168472626,21.301289914556452,21.46500123808213,21.60978218791488,21.726544945143875,21.726544945143875,21.60978218791488,21.465001238082134,21.301289914556452,21.122745168472626,20.93180112005202,20.730100542894103,20.518839574326115,20.29893459278701,20.071113826874402,19.835972220461546,19.59400647458117,19.345638567216675,19.091232176346278,18.831104523948238,18.565535150511092,18.294772565165434,18.019039385090696,17.73853637519175,17.453445670784912,17.163933382404025,16.870151725861945,16.572240782362762,16.27032996665362,15.964539262115629,15.654980267871291,15.341757092827375,15.024967124002409,14.70470169077739,14.38104664234979,14.054082852309303,13.723886661636024,13.390530269363804,13.054082078520926,12.714607003657562,12.372166745221186,12.026820035191855,11.678622857696723,11.32762864775497,10.97388847083546,10.61745118552065,10.25836359124594,9.896670562811982,9.532415173138837,9.165638805537615,8.796381256611097,8.424680830755076,8.05057442711265,7.67409761973089,7.295284731581045,6.914168903026976,6.53078215526028,6.145155449163003,5.757318740008628,5.3673010283681535,4.975130407549454,4.580834107864565,4.184438537989411,3.7859693236544665,3.3854513438813036,2.9829087649595074,2.5783650723399703,2.1718431006042174,1.7633650616548735
2.1406466193945803,2.549124658343924,2.955646630079677,3.3601903226992142,3.7627329016210105,4.163250881394173,4.561720095729118,4.9581156656042715,5.352411965289161,5.74458258610786,6.134600297748335,6.522437006902706,6.908063712999985,7.291450460766681,7.672566289320752,8.051379177470597,8.427855984852357,8.801962388494783,9.173662814350804,9.542920363277323,9.909696730878542,10.273952120551687,10.635645148985647,10.994732743260357,11.351170028575167,11.704910205494677,12.05590441543643,12.40410159293156,12.749448302960891,13.091888561397267,13.431363636260633,13.767811827103511,14.101168219375731,14.43136441004901,14.758328200089498,15.081983248517101,15.402248681742112,15.719038650567079,16.032261825611,16.341820819855336,16.647611524393326,16.94952234010247,17.24743328360165,17.541214940143732,17.83072722852462,18.115817932931453,18.396320942830403,18.67205412290514,18.9428167082508,19.208386081687944,19.468513734085985,19.722920124956385,19.971288032320874,20.21325377820125,20.44839538461411,20.676216150526717,20.896121132065822,21.10738210063381,21.30908267779173,21.500026726212333,21.67857147229616,21.842282795821838,21.987063745654588,22.10382650288358,22.10382650288358,21.987063745654588,21.842282795821838,21.67857147229616,21.500026726212333,21.30908267779173,21.10738210063381,20.896121132065822,20.676216150526717,20.44839538461411,20.213253778201253,19.971288032320874,19.72292012495638,19.468513734085985,19.208386081687944,18.9428167082508,18.67205412290514,18.396320942830403,18.115817932931456,17.83072722852462,17.541214940143732,17.24743328360165,16.94952234010247,16.647611524393326,16.341820819855336,16.032261825611,15.719038650567082,15.402248681742115,15.081983248517098,14.758328200089498,14.43136441004901,14.101168219375731,13.767811827103511,13.431363636260633,13.091888561397269,12.749448302960893,12.404101592931562,12.05590441543643,11.704910205494677,11.351170028575167,10.994732743260357,10.635645148985647,10.273952120551689,9.909696730878544,9.542920363277322,9.173662814350804,8.801962388494783,8.427855984852357,8.051379177470597,7.672566289320752,7.291450460766683,6.9080637129999864,6.5224370069027096,6.134600297748335,5.74458258610786,5.352411965289161,4.9581156656042715,4.561720095729118,4.163250881394173,3.7627329016210105,3.3601903226992142,2.955646630079677,2.549124658343924,2.1406466193945803
2.5129156473421155,2.9213936862914593,3.3279156580272122,3.7324593506467494,4.135001929568546,4.5355199093417085,4.933989123676653,5.330384693551807,5.724680993236696,6.1168516140553955,6.50686932569587,6.894706034850241,7.280332740947518,7.663719488714214,8.044835317268287,8.423648205418132,8.800125012799892,9.174231416442318,9.545931842298337,9.915189391224857,10.281965758826075,10.646221148499222,11.00791417693318,11.367001771207892,11.7234390565227,12.077179233442212,12.428173443383965,12.776370620879096,13.121717330908425,13.4641575893448,13.803632664208166,14.140080855051046,14.473437247323265,14.803633437996545,15.13059722803703,15.454252276464636,15.774517709689647,16.091307678514614,16.404530853558533,16.714089847802867,17.01988055234086,17.32179136805,17.619702311549187,17.913483968091263,18.202996256472154,18.488086960878988,18.76858997077794,19.044323150852673,19.315085736198334,19.58065510963548,19.84078276203352,20.095189152903917,20.34355706026841,20.585522806148784,20.820664412561644,21.04848517847425,21.268390160013354,21.479651128581345,21.681351705739264,21.872295754159868,22.050840500243694,22.214551823769373,22.359332773602123,22.476095530831113,22.476095530831113,22.359332773602123,22.214551823769373,22.050840500243694,21.872295754159868,21.681351705739264,21.479651128581345,21.268390160013354,21.04848517847425,20.820664412561644,20.585522806148788,20.34355706026841,20.095189152903917,19.84078276203352,19.58065510963548,19.315085736198334,19.044323150852673,18.76858997077794,18.488086960878988,18.202996256472154,17.913483968091267,17.619702311549187,17.32179136805,17.01988055234086,16.714089847802867,16.404530853558533,16.091307678514617,15.774517709689649,15.454252276464633,15.13059722803703,14.803633437996545,14.473437247323265,14.140080855051046,13.803632664208166,13.464157589344804,13.121717330908428,12.776370620879096,12.428173443383965,12.077179233442212,11.7234390565227,11.367001771207892,11.00791417693318,10.646221148499222,10.281965758826079,9.915189391224857,9.545931842298337,9.174231416442318,8.800125012799892,8.423648205418132,8.044835317268287,7.663719488714218,7.280332740947522,6.894706034850245,6.50686932569587,6.1168516140553955,5.724680993236696,5.330384693551807,4.933989123676653,4.5355199093417085,4.135001929568546,3.7324593506467494,3.3279156580272122,2.9213936862914593,2.5129156473421155
2.8669171648202827,3.2753952037696266,3.6819171755053794,4.086460868124917,4.489003447046713,4.889521426819876,5.2879906411548205,5.684386211029974,6.078682510714861,6.470853131533561,6.860870843174036,7.248707552328407,7.634334258425685,8.017721006192382,8.398836834746453,8.777649722896298,9.154126530278058,9.528232933920483,9.899933359776504,10.269190908703024,10.635967276304243,11.000222665977388,11.361915694411348,11.721003288686058,12.077440574000867,12.431180750920378,12.78217496086213,13.130372138357261,13.475718848386592,13.818159106822968,14.157634181686333,14.494082372529213,14.827438764801432,15.157634955474713,15.484598745515198,15.808253793942804,16.128519227167814,16.44530919599278,16.7585323710367,17.068091365281035,17.37388206981903,17.675792885528168,17.973703829027354,18.26748548556943,18.55699777395032,18.842088478357155,19.122591488256106,19.39832466833084,19.6690872536765,19.934656627113647,20.194784279511687,20.449190670382084,20.697558577746577,20.93952432362695,21.17466593003981,21.40248669595242,21.62239167749152,21.833652646059512,22.03535322321743,22.226297271638035,22.404842017721858,22.56855334124754,22.71333429108029,22.83009704830928,22.83009704830928,22.71333429108029,22.56855334124754,22.40484201772186,22.226297271638035,22.03535322321743,21.833652646059512,21.62239167749152,21.40248669595242,21.17466593003981,20.939524323626955,20.697558577746577,20.449190670382084,20.194784279511687,19.934656627113647,19.6690872536765,19.39832466833084,19.122591488256106,18.842088478357155,18.55699777395032,18.267485485569434,17.973703829027354,17.675792885528168,17.37388206981903,17.068091365281035,16.7585323710367,16.445309195992785,16.128519227167814,15.8082537939428,15.484598745515198,15.157634955474713,14.827438764801432,14.494082372529213,14.157634181686333,13.81815910682297,13.475718848386594,13.130372138357263,12.78217496086213,12.431180750920378,12.077440574000867,11.721003288686058,11.361915694411348,11.00022266597739,10.635967276304244,10.269190908703022,9.899933359776504,9.528232933920483,9.154126530278058,8.777649722896298,8.398836834746453,8.017721006192383,7.634334258425687,7.24870755232841,6.860870843174036,6.470853131533561,6.078682510714861,5.684386211029974,5.2879906411548205,4.889521426819876,4.489003447046713,4.086460868124917,3.6819171755053794,3.2753952037696266,2.8669171648202827
3.1900466226412476,3.5985246615905915,4.005046633326344,4.4095903259458815,4.812132904867678,5.212650884640841,5.6111200989757855,6.007515668850939,6.401811968535828,6.793982589354528,7.184000300995002,7.571837010149373,7.957463716246652,8.340850464013348,8.72196629256742,9.100779180717264,9.477255988099024,9.85136239174145,10.223062817597471,10.59232036652399,10.95909673412521,11.323352123798355,11.685045152232314,12.044132746507024,12.400570031821834,12.754310208741344,13.105304418683097,13.453501596178228,13.798848306207558,14.141288564643935,14.4807636395073,14.817211830350178,15.150568222622399,15.480764413295677,15.807728203336165,16.13138325176377,16.45164868498878,16.768438653813746,17.08166182885767,17.391220823102003,17.697011527639994,17.998922343349136,18.29683328684832,18.5906149433904,18.880127231771286,19.16521793617812,19.44572094607707,19.72145412615181,19.992216711497466,20.25778608493461,20.517913737332652,20.772320128203052,21.02068803556754,21.26265378144792,21.497795387860776,21.725616153773384,21.94552113531249,22.156782103880477,22.358482681038396,22.549426729459,22.727971475542827,22.891682799068505,23.036463748901255,23.15322650613025,23.15322650613025,23.036463748901255,22.89168279906851,22.727971475542827,22.549426729459,22.358482681038396,22.156782103880477,21.94552113531249,21.725616153773384,21.497795387860776,21.26265378144792,21.020688035567545,20.77232012820305,20.517913737332652,20.25778608493461,19.992216711497466,19.72145412615181,19.44572094607707,19.165217936178124,18.880127231771286,18.5906149433904,18.29683328684832,17.998922343349136,17.697011527639994,17.391220823102003,17.08166182885767,16.76843865381375,16.451648684988783,16.131383251763765,15.807728203336165,15.480764413295677,15.150568222622399,14.817211830350178,14.4807636395073,14.141288564643936,13.79884830620756,13.45350159617823,13.105304418683097,12.754310208741344,12.400570031821834,12.044132746507024,11.685045152232314,11.323352123798356,10.959096734125211,10.592320366523989,10.223062817597471,9.85136239174145,9.477255988099024,9.100779180717264,8.72196629256742,8.34085046401335,7.957463716246654,7.571837010149377,7.184000300995002,6.793982589354528,6.401811968535828,6.007515668850939,5.6111200989757855,5.212650884640841,4.812132904867678,4.4095903259458815,4.005046633326344,3.5985246615905915,3.1900466226412476
3.4707986996579265,3.8792767386072704,4.285798710343023,4.69034240296256,5.092884981884357,5.4934029616575195,5.891872175992464,6.288267745867618,6.682564045552507,7.0747346663712065,7.464752378011681,7.852589087166052,8.238215793263333,8.621602541030029,9.002718369584098,9.381531257733943,9.758008065115703,10.132114468758129,10.503814894614152,10.873072443540671,11.23984881114189,11.604104200815033,11.965797229248995,12.324884823523703,12.681322108838515,13.035062285758023,13.386056495699776,13.734253673194907,14.07960038322424,14.422040641660615,14.76151571652398,15.097963907366857,15.43132029963908,15.761516490312356,16.088480280352844,16.412135328780447,16.732400762005458,17.049190730830425,17.362413905874348,17.671972900118682,17.977763604656676,18.279674420365815,18.577585363864998,18.871367020407078,19.160879308787965,19.4459700131948,19.72647302309375,20.002206203168488,20.27296878851415,20.53853816195129,20.79866581434933,21.05307220521973,21.30144011258422,21.5434058584646,21.778547464877455,22.006368230790063,22.22627321232917,22.437534180897156,22.63923475805508,22.83017880647568,23.008723552559506,23.172434876085184,23.317215825917934,23.433978583146928,23.433978583146928,23.317215825917934,23.172434876085187,23.008723552559506,22.830178806475683,22.63923475805508,22.437534180897156,22.22627321232917,22.006368230790063,21.778547464877455,21.5434058584646,21.301440112584224,21.053072205219728,20.79866581434933,20.53853816195129,20.27296878851415,20.002206203168488,19.72647302309375,19.445970013194803,19.16087930878797,18.871367020407078,18.577585363864998,18.279674420365815,17.977763604656676,17.671972900118682,17.362413905874348,17.04919073083043,16.73240076200546,16.412135328780444,16.088480280352844,15.761516490312356,15.43132029963908,15.097963907366857,14.76151571652398,14.422040641660615,14.07960038322424,13.73425367319491,13.386056495699776,13.035062285758023,12.681322108838515,12.324884823523703,11.965797229248995,11.604104200815037,11.23984881114189,10.873072443540668,10.503814894614152,10.132114468758129,9.758008065115703,9.381531257733943,9.002718369584098,8.621602541030029,8.238215793263333,7.852589087166056,7.464752378011681,7.0747346663712065,6.682564045552507,6.288267745867618,5.891872175992464,5.4934029616575195,5.092884981884357,4.69034240296256,4.285798710343023,3.8792767386072704,3.4707986996579265
3.6991769602913074,4.107654999240651,4.514176970976404,4.918720663595941,5.3212632425177375,5.7217812222909,6.120250436625845,6.516646006500999,6.910942306185888,7.303112927004587,7.693130638645062,8.080967347799433,8.466594053896713,8.84998080166341,9.231096630217479,9.609909518367324,9.986386325749084,10.36049272939151,10.732193155247533,11.101450704174052,11.46822707177527,11.832482461448414,12.194175489882376,12.553263084157084,12.909700369471896,13.263440546391404,13.614434756333157,13.962631933828288,14.30797864385762,14.650418902293996,14.989893977157362,15.326342168000238,15.65969856027246,15.989894750945737,16.316858540986225,16.64051358941383,16.96077902263884,17.27756899146381,17.590792166507725,17.900351160752063,18.206141865290057,18.508052680999196,18.80596362449838,19.09974528104046,19.389257569421346,19.67434827382818,19.95485128372713,20.23058446380187,20.501347049147526,20.76691642258467,21.02704407498271,21.281450465853112,21.5298183732176,21.77178411909798,22.006925725510836,22.234746491423444,22.45465147296255,22.665912441530537,22.86761301868846,23.05855706710906,23.237101813192886,23.400813136718565,23.545594086551315,23.66235684378031,23.66235684378031,23.545594086551315,23.40081313671857,23.237101813192886,23.058557067109064,22.86761301868846,22.665912441530537,22.45465147296255,22.234746491423444,22.006925725510836,21.77178411909798,21.529818373217605,21.281450465853112,21.02704407498271,20.76691642258467,20.501347049147526,20.23058446380187,19.95485128372713,19.674348273828183,19.389257569421346,19.09974528104046,18.80596362449838,18.508052680999196,18.206141865290057,17.900351160752063,17.590792166507725,17.27756899146381,16.960779022638842,16.64051358941383,16.316858540986225,15.989894750945737,15.65969856027246,15.326342168000238,14.989893977157362,14.650418902293996,14.30797864385762,13.962631933828291,13.614434756333157,13.263440546391404,12.909700369471896,12.553263084157084,12.194175489882376,11.832482461448418,11.46822707177527,11.101450704174049,10.732193155247533,10.36049272939151,9.986386325749084,9.609909518367324,9.231096630217479,8.84998080166341,8.466594053896713,8.080967347799437,7.693130638645062,7.303112927004587,6.910942306185888,6.516646006500999,6.120250436625845,5.7217812222909,5.3212632425177375,4.918720663595941,4.514176970976404,4.107654999240651,3.6991769602913074
3.8670497868011786,4.2755278257505225,4.682049797486275,5.0865934901058125,5.489136069027609,5.889654048800772,6.288123263135718,6.684518833010872,7.078815132695761,7.47098575351446,7.861003465154935,8.248840174309306,8.634466880406585,9.017853628173281,9.398969456727352,9.777782344877197,10.154259152258957,10.528365555901383,10.900065981757404,11.269323530683923,11.636099898285142,12.000355287958287,12.362048316392247,12.721135910666957,13.077573195981767,13.431313372901277,13.78230758284303,14.13050476033816,14.475851470367491,14.818291728803867,15.157766803667233,15.494214994510111,15.827571386782331,16.15776757745561,16.484731367496096,16.8083864159237,17.12865184914871,17.44544181797368,17.7586649930176,18.068223987261934,18.37401469179993,18.675925507509067,18.973836451008253,19.26761810755033,19.557130395931217,19.84222110033805,20.122724110237,20.39845729031174,20.6692198756574,20.934789249094543,21.194916901492583,21.449323292362983,21.697691199727473,21.93965694560785,22.17479855202071,22.402619317933315,22.62252429947242,22.83378526804041,23.03548584519833,23.22642989361893,23.404974639702758,23.56868596322844,23.713466913061186,23.83022967029018,23.83022967029018,23.713466913061186,23.56868596322844,23.404974639702758,23.226429893618935,23.03548584519833,22.83378526804041,22.62252429947242,22.402619317933315,22.17479855202071,21.93965694560785,21.697691199727476,21.449323292362983,21.194916901492583,20.934789249094543,20.6692198756574,20.39845729031174,20.122724110237,19.842221100338055,19.55713039593122,19.267618107550334,18.973836451008253,18.675925507509067,18.37401469179993,18.068223987261934,17.7586649930176,17.44544181797368,17.128651849148714,16.8083864159237,16.484731367496096,16.15776757745561,15.827571386782331,15.494214994510111,15.157766803667233,14.81829172880387,14.475851470367493,14.130504760338162,13.78230758284303,13.431313372901277,13.077573195981767,12.721135910666957,12.362048316392247,12.000355287958289,11.636099898285144,11.269323530683922,10.900065981757404,10.528365555901383,10.154259152258957,9.777782344877197,9.398969456727352,9.017853628173283,8.634466880406586,8.24884017430931,7.861003465154935,7.47098575351446,7.078815132695761,6.684518833010872,6.288123263135718,5.889654048800772,5.489136069027609,5.0865934901058125,4.682049797486275,4.2755278257505225,3.8670497868011786
3.968439913004854,4.376917951954198,4.783439923689951,5.187983616309488,5.590526195231284,5.991044175004447,6.38951338933939,6.785908959214543,7.1802052588994325,7.572375879718132,7.962393591358607,8.350230300512978,8.735857006610257,9.119243754376953,9.500359582931024,9.879172471080869,10.255649278462629,10.629755682105055,11.001456107961076,11.370713656887595,11.737490024488814,12.10174541416196,12.463438442595919,12.822526036870629,13.178963322185439,13.532703499104949,13.883697709046702,14.231894886541834,14.577241596571163,14.91968185500754,15.259156929870905,15.595605120713785,15.928961512986003,16.259157703659284,16.58612149369977,16.909776542127375,17.230041975352385,17.546831944177352,17.860055119221272,18.169614113465606,18.4754048180036,18.77731563371274,19.075226577211925,19.369008233754002,19.658520522134893,19.943611226541726,20.224114236440673,20.49984741651541,20.770610001861073,21.036179375298214,21.29630702769626,21.550713418566655,21.799081325931148,22.041047071811523,22.276188678224383,22.50400944413699,22.723914425676092,22.935175394244084,23.136875971402002,23.327820019822607,23.50636476590643,23.67007608943211,23.814857039264858,23.93161979649385,23.93161979649385,23.814857039264858,23.67007608943211,23.506364765906433,23.327820019822607,23.136875971402002,22.935175394244084,22.723914425676092,22.50400944413699,22.276188678224383,22.041047071811526,21.799081325931148,21.550713418566655,21.29630702769626,21.036179375298214,20.770610001861073,20.49984741651541,20.224114236440673,19.943611226541726,19.658520522134893,19.369008233754005,19.075226577211925,18.77731563371274,18.4754048180036,18.169614113465606,17.860055119221272,17.546831944177356,17.230041975352385,16.90977654212737,16.58612149369977,16.259157703659284,15.928961512986003,15.595605120713785,15.259156929870905,14.919681855007543,14.577241596571167,14.231894886541834,13.883697709046702,13.532703499104949,13.178963322185439,12.822526036870629,12.463438442595919,12.101745414161961,11.737490024488816,11.370713656887594,11.001456107961076,10.629755682105055,10.255649278462629,9.879172471080869,9.500359582931024,9.119243754376955,8.735857006610258,8.350230300512981,7.962393591358607,7.572375879718132,7.1802052588994325,6.785908959214543,6.38951338933939,5.991044175004447,5.590526195231284,5.187983616309488,4.783439923689951,4.376917951954198,3.968439913004854
3.9997372503298294,4.408215289279173,4.814737261014926,5.219280953634463,5.6218235325562596,6.022341512329421,6.4208107266643655,6.817206296539519,7.211502596224408,7.603673217043108,7.993690928683582,8.381527637837953,8.767154343935232,9.150541091701928,9.531656920256,9.910469808405844,10.286946615787604,10.66105301943003,11.032753445286051,11.40201099421257,11.76878736181379,12.133042751486935,12.494735779920894,12.853823374195605,13.210260659510414,13.564000836429924,13.914995046371677,14.263192223866808,14.608538933896138,14.950979192332515,15.29045426719588,15.626902458038758,15.960258850310979,16.290455040984256,16.617418831024743,16.941073879452347,17.261339312677357,17.578129281502328,17.891352456546247,18.20091145079058,18.506702155328576,18.808612971037714,19.1065239145369,19.400305571078977,19.689817859459865,19.9749085638667,20.25541157376565,20.531144753840387,20.801907339186048,21.06747671262319,21.327604365021234,21.58201075589163,21.83037866325612,22.072344409136498,22.307486015549358,22.535306781461966,22.755211763001068,22.96647273156906,23.168173308726978,23.359117357147582,23.537662103231405,23.701373426757087,23.846154376589833,23.962917133818827,23.962917133818827,23.846154376589833,23.701373426757087,23.53766210323141,23.359117357147582,23.168173308726978,22.96647273156906,22.755211763001068,22.535306781461966,22.307486015549358,22.072344409136498,21.830378663256123,21.58201075589163,21.327604365021234,21.06747671262319,20.801907339186048,20.531144753840387,20.25541157376565,19.974908563866702,19.68981785945987,19.40030557107898,19.1065239145369,18.808612971037714,18.506702155328576,18.20091145079058,17.891352456546247,17.578129281502328,17.261339312677364,16.941073879452347,16.617418831024743,16.290455040984256,15.960258850310979,15.626902458038758,15.29045426719588,14.950979192332516,14.60853893389614,14.26319222386681,13.914995046371677,13.564000836429924,13.210260659510414,12.853823374195605,12.494735779920894,12.133042751486936,11.768787361813791,11.402010994212569,11.032753445286051,10.66105301943003,10.286946615787604,9.910469808405844,9.531656920256,9.15054109170193,8.767154343935234,8.381527637837957,7.993690928683582,7.603673217043108,7.211502596224408,6.817206296539519,6.4208107266643655,6.022341512329421,5.6218235325562596,5.219280953634463,4.814737261014926,4.408215289279173,3.9997372503298294
3.9598274283333694,4.368305467282713,4.774827439018466,5.179371131638003,5.5819137105598,5.982431690332962,6.380900904667907,6.777296474543061,7.17159277422795,7.563763395046649,7.953781106687124,8.341617815841495,8.727244521938776,9.110631269705472,9.491747098259541,9.870559986409386,10.247036793791146,10.621143197433572,10.992843623289595,11.362101172216114,11.728877539817333,12.093132929490476,12.454825957924438,12.813913552199146,13.170350837513958,13.524091014433466,13.87508522437522,14.22328240187035,14.568629111899682,14.911069370336058,15.250544445199424,15.5869926360423,15.920349028314522,16.2505452189878,16.577509009028287,16.90116405745589,17.2214294906809,17.538219459505868,17.85144263454979,18.161001628794125,18.46679233333212,18.768703149041258,19.06661409254044,19.36039574908252,19.64990803746341,19.934998741870242,20.215501751769192,20.49123493184393,20.76199751718959,21.027566890626733,21.287694543024774,21.542100933895174,21.790468841259663,22.03243458714004,22.267576193552898,22.495396959465506,22.71530194100461,22.9265629095726,23.128263486730518,23.319207535151122,23.49775228123495,23.661463604760627,23.806244554593377,23.92300731182237,23.92300731182237,23.806244554593377,23.66146360476063,23.49775228123495,23.319207535151126,23.128263486730518,22.9265629095726,22.71530194100461,22.495396959465506,22.267576193552898,22.03243458714004,21.790468841259667,21.54210093389517,21.287694543024774,21.027566890626733,20.76199751718959,20.49123493184393,20.215501751769192,19.934998741870245,19.649908037463412,19.36039574908252,19.06661409254044,18.768703149041258,18.46679233333212,18.161001628794125,17.85144263454979,17.53821945950587,17.221429490680904,16.901164057455887,16.577509009028287,16.2505452189878,15.920349028314522,15.5869926360423,15.250544445199424,14.911069370336058,14.568629111899682,14.223282401870353,13.87508522437522,13.524091014433466,13.170350837513958,12.813913552199146,12.454825957924438,12.09313292949048,11.728877539817333,11.36210117221611,10.992843623289595,10.621143197433572,10.247036793791146,9.870559986409386,9.491747098259541,9.110631269705472,8.727244521938776,8.341617815841499,7.953781106687124,7.563763395046649,7.17159277422795,6.777296474543061,6.380900904667907,5.982431690332962,5.5819137105598,5.179371131638003,4.774827439018466,4.368305467282713,3.9598274283333694
3.850131472885696,4.25860951183504,4.665131483570793,5.06967517619033,5.472217755112126,5.872735734885289,6.271204949220234,6.667600519095387,7.061896818780276,7.454067439598976,7.844085151239451,8.231921860393822,8.6175485664911,9.000935314257797,9.382051142811868,9.760864030961713,10.137340838343473,10.511447241985898,10.88314766784192,11.25240521676844,11.619181584369658,11.983436974042803,12.345130002476763,12.704217596751473,13.060654882066283,13.414395058985793,13.765389268927546,14.113586446422676,14.458933156452007,14.801373414888383,15.140848489751749,15.477296680594627,15.810653072866847,16.140849263540126,16.467813053580613,16.791468102008217,17.111733535233228,17.428523504058195,17.741746679102114,18.05130567334645,18.357096377884442,18.65900719359358,18.956918137092767,19.250699793634844,19.540212082015735,19.82530278642257,20.10580579632152,20.381538976396257,20.652301561741915,20.91787093517906,21.1779985875771,21.4324049784475,21.68077288581199,21.922738631692365,22.157880238105225,22.385701004017832,22.605605985556934,22.816866954124926,23.018567531282844,23.20951157970345,23.388056325787275,23.551767649312954,23.696548599145704,23.813311356374697,23.813311356374697,23.696548599145704,23.551767649312954,23.388056325787275,23.20951157970345,23.018567531282844,22.816866954124926,22.605605985556934,22.385701004017832,22.157880238105225,21.92273863169237,21.68077288581199,21.432404978447497,21.1779985875771,20.91787093517906,20.652301561741915,20.381538976396257,20.10580579632152,19.82530278642257,19.540212082015735,19.250699793634848,18.956918137092767,18.65900719359358,18.357096377884442,18.05130567334645,17.741746679102114,17.428523504058198,17.111733535233228,16.791468102008213,16.467813053580613,16.140849263540126,15.810653072866847,15.477296680594627,15.140848489751749,14.801373414888385,14.458933156452009,14.113586446422678,13.765389268927546,13.414395058985793,13.060654882066283,12.704217596751473,12.345130002476763,11.983436974042805,11.61918158436966,11.252405216768437,10.88314766784192,10.511447241985898,10.137340838343473,9.760864030961713,9.382051142811868,9.000935314257799,8.617548566491102,8.231921860393825,7.844085151239451,7.454067439598976,7.061896818780276,6.667600519095387,6.271204949220234,5.872735734885289,5.472217755112126,5.06967517619033,4.665131483570793,4.25860951183504,3.850131472885696
3.674555209238619,4.083033248187963,4.489555219923716,4.894098912543253,5.296641491465049,5.697159471238212,6.095628685573157,6.49202425544831,6.886320555133199,7.278491175951899,7.668508887592374,8.056345596746745,8.441972302844023,8.82535905061072,9.20647487916479,9.585287767314636,9.961764574696396,10.335870978338821,10.707571404194843,11.076828953121362,11.44360532072258,11.807860710395726,12.169553738829686,12.528641333104396,12.885078618419206,13.238818795338716,13.589813005280469,13.9380101827756,14.28335689280493,14.625797151241306,14.965272226104672,15.30172041694755,15.63507680921977,15.965272999893049,16.292236789933536,16.61589183836114,16.93615727158615,17.252947240411117,17.566170415455037,17.875729409699375,18.181520114237365,18.483430929946508,18.78134187344569,19.07512352998777,19.364635818368658,19.64972652277549,19.930229532674442,20.20596271274918,20.476725298094838,20.742294671531983,21.002422323930023,21.256828714800424,21.505196622164913,21.747162368045288,21.982303974458148,22.210124740370755,22.430029721909857,22.64129069047785,22.842991267635767,23.033935316056372,23.212480062140198,23.376191385665877,23.520972335498627,23.63773509272762,23.63773509272762,23.520972335498627,23.376191385665877,23.212480062140198,23.033935316056372,22.842991267635767,22.64129069047785,22.430029721909857,22.210124740370755,21.982303974458148,21.74716236804529,21.505196622164913,21.25682871480042,21.002422323930023,20.742294671531983,20.476725298094838,20.20596271274918,19.930229532674442,19.649726522775495,19.364635818368658,19.07512352998777,18.78134187344569,18.483430929946508,18.181520114237365,17.875729409699375,17.566170415455037,17.25294724041112,16.936157271586154,16.615891838361136,16.292236789933536,15.965272999893049,15.63507680921977,15.30172041694755,14.965272226104672,14.625797151241308,14.283356892804932,13.938010182775601,13.589813005280469,13.238818795338716,12.885078618419206,12.528641333104396,12.169553738829686,11.807860710395728,11.443605320722583,11.07682895312136,10.707571404194843,10.335870978338821,9.961764574696396,9.585287767314636,9.20647487916479,8.825359050610722,8.441972302844025,8.056345596746748,7.668508887592374,7.278491175951899,6.886320555133199,6.49202425544831,6.095628685573157,5.697159471238212,5.296641491465049,4.894098912543253,4.489555219923716,4.083033248187963,3.674555209238619
3.4393501915298756,3.8478282304792195,4.254350202214972,4.6588938948345096,5.061436473756306,5.461954453529469,5.8604236678644135,6.256819237739567,6.651115537424456,7.043286158243156,7.4333038698836305,7.821140579038001,8.20676728513528,8.590154032901976,8.971269861456047,9.350082749605892,9.726559556987652,10.100665960630078,10.4723663864861,10.841623935412619,11.208400303013837,11.572655692686983,11.934348721120942,12.293436315395653,12.649873600710462,13.003613777629973,13.354607987571725,13.702805165066856,14.048151875096186,14.390592133532563,14.730067208395928,15.066515399238806,15.399871791511027,15.730067982184305,16.057031772224793,16.380686820652397,16.700952253877407,17.017742222702374,17.330965397746294,17.64052439199063,17.946315096528622,18.248225912237764,18.546136855736947,18.839918512279027,19.129430800659915,19.414521505066748,19.6950245149657,19.970757695040433,20.241520280386094,20.50708965382324,20.76721730622128,21.02162369709168,21.26999160445617,21.511957350336544,21.747098956749404,21.974919722662012,22.194824704201114,22.406085672769105,22.607786249927024,22.79873029834763,22.977275044431455,23.140986367957133,23.285767317789883,23.402530075018877,23.402530075018877,23.285767317789883,23.140986367957133,22.977275044431455,22.79873029834763,22.607786249927024,22.406085672769105,22.194824704201114,21.974919722662012,21.747098956749404,21.511957350336548,21.26999160445617,21.021623697091677,20.76721730622128,20.50708965382324,20.241520280386094,19.970757695040433,19.6950245149657,19.41452150506675,19.129430800659915,18.839918512279027,18.546136855736947,18.248225912237764,17.946315096528622,17.64052439199063,17.330965397746294,17.017742222702378,16.70095225387741,16.380686820652393,16.057031772224793,15.730067982184305,15.399871791511027,15.066515399238806,14.730067208395928,14.390592133532564,14.048151875096188,13.702805165066858,13.354607987571725,13.003613777629973,12.649873600710462,12.293436315395653,11.934348721120942,11.572655692686984,11.208400303013839,10.841623935412617,10.4723663864861,10.100665960630078,9.726559556987652,9.350082749605892,8.971269861456047,8.590154032901978,8.206767285135282,7.821140579038005,7.4333038698836305,7.043286158243156,6.651115537424456,6.256819237739567,5.8604236678644135,5.461954453529469,5.061436473756306,4.6588938948345096,4.254350202214972,3.8478282304792195,3.4393501915298756
3.1528911104558617,3.5613691494052055,3.9678911211409584,4.372434813760496,4.774977392682292,5.175495372455455,5.5739645867903995,5.970360156665553,6.364656456350442,6.756827077169142,7.1468447888096165,7.534681497963987,7.920308204061266,8.303694951827962,8.684810780382033,9.063623668531879,9.440100475913638,9.814206879556064,10.185907305412085,10.555164854338605,10.921941221939823,11.286196611612969,11.647889640046929,12.006977234321639,12.363414519636448,12.717154696555959,13.068148906497711,13.416346083992842,13.761692794022172,14.104133052458549,14.443608127321914,14.780056318164792,15.113412710437013,15.443608901110291,15.770572691150779,16.094227739578383,16.414493172803393,16.73128314162836,17.04450631667228,17.354065310916617,17.659856015454608,17.96176683116375,18.259677774662933,18.553459431205013,18.8429717195859,19.128062423992734,19.408565433891685,19.684298613966423,19.95506119931208,20.220630572749226,20.480758225147266,20.735164616017666,20.983532523382156,21.22549826926253,21.46063987567539,21.688460641587998,21.908365623127104,22.11962659169509,22.32132716885301,22.512271217273614,22.69081596335744,22.85452728688312,22.99930823671587,23.116070993944863,23.116070993944863,22.99930823671587,22.85452728688312,22.69081596335744,22.512271217273614,22.32132716885301,22.11962659169509,21.908365623127104,21.688460641587998,21.46063987567539,21.225498269262534,20.983532523382156,20.735164616017663,20.480758225147266,20.220630572749226,19.95506119931208,19.684298613966423,19.408565433891685,19.128062423992738,18.8429717195859,18.553459431205013,18.259677774662933,17.96176683116375,17.659856015454608,17.354065310916617,17.04450631667228,16.731283141628364,16.414493172803397,16.09422773957838,15.770572691150779,15.443608901110291,15.113412710437013,14.780056318164792,14.443608127321914,14.10413305245855,13.761692794022174,13.416346083992844,13.068148906497711,12.717154696555959,12.363414519636448,12.006977234321639,11.647889640046929,11.28619661161297,10.921941221939825,10.555164854338603,10.185907305412085,9.814206879556064,9.440100475913638,9.063623668531879,8.684810780382033,8.303694951827964,7.920308204061268,7.534681497963991,7.1468447888096165,6.756827077169142,6.364656456350442,5.970360156665553,5.5739645867903995,5.175495372455455,4.774977392682292,4.372434813760496,3.9678911211409584,3.5613691494052055,3.1528911104558617
2.825377604717062,3.2338556436664057,3.6403776154021585,4.044921308021696,4.447463886943492,4.847981866716655,5.2464510810516,5.642846650926753,6.037142950611642,6.429313571430342,6.819331283070817,7.2071679922251874,7.592794698322466,7.9761814460891625,8.357297274643233,8.736110162793079,9.112586970174839,9.486693373817264,9.858393799673285,10.227651348599805,10.594427716201023,10.958683105874169,11.320376134308129,11.679463728582839,12.035901013897648,12.389641190817159,12.740635400758912,13.088832578254042,13.434179288283373,13.776619546719749,14.116094621583114,14.452542812425992,14.785899204698213,15.116095395371492,15.443059185411979,15.766714233839583,16.086979667064593,16.40376963588956,16.716992810933483,17.026551805177817,17.332342509715808,17.63425332542495,17.932164268924133,18.225945925466213,18.5154582138471,18.800548918253934,19.081051928152885,19.356785108227623,19.62754769357328,19.893117067010426,20.153244719408466,20.407651110278866,20.656019017643356,20.897984763523734,21.13312636993659,21.360947135849198,21.580852117388304,21.79211308595629,21.99381366311421,22.184757711534814,22.36330245761864,22.52701378114432,22.67179473097707,22.788557488206063,22.788557488206063,22.67179473097707,22.527013781144323,22.36330245761864,22.184757711534814,21.99381366311421,21.79211308595629,21.580852117388304,21.360947135849198,21.13312636993659,20.897984763523734,20.65601901764336,20.407651110278863,20.153244719408466,19.893117067010426,19.62754769357328,19.356785108227623,19.081051928152885,18.800548918253938,18.5154582138471,18.225945925466213,17.932164268924133,17.63425332542495,17.332342509715808,17.026551805177817,16.716992810933483,16.403769635889564,16.086979667064597,15.766714233839581,15.443059185411979,15.116095395371492,14.785899204698213,14.452542812425992,14.116094621583114,13.77661954671975,13.434179288283374,13.088832578254044,12.740635400758912,12.389641190817159,12.035901013897648,11.679463728582839,11.320376134308129,10.95868310587417,10.594427716201025,10.227651348599803,9.858393799673285,9.486693373817264,9.112586970174839,8.736110162793079,8.357297274643233,7.976181446089164,7.592794698322468,7.207167992225191,6.819331283070817,6.429313571430342,6.037142950611642,5.642846650926753,5.2464510810516,4.847981866716655,4.447463886943492,4.044921308021696,3.6403776154021585,3.2338556436664057,2.825377604717062
2.468471093513518,2.8769491324628618,3.2834711041986147,3.688014796818152,4.090557375739948,4.491075355513111,4.889544569848056,5.285940139723209,5.680236439408098,6.072407060226798,6.462424771867273,6.850261481021644,7.235888187118922,7.619274934885619,8.00039076343969,8.379203651589535,8.755680458971295,9.12978686261372,9.501487288469741,9.870744837396261,10.23752120499748,10.601776594670625,10.963469623104585,11.322557217379295,11.678994502694104,12.032734679613615,12.383728889555368,12.731926067050498,13.077272777079829,13.419713035516205,13.75918811037957,14.095636301222449,14.428992693494669,14.759188884167948,15.086152674208435,15.409807722636039,15.73007315586105,16.046863124686016,16.360086299729936,16.669645293974273,16.975435998512268,17.277346814221403,17.57525775772059,17.869039414262666,18.158551702643557,18.44364240705039,18.72414541694934,18.99987859702408,19.270641182369737,19.536210555806882,19.796338208204922,20.050744599075323,20.299112506439812,20.54107825232019,20.776219858733047,21.004040624645654,21.223945606184756,21.435206574752748,21.636907151910666,21.82785120033127,22.006395946415097,22.170107269940775,22.314888219773525,22.43165097700252,22.43165097700252,22.314888219773525,22.170107269940775,22.006395946415097,21.82785120033127,21.636907151910666,21.435206574752748,21.223945606184756,21.004040624645654,20.776219858733047,20.54107825232019,20.299112506439812,20.05074459907532,19.796338208204922,19.536210555806882,19.270641182369737,18.99987859702408,18.72414541694934,18.44364240705039,18.158551702643557,17.86903941426267,17.57525775772059,17.277346814221403,16.975435998512268,16.669645293974273,16.360086299729936,16.04686312468602,15.730073155861053,15.409807722636035,15.086152674208435,14.759188884167948,14.428992693494669,14.095636301222449,13.75918811037957,13.419713035516207,13.07727277707983,12.7319260670505,12.383728889555368,12.032734679613615,11.678994502694104,11.322557217379295,10.963469623104585,10.601776594670627,10.237521204997481,9.87074483739626,9.501487288469741,9.12978686261372,8.755680458971295,8.379203651589535,8.00039076343969,7.61927493488562,7.235888187118924,6.850261481021647,6.462424771867273,6.072407060226798,5.680236439408098,5.285940139723209,4.889544569848056,4.491075355513111,4.090557375739948,3.688014796818152,3.2834711041986147,2.8769491324628618,2.468471093513518
2.0948795610029514,2.5033575999522952,2.909879571688048,3.3144232643075853,3.7169658432293815,4.117483823002544,4.515953037337489,4.9123486072126425,5.306644906897532,5.698815527716231,6.088833239356706,6.476669948511077,6.862296654608356,7.245683402375052,7.626799230929123,8.005612119078968,8.382088926460728,8.756195330103154,9.127895755959175,9.497153304885694,9.863929672486913,10.228185062160058,10.589878090594018,10.948965684868728,11.305402970183538,11.659143147103048,12.010137357044801,12.358334534539932,12.703681244569262,13.046121503005638,13.385596577869004,13.722044768711882,14.055401160984102,14.385597351657381,14.712561141697869,15.036216190125472,15.356481623350483,15.67327159217545,15.98649476721937,16.296053761463707,16.6018444660017,16.903755281710836,17.201666225210023,17.4954478817521,17.78496017013299,18.070050874539824,18.350553884438774,18.626287064513512,18.89704964985917,19.162619023296315,19.422746675694356,19.677153066564756,19.925520973929245,20.16748671980962,20.40262832622248,20.630449092135088,20.85035407367419,21.06161504224218,21.2633156194001,21.454259667820704,21.63280441390453,21.79651573743021,21.94129668726296,22.058059444491953,22.058059444491953,21.94129668726296,21.79651573743021,21.63280441390453,21.454259667820704,21.2633156194001,21.06161504224218,20.85035407367419,20.630449092135088,20.40262832622248,20.167486719809624,19.925520973929245,19.677153066564752,19.422746675694356,19.162619023296315,18.89704964985917,18.626287064513512,18.350553884438774,18.070050874539824,17.78496017013299,17.495447881752103,17.201666225210023,16.903755281710836,16.6018444660017,16.296053761463707,15.98649476721937,15.673271592175453,15.356481623350486,15.036216190125469,14.712561141697869,14.385597351657381,14.055401160984102,13.722044768711882,13.385596577869004,13.04612150300564,12.703681244569264,12.358334534539933,12.010137357044801,11.659143147103048,11.305402970183538,10.948965684868728,10.589878090594018,10.22818506216006,9.863929672486915,9.497153304885693,9.127895755959175,8.756195330103154,8.382088926460728,8.005612119078968,7.626799230929123,7.245683402375054,6.8622966546083575,6.476669948511081,6.088833239356706,5.698815527716231,5.306644906897532,4.9123486072126425,4.515953037337489,4.117483823002544,3.7169658432293815,3.3144232643075853,2.909879571688048,2.5033575999522952,2.0948795610029514
1.7179050768522828,2.1263831158016266,2.5329050875373795,2.9374487801569167,3.339991359078713,3.7405093388518758,4.138978553186821,4.535374123061974,4.929670422746863,5.321841043565563,5.711858755206038,6.099695464360408,6.485322170457687,6.8687089182243835,7.2498247467784545,7.6286376349283,8.00511444231006,8.379220845952485,8.750921271808506,9.120178820735026,9.486955188336244,9.85121057800939,10.21290360644335,10.57199120071806,10.92842848603287,11.28216866295238,11.633162872894133,11.981360050389263,12.326706760418594,12.66914701885497,13.008622093718335,13.345070284561213,13.678426676833434,14.008622867506713,14.335586657547198,14.659241705974804,14.979507139199814,15.296297108024781,15.6095202830687,15.919079277313037,16.22486998185103,16.52678079756017,16.824691741059354,17.118473397601434,17.407985685982318,17.69307639038915,17.973579400288102,18.24931258036284,18.5200751657085,18.785644539145647,19.045772191543687,19.300178582414084,19.548546489778577,19.79051223565895,20.02565384207181,20.25347460798442,20.47337958952352,20.684640558091512,20.88634113524943,21.077285183670035,21.25582992975386,21.41954125327954,21.56432220311229,21.681084960341284,21.681084960341284,21.56432220311229,21.41954125327954,21.25582992975386,21.077285183670035,20.88634113524943,20.684640558091512,20.47337958952352,20.25347460798442,20.02565384207181,19.790512235658955,19.548546489778577,19.300178582414084,19.045772191543687,18.785644539145647,18.5200751657085,18.24931258036284,17.973579400288102,17.69307639038916,17.40798568598232,17.118473397601434,16.824691741059354,16.52678079756017,16.22486998185103,15.919079277313037,15.6095202830687,15.296297108024785,14.979507139199816,14.6592417059748,14.335586657547198,14.008622867506713,13.678426676833434,13.345070284561213,13.008622093718335,12.669147018854972,12.326706760418595,11.981360050389265,11.633162872894133,11.28216866295238,10.92842848603287,10.57199120071806,10.21290360644335,9.851210578009391,9.486955188336246,9.120178820735024,8.750921271808506,8.379220845952485,8.00511444231006,7.6286376349283,7.2498247467784545,6.868708918224385,6.485322170457689,6.099695464360412,5.711858755206038,5.321841043565563,4.929670422746863,4.535374123061974,4.138978553186821,3.7405093388518758,3.339991359078713,2.9374487801569167,2.5329050875373795,2.1263831158016266,1.7179050768522828
1.3509701638288796,1.7594482027782234,2.1659701745139763,2.5705138671335135,2.9730564460553097,3.3735744258284726,3.7720436401634174,4.168439210038571,4.56273550972346,4.95490613054216,5.344923842182634,5.732760551337005,6.118387257434286,6.501774005200982,6.882889833755053,7.261702721904898,7.638179529286658,8.012285932929084,8.383986358785105,8.753243907711624,9.120020275312843,9.484275664985988,9.845968693419948,10.205056287694658,10.561493573009468,10.915233749928978,11.266227959870731,11.614425137365862,11.959771847395192,12.302212105831568,12.641687180694934,12.978135371537812,13.311491763810032,13.641687954483311,13.968651744523797,14.292306792951402,14.612572226176413,14.929362195001382,15.242585370045301,15.552144364289635,15.85793506882763,16.159845884536768,16.457756828035954,16.75153848457803,17.04105077295892,17.326141477365752,17.606644487264703,17.88237766733944,18.153140252685102,18.418709626122244,18.678837278520284,18.933243669390684,19.181611576755174,19.423577322635552,19.658718929048412,19.886539694961016,20.10644467650012,20.31770564506811,20.51940622222603,20.710350270646632,20.88889501673046,21.05260634025614,21.197387290088887,21.31415004731788,21.31415004731788,21.197387290088887,21.05260634025614,20.88889501673046,20.710350270646636,20.51940622222603,20.31770564506811,20.10644467650012,19.886539694961016,19.658718929048412,19.423577322635552,19.181611576755177,18.933243669390684,18.678837278520284,18.418709626122244,18.153140252685102,17.88237766733944,17.606644487264703,17.326141477365756,17.041050772958922,16.751538484578035,16.457756828035954,16.159845884536768,15.85793506882763,15.552144364289635,15.242585370045301,14.929362195001383,14.612572226176415,14.2923067929514,13.968651744523797,13.641687954483311,13.311491763810032,12.978135371537812,12.641687180694934,12.30221210583157,11.959771847395194,11.614425137365863,11.266227959870731,10.915233749928978,10.561493573009468,10.205056287694658,9.845968693419948,9.48427566498599,9.120020275312845,8.753243907711623,8.383986358785105,8.012285932929084,7.638179529286658,7.261702721904898,6.882889833755053,6.501774005200984,6.1183872574342875,5.732760551337009,5.344923842182634,4.95490613054216,4.56273550972346,4.168439210038571,3.7720436401634174,3.3735744258284726,2.9730564460553097,2.5705138671335135,2.1659701745139763,1.7594482027782234,1.3509701638288796
1.007139876548571,1.415617915497915,1.8221398872336678,2.226683579853205,2.629226158775001,3.029744138548164,3.428213352883109,3.8246089227582623,4.218905222443151,4.611075843261851,5.001093554902326,5.388930264056697,5.774556970153977,6.157943717920672,6.539059546474743,6.917872434624588,7.294349242006348,7.668455645648773,8.040156071504795,8.409413620431314,8.776189988032533,9.140445377705678,9.502138406139638,9.861226000414348,10.217663285729158,10.571403462648668,10.92239767259042,11.270594850085551,11.615941560114882,11.958381818551258,12.297856893414624,12.634305084257502,12.967661476529722,13.297857667203,13.624821457243488,13.948476505671092,14.268741938896103,14.585531907721071,14.89875508276499,15.208314077009327,15.51410478154732,15.81601559725646,16.113926540755642,16.407708197297723,16.69722048567861,16.982311190085444,17.262814199984394,17.538547380059132,17.809309965404793,18.074879338841935,18.335006991239975,18.589413382110376,18.837781289474865,19.079747035355243,19.3148886417681,19.542709407680707,19.762614389219813,19.9738753577878,20.17557593494572,20.366519983366324,20.54506472945015,20.70877605297583,20.85355700280858,20.970319760037572,20.970319760037572,20.85355700280858,20.708776052975832,20.54506472945015,20.366519983366324,20.17557593494572,19.9738753577878,19.762614389219813,19.542709407680707,19.3148886417681,19.079747035355243,18.83778128947487,18.589413382110372,18.335006991239975,18.074879338841935,17.809309965404793,17.538547380059132,17.262814199984394,16.982311190085447,16.697220485678613,16.407708197297723,16.113926540755642,15.81601559725646,15.51410478154732,15.208314077009327,14.89875508276499,14.585531907721073,14.268741938896106,13.94847650567109,13.624821457243488,13.297857667203,12.967661476529722,12.634305084257502,12.297856893414624,11.95838181855126,11.615941560114884,11.270594850085553,10.92239767259042,10.571403462648668,10.217663285729158,9.861226000414348,9.502138406139638,9.14044537770568,8.776189988032534,8.409413620431312,8.040156071504795,7.668455645648773,7.294349242006348,6.917872434624588,6.539059546474743,6.1579437179206735,5.774556970153977,5.3889302640567,5.001093554902326,4.611075843261851,4.218905222443151,3.8246089227582623,3.428213352883109,3.029744138548164,2.629226158775001,2.226683579853205,1.8221398872336678,1.415617915497915,1.007139876548571
0.6986566082054999,1.1071346471548438,1.5136566188905967,1.9182003115101338,2.32074289043193,2.721260870205093,3.1197300845400378,3.516125654415191,3.91042195410008,4.30259257491878,4.692610286559255,5.080446995713626,5.4660737018109025,5.849460449577599,6.230576278131672,6.609389166281517,6.985865973663277,7.359972377305702,7.7316728031617235,8.100930352088243,8.467706719689462,8.831962109362607,9.193655137796567,9.552742732071277,9.909180017386086,10.262920194305597,10.61391440424735,10.96211158174248,11.30745829177181,11.649898550208187,11.989373625071552,12.32582181591443,12.65917820818665,12.98937439885993,13.316338188900415,13.63999323732802,13.960258670553031,14.277048639377998,14.590271814421918,14.899830808666254,15.205621513204246,15.507532328913385,15.805443272412571,16.099224928954648,16.38873721733554,16.673827921742372,16.954330931641323,17.23006411171606,17.50082669706172,17.766396070498864,18.026523722896904,18.280930113767305,18.529298021131794,18.77126376701217,19.00640537342503,19.234226139337636,19.45413112087674,19.66539208944473,19.867092666602648,20.058036715023253,20.23658146110708,20.400292784632757,20.545073734465507,20.661836491694498,20.661836491694498,20.545073734465507,20.400292784632757,20.23658146110708,20.058036715023253,19.867092666602648,19.66539208944473,19.45413112087674,19.234226139337636,19.00640537342503,18.771263767012172,18.529298021131794,18.2809301137673,18.026523722896904,17.766396070498864,17.50082669706172,17.23006411171606,16.954330931641323,16.673827921742372,16.38873721733554,16.09922492895465,15.805443272412571,15.507532328913385,15.205621513204246,14.899830808666254,14.590271814421918,14.277048639378002,13.960258670553033,13.639993237328017,13.316338188900415,12.98937439885993,12.65917820818665,12.32582181591443,11.989373625071552,11.649898550208189,11.307458291771812,10.962111581742482,10.61391440424735,10.262920194305597,9.909180017386086,9.552742732071277,9.193655137796567,8.831962109362609,8.467706719689463,8.100930352088241,7.7316728031617235,7.359972377305702,6.985865973663277,6.609389166281517,6.230576278131672,5.849460449577602,5.466073701810906,5.080446995713629,4.692610286559255,4.30259257491878,3.91042195410008,3.516125654415191,3.1197300845400378,2.721260870205093,2.32074289043193,1.9182003115101338,1.5136566188905967,1.1071346471548438,0.6986566082054999
0.43650418891754583,0.8449822278668897,1.2515041996026426,1.6560478922221797,2.058590471143976,2.459108450917139,2.8575776652520837,3.253973235127237,3.648269534812126,4.040440155630826,4.430457867271301,4.8182945764256715,5.203921282522952,5.587308030289648,5.9684238588437175,6.347236746993563,6.723713554375323,7.097819958017748,7.469520383873771,7.838777932800291,8.20555430040151,8.569809690074653,8.931502718508614,9.290590312783323,9.647027598098134,10.000767775017643,10.351761984959396,10.699959162454526,11.045305872483858,11.387746130920235,11.7272212057836,12.063669396626477,12.397025788898699,12.727221979571976,13.054185769612463,13.377840818040067,13.698106251265077,14.014896220090046,14.328119395133966,14.637678389378301,14.943469093916296,15.245379909625434,15.543290853124617,15.837072509666697,16.126584798047585,16.41167550245442,16.69217851235337,16.967911692428107,17.238674277773768,17.50424365121091,17.76437130360895,18.01877769447935,18.26714560184384,18.509111347724218,18.744252954137075,18.972073720049682,19.191978701588788,19.403239670156776,19.604940247314694,19.7958842957353,19.974429041819125,20.138140365344803,20.282921315177553,20.399684072406547,20.399684072406547,20.282921315177553,20.138140365344807,19.974429041819125,19.795884295735302,19.604940247314694,19.403239670156776,19.191978701588788,18.972073720049682,18.744252954137075,18.509111347724218,18.267145601843843,18.018777694479347,17.76437130360895,17.50424365121091,17.238674277773768,16.967911692428107,16.69217851235337,16.411675502454422,16.12658479804759,15.837072509666697,15.543290853124617,15.245379909625434,14.943469093916296,14.637678389378301,14.328119395133966,14.014896220090048,13.69810625126508,13.377840818040065,13.054185769612463,12.727221979571976,12.397025788898699,12.063669396626477,11.7272212057836,11.387746130920235,11.045305872483858,10.69995916245453,10.351761984959396,10.000767775017643,9.647027598098134,9.290590312783323,8.931502718508614,8.569809690074656,8.20555430040151,7.838777932800287,7.469520383873771,7.097819958017748,6.723713554375323,6.347236746993563,5.9684238588437175,5.587308030289648,5.203921282522952,4.818294576425675,4.430457867271301,4.040440155630826,3.648269534812126,3.253973235127237,2.8575776652520837,2.459108450917139,2.058590471143976,1.6560478922221797,1.2515041996026426,0.8449822278668897,0.43650418891754583
0.23001679636611527,0.6384948353154591,1.045016807051212,1.4495604996707492,1.8521030785925454,2.2526210583657083,2.651090272700653,3.0474858425758065,3.4417821422606956,3.8339527630793953,4.22397047471987,4.611807183874241,4.997433889971518,5.380820637738218,5.761936466292287,6.140749354442132,6.517226161823892,6.891332565466318,7.263032991322339,7.632290540248858,7.999066907850077,8.363322297523222,8.725015325957182,9.084102920231892,9.440540205546702,9.794280382466212,10.145274592407965,10.493471769903095,10.838818479932426,11.181258738368802,11.520733813232168,11.857182004075046,12.190538396347266,12.520734587020545,12.847698377061032,13.171353425488636,13.491618858713647,13.808408827538614,14.121632002582533,14.43119099682687,14.736981701364863,15.038892517074002,15.336803460573186,15.630585117115265,15.920097405496154,16.205188109902988,16.48569111980194,16.761424299876673,17.032186885222334,17.29775625865948,17.55788391105752,17.812290301927916,18.06065820929241,18.302623955172784,18.537765561585644,18.76558632749825,18.985491309037357,19.196752277605345,19.398452854763264,19.589396903183868,19.767941649267694,19.931652972793373,20.076433922626123,20.193196679855117,20.193196679855117,20.076433922626123,19.931652972793373,19.767941649267694,19.589396903183868,19.398452854763264,19.196752277605345,18.985491309037357,18.76558632749825,18.537765561585644,18.302623955172788,18.06065820929241,17.812290301927916,17.55788391105752,17.29775625865948,17.032186885222334,16.761424299876673,16.48569111980194,16.20518810990299,15.920097405496154,15.630585117115267,15.336803460573186,15.038892517074002,14.736981701364863,14.43119099682687,14.121632002582533,13.808408827538617,13.49161885871365,13.171353425488633,12.847698377061032,12.520734587020545,12.190538396347266,11.857182004075046,11.520733813232168,11.181258738368804,10.838818479932428,10.493471769903097,10.145274592407965,9.794280382466212,9.440540205546702,9.084102920231892,8.725015325957182,8.363322297523224,7.999066907850079,7.632290540248857,7.263032991322339,6.891332565466318,6.517226161823892,6.140749354442132,5.761936466292287,5.380820637738218,4.997433889971521,4.6118071838742445,4.22397047471987,3.8339527630793953,3.4417821422606956,3.0474858425758065,2.651090272700653,2.2526210583657083,1.8521030785925454,1.4495604996707492,1.045016807051212,0.6384948353154591,0.23001679636611527
0.08654660382611468,0.49502464277545855,0.9015466145112114,1.3060903071307486,1.7086328860525448,2.1091508658257077,2.5076200801606525,2.904015650035806,3.298311949720695,3.6904825705393947,4.0805002821798695,4.46833699133424,4.853963697431517,5.237350445198214,5.618466273752286,5.9972791619021315,6.373755969283891,6.747862372926317,7.119562798782338,7.488820347708858,7.855596715310076,8.219852104983222,8.581545133417182,8.940632727691892,9.297070013006701,9.650810189926212,10.001804399867964,10.350001577363095,10.695348287392425,11.037788545828802,11.377263620692167,11.713711811535045,12.047068203807266,12.377264394480544,12.70422818452103,13.027883232948636,13.348148666173646,13.664938634998613,13.978161810042533,14.28772080428687,14.593511508824863,14.895422324534001,15.193333268033186,15.487114924575264,15.776627212956154,16.061717917362987,16.342220927261938,16.617954107336672,16.888716692682333,17.15428606611948,17.41441371851752,17.668820109387916,17.91718801675241,18.159153762632783,18.394295369045643,18.62211613495825,18.842021116497353,19.053282085065344,19.254982662223263,19.445926710643867,19.624471456727694,19.788182780253372,19.932963730086122,20.049726487315116,20.049726487315116,19.932963730086122,19.788182780253372,19.624471456727694,19.445926710643867,19.254982662223263,19.053282085065344,18.842021116497353,18.62211613495825,18.394295369045643,18.159153762632787,17.91718801675241,17.668820109387916,17.41441371851752,17.15428606611948,16.888716692682333,16.617954107336672,16.342220927261938,16.06171791736299,15.776627212956154,15.487114924575266,15.193333268033186,14.895422324534001,14.593511508824863,14.28772080428687,13.978161810042533,13.664938634998617,13.348148666173648,13.027883232948632,12.70422818452103,12.377264394480544,12.047068203807266,11.713711811535045,11.377263620692167,11.037788545828803,10.695348287392427,10.350001577363097,10.001804399867964,9.650810189926212,9.297070013006701,8.940632727691892,8.581545133417182,8.219852104983223,7.855596715310078,7.488820347708856,7.119562798782338,6.747862372926317,6.373755969283891,5.9972791619021315,5.618466273752286,5.237350445198217,4.853963697431521,4.468336991334244,4.0805002821798695,3.6904825705393947,3.298311949720695,2.904015650035806,2.5076200801606525,2.1091508658257077,1.7086328860525448,1.3060903071307486,0.9015466145112114,0.49502464277545855,0.08654660382611468
0.011201999283397157,0.419680038232741,0.8262020099684939,1.230745702588031,1.6332882815098273,2.03380626128299,2.432275475617935,2.8286710454930883,3.2229673451779774,3.615137965996677,4.005155677637152,4.392992386791523,4.7786190928888,5.162005840655496,5.543121669209569,5.921934557359414,6.298411364741174,6.6725177683835994,7.044218194239621,7.41347574316614,7.780252110767359,8.144507500440504,8.506200528874464,8.865288123149174,9.221725408463984,9.575465585383494,9.926459795325247,10.274656972820377,10.620003682849708,10.962443941286084,11.30191901614945,11.638367206992328,11.971723599264548,12.301919789937827,12.628883579978313,12.952538628405918,13.272804061630929,13.589594030455896,13.902817205499815,14.212376199744153,14.518166904282145,14.820077719991284,15.117988663490468,15.411770320032547,15.701282608413436,15.98637331282027,16.26687632271922,16.542609502793958,16.813372088139616,17.07894146157676,17.3390691139748,17.593475504845202,17.84184341220969,18.083809158090066,18.318950764502926,18.546771530415533,18.766676511954635,18.977937480522627,19.179638057680545,19.37058210610115,19.549126852184976,19.712838175710655,19.857619125543405,19.9743818827724,19.9743818827724,19.857619125543405,19.712838175710655,19.549126852184976,19.37058210610115,19.179638057680545,18.977937480522627,18.766676511954635,18.546771530415533,18.318950764502926,18.08380915809007,17.84184341220969,17.5934755048452,17.3390691139748,17.07894146157676,16.813372088139616,16.542609502793958,16.26687632271922,15.986373312820271,15.701282608413436,15.411770320032549,15.117988663490468,14.820077719991284,14.518166904282145,14.212376199744153,13.902817205499815,13.589594030455899,13.27280406163093,12.952538628405915,12.628883579978313,12.301919789937827,11.971723599264548,11.638367206992328,11.30191901614945,10.962443941286086,10.62000368284971,10.27465697282038,9.926459795325247,9.575465585383494,9.221725408463984,8.865288123149174,8.506200528874464,8.144507500440506,7.780252110767361,7.413475743166138,7.044218194239621,6.6725177683835994,6.298411364741174,5.921934557359414,5.543121669209569,5.1620058406555,4.778619092888803,4.392992386791526,4.005155677637152,3.615137965996677,3.2229673451779774,2.8286710454930883,2.432275475617935,2.03380626128299,1.6332882815098273,1.230745702588031,0.8262020099684939,0.419680038232741,0.011201999283397157
0.00666569658834959,0.41514373553769346,0.8216657072734463,1.2262093998929835,1.6287519788147797,2.0292699585879426,2.4277391729228874,2.8241347427980408,3.21843104248293,3.6106016633016296,4.000619374942104,4.388456084096475,4.774082790193752,5.1574695379604485,5.538585366514521,5.917398254664366,6.293875062046126,6.667981465688552,7.039681891544571,7.408939440471091,7.775715808072309,8.139971197745457,8.501664226179415,8.860751820454126,9.217189105768934,9.570929282688446,9.9219234926302,10.27012067012533,10.615467380154659,10.957907638591035,11.2973827134544,11.63383090429728,11.967187296569499,12.29738348724278,12.624347277283265,12.94800232571087,13.268267758935881,13.585057727760848,13.898280902804768,14.207839897049103,14.513630601587096,14.815541417296235,15.11345236079542,15.407234017337498,15.696746305718387,15.98183701012522,16.26234002002417,16.538073200098907,16.80883578544457,17.07440515888171,17.334532811279754,17.58893920215015,17.83730710951464,18.07927285539502,18.31441446180788,18.542235227720486,18.762140209259588,18.97340117782758,19.175101754985498,19.366045803406102,19.544590549489925,19.708301873015607,19.853082822848357,19.969845580077347,19.969845580077347,19.853082822848357,19.708301873015607,19.54459054948993,19.366045803406102,19.175101754985498,18.97340117782758,18.762140209259588,18.542235227720486,18.31441446180788,18.079272855395022,17.837307109514644,17.58893920215015,17.334532811279754,17.07440515888171,16.80883578544457,16.538073200098907,16.26234002002417,15.981837010125222,15.696746305718388,15.407234017337501,15.11345236079542,14.815541417296235,14.513630601587096,14.207839897049103,13.898280902804768,13.585057727760852,13.268267758935883,12.948002325710867,12.624347277283265,12.29738348724278,11.967187296569499,11.63383090429728,11.2973827134544,10.957907638591038,10.615467380154662,10.27012067012533,9.9219234926302,9.570929282688446,9.217189105768934,8.860751820454126,8.501664226179415,8.139971197745457,7.775715808072313,7.408939440471091,7.039681891544571,6.667981465688552,6.293875062046126,5.917398254664366,5.538585366514521,5.157469537960452,4.774082790193756,4.388456084096479,4.000619374942104,3.6106016633016296,3.21843104248293,2.8241347427980408,2.4277391729228874,2.0292699585879426,1.6287519788147797,1.2262093998929835,0.8216657072734463,0.41514373553769346,0.00666569658834959
0.07309921496511862,0.4815772539144625,0.8880992256502154,1.2926429182697525,1.6951854971915488,2.0957034769647116,2.4941726912996565,2.89056826117481,3.284864560859699,3.6770351816783986,4.067052893318873,4.454889602473244,4.840516308570521,5.2239030563372175,5.60501888489129,5.9838317730411354,6.360308580422895,6.734414984065321,7.106115409921342,7.475372958847862,7.84214932644908,8.206404716122226,8.568097744556185,8.927185338830895,9.283622624145705,9.637362801065215,9.988357011006968,10.336554188502099,10.68190089853143,11.024341156967806,11.363816231831171,11.70026442267405,12.03362081494627,12.363817005619548,12.690780795660034,13.01443584408764,13.33470127731265,13.651491246137617,13.964714421181537,14.274273415425872,14.580064119963867,14.881974935673005,15.17988587917219,15.473667535714268,15.763179824095156,16.048270528501988,16.328773538400938,16.604506718475676,16.875269303821337,17.14083867725848,17.400966329656523,17.65537272052692,17.903740627891413,18.145706373771787,18.380847980184647,18.608668746097255,18.828573727636357,19.03983469620435,19.241535273362267,19.43247932178287,19.611024067866698,19.774735391392376,19.919516341225126,20.036279098454116,20.036279098454116,19.919516341225126,19.774735391392376,19.611024067866698,19.43247932178287,19.241535273362267,19.03983469620435,18.828573727636357,18.608668746097255,18.380847980184647,18.14570637377179,17.903740627891413,17.65537272052692,17.400966329656523,17.14083867725848,16.875269303821337,16.604506718475676,16.328773538400938,16.048270528501995,15.763179824095157,15.47366753571427,15.17988587917219,14.881974935673005,14.580064119963867,14.274273415425872,13.964714421181537,13.65149124613762,13.334701277312652,13.014435844087636,12.690780795660034,12.363817005619548,12.03362081494627,11.70026442267405,11.363816231831171,11.024341156967807,10.681900898531431,10.3365541885021,9.988357011006968,9.637362801065215,9.283622624145705,8.927185338830895,8.568097744556185,8.206404716122227,7.842149326449082,7.47537295884786,7.106115409921342,6.734414984065321,6.360308580422895,5.9838317730411354,5.60501888489129,5.223903056337221,4.840516308570525,4.454889602473248,4.067052893318873,3.6770351816783986,3.284864560859699,2.89056826117481,2.4941726912996565,2.0957034769647116,1.6951854971915488,1.2926429182697525,0.8880992256502154,0.4815772539144625,0.07309921496511862
0.20813712797128403,0.6166151669206279,1.0231371386563808,1.427680831275918,1.8302234101977142,2.230741389970877,2.629210604305822,3.025606174180975,3.4199024738658643,3.812073094684564,4.202090806325039,4.58992751547941,4.975554221576687,5.358940969343383,5.740056797897456,6.118869686047301,6.495346493429061,6.869452897071486,7.241153322927508,7.610410871854027,7.977187239455246,8.341442629128391,8.70313565756235,9.062223251837061,9.41866053715187,9.772400714071381,10.123394924013134,10.471592101508264,10.816938811537595,11.159379069973971,11.498854144837336,11.835302335680215,12.168658727952435,12.498854918625714,12.8258187086662,13.149473757093805,13.469739190318816,13.786529159143782,14.099752334187702,14.409311328432038,14.71510203297003,15.017012848679169,15.314923792178355,15.608705448720432,15.898217737101321,16.183308441508153,16.463811451407103,16.73954463148184,17.010307216827503,17.275876590264645,17.53600424266269,17.790410633533085,18.038778540897578,18.280744286777953,18.515885893190813,18.74370665910342,18.963611640642522,19.174872609210514,19.376573186368432,19.567517234789037,19.74606198087286,19.90977330439854,20.05455425423129,20.17131701146028,20.17131701146028,20.05455425423129,19.90977330439854,19.746061980872863,19.567517234789037,19.376573186368432,19.174872609210514,18.963611640642522,18.74370665910342,18.515885893190813,18.280744286777956,18.038778540897578,17.790410633533085,17.53600424266269,17.275876590264645,17.010307216827503,16.73954463148184,16.463811451407103,16.183308441508157,15.898217737101323,15.608705448720436,15.314923792178355,15.017012848679169,14.71510203297003,14.409311328432038,14.099752334187702,13.786529159143786,13.469739190318817,13.149473757093801,12.8258187086662,12.498854918625714,12.168658727952435,11.835302335680215,11.498854144837336,11.159379069973973,10.816938811537597,10.471592101508266,10.123394924013134,9.772400714071381,9.41866053715187,9.062223251837061,8.70313565756235,8.341442629128393,7.977187239455247,7.610410871854025,7.241153322927508,6.869452897071486,6.495346493429061,6.118869686047301,5.740056797897456,5.3589409693433865,4.97555422157669,4.589927515479413,4.202090806325039,3.812073094684564,3.4199024738658643,3.025606174180975,2.629210604305822,2.230741389970877,1.8302234101977142,1.427680831275918,1.0231371386563808,0.6166151669206279,0.20813712797128403
0.40697128667902405,0.8154493256283679,1.2219712973641208,1.626514989983658,2.029057568905454,2.429575548678617,2.828044763013562,3.2244403328887152,3.6187366325736043,4.010907253392304,4.400924965032779,4.78876167418715,5.174388380284427,5.5577751280511265,5.938890956605196,6.317703844755041,6.694180652136801,7.068287055779226,7.439987481635248,7.809245030561767,8.176021398162986,8.540276787836131,8.90196981627009,9.261057410544801,9.61749469585961,9.971234872779121,10.322229082720874,10.670426260216004,11.015772970245335,11.358213228681711,11.697688303545076,12.034136494387955,12.367492886660175,12.697689077333454,13.024652867373941,13.348307915801545,13.668573349026556,13.985363317851522,14.298586492895442,14.60814548713978,14.913936191677772,15.21584700738691,15.513757950886095,15.807539607428174,16.097051895809063,16.382142600215897,16.662645610114847,16.93837879018958,17.209141375535243,17.474710748972388,17.73483840137043,17.989244792240825,18.237612699605318,18.479578445485693,18.714720051898553,18.94254081781116,19.162445799350266,19.373706767918254,19.575407345076172,19.766351393496777,19.944896139580603,20.10860746310628,20.25338841293903,20.370151170168025,20.370151170168025,20.25338841293903,20.10860746310628,19.944896139580603,19.766351393496777,19.575407345076172,19.373706767918254,19.162445799350266,18.94254081781116,18.714720051898553,18.479578445485696,18.237612699605318,17.989244792240825,17.73483840137043,17.474710748972388,17.209141375535243,16.93837879018958,16.662645610114847,16.3821426002159,16.097051895809063,15.807539607428176,15.513757950886095,15.21584700738691,14.913936191677772,14.60814548713978,14.298586492895442,13.985363317851526,13.668573349026559,13.348307915801541,13.024652867373941,12.697689077333454,12.367492886660175,12.034136494387955,11.697688303545076,11.358213228681713,11.015772970245337,10.670426260216006,10.322229082720874,9.971234872779121,9.61749469585961,9.261057410544801,8.90196981627009,8.540276787836133,8.176021398162987,7.809245030561765,7.439987481635248,7.068287055779226,6.694180652136801,6.317703844755041,5.938890956605196,5.5577751280511265,5.17438838028443,4.788761674187153,4.400924965032779,4.010907253392304,3.6187366325736043,3.2244403328887152,2.828044763013562,2.429575548678617,2.029057568905454,1.626514989983658,1.2219712973641208,0.8154493256283679,0.40697128667902405
0.6625220182340961,1.07100005718344,1.4775220289191928,1.88206572153873,2.284608300460526,2.685126280233689,3.083595494568634,3.4799910644437873,3.8742873641286764,4.266457984947376,4.656475696587851,5.044312405742222,5.429939111839499,5.813325859606195,6.194441688160266,6.573254576310111,6.949731383691871,7.323837787334297,7.695538213190318,8.064795762116837,8.431572129718056,8.795827519391201,9.157520547825161,9.516608142099871,9.87304542741468,10.226785604334191,10.577779814275944,10.925976991771075,11.271323701800405,11.613763960236781,11.953239035100147,12.289687225943025,12.623043618215245,12.953239808888524,13.280203598929011,13.603858647356615,13.924124080581626,14.240914049406594,14.554137224450514,14.86369621869485,15.169486923232842,15.471397738941981,15.769308682441165,16.063090338983244,16.352602627364135,16.63769333177097,16.91819634166992,17.193929521744653,17.464692107090315,17.73026148052746,17.9903891329255,18.244795523795897,18.49316343116039,18.735129177040765,18.970270783453625,19.198091549366232,19.417996530905334,19.629257499473326,19.830958076631244,20.02190212505185,20.20044687113567,20.364158194661353,20.5089391444941,20.625701901723094,20.625701901723094,20.5089391444941,20.364158194661353,20.200446871135675,20.02190212505185,19.830958076631244,19.629257499473326,19.417996530905334,19.198091549366232,18.970270783453625,18.73512917704077,18.49316343116039,18.244795523795897,17.9903891329255,17.73026148052746,17.464692107090315,17.193929521744653,16.91819634166992,16.63769333177097,16.352602627364135,16.063090338983244,15.769308682441165,15.471397738941981,15.169486923232842,14.86369621869485,14.554137224450514,14.240914049406596,13.92412408058163,13.603858647356613,13.280203598929011,12.953239808888524,12.623043618215245,12.289687225943025,11.953239035100147,11.613763960236783,11.271323701800407,10.925976991771076,10.577779814275944,10.226785604334191,9.87304542741468,9.516608142099871,9.157520547825161,8.795827519391203,8.431572129718058,8.064795762116836,7.695538213190318,7.323837787334297,6.949731383691871,6.573254576310111,6.194441688160266,5.8133258596061985,5.429939111839502,5.044312405742225,4.656475696587851,4.266457984947376,3.8742873641286764,3.4799910644437873,3.083595494568634,2.685126280233689,2.284608300460526,1.88206572153873,1.4775220289191928,1.07100005718344,0.6625220182340961
0.9656902041106186,1.3741682430599624,1.7806902147957153,2.1852339074152525,2.5877764863370487,2.9882944661102115,3.3867636804451564,3.7831592503203098,4.177455550005199,4.5696261708238985,4.959643882464373,5.347480591618744,5.733107297716021,6.116494045482719,6.49760987403679,6.876422762186635,7.252899569568395,7.627005973210821,7.998706399066842,8.367963947993362,8.73474031559458,9.098995705267725,9.460688733701685,9.819776327976395,10.176213613291205,10.529953790210715,10.880948000152468,11.229145177647599,11.57449188767693,11.916932146113306,12.256407220976671,12.59285541181955,12.92621180409177,13.256407994765048,13.583371784805534,13.90702683323314,14.22729226645815,14.544082235283117,14.857305410327037,15.166864404571372,15.472655109109366,15.774565924818505,16.07247686831769,16.366258524859767,16.655770813240657,16.94086151764749,17.22136452754644,17.49709770762118,17.767860292966837,18.033429666403983,18.293557318802023,18.547963709672423,18.796331617036913,19.038297362917287,19.273438969330147,19.501259735242755,19.721164716781857,19.93242568534985,20.134126262507767,20.32507031092837,20.503615057012198,20.667326380537876,20.812107330370626,20.92887008759962,20.92887008759962,20.812107330370626,20.667326380537876,20.503615057012198,20.32507031092837,20.134126262507767,19.93242568534985,19.721164716781857,19.501259735242755,19.273438969330147,19.03829736291729,18.796331617036913,18.54796370967242,18.293557318802023,18.033429666403983,17.767860292966837,17.49709770762118,17.22136452754644,16.94086151764749,16.655770813240657,16.36625852485977,16.07247686831769,15.774565924818505,15.472655109109366,15.166864404571372,14.857305410327037,14.54408223528312,14.227292266458152,13.907026833233136,13.583371784805534,13.256407994765048,12.92621180409177,12.59285541181955,12.256407220976671,11.916932146113307,11.574491887676931,11.2291451776476,10.880948000152468,10.529953790210715,10.176213613291205,9.819776327976395,9.460688733701685,9.098995705267727,8.734740315594582,8.36796394799336,7.998706399066842,7.627005973210821,7.252899569568395,6.876422762186635,6.49760987403679,6.116494045482721,5.733107297716025,5.347480591618748,4.959643882464373,4.5696261708238985,4.177455550005199,3.7831592503203098,3.3867636804451564,2.9882944661102115,2.5877764863370487,2.1852339074152525,1.7806902147957153,1.3741682430599624,0.9656902041106186
1.3056812625839491,1.714159301533293,2.120681273269046,2.525224965888583,2.9277675448103793,3.328285524583542,3.726754738918487,4.12315030879364,4.517446608478529,4.909617229297229,5.299634940937704,5.687471650092075,6.0730983561893535,6.45648510395605,6.837600932510121,7.216413820659966,7.592890628041726,7.966997031684151,8.338697457540173,8.707955006466692,9.07473137406791,9.438986763741056,9.800679792175016,10.159767386449726,10.516204671764536,10.869944848684046,11.220939058625799,11.56913623612093,11.91448294615026,12.256923204586636,12.596398279450002,12.93284647029288,13.2662028625651,13.596399053238379,13.923362843278865,14.24701789170647,14.56728332493148,14.884073293756447,15.197296468800367,15.506855463044703,15.812646167582697,16.114556983291834,16.41246792679102,16.706249583333097,16.995761871713988,17.28085257612082,17.561355586019772,17.83708876609451,18.107851351440168,18.373420724877313,18.633548377275353,18.887954768145754,19.136322675510243,19.378288421390618,19.613430027803478,19.841250793716085,20.061155775255187,20.27241674382318,20.474117320981097,20.665061369401702,20.843606115485528,21.007317439011207,21.152098388843957,21.26886114607295,21.26886114607295,21.152098388843957,21.007317439011207,20.843606115485528,20.665061369401702,20.474117320981097,20.27241674382318,20.061155775255187,19.841250793716085,19.613430027803478,19.37828842139062,19.136322675510243,18.88795476814575,18.633548377275353,18.373420724877313,18.107851351440168,17.83708876609451,17.561355586019772,17.28085257612082,16.995761871713988,16.7062495833331,16.41246792679102,16.114556983291834,15.812646167582697,15.506855463044703,15.197296468800367,14.884073293756451,14.567283324931482,14.247017891706466,13.923362843278865,13.596399053238379,13.2662028625651,12.93284647029288,12.596398279450002,12.256923204586638,11.914482946150262,11.569136236120931,11.220939058625799,10.869944848684046,10.516204671764536,10.159767386449726,9.800679792175016,9.438986763741058,9.074731374067913,8.70795500646669,8.338697457540173,7.966997031684151,7.592890628041726,7.216413820659966,6.837600932510121,6.456485103956052,6.073098356189355,5.687471650092078,5.299634940937704,4.909617229297229,4.517446608478529,4.12315030879364,3.726754738918487,3.328285524583542,2.9277675448103793,2.525224965888583,2.120681273269046,1.714159301533293,1.3056812625839491
1.6703894997280315,2.0788675386773754,2.4853895104131283,2.8899332030326654,3.2924757819544617,3.6929937617276245,4.091462976062569,4.487858545937723,4.882154845622612,5.2743254664413115,5.664343178081786,6.052179887236157,6.437806593333436,6.821193341100132,7.202309169654203,7.581122057804048,7.957598865185808,8.331705268828234,8.703405694684255,9.072663243610775,9.439439611211993,9.803695000885138,10.165388029319098,10.524475623593808,10.880912908908618,11.234653085828128,11.585647295769881,11.933844473265012,12.279191183294342,12.621631441730718,12.961106516594084,13.297554707436962,13.630911099709182,13.961107290382461,14.288071080422949,14.611726128850552,14.931991562075563,15.24878153090053,15.56200470594445,15.871563700188787,16.177354404726778,16.47926522043592,16.777176163935103,17.070957820477183,17.36047010885807,17.645560813264904,17.926063823163854,18.201797003238593,18.47255958858425,18.738128962021396,18.998256614419436,19.252663005289836,19.501030912654326,19.7429966585347,19.97813826494756,20.205959030860168,20.425864012399273,20.63712498096726,20.83882555812518,21.029769606545784,21.20831435262961,21.37202567615529,21.51680662598804,21.633569383217033,21.633569383217033,21.51680662598804,21.372025676155292,21.20831435262961,21.029769606545784,20.83882555812518,20.63712498096726,20.425864012399273,20.205959030860168,19.97813826494756,19.742996658534704,19.50103091265433,19.252663005289833,18.998256614419436,18.738128962021396,18.47255958858425,18.201797003238593,17.926063823163854,17.645560813264908,17.36047010885807,17.070957820477183,16.777176163935103,16.47926522043592,16.177354404726778,15.871563700188787,15.56200470594445,15.248781530900533,14.931991562075567,14.611726128850549,14.288071080422949,13.961107290382461,13.630911099709182,13.297554707436962,12.961106516594084,12.62163144173072,12.279191183294344,11.933844473265014,11.585647295769881,11.234653085828128,10.880912908908618,10.524475623593808,10.165388029319098,9.80369500088514,9.439439611211995,9.072663243610773,8.703405694684255,8.331705268828234,7.957598865185808,7.581122057804048,7.202309169654203,6.821193341100134,6.437806593333438,6.052179887236161,5.664343178081786,5.2743254664413115,4.882154845622612,4.487858545937723,4.091462976062569,3.6929937617276245,3.2924757819544617,2.8899332030326654,2.4853895104131283,2.0788675386773754,1.6703894997280315
2.0468291437669706,2.4553071827163144,2.8618291544520673,3.2663728470716045,3.6689154259934007,4.0694334057665635,4.467902620101508,4.864298189976662,5.258594489661551,5.6507651104802505,6.040782822120725,6.428619531275096,6.814246237372375,7.197632985139071,7.578748813693142,7.957561701842987,8.334038509224747,8.708144912867173,9.079845338723194,9.449102887649714,9.815879255250932,10.180134644924077,10.541827673358037,10.900915267632747,11.257352552947557,11.611092729867067,11.96208693980882,12.31028411730395,12.655630827333281,12.998071085769658,13.337546160633023,13.673994351475901,14.007350743748122,14.3375469344214,14.664510724461888,14.988165772889491,15.308431206114502,15.625221174939469,15.938444349983389,16.248003344227726,16.553794048765717,16.85570486447486,17.15361580797404,17.447397464516122,17.73690975289701,18.022000457303843,18.302503467202794,18.57823664727753,18.84899923262319,19.114568606060335,19.374696258458375,19.629102649328775,19.877470556693265,20.11943630257364,20.3545779089865,20.582398674899107,20.802303656438212,21.0135646250062,21.21526520216412,21.406209250584723,21.58475399666855,21.748465320194228,21.893246270026978,22.010009027255972,22.010009027255972,21.893246270026978,21.748465320194228,21.58475399666855,21.406209250584723,21.21526520216412,21.0135646250062,20.802303656438212,20.582398674899107,20.3545779089865,20.119436302573643,19.877470556693265,19.62910264932877,19.374696258458375,19.114568606060335,18.84899923262319,18.57823664727753,18.302503467202794,18.022000457303847,17.73690975289701,17.447397464516122,17.15361580797404,16.85570486447486,16.553794048765717,16.248003344227726,15.938444349983389,15.625221174939472,15.308431206114506,14.988165772889488,14.664510724461888,14.3375469344214,14.007350743748122,13.673994351475901,13.337546160633023,12.99807108576966,12.655630827333283,12.310284117303953,11.96208693980882,11.611092729867067,11.257352552947557,10.900915267632747,10.541827673358037,10.18013464492408,9.815879255250934,9.449102887649712,9.079845338723194,8.708144912867173,8.334038509224747,7.957561701842987,7.578748813693142,7.197632985139073,6.814246237372377,6.4286195312751,6.040782822120725,5.6507651104802505,5.258594489661551,4.864298189976662,4.467902620101508,4.0694334057665635,3.6689154259934007,3.2663728470716045,2.8618291544520673,2.4553071827163144,2.0468291437669706
2.421596715406835,2.830074754356179,3.236596726091932,3.641140418711469,4.043682997633265,4.444200977406428,4.842670191741373,5.239065761616526,5.6333620613014155,6.025532682120115,6.41555039376059,6.803387102914961,7.1890138090122395,7.572400556778936,7.953516385333007,8.332329273482852,8.708806080864612,9.082912484507037,9.454612910363059,9.823870459289578,10.190646826890797,10.554902216563942,10.916595244997902,11.275682839272612,11.632120124587422,11.985860301506932,12.336854511448685,12.685051688943815,13.030398398973146,13.372838657409522,13.712313732272888,14.048761923115766,14.382118315387986,14.712314506061265,15.039278296101752,15.362933344529356,15.683198777754367,15.999988746579334,16.313211921623253,16.62277091586759,16.92856162040558,17.230472436114724,17.528383379613906,17.822165036155987,18.111677324536874,18.396768028943708,18.677271038842658,18.953004218917393,19.223766804263054,19.4893361777002,19.74946383009824,20.00387022096864,20.25223812833313,20.494203874213504,20.729345480626364,20.95716624653897,21.177071228078074,21.388332196646065,21.590032773803983,21.780976822224588,21.959521568308414,22.123232891834093,22.268013841666843,22.384776598895836,22.384776598895836,22.268013841666843,22.123232891834093,21.959521568308414,21.780976822224588,21.590032773803983,21.388332196646065,21.177071228078074,20.95716624653897,20.729345480626364,20.494203874213508,20.25223812833313,20.003870220968636,19.74946383009824,19.4893361777002,19.223766804263054,18.953004218917393,18.677271038842658,18.396768028943708,18.111677324536874,17.822165036155987,17.528383379613906,17.230472436114724,16.92856162040558,16.62277091586759,16.313211921623253,15.999988746579337,15.68319877775437,15.362933344529353,15.039278296101752,14.712314506061265,14.382118315387986,14.048761923115766,13.712313732272888,13.372838657409524,13.030398398973148,12.685051688943817,12.336854511448685,11.985860301506932,11.632120124587422,11.275682839272612,10.916595244997902,10.554902216563944,10.190646826890799,9.823870459289576,9.454612910363059,9.082912484507037,8.708806080864612,8.332329273482852,7.953516385333007,7.572400556778938,7.189013809012241,6.803387102914964,6.41555039376059,6.025532682120115,5.6333620613014155,5.239065761616526,4.842670191741373,4.444200977406428,4.043682997633265,3.641140418711469,3.236596726091932,2.830074754356179,2.421596715406835
2.7813482710272943,3.189826309976638,3.596348281712391,4.000891974331928,4.4034345532537245,4.803952533026887,5.202421747361832,5.5988173172369855,5.993113616921875,6.385284237740574,6.775301949381049,7.16313865853542,7.548765364632699,7.932152112399395,8.313267940953466,8.692080829103311,9.068557636485071,9.442664040127497,9.814364465983518,10.183622014910037,10.550398382511256,10.914653772184401,11.276346800618361,11.635434394893071,11.99187168020788,12.345611857127391,12.696606067069144,13.044803244564275,13.390149954593605,13.732590213029981,14.072065287893349,14.408513478736225,14.741869871008447,15.072066061681724,15.399029851722212,15.722684900149815,16.042950333374826,16.359740302199796,16.672963477243712,16.98252247148805,17.288313176026044,17.590223991735183,17.888134935234365,18.181916591776446,18.471428880157333,18.756519584564167,19.037022594463117,19.312755774537855,19.583518359883513,19.84908773332066,20.1092153857187,20.3636217765891,20.61198968395359,20.853955429833967,21.089097036246823,21.31691780215943,21.536822783698536,21.748083752266524,21.949784329424446,22.140728377845047,22.319273123928873,22.48298444745455,22.627765397287302,22.744528154516296,22.744528154516296,22.627765397287302,22.482984447454555,22.319273123928873,22.14072837784505,21.949784329424446,21.748083752266524,21.536822783698536,21.31691780215943,21.089097036246823,20.853955429833967,20.611989683953592,20.3636217765891,20.1092153857187,19.84908773332066,19.583518359883513,19.312755774537855,19.037022594463117,18.75651958456417,18.471428880157333,18.181916591776446,17.888134935234365,17.590223991735183,17.288313176026044,16.98252247148805,16.672963477243712,16.359740302199796,16.04295033337483,15.722684900149813,15.399029851722212,15.072066061681724,14.741869871008447,14.408513478736225,14.072065287893349,13.732590213029983,13.390149954593607,13.044803244564276,12.696606067069144,12.345611857127391,11.99187168020788,11.635434394893071,11.276346800618361,10.914653772184403,10.550398382511258,10.183622014910036,9.814364465983518,9.442664040127497,9.068557636485071,8.692080829103311,8.313267940953466,7.932152112399397,7.5487653646327,7.1631386585354235,6.775301949381049,6.385284237740574,5.993113616921875,5.5988173172369855,5.202421747361832,4.803952533026887,4.4034345532537245,4.000891974331928,3.596348281712391,3.189826309976638,2.7813482710272943
3.113274526050926,3.52175256500027,3.928274536736023,4.33281822935556,4.735360808277356,5.135878788050519,5.534348002385464,5.930743572260617,6.325039871945506,6.717210492764206,7.107228204404681,7.495064913559052,7.880691619656332,8.264078367423028,8.645194195977098,9.024007084126943,9.400483891508703,9.774590295151128,10.146290721007151,10.51554826993367,10.88232463753489,11.246580027208033,11.608273055641995,11.967360649916703,12.323797935231514,12.677538112151023,13.028532322092776,13.376729499587906,13.722076209617239,14.064516468053615,14.40399154291698,14.740439733759857,15.073796126032079,15.403992316705356,15.730956106745843,16.054611155173447,16.374876588398457,16.691666557223428,17.004889732267344,17.31444872651168,17.620239431049676,17.922150246758815,18.220061190257997,18.513842846800078,18.803355135180965,19.0884458395878,19.36894884948675,19.644682029561487,19.915444614907145,20.18101398834429,20.44114164074233,20.69554803161273,20.94391593897722,21.1858816848576,21.421023291270455,21.648844057183062,21.868749038722168,22.080010007290156,22.281710584448078,22.47265463286868,22.651199378952505,22.814910702478183,22.959691652310934,23.076454409539927,23.076454409539927,22.959691652310934,22.814910702478187,22.651199378952505,22.472654632868682,22.281710584448078,22.080010007290156,21.868749038722168,21.648844057183062,21.421023291270455,21.1858816848576,20.943915938977224,20.69554803161273,20.44114164074233,20.18101398834429,19.915444614907145,19.644682029561487,19.36894884948675,19.088445839587802,18.803355135180965,18.513842846800078,18.220061190257997,17.922150246758815,17.620239431049676,17.31444872651168,17.004889732267344,16.691666557223428,16.37487658839846,16.054611155173447,15.730956106745843,15.403992316705356,15.073796126032079,14.740439733759857,14.40399154291698,14.064516468053615,13.722076209617239,13.37672949958791,13.028532322092776,12.677538112151023,12.323797935231514,11.967360649916703,11.608273055641995,11.246580027208037,10.88232463753489,10.515548269933667,10.146290721007151,9.774590295151128,9.400483891508703,9.024007084126943,8.645194195977098,8.264078367423028,7.880691619656332,7.495064913559055,7.107228204404681,6.717210492764206,6.325039871945506,5.930743572260617,5.534348002385464,5.135878788050519,4.735360808277356,4.33281822935556,3.928274536736023,3.52175256500027,3.113274526050926
3.4055569412861963,3.81403498023554,4.220556951971293,4.62510064459083,5.0276432235126265,5.428161203285789,5.826630417620734,6.223025987495889,6.617322287180778,7.009492907999478,7.399510619639953,7.787347328794324,8.172974034891602,8.556360782658299,8.93747661121237,9.316289499362215,9.692766306743975,10.0668727103864,10.438573136242422,10.807830685168941,11.17460705277016,11.538862442443305,11.900555470877265,12.259643065151975,12.616080350466785,12.969820527386295,13.320814737328048,13.669011914823178,14.014358624852509,14.356798883288885,14.69627395815225,15.032722148995127,15.366078541267349,15.696274731940626,16.023238521981114,16.346893570408717,16.667159003633728,16.9839489724587,17.297172147502614,17.606731141746952,17.912521846284946,18.214432661994085,18.512343605493268,18.806125262035348,19.095637550416235,19.38072825482307,19.66123126472202,19.936964444796757,20.20772703014242,20.47329640357956,20.7334240559776,20.987830446848,21.23619835421249,21.47816410009287,21.713305706505725,21.941126472418333,22.16103145395744,22.372292422525426,22.573992999683348,22.76493704810395,22.943481794187775,23.107193117713457,23.251974067546204,23.368736824775198,23.368736824775198,23.251974067546204,23.107193117713457,22.943481794187775,22.764937048103953,22.573992999683348,22.372292422525426,22.16103145395744,21.941126472418333,21.713305706505725,21.47816410009287,21.236198354212494,20.987830446848,20.7334240559776,20.47329640357956,20.20772703014242,19.936964444796757,19.66123126472202,19.380728254823072,19.095637550416235,18.806125262035348,18.512343605493268,18.214432661994085,17.912521846284946,17.606731141746952,17.297172147502614,16.9839489724587,16.66715900363373,16.346893570408717,16.023238521981114,15.696274731940626,15.366078541267349,15.032722148995127,14.69627395815225,14.356798883288885,14.014358624852509,13.66901191482318,13.320814737328048,12.969820527386295,12.616080350466785,12.259643065151975,11.900555470877265,11.538862442443307,11.174607052770162,10.80783068516894,10.438573136242422,10.0668727103864,9.692766306743975,9.316289499362215,8.93747661121237,8.5563607826583,8.172974034891604,7.787347328794327,7.399510619639953,7.009492907999478,6.617322287180778,6.223025987495889,5.826630417620734,5.428161203285789,5.0276432235126265,4.62510064459083,4.220556951971293,3.81403498023554,3.4055569412861963
3.647788532870951,4.056266571820295,4.462788543556048,4.867332236175585,5.269874815097381,5.670392794870544,6.068862009205491,6.465257579080644,6.859553878765533,7.251724499584233,7.641742211224708,8.029578920379079,8.415205626476357,8.798592374243054,9.179708202797125,9.55852109094697,9.93499789832873,10.309104301971155,10.680804727827176,11.050062276753696,11.416838644354915,11.78109403402806,12.14278706246202,12.50187465673673,12.85831194205154,13.21205211897105,13.563046328912803,13.911243506407933,14.256590216437264,14.59903047487364,14.938505549737005,15.274953740579882,15.608310132852104,15.938506323525381,16.26547011356587,16.589125161993472,16.909390595218483,17.226180564043453,17.53940373908737,17.848962733331707,18.1547534378697,18.45666425357884,18.754575197078022,19.048356853620103,19.33786914200099,19.622959846407824,19.903462856306774,20.179196036381512,20.449958621727173,20.715527995164315,20.975655647562355,21.230062038432756,21.478429945797245,21.720395691677624,21.95553729809048,22.183358064003087,22.403263045542193,22.61452401411018,22.816224591268103,23.007168639688704,23.18571338577253,23.349424709298212,23.49420565913096,23.610968416359952,23.610968416359952,23.49420565913096,23.349424709298212,23.18571338577253,23.007168639688707,22.816224591268103,22.61452401411018,22.403263045542193,22.183358064003087,21.95553729809048,21.720395691677624,21.47842994579725,21.230062038432756,20.975655647562355,20.715527995164315,20.449958621727173,20.179196036381512,19.903462856306774,19.622959846407827,19.33786914200099,19.048356853620103,18.754575197078022,18.45666425357884,18.1547534378697,17.848962733331707,17.53940373908737,17.226180564043453,16.909390595218486,16.589125161993472,16.26547011356587,15.938506323525381,15.608310132852104,15.274953740579882,14.938505549737005,14.59903047487364,14.256590216437264,13.911243506407935,13.563046328912803,13.21205211897105,12.85831194205154,12.50187465673673,12.14278706246202,11.781094034028062,11.416838644354916,11.050062276753694,10.680804727827176,10.309104301971155,9.93499789832873,9.55852109094697,9.179708202797125,8.798592374243055,8.415205626476359,8.029578920379082,7.641742211224708,7.251724499584233,6.859553878765533,6.465257579080644,6.068862009205491,5.670392794870544,5.269874815097381,4.867332236175585,4.462788543556048,4.056266571820295,3.647788532870951
3.831344422491881,4.239822461441225,4.646344433176978,5.050888125796515,5.453430704718311,5.853948684491474,6.252417898826419,6.648813468701572,7.043109768386461,7.435280389205161,7.825298100845636,8.213134810000007,8.598761516097284,8.98214826386398,9.363264092418053,9.742076980567898,10.118553787949658,10.492660191592083,10.864360617448103,11.233618166374622,11.600394533975841,11.964649923648988,12.326342952082946,12.685430546357658,13.041867831672466,13.395608008591978,13.74660221853373,14.094799396028861,14.44014610605819,14.782586364494566,15.122061439357932,15.458509630200812,15.79186602247303,16.12206221314631,16.449026003186795,16.772681051614402,17.092946484839413,17.40973645366438,17.7229596287083,18.032518622952637,18.338309327490627,18.640220143199766,18.938131086698952,19.23191274324103,19.521425031621916,19.80651573602875,20.0870187459277,20.36275192600244,20.6335145113481,20.89908388478524,21.159211537183285,21.413617928053682,21.661985835418175,21.90395158129855,22.13909318771141,22.366913953624017,22.58681893516312,22.79807990373111,22.99978048088903,23.190724529309634,23.369269275393457,23.53298059891914,23.67776154875189,23.79452430598088,23.79452430598088,23.67776154875189,23.53298059891914,23.36926927539346,23.190724529309634,22.99978048088903,22.79807990373111,22.58681893516312,22.366913953624017,22.13909318771141,21.903951581298553,21.661985835418175,21.413617928053682,21.159211537183285,20.89908388478524,20.6335145113481,20.36275192600244,20.0870187459277,19.806515736028754,19.52142503162192,19.231912743241033,18.938131086698952,18.640220143199766,18.338309327490627,18.032518622952637,17.7229596287083,17.409736453664383,17.092946484839416,16.7726810516144,16.449026003186795,16.12206221314631,15.79186602247303,15.458509630200812,15.122061439357932,14.78258636449457,14.440146106058194,14.094799396028861,13.74660221853373,13.395608008591978,13.041867831672466,12.685430546357658,12.326342952082946,11.964649923648988,11.600394533975845,11.233618166374622,10.864360617448103,10.492660191592083,10.118553787949658,9.742076980567898,9.363264092418053,8.982148263863984,8.598761516097287,8.21313481000001,7.825298100845636,7.435280389205161,7.043109768386461,6.648813468701572,6.252417898826419,5.853948684491474,5.453430704718311,5.050888125796515,4.646344433176978,4.239822461441225,3.831344422491881
3.9496889340989902,4.358166973048334,4.764688944784087,5.169232637403624,5.57177521632542,5.972293196098583,6.370762410433526,6.76715798030868,7.161454279993569,7.5536249008122685,7.943642612452743,8.331479321607114,8.717106027704393,9.10049277547109,9.48160860402516,9.860421492175005,10.236898299556765,10.61100470319919,10.982705129055212,11.351962677981732,11.71873904558295,12.082994435256095,12.444687463690055,12.803775057964765,13.160212343279575,13.513952520199085,13.864946730140838,14.21314390763597,14.5584906176653,14.900930876101675,15.240405950965041,15.576854141807921,15.91021053408014,16.24040672475342,16.567370514793907,16.89102556322151,17.21129099644652,17.52808096527149,17.84130414031541,18.150863134559742,18.456653839097736,18.758564654806875,19.05647559830606,19.350257254848138,19.63976954322903,19.924860247635863,20.20536325753481,20.481096437609548,20.75185902295521,21.01742839639235,21.277556048790395,21.53196243966079,21.780330347025284,22.02229609290566,22.25743769931852,22.485258465231126,22.70516344677023,22.91642441533822,23.11812499249614,23.309069040916743,23.487613787000566,23.651325110526248,23.796106060358994,23.912868817587988,23.912868817587988,23.796106060358994,23.651325110526248,23.48761378700057,23.309069040916743,23.11812499249614,22.91642441533822,22.70516344677023,22.485258465231126,22.25743769931852,22.022296092905663,21.780330347025284,21.53196243966079,21.277556048790395,21.01742839639235,20.75185902295521,20.481096437609548,20.20536325753481,19.924860247635863,19.63976954322903,19.35025725484814,19.05647559830606,18.758564654806875,18.456653839097736,18.150863134559742,17.84130414031541,17.528080965271492,17.21129099644652,16.891025563221508,16.567370514793907,16.24040672475342,15.91021053408014,15.576854141807921,15.240405950965041,14.900930876101679,14.558490617665303,14.21314390763597,13.864946730140838,13.513952520199085,13.160212343279575,12.803775057964765,12.444687463690055,12.082994435256097,11.718739045582952,11.35196267798173,10.982705129055212,10.61100470319919,10.236898299556765,9.860421492175005,9.48160860402516,9.100492775471091,8.717106027704395,8.331479321607118,7.943642612452743,7.5536249008122685,7.161454279993569,6.76715798030868,6.370762410433526,5.972293196098583,5.57177521632542,5.169232637403624,4.764688944784087,4.358166973048334,3.9496889340989902
3.998608302654521,4.407086341603865,4.813608313339618,5.218152005959155,5.620694584880951,6.021212564654114,6.419681778989059,6.816077348864212,7.210373648549101,7.602544269367801,7.992561981008276,8.380398690162647,8.766025396259925,9.149412144026622,9.530527972580693,9.909340860730538,10.285817668112298,10.659924071754723,11.031624497610744,11.400882046537264,11.767658414138483,12.131913803811628,12.493606832245588,12.852694426520298,13.209131711835107,13.562871888754618,13.91386609869637,14.262063276191501,14.607409986220832,14.949850244657208,15.289325319520573,15.625773510363452,15.959129902635672,16.28932609330895,16.616289883349438,16.939944931777042,17.260210365002052,17.57700033382702,17.89022350887094,18.199782503115276,18.505573207653267,18.807484023362406,19.105394966861592,19.39917662340367,19.68868891178456,19.973779616191393,20.254282626090344,20.530015806165082,20.80077839151074,21.066347764947885,21.326475417345925,21.580881808216326,21.829249715580815,22.07121546146119,22.30635706787405,22.534177833786657,22.75408281532576,22.96534378389375,23.16704436105167,23.357988409472274,23.5365331555561,23.70024447908178,23.84502542891453,23.961788186143522,23.961788186143522,23.84502542891453,23.70024447908178,23.5365331555561,23.357988409472274,23.16704436105167,22.96534378389375,22.75408281532576,22.534177833786657,22.30635706787405,22.071215461461193,21.829249715580815,21.580881808216322,21.326475417345925,21.066347764947885,20.80077839151074,20.530015806165082,20.254282626090344,19.973779616191393,19.68868891178456,19.399176623403672,19.105394966861592,18.807484023362406,18.505573207653267,18.199782503115276,17.89022350887094,17.577000333827023,17.260210365002052,16.93994493177704,16.616289883349438,16.28932609330895,15.959129902635672,15.625773510363452,15.289325319520573,14.94985024465721,14.607409986220834,14.262063276191503,13.91386609869637,13.562871888754618,13.209131711835107,12.852694426520298,12.493606832245588,12.13191380381163,11.767658414138484,11.400882046537262,11.031624497610744,10.659924071754723,10.285817668112298,9.909340860730538,9.530527972580693,9.149412144026623,8.766025396259927,8.38039869016265,7.992561981008276,7.602544269367801,7.210373648549101,6.816077348864212,6.419681778989059,6.021212564654114,5.620694584880951,5.218152005959155,4.813608313339618,4.407086341603865,3.998608302654521
3.97636070910756,4.384838748056904,4.791360719792657,5.195904412412194,5.59844699133399,5.998964971107153,6.3974341854420995,6.793829755317253,7.188126055002142,7.580296675820842,7.9703143874613165,8.358151096615687,8.743777802712966,9.127164550479662,9.508280379033733,9.887093267183579,10.263570074565338,10.637676478207764,11.009376904063785,11.378634452990305,11.745410820591523,12.109666210264669,12.471359238698629,12.830446832973339,13.186884118288148,13.540624295207659,13.891618505149411,14.239815682644542,14.585162392673872,14.927602651110249,15.267077725973614,15.603525916816492,15.936882309088713,16.267078499761993,16.594042289802477,16.917697338230084,17.237962771455095,17.554752740280062,17.86797591532398,18.177534909568315,18.48332561410631,18.78523642981545,19.08314737331463,19.37692902985671,19.6664413182376,19.951532022644432,20.232035032543383,20.50776821261812,20.778530797963782,21.044100171400924,21.304227823798964,21.558634214669365,21.807002122033854,22.048967867914232,22.28410947432709,22.5119302402397,22.731835221778802,22.943096190346793,23.14479676750471,23.335740815925313,23.51428556200914,23.67799688553482,23.822777835367567,23.93954059259656,23.93954059259656,23.822777835367567,23.67799688553482,23.514285562009142,23.335740815925316,23.14479676750471,22.943096190346793,22.731835221778802,22.5119302402397,22.28410947432709,22.048967867914232,21.807002122033857,21.558634214669365,21.304227823798964,21.044100171400924,20.778530797963782,20.50776821261812,20.232035032543383,19.951532022644436,19.666441318237602,19.37692902985671,19.08314737331463,18.78523642981545,18.48332561410631,18.177534909568315,17.86797591532398,17.554752740280065,17.237962771455095,16.91769733823008,16.594042289802477,16.267078499761993,15.936882309088713,15.603525916816492,15.267077725973614,14.92760265111025,14.585162392673874,14.239815682644544,13.891618505149411,13.540624295207659,13.186884118288148,12.830446832973339,12.471359238698629,12.10966621026467,11.745410820591525,11.378634452990303,11.009376904063785,10.637676478207764,10.263570074565338,9.887093267183579,9.508280379033733,9.127164550479664,8.743777802712968,8.358151096615691,7.9703143874613165,7.580296675820842,7.188126055002142,6.793829755317253,6.3974341854420995,5.998964971107153,5.59844699133399,5.195904412412194,4.791360719792657,4.384838748056904,3.97636070910756
3.883738299461246,4.29221633841059,4.698738310146343,5.10328200276588,5.505824581687676,5.906342561460839,6.304811775795784,6.701207345670937,7.0955036453558264,7.487674266174526,7.877691977815001,8.265528686969372,8.65115539306665,9.034542140833347,9.415657969387418,9.794470857537263,10.170947664919023,10.545054068561448,10.91675449441747,11.28601204334399,11.652788410945208,12.017043800618353,12.378736829052313,12.737824423327023,13.094261708641833,13.448001885561343,13.798996095503096,14.147193272998226,14.492539983027557,14.834980241463933,15.174455316327299,15.510903507170177,15.844259899442397,16.174456090115676,16.501419880156163,16.825074928583767,17.145340361808778,17.462130330633745,17.775353505677664,18.084912499922,18.390703204459996,18.69261402016913,18.990524963668317,19.284306620210394,19.573818908591285,19.85890961299812,20.13941262289707,20.415145802971807,20.685908388317465,20.95147776175461,21.21160541415265,21.46601180502305,21.71437971238754,21.95634545826792,22.191487064680775,22.419307830593382,22.639212812132484,22.850473780700476,23.052174357858394,23.243118406279,23.421663152362825,23.585374475888504,23.730155425721254,23.846918182950247,23.846918182950247,23.730155425721254,23.585374475888507,23.421663152362825,23.243118406279,23.052174357858394,22.850473780700476,22.639212812132484,22.419307830593382,22.191487064680775,21.95634545826792,21.71437971238754,21.466011805023047,21.21160541415265,20.95147776175461,20.685908388317465,20.415145802971807,20.13941262289707,19.85890961299812,19.573818908591285,19.284306620210398,18.990524963668317,18.69261402016913,18.390703204459996,18.084912499922,17.775353505677664,17.462130330633748,17.14534036180878,16.825074928583764,16.501419880156163,16.174456090115676,15.844259899442397,15.510903507170177,15.174455316327299,14.834980241463935,14.492539983027559,14.147193272998228,13.798996095503096,13.448001885561343,13.094261708641833,12.737824423327023,12.378736829052313,12.017043800618355,11.65278841094521,11.286012043343987,10.91675449441747,10.545054068561448,10.170947664919023,9.794470857537263,9.415657969387418,9.034542140833349,8.651155393066652,8.265528686969375,7.877691977815001,7.487674266174526,7.0955036453558264,6.701207345670937,6.304811775795784,5.906342561460839,5.505824581687676,5.10328200276588,4.698738310146343,4.29221633841059,3.883738299461246
3.7240389796867106,4.1325170186360545,4.539038990371807,4.9435826829913445,5.346125261913141,5.746643241686304,6.1451124560212484,6.541508025896402,6.935804325581291,7.327974946399991,7.717992658040465,8.105829367194836,8.491456073292115,8.874842821058811,9.255958649612882,9.634771537762727,10.011248345144487,10.385354748786913,10.757055174642934,11.126312723569454,11.493089091170672,11.857344480843818,12.219037509277777,12.578125103552487,12.934562388867297,13.288302565786807,13.63929677572856,13.98749395322369,14.332840663253023,14.6752809216894,15.014755996552765,15.351204187395641,15.684560579667863,16.01475677034114,16.341720560381628,16.66537560880923,16.985641042034242,17.30243101085921,17.615654185903132,17.925213180147466,18.23100388468546,18.5329147003946,18.83082564389378,19.124607300435862,19.41411958881675,19.699210293223583,19.979713303122534,20.25544648319727,20.52620906854293,20.791778441980075,21.051906094378115,21.306312485248515,21.554680392613005,21.796646138493383,22.03178774490624,22.259608510818847,22.479513492357952,22.69077446092594,22.89247503808386,23.083419086504463,23.26196383258829,23.425675156113968,23.570456105946718,23.687218863175712,23.687218863175712,23.570456105946718,23.42567515611397,23.26196383258829,23.083419086504463,22.89247503808386,22.69077446092594,22.479513492357952,22.259608510818847,22.03178774490624,21.796646138493383,21.554680392613008,21.30631248524851,21.051906094378115,20.791778441980075,20.52620906854293,20.25544648319727,19.979713303122534,19.699210293223587,19.414119588816753,19.124607300435862,18.83082564389378,18.5329147003946,18.23100388468546,17.925213180147466,17.615654185903132,17.302431010859213,16.985641042034246,16.665375608809228,16.341720560381628,16.01475677034114,15.684560579667863,15.351204187395641,15.014755996552765,14.6752809216894,14.332840663253023,13.987493953223693,13.63929677572856,13.288302565786807,12.934562388867297,12.578125103552487,12.219037509277777,11.85734448084382,11.493089091170674,11.126312723569452,10.757055174642934,10.385354748786913,10.011248345144487,9.634771537762727,9.255958649612882,8.874842821058813,8.491456073292117,8.10582936719484,7.717992658040465,7.327974946399991,6.935804325581291,6.541508025896402,6.1451124560212484,5.746643241686304,5.346125261913141,4.9435826829913445,4.539038990371807,4.1325170186360545,3.7240389796867106
3.5029489907517934,3.9114270297011373,4.31794900143689,4.722492694056427,5.125035272978224,5.525553252751386,5.924022467086331,6.320418036961485,6.714714336646374,7.106884957465073,7.496902669105548,7.884739378259919,8.2703660843572,8.653752832123896,9.034868660677965,9.41368154882781,9.79015835620957,10.164264759851996,10.535965185708019,10.905222734634538,11.271999102235757,11.6362544919089,11.997947520342862,12.35703511461757,12.713472399932382,13.06721257685189,13.418206786793643,13.766403964288774,14.111750674318106,14.454190932754482,14.793666007617848,15.130114198460724,15.463470590732946,15.793666781406223,16.12063057144671,16.444285619874314,16.764551053099325,17.081341021924295,17.39456419696821,17.70412319121255,18.009913895750543,18.311824711459682,18.609735654958865,18.903517311500945,19.193029599881832,19.478120304288666,19.758623314187616,20.034356494262354,20.305119079608012,20.570688453045157,20.830816105443198,21.085222496313598,21.333590403678087,21.575556149558466,21.810697755971322,22.03851852188393,22.258423503423035,22.469684471991023,22.671385049148945,22.862329097569546,23.040873843653372,23.20458516717905,23.3493661170118,23.466128874240795,23.466128874240795,23.3493661170118,23.204585167179054,23.040873843653372,22.86232909756955,22.671385049148945,22.469684471991023,22.258423503423035,22.03851852188393,21.810697755971322,21.575556149558466,21.33359040367809,21.085222496313598,20.830816105443198,20.570688453045157,20.305119079608012,20.034356494262354,19.758623314187616,19.47812030428867,19.193029599881832,18.903517311500945,18.609735654958865,18.311824711459682,18.009913895750543,17.70412319121255,17.39456419696821,17.081341021924295,16.76455105309933,16.444285619874314,16.12063057144671,15.793666781406223,15.463470590732946,15.130114198460724,14.793666007617848,14.454190932754482,14.111750674318106,13.766403964288777,13.418206786793643,13.06721257685189,12.713472399932382,12.35703511461757,11.997947520342862,11.636254491908904,11.271999102235757,10.905222734634535,10.535965185708019,10.164264759851996,9.79015835620957,9.41368154882781,9.034868660677965,8.653752832123896,8.2703660843572,7.884739378259923,7.496902669105548,7.106884957465073,6.714714336646374,6.320418036961485,5.924022467086331,5.525553252751386,5.125035272978224,4.722492694056427,4.31794900143689,3.9114270297011373,3.5029489907517934
3.228340444788447,3.636818483737791,4.043340455473544,4.447884148093081,4.850426727014877,5.25094470678804,5.649413921122985,6.045809490998137,6.440105790683026,6.832276411501725,7.2222941231422,7.610130832296571,7.99575753839385,8.379144286160546,8.760260114714617,9.139073002864462,9.515549810246222,9.889656213888648,10.261356639744669,10.630614188671188,10.997390556272407,11.361645945945552,11.723338974379512,12.082426568654222,12.438863853969032,12.792604030888542,13.143598240830295,13.491795418325426,13.837142128354756,14.179582386791132,14.519057461654498,14.855505652497376,15.188862044769596,15.519058235442875,15.84602202548336,16.169677073910968,16.48994250713598,16.806732475960946,17.119955651004865,17.4295146452492,17.735305349787193,18.037216165496332,18.335127108995515,18.628908765537595,18.918421053918482,19.203511758325316,19.484014768224267,19.759747948299005,20.030510533644666,20.296079907081808,20.55620755947985,20.81061395035025,21.058981857714738,21.300947603595116,21.536089210007976,21.763909975920583,21.983814957459686,22.195075926027677,22.396776503185595,22.5877205516062,22.766265297690023,22.929976621215705,23.07475757104845,23.191520328277445,23.191520328277445,23.07475757104845,22.929976621215705,22.766265297690026,22.5877205516062,22.396776503185595,22.195075926027677,21.983814957459686,21.763909975920583,21.536089210007976,21.300947603595116,21.05898185771474,20.81061395035025,20.55620755947985,20.296079907081808,20.030510533644666,19.759747948299005,19.484014768224267,19.20351175832532,18.918421053918486,18.628908765537595,18.335127108995515,18.037216165496332,17.735305349787193,17.4295146452492,17.119955651004865,16.80673247596095,16.48994250713598,16.169677073910965,15.84602202548336,15.519058235442875,15.188862044769596,14.855505652497376,14.519057461654498,14.179582386791134,13.837142128354758,13.491795418325427,13.143598240830295,12.792604030888542,12.438863853969032,12.082426568654222,11.723338974379512,11.361645945945554,10.997390556272409,10.630614188671187,10.261356639744669,9.889656213888648,9.515549810246222,9.139073002864462,8.760260114714617,8.379144286160548,7.9957575383938515,7.610130832296575,7.2222941231422,6.832276411501725,6.440105790683026,6.045809490998137,5.649413921122985,5.25094470678804,4.850426727014877,4.447884148093081,4.043340455473544,3.636818483737791,3.228340444788447
2.909991031309559,3.318469070258903,3.724991041994656,4.129534734614193,4.532077313535989,4.932595293309152,5.331064507644097,5.72746007751925,6.121756377204138,6.513926998022837,6.903944709663312,7.291781418817683,7.677408124914962,8.060794872681658,8.441910701235729,8.820723589385574,9.197200396767334,9.57130680040976,9.943007226265781,10.3122647751923,10.679041142793519,11.043296532466664,11.404989560900624,11.764077155175334,12.120514440490144,12.474254617409654,12.825248827351407,13.173446004846538,13.518792714875868,13.861232973312244,14.20070804817561,14.53715623901849,14.870512631290708,15.200708821963989,15.527672612004475,15.85132766043208,16.17159309365709,16.488383062482058,16.801606237525977,17.111165231770315,17.416955936308305,17.718866752017444,18.01677769551663,18.310559352058707,18.600071640439594,18.885162344846428,19.16566535474538,19.441398534820117,19.712161120165778,19.97773049360292,20.237858146000963,20.49226453687136,20.740632444235853,20.982598190116228,21.217739796529088,21.445560562441695,21.665465543980797,21.87672651254879,22.078427089706707,22.269371138127312,22.447915884211135,22.611627207736817,22.756408157569567,22.873170914798557,22.873170914798557,22.756408157569567,22.611627207736817,22.447915884211138,22.269371138127312,22.078427089706707,21.87672651254879,21.665465543980797,21.445560562441695,21.217739796529088,20.98259819011623,20.740632444235853,20.49226453687136,20.237858146000963,19.97773049360292,19.712161120165778,19.441398534820117,19.16566535474538,18.88516234484643,18.600071640439598,18.31055935205871,18.01677769551663,17.718866752017444,17.416955936308305,17.111165231770315,16.801606237525977,16.48838306248206,16.171593093657094,15.851327660432077,15.527672612004475,15.200708821963989,14.870512631290708,14.53715623901849,14.20070804817561,13.861232973312246,13.51879271487587,13.17344600484654,12.825248827351407,12.474254617409654,12.120514440490144,11.764077155175334,11.404989560900624,11.043296532466666,10.67904114279352,10.312264775192299,9.943007226265781,9.57130680040976,9.197200396767334,8.820723589385574,8.441910701235729,8.06079487268166,7.6774081249149635,7.291781418817687,6.903944709663312,6.513926998022837,6.121756377204138,5.72746007751925,5.331064507644097,4.932595293309152,4.532077313535989,4.129534734614193,3.724991041994656,3.318469070258903,2.909991031309559
2.5592358735928435,2.9677139125421874,3.3742358842779403,3.7787795768974775,4.181322155819274,4.5818401355924365,4.980309349927381,5.376704919802535,5.771001219487424,6.163171840306122,6.553189551946597,6.941026261100967,7.326652967198246,7.7100397149649424,8.091155543519013,8.469968431668859,8.846445239050619,9.220551642693044,9.592252068549065,9.961509617475585,10.328285985076803,10.692541374749949,11.054234403183909,11.413321997458619,11.769759282773428,12.123499459692939,12.474493669634692,12.822690847129822,13.168037557159153,13.510477815595529,13.849952890458894,14.186401081301772,14.519757473573993,14.849953664247272,15.176917454287757,15.500572502715363,15.820837935940373,16.137627904765342,16.45085107980926,16.760410074053596,17.06620077859159,17.36811159430073,17.66602253779991,17.95980419434199,18.24931648272288,18.534407187129712,18.814910197028663,19.0906433771034,19.361405962449062,19.626975335886204,19.887102988284248,20.141509379154645,20.389877286519134,20.631843032399512,20.866984638812372,21.09480540472498,21.314710386264082,21.525971354832073,21.727671931989992,21.918615980410596,22.09716072649442,22.2608720500201,22.405652999852848,22.52241575708184,22.52241575708184,22.405652999852848,22.2608720500201,22.097160726494423,21.918615980410596,21.727671931989992,21.525971354832073,21.314710386264082,21.09480540472498,20.866984638812372,20.631843032399512,20.389877286519138,20.141509379154645,19.887102988284248,19.626975335886204,19.361405962449062,19.0906433771034,18.814910197028663,18.534407187129716,18.249316482722882,17.95980419434199,17.66602253779991,17.36811159430073,17.06620077859159,16.760410074053596,16.45085107980926,16.137627904765345,15.820837935940375,15.500572502715361,15.176917454287757,14.849953664247272,14.519757473573993,14.186401081301772,13.849952890458894,13.51047781559553,13.168037557159154,12.822690847129824,12.474493669634692,12.123499459692939,11.769759282773428,11.413321997458619,11.054234403183909,10.69254137474995,10.328285985076805,9.961509617475583,9.592252068549065,9.220551642693044,8.846445239050619,8.469968431668859,8.091155543519013,7.710039714964944,7.326652967198248,6.941026261100971,6.553189551946597,6.163171840306122,5.771001219487424,5.376704919802535,4.980309349927381,4.5818401355924365,4.181322155819274,3.7787795768974775,3.3742358842779403,2.9677139125421874,2.5592358735928435
2.1885639312049783,2.597041970154322,3.003563941890075,3.408107634509612,3.8106502134314084,4.211168193204571,4.609637407539516,5.0060329774146695,5.400329277099559,5.792499897918258,6.182517609558733,6.570354318713104,6.955981024810383,7.339367772577079,7.72048360113115,8.099296489280995,8.475773296662755,8.84987970030518,9.221580126161202,9.590837675087721,9.95761404268894,10.321869432362085,10.683562460796045,11.042650055070755,11.399087340385565,11.752827517305075,12.103821727246828,12.452018904741958,12.797365614771289,13.139805873207665,13.47928094807103,13.815729138913909,14.149085531186127,14.479281721859408,14.806245511899894,15.1299005603275,15.45016599355251,15.766955962377477,16.080179137421396,16.38973813166573,16.695528836203724,16.997439651912863,17.29535059541205,17.589132251954126,17.878644540335017,18.16373524474185,18.4442382546408,18.71997143471554,18.990734020061197,19.256303393498342,19.516431045896383,19.770837436766783,20.019205344131272,20.261171090011647,20.496312696424507,20.724133462337115,20.944038443876217,21.155299412444208,21.356999989602127,21.54794403802273,21.726488784106557,21.890200107632236,22.034981057464986,22.151743814693976,22.151743814693976,22.034981057464986,21.890200107632236,21.726488784106557,21.54794403802273,21.356999989602127,21.155299412444208,20.944038443876217,20.724133462337115,20.496312696424507,20.26117109001165,20.019205344131272,19.77083743676678,19.516431045896383,19.256303393498342,18.990734020061197,18.71997143471554,18.4442382546408,18.16373524474185,17.878644540335017,17.58913225195413,17.29535059541205,16.997439651912863,16.695528836203724,16.38973813166573,16.080179137421396,15.76695596237748,15.450165993552512,15.129900560327496,14.806245511899894,14.479281721859408,14.149085531186127,13.815729138913909,13.47928094807103,13.139805873207667,12.79736561477129,12.45201890474196,12.103821727246828,11.752827517305075,11.399087340385565,11.042650055070755,10.683562460796045,10.321869432362087,9.957614042688942,9.59083767508772,9.221580126161202,8.84987970030518,8.475773296662755,8.099296489280995,7.72048360113115,7.339367772577081,6.955981024810384,6.5703543187131075,6.182517609558733,5.792499897918258,5.400329277099559,5.0060329774146695,4.609637407539516,4.211168193204571,3.8106502134314084,3.408107634509612,3.003563941890075,2.597041970154322,2.1885639312049783
1.8111733191248511,2.219651358074195,2.626173329809948,3.030717022429485,3.4332596013512813,3.833777581124444,4.232246795459389,4.628642365334542,5.022938665019431,5.415109285838131,5.805126997478606,6.192963706632977,6.5785904127302555,6.961977160496952,7.343092989051023,7.721905877200868,8.098382684582628,8.472489088225053,8.844189514081075,9.213447063007594,9.580223430608813,9.944478820281958,10.306171848715918,10.665259442990628,11.021696728305438,11.375436905224948,11.726431115166701,12.074628292661831,12.419975002691162,12.762415261127538,13.101890335990904,13.438338526833782,13.771694919106002,14.101891109779281,14.428854899819768,14.752509948247372,15.072775381472383,15.389565350297351,15.702788525341271,16.012347519585607,16.3181382241236,16.62004903983274,16.917959983331922,17.211741639874003,17.50125392825489,17.786344632661724,18.066847642560674,18.342580822635412,18.61334340798107,18.878912781418215,19.139040433816255,19.393446824686656,19.641814732051145,19.883780477931523,20.11892208434438,20.346742850256987,20.566647831796093,20.77790880036408,20.979609377522,21.170553425942604,21.34909817202643,21.51280949555211,21.65759044538486,21.774353202613852,21.774353202613852,21.65759044538486,21.512809495552112,21.34909817202643,21.170553425942607,20.979609377522,20.77790880036408,20.566647831796093,20.346742850256987,20.11892208434438,19.883780477931523,19.641814732051145,19.393446824686652,19.139040433816255,18.878912781418215,18.61334340798107,18.342580822635412,18.066847642560674,17.786344632661727,17.50125392825489,17.211741639874003,16.917959983331922,16.62004903983274,16.3181382241236,16.012347519585607,15.702788525341271,15.389565350297353,15.072775381472386,14.75250994824737,14.428854899819768,14.101891109779281,13.771694919106002,13.438338526833782,13.101890335990904,12.76241526112754,12.419975002691164,12.074628292661833,11.726431115166701,11.375436905224948,11.021696728305438,10.665259442990628,10.306171848715918,9.94447882028196,9.580223430608815,9.213447063007592,8.844189514081075,8.472489088225053,8.098382684582628,7.721905877200868,7.343092989051023,6.961977160496954,6.578590412730257,6.19296370663298,5.805126997478606,5.415109285838131,5.022938665019431,4.628642365334542,4.232246795459389,3.833777581124444,3.4332596013512813,3.030717022429485,2.626173329809948,2.219651358074195,1.8111733191248511
1.4405013767369859,1.8489794156863297,2.2555013874220826,2.6600450800416198,3.062587658963416,3.463105638736579,3.8615748530715237,4.257970422946677,4.652266722631566,5.044437343450266,5.434455055090741,5.8222917642451115,6.207918470342392,6.591305218109088,6.972421046663159,7.3512339348130045,7.727710742194764,8.10181714583719,8.473517571693211,8.84277512061973,9.20955148822095,9.573806877894095,9.935499906328054,10.294587500602765,10.651024785917574,11.004764962837084,11.355759172778837,11.703956350273968,12.049303060303298,12.391743318739675,12.73121839360304,13.067666584445918,13.401022976718139,13.731219167391417,14.058182957431903,14.381838005859509,14.702103439084519,15.018893407909488,15.332116582953407,15.641675577197741,15.947466281735736,16.249377097444874,16.54728804094406,16.841069697486137,17.130581985867025,17.41567269027386,17.69617570017281,17.971908880247547,18.242671465593208,18.50824083903035,18.76836849142839,19.02277488229879,19.27114278966328,19.513108535543658,19.748250141956518,19.976070907869122,20.195975889408228,20.407236857976216,20.608937435134138,20.799881483554742,20.978426229638565,21.142137553164247,21.286918502996993,21.403681260225987,21.403681260225987,21.286918502996993,21.142137553164247,20.97842622963857,20.799881483554742,20.608937435134138,20.407236857976216,20.195975889408228,19.976070907869122,19.748250141956518,19.513108535543658,19.271142789663283,19.02277488229879,18.76836849142839,18.50824083903035,18.242671465593208,17.971908880247547,17.69617570017281,17.415672690273862,17.13058198586703,16.84106969748614,16.54728804094406,16.249377097444874,15.947466281735736,15.641675577197741,15.332116582953407,15.01889340790949,14.70210343908452,14.381838005859507,14.058182957431903,13.731219167391417,13.401022976718139,13.067666584445918,12.73121839360304,12.391743318739676,12.0493030603033,11.70395635027397,11.355759172778837,11.004764962837084,10.651024785917574,10.294587500602765,9.935499906328054,9.573806877894096,9.209551488220951,8.842775120619729,8.473517571693211,8.10181714583719,7.727710742194764,7.3512339348130045,6.972421046663159,6.59130521810909,6.207918470342394,5.822291764245115,5.434455055090741,5.044437343450266,4.652266722631566,4.257970422946677,3.8615748530715237,3.463105638736579,3.062587658963416,2.6600450800416198,2.2555013874220826,1.8489794156863297,1.4405013767369859
1.0897462190202738,1.4982242579696177,1.9047462297053706,2.3092899223249077,2.711832501246704,3.1123504810198668,3.5108196953548116,3.907215265229965,4.301511564914854,4.693682185733554,5.083699897374029,5.4715366065283995,5.85716331262568,6.2405500603923745,6.6216658889464455,7.000478777096291,7.3769555844780506,7.751061988120476,8.122762413976497,8.492019962903017,8.858796330504235,9.22305172017738,9.58474474861134,9.94383234288605,10.30026962820086,10.65400980512037,11.005004015062124,11.353201192557254,11.698547902586585,12.04098816102296,12.380463235886326,12.716911426729204,13.050267819001425,13.380464009674704,13.707427799715191,14.031082848142795,14.351348281367805,14.668138250192772,14.981361425236692,15.29092041948103,15.596711124019022,15.89862193972816,16.196532883227345,16.49031453976942,16.779826828150313,17.064917532557146,17.345420542456097,17.621153722530835,17.891916307876492,18.157485681313638,18.417613333711678,18.67201972458208,18.920387631946568,19.162353377826946,19.397494984239803,19.62531575015241,19.845220731691512,20.056481700259503,20.258182277417422,20.449126325838026,20.627671071921853,20.79138239544753,20.93616334528028,21.052926102509275,21.052926102509275,20.93616334528028,20.79138239544753,20.627671071921853,20.449126325838026,20.258182277417422,20.056481700259503,19.845220731691512,19.62531575015241,19.397494984239803,19.162353377826946,18.920387631946568,18.672019724582075,18.417613333711678,18.157485681313638,17.891916307876492,17.621153722530835,17.345420542456097,17.064917532557146,16.779826828150313,16.490314539769425,16.196532883227345,15.89862193972816,15.596711124019022,15.29092041948103,14.981361425236692,14.668138250192776,14.351348281367809,14.031082848142791,13.707427799715191,13.380464009674704,13.050267819001425,12.716911426729204,12.380463235886326,12.040988161022963,11.698547902586586,11.353201192557256,11.005004015062124,10.65400980512037,10.30026962820086,9.94383234288605,9.58474474861134,9.223051720177383,8.858796330504237,8.492019962903015,8.122762413976497,7.751061988120476,7.3769555844780506,7.000478777096291,6.6216658889464455,6.240550060392376,5.85716331262568,5.471536606528403,5.083699897374029,4.693682185733554,4.301511564914854,3.907215265229965,3.5108196953548116,3.1123504810198668,2.711832501246704,2.3092899223249077,1.9047462297053706,1.4982242579696177,1.0897462190202738
0.7713968055413858,1.1798748444907297,1.5863968162264825,1.9909405088460197,2.393483087767816,2.7940010675409788,3.1924702818759236,3.588865851751077,3.983162151435966,4.375332772254666,4.765350483895141,5.1531871930495114,5.538813899146788,5.922200646913488,6.3033164754675575,6.682129363617403,7.0586061709991625,7.432712574641588,7.804413000497609,8.173670549424129,8.540446917025347,8.904702306698493,9.266395335132453,9.625482929407163,9.981920214721972,10.335660391641483,10.686654601583236,11.034851779078366,11.380198489107697,11.722638747544073,12.062113822407438,12.398562013250316,12.731918405522537,13.062114596195816,13.389078386236303,13.712733434663907,14.032998867888917,14.349788836713884,14.663012011757804,14.972571006002141,15.278361710540134,15.580272526249273,15.878183469748457,16.171965126290537,16.461477414671425,16.74656811907826,17.02707112897721,17.302804309051943,17.573566894397604,17.83913626783475,18.09926392023279,18.35367031110319,18.60203821846768,18.844003964348055,19.079145570760915,19.306966336673522,19.526871318212628,19.738132286780615,19.939832863938534,20.13077691235914,20.309321658442965,20.473032981968643,20.617813931801393,20.734576689030387,20.734576689030387,20.617813931801393,20.473032981968643,20.309321658442965,20.13077691235914,19.939832863938534,19.738132286780615,19.526871318212628,19.306966336673522,19.079145570760915,18.844003964348058,18.60203821846768,18.353670311103187,18.09926392023279,17.83913626783475,17.573566894397604,17.302804309051943,17.02707112897721,16.746568119078262,16.461477414671425,16.171965126290537,15.878183469748457,15.580272526249273,15.278361710540134,14.972571006002141,14.663012011757804,14.349788836713888,14.03299886788892,13.712733434663903,13.389078386236303,13.062114596195816,12.731918405522537,12.398562013250316,12.062113822407438,11.722638747544075,11.380198489107698,11.034851779078368,10.686654601583236,10.335660391641483,9.981920214721972,9.625482929407163,9.266395335132453,8.904702306698494,8.54044691702535,8.173670549424127,7.804413000497609,7.432712574641588,7.0586061709991625,6.682129363617403,6.3033164754675575,5.922200646913488,5.538813899146792,5.153187193049515,4.765350483895141,4.375332772254666,3.983162151435966,3.588865851751077,3.1924702818759236,2.7940010675409788,2.393483087767816,1.9909405088460197,1.5863968162264825,1.1798748444907297,0.7713968055413858
0.49678825957803596,0.9052662985273798,1.3117882702631327,1.7163319628826699,2.118874541804466,2.519392521577629,2.917861735912574,3.314257305787727,3.7085536054726163,4.100724226291316,4.490741937931791,4.878578647086162,5.264205353183442,5.647592100950138,6.028707929504208,6.407520817654053,6.783997625035813,7.158104028678238,7.529804454534261,7.899062003460781,8.265838371062,8.630093760735143,8.991786789169105,9.350874383443813,9.707311668758624,10.061051845678133,10.412046055619886,10.760243233115016,11.105589943144349,11.448030201580725,11.78750527644409,12.123953467286967,12.457309859559189,12.787506050232466,13.114469840272953,13.438124888700557,13.758390321925567,14.075180290750536,14.388403465794456,14.697962460038791,15.003753164576786,15.305663980285924,15.603574923785107,15.897356580327187,16.186868868708075,16.47195957311491,16.75246258301386,17.028195763088597,17.298958348434255,17.5645277218714,17.82465537426944,18.07906176513984,18.32742967250433,18.56939541838471,18.804537024797565,19.032357790710172,19.252262772249278,19.463523740817266,19.665224317975188,19.85616836639579,20.034713112479615,20.198424436005293,20.343205385838043,20.459968143067037,20.459968143067037,20.343205385838043,20.198424436005297,20.034713112479615,19.856168366395792,19.665224317975188,19.463523740817266,19.252262772249278,19.032357790710172,18.804537024797565,18.56939541838471,18.327429672504334,18.07906176513984,17.82465537426944,17.5645277218714,17.298958348434255,17.028195763088597,16.75246258301386,16.471959573114912,16.186868868708075,15.897356580327187,15.603574923785107,15.305663980285924,15.003753164576786,14.697962460038791,14.388403465794456,14.075180290750538,13.758390321925571,13.438124888700555,13.114469840272953,12.787506050232466,12.457309859559189,12.123953467286967,11.78750527644409,11.448030201580725,11.105589943144349,10.76024323311502,10.412046055619886,10.061051845678133,9.707311668758624,9.350874383443813,8.991786789169105,8.630093760735146,8.265838371062,7.899062003460777,7.529804454534261,7.158104028678238,6.783997625035813,6.407520817654053,6.028707929504208,5.647592100950138,5.264205353183442,4.878578647086165,4.490741937931791,4.100724226291316,3.7085536054726163,3.314257305787727,2.917861735912574,2.519392521577629,2.118874541804466,1.7163319628826699,1.3117882702631327,0.9052662985273798,0.49678825957803596
0.2756982706431188,0.6841763095924627,1.0906982813282156,1.4952419739477527,1.897784552869549,2.298302532642712,2.6967717469776566,3.09316731685281,3.487463616537699,3.879634237356399,4.269651948996874,4.6574886581512445,5.043115364248521,5.426502112015218,5.8076179405692905,6.186430828719136,6.562907636100896,6.937014039743321,7.308714465599342,7.677972014525862,8.04474838212708,8.409003771800226,8.770696800234186,9.129784394508896,9.486221679823705,9.839961856743216,10.190956066684969,10.539153244180099,10.88449995420943,11.226940212645806,11.566415287509171,11.90286347835205,12.23621987062427,12.566416061297549,12.893379851338034,13.21703489976564,13.53730033299065,13.854090301815617,14.167313476859537,14.476872471103873,14.782663175641865,15.084573991351004,15.38248493485019,15.676266591392267,15.965778879773156,16.250869584179988,16.531372594078938,16.807105774153676,17.077868359499337,17.34343773293648,17.603565385334523,17.85797177620492,18.106339683569413,18.348305429449788,18.583447035862648,18.811267801775255,19.031172783314357,19.24243375188235,19.444134329040267,19.63507837746087,19.813623123544694,19.977334447070376,20.122115396903126,20.238878154132117,20.238878154132117,20.122115396903126,19.977334447070376,19.813623123544698,19.63507837746087,19.444134329040267,19.24243375188235,19.031172783314357,18.811267801775255,18.583447035862648,18.34830542944979,18.106339683569413,17.85797177620492,17.603565385334523,17.34343773293648,17.077868359499337,16.807105774153676,16.531372594078938,16.25086958417999,15.965778879773158,15.67626659139227,15.38248493485019,15.084573991351004,14.782663175641865,14.476872471103873,14.167313476859537,13.85409030181562,13.537300332990652,13.217034899765636,12.893379851338034,12.566416061297549,12.23621987062427,11.90286347835205,11.566415287509171,11.226940212645808,10.884499954209431,10.5391532441801,10.190956066684969,9.839961856743216,9.486221679823705,9.129784394508896,8.770696800234186,8.409003771800228,8.044748382127082,7.67797201452586,7.308714465599342,6.937014039743321,6.562907636100896,6.186430828719136,5.8076179405692905,5.426502112015221,5.043115364248525,4.657488658151248,4.269651948996874,3.879634237356399,3.487463616537699,3.09316731685281,2.6967717469776566,2.298302532642712,1.897784552869549,1.4952419739477527,1.0906982813282156,0.6841763095924627,0.2756982706431188
0.11599895086858325,0.5244769898179271,0.93099896155368,1.3355426541732172,1.7380852330950134,2.1386032128681762,2.537072427203121,2.9334679970782744,3.3277642967631635,3.7199349175818632,4.109952629222338,4.497789338376709,4.883416044473986,5.266802792240682,5.647918620794755,6.0267315089446,6.40320831632636,6.7773147199687855,7.149015145824807,7.518272694751326,7.885049062352545,8.24930445202569,8.61099748045965,8.97008507473436,9.32652236004917,9.68026253696868,10.031256746910433,10.379453924405563,10.724800634434894,11.06724089287127,11.406715967734636,11.743164158577514,12.076520550849734,12.406716741523013,12.733680531563499,13.057335579991104,13.377601013216115,13.694390982041082,14.007614157085001,14.317173151329339,14.622963855867331,14.92487467157647,15.222785615075654,15.516567271617733,15.806079559998622,16.091170264405456,16.371673274304406,16.647406454379144,16.918169039724802,17.183738413161947,17.443866065559988,17.698272456430388,17.946640363794877,18.188606109675252,18.423747716088112,18.65156848200072,18.87147346353982,19.082734432107813,19.28443500926573,19.475379057686336,19.653923803770162,19.81763512729584,19.96241607712859,20.079178834357585,20.079178834357585,19.96241607712859,19.81763512729584,19.653923803770162,19.475379057686336,19.28443500926573,19.082734432107813,18.87147346353982,18.65156848200072,18.423747716088112,18.188606109675256,17.946640363794877,17.698272456430384,17.443866065559988,17.183738413161947,16.918169039724802,16.647406454379144,16.371673274304406,16.091170264405456,15.806079559998622,15.516567271617735,15.222785615075654,14.92487467157647,14.622963855867331,14.317173151329339,14.007614157085001,13.694390982041085,13.377601013216116,13.0573355799911,12.733680531563499,12.406716741523013,12.076520550849734,11.743164158577514,11.406715967734636,11.067240892871272,10.724800634434896,10.379453924405565,10.031256746910433,9.68026253696868,9.32652236004917,8.97008507473436,8.61099748045965,8.249304452025692,7.885049062352547,7.5182726947513245,7.149015145824807,6.7773147199687855,6.40320831632636,6.0267315089446,5.647918620794755,5.266802792240686,4.883416044473989,4.4977893383767125,4.109952629222338,3.7199349175818632,3.3277642967631635,2.9334679970782744,2.537072427203121,2.1386032128681762,1.7380852330950134,1.3355426541732172,0.93099896155368,0.5244769898179271,0.11599895086858325
0.02337654122226951,0.4318545801716134,0.8383765519073663,1.2429202445269034,1.6454628234486997,2.0459808032218625,2.4444500175568074,2.8408455874319607,3.23514188711685,3.6273125079355495,4.017330219576024,4.405166928730395,4.790793634827672,5.174180382594368,5.555296211148441,5.934109099298286,6.3105859066800445,6.68469231032247,7.056392736178491,7.425650285105011,7.792426652706229,8.156682042379375,8.518375070813335,8.877462665088045,9.233899950402854,9.587640127322365,9.938634337264117,10.286831514759248,10.632178224788579,10.974618483224955,11.31409355808832,11.650541748931198,11.983898141203419,12.314094331876698,12.641058121917185,12.964713170344789,13.2849786035698,13.601768572394768,13.914991747438687,14.224550741683021,14.530341446221016,14.832252261930154,15.130163205429339,15.423944861971417,15.713457150352305,15.998547854759138,16.27905086465809,16.554784044732827,16.825546630078488,17.09111600351563,17.35124365591367,17.60565004678407,17.85401795414856,18.09598370002894,18.3311253064418,18.558946072354406,18.778851053893508,18.9901120224615,19.191812599619418,19.382756648040022,19.561301394123845,19.725012717649527,19.869793667482273,19.986556424711267,19.986556424711267,19.869793667482273,19.725012717649527,19.56130139412385,19.382756648040022,19.191812599619418,18.9901120224615,18.778851053893508,18.558946072354406,18.3311253064418,18.09598370002894,17.854017954148564,17.60565004678407,17.35124365591367,17.09111600351563,16.825546630078488,16.554784044732827,16.27905086465809,15.998547854759142,15.713457150352308,15.42394486197142,15.130163205429339,14.832252261930154,14.530341446221016,14.224550741683021,13.914991747438687,13.60176857239477,13.284978603569803,12.964713170344787,12.641058121917185,12.314094331876698,11.983898141203419,11.650541748931198,11.31409355808832,10.974618483224956,10.63217822478858,10.28683151475925,9.938634337264117,9.587640127322365,9.233899950402854,8.877462665088045,8.518375070813335,8.156682042379376,7.792426652706231,7.425650285105009,7.056392736178491,6.68469231032247,6.3105859066800445,5.934109099298286,5.555296211148441,5.174180382594372,4.790793634827676,4.405166928730399,4.017330219576024,3.6273125079355495,3.23514188711685,2.8408455874319607,2.4444500175568074,2.0459808032218625,1.6454628234486997,1.2429202445269034,0.8383765519073663,0.4318545801716134,0.02337654122226951
0.001128947675308467,0.40960698662465234,0.8161289583604052,1.2206726509799424,1.6232152299017386,2.0237332096749014,2.4222024240098463,2.8185979938849997,3.2128942935698888,3.6050649143885884,3.9950826260290633,4.382919335183434,4.768546041280715,5.151932789047411,5.53304861760148,5.911861505751325,6.288338313133085,6.662444716775511,7.034145142631532,7.4034026915580515,7.77017905915927,8.134434448832415,8.496127477266375,8.855215071541085,9.211652356855895,9.565392533775405,9.916386743717158,10.264583921212289,10.60993063124162,10.952370889677995,11.291845964541361,11.62829415538424,11.96165054765646,12.291846738329738,12.618810528370226,12.94246557679783,13.26273101002284,13.579520978847809,13.892744153891728,14.202303148136064,14.508093852674056,14.810004668383195,15.10791561188238,15.401697268424458,15.691209556805347,15.976300261212181,16.25680327111113,16.53253645118587,16.803299036531527,17.068868409968672,17.328996062366713,17.583402453237113,17.831770360601602,18.07373610648198,18.308877712894837,18.536698478807445,18.756603460346547,18.967864428914538,19.169565006072457,19.36050905449306,19.539053800576887,19.702765124102566,19.847546073935316,19.96430883116431,19.96430883116431,19.847546073935316,19.70276512410257,19.539053800576887,19.360509054493065,19.169565006072457,18.967864428914538,18.756603460346547,18.536698478807445,18.308877712894837,18.07373610648198,17.831770360601602,17.583402453237113,17.328996062366713,17.068868409968672,16.803299036531527,16.53253645118587,16.25680327111113,15.976300261212183,15.69120955680535,15.40169726842446,15.10791561188238,14.810004668383195,14.508093852674056,14.202303148136064,13.892744153891728,13.57952097884781,13.262731010022843,12.942465576797828,12.618810528370226,12.291846738329738,11.96165054765646,11.62829415538424,11.291845964541361,10.952370889677997,10.609930631241621,10.26458392121229,9.916386743717158,9.565392533775405,9.211652356855895,8.855215071541085,8.496127477266375,8.134434448832417,7.770179059159272,7.40340269155805,7.034145142631532,6.662444716775511,6.288338313133085,5.911861505751325,5.53304861760148,5.151932789047411,4.768546041280715,4.382919335183438,3.9950826260290633,3.6050649143885884,3.2128942935698888,2.8185979938849997,2.4222024240098463,2.0237332096749014,1.6232152299017386,1.2206726509799424,0.8161289583604052,0.40960698662465234,0.001128947675308467
0.05004831623083916,0.45852635518018303,0.8650483269159359,1.269592019535473,1.6721345984572693,2.072652578230432,2.471121792565377,2.8675173624405303,3.2618136621254195,3.653984282944119,4.044001994584594,4.431838703738965,4.817465409836245,5.200852157602942,5.581967986157011,5.960780874306856,6.337257681688618,6.711364085331043,7.0830645111870645,7.452322060113584,7.819098427714803,8.183353817387948,8.545046845821908,8.904134440096618,9.260571725411427,9.614311902330938,9.96530611227269,10.313503289767821,10.658849999797152,11.001290258233528,11.340765333096893,11.677213523939772,12.010569916211992,12.34076610688527,12.667729896925756,12.991384945353362,13.311650378578372,13.62844034740334,13.941663522447259,14.251222516691595,14.557013221229589,14.858924036938728,15.15683498043791,15.45061663697999,15.740128925360878,16.02521962976771,16.305722639666662,16.5814558197414,16.852218405087058,17.117787778524203,17.377915430922243,17.632321821792644,17.880689729157133,18.12265547503751,18.357797081450368,18.585617847362975,18.80552282890208,19.01678379747007,19.21848437462799,19.409428423048592,19.587973169132418,19.7516844926581,19.896465442490847,20.01322819971984,20.01322819971984,19.896465442490847,19.7516844926581,19.587973169132418,19.409428423048595,19.21848437462799,19.01678379747007,18.80552282890208,18.585617847362975,18.357797081450368,18.12265547503751,17.880689729157137,17.632321821792644,17.377915430922243,17.117787778524203,16.852218405087058,16.5814558197414,16.305722639666662,16.025219629767715,15.74012892536088,15.45061663697999,15.15683498043791,14.858924036938728,14.557013221229589,14.251222516691595,13.941663522447259,13.628440347403343,13.311650378578374,12.991384945353358,12.667729896925756,12.34076610688527,12.010569916211992,11.677213523939772,11.340765333096893,11.00129025823353,10.658849999797154,10.313503289767823,9.96530611227269,9.614311902330938,9.260571725411427,8.904134440096618,8.545046845821908,8.18335381738795,7.819098427714804,7.452322060113582,7.0830645111870645,6.711364085331043,6.337257681688618,5.960780874306856,5.581967986157011,5.200852157602942,4.817465409836245,4.431838703738968,4.044001994584594,3.653984282944119,3.2618136621254195,2.8675173624405303,2.471121792565377,2.072652578230432,1.6721345984572693,1.269592019535473,0.8650483269159359,0.45852635518018303,0.05004831623083916
0.1683928278379483,0.5768708667872922,0.983392838523045,1.3879365311425822,1.7904791100643784,2.1909970898375413,2.589466304172486,2.9858618740476395,3.3801581737325286,3.7723287945512283,4.162346506191703,4.550183215346074,4.935809921443351,5.319196669210051,5.70031249776412,6.079125385913965,6.455602193295725,6.829708596938151,7.201409022794172,7.570666571720691,7.93744293932191,8.301698328995055,8.663391357429015,9.022478951703725,9.378916237018535,9.732656413938045,10.083650623879798,10.431847801374929,10.777194511404259,11.119634769840635,11.459109844704,11.795558035546879,12.1289144278191,12.459110618492378,12.786074408532865,13.10972945696047,13.42999489018548,13.746784859010447,14.060008034054366,14.369567028298704,14.675357732836696,14.977268548545835,15.27517949204502,15.568961148587098,15.858473436967987,16.14356414137482,16.42406715127377,16.699800331348506,16.970562916694167,17.236132290131312,17.496259942529353,17.75066633339975,17.999034240764242,18.240999986644617,18.476141593057477,18.703962358970085,18.92386734050919,19.135128309077178,19.336828886235097,19.5277729346557,19.706317680739527,19.870029004265206,20.014809954097956,20.13157271132695,20.13157271132695,20.014809954097956,19.870029004265206,19.706317680739527,19.5277729346557,19.336828886235097,19.135128309077178,18.92386734050919,18.703962358970085,18.476141593057477,18.24099998664462,17.999034240764246,17.75066633339975,17.496259942529353,17.236132290131312,16.970562916694167,16.699800331348506,16.42406715127377,16.143564141374824,15.858473436967987,15.5689611485871,15.27517949204502,14.977268548545835,14.675357732836696,14.369567028298704,14.060008034054366,13.74678485901045,13.429994890185483,13.109729456960466,12.786074408532865,12.459110618492378,12.1289144278191,11.795558035546879,11.459109844704,11.119634769840637,10.77719451140426,10.43184780137493,10.083650623879798,9.732656413938045,9.378916237018535,9.022478951703725,8.663391357429015,8.301698328995057,7.937442939321912,7.57066657172069,7.201409022794172,6.829708596938151,6.455602193295725,6.079125385913965,5.70031249776412,5.319196669210051,4.935809921443354,4.5501832153460775,4.162346506191703,3.7723287945512283,3.3801581737325286,2.9858618740476395,2.589466304172486,2.1909970898375413,1.7904791100643784,1.3879365311425822,0.983392838523045,0.5768708667872922,0.1683928278379483
0.3519487174588747,0.7604267564082186,1.1669487281439714,1.5714924207635086,1.9740349996853048,2.3745529794584677,2.7730221937934125,3.169417763668566,3.563714063353455,3.9558846841721547,4.3459023958126295,4.733739104967,5.119365811064281,5.502752558830977,5.883868387385046,6.2626812755348915,6.639158082916651,7.013264486559077,7.3849649124151,7.7542224613416195,8.120998828942838,8.485254218615982,8.846947247049943,9.206034841324652,9.562472126639463,9.916212303558972,10.267206513500724,10.615403690995855,10.960750401025187,11.303190659461563,11.642665734324929,11.979113925167805,12.312470317440027,12.642666508113305,12.969630298153792,13.293285346581396,13.613550779806406,13.930340748631375,14.243563923675294,14.55312291791963,14.858913622457624,15.160824438166763,15.458735381665946,15.752517038208026,16.042029326588914,16.327120030995747,16.607623040894698,16.883356220969436,17.154118806315097,17.41968817975224,17.67981583215028,17.93422222302068,18.18259013038517,18.424555876265547,18.659697482678403,18.88751824859101,19.107423230130117,19.318684198698104,19.520384775856023,19.711328824276627,19.889873570360454,20.053584893886132,20.198365843718882,20.315128600947876,20.315128600947876,20.198365843718882,20.053584893886136,19.889873570360454,19.71132882427663,19.520384775856023,19.318684198698104,19.107423230130117,18.88751824859101,18.659697482678403,18.424555876265547,18.182590130385172,17.934222223020676,17.67981583215028,17.41968817975224,17.154118806315097,16.883356220969436,16.607623040894698,16.32712003099575,16.042029326588917,15.752517038208026,15.458735381665946,15.160824438166763,14.858913622457624,14.55312291791963,14.243563923675294,13.930340748631377,13.61355077980641,13.293285346581394,12.969630298153792,12.642666508113305,12.312470317440027,11.979113925167805,11.642665734324929,11.303190659461563,10.960750401025187,10.615403690995858,10.267206513500724,9.916212303558972,9.562472126639463,9.206034841324652,8.846947247049943,8.485254218615985,8.120998828942838,7.754222461341616,7.3849649124151,7.013264486559077,6.639158082916651,6.2626812755348915,5.883868387385046,5.502752558830977,5.119365811064281,4.733739104967004,4.3459023958126295,3.9558846841721547,3.563714063353455,3.169417763668566,2.7730221937934125,2.3745529794584677,1.9740349996853048,1.5714924207635086,1.1669487281439714,0.7604267564082186,0.3519487174588747
0.5941803090436331,1.002658347992977,1.4091803197287298,1.813724012348267,2.216266591270063,2.616784571043226,3.015253785378171,3.4116493552533242,3.8059456549382134,4.198116275756913,4.588133987397388,4.975970696551759,5.361597402649039,5.7449841504157355,6.126099978969805,6.50491286711965,6.88138967450141,7.255496078143835,7.627196503999857,7.996454052926376,8.363230420527595,8.72748581020074,9.0891788386347,9.44826643290941,9.80470371822422,10.15844389514373,10.509438105085483,10.857635282580613,11.202981992609944,11.54542225104632,11.884897325909686,12.221345516752564,12.554701909024784,12.884898099698063,13.21186188973855,13.535516938166154,13.855782371391165,14.172572340216133,14.485795515260053,14.795354509504389,15.101145214042383,15.403056029751522,15.700966973250704,15.994748629792785,16.284260918173672,16.569351622580506,16.849854632479456,17.125587812554194,17.39635039789985,17.661919771336997,17.922047423735037,18.176453814605438,18.424821721969927,18.666787467850305,18.901929074263162,19.12974984017577,19.349654821714875,19.560915790282863,19.762616367440785,19.953560415861386,20.132105161945212,20.29581648547089,20.44059743530364,20.557360192532634,20.557360192532634,20.44059743530364,20.295816485470894,20.132105161945212,19.95356041586139,19.762616367440785,19.560915790282863,19.349654821714875,19.12974984017577,18.901929074263162,18.666787467850305,18.424821721969927,18.176453814605438,17.922047423735037,17.661919771336997,17.39635039789985,17.125587812554194,16.849854632479456,16.56935162258051,16.284260918173672,15.994748629792785,15.700966973250704,15.403056029751522,15.101145214042383,14.795354509504389,14.485795515260053,14.172572340216135,13.855782371391168,13.535516938166152,13.21186188973855,12.884898099698063,12.554701909024784,12.221345516752564,11.884897325909686,11.545422251046322,11.202981992609946,10.857635282580615,10.509438105085483,10.15844389514373,9.80470371822422,9.44826643290941,9.0891788386347,8.727485810200742,8.363230420527596,7.996454052926374,7.627196503999857,7.255496078143835,6.88138967450141,6.50491286711965,6.126099978969805,5.7449841504157355,5.361597402649039,4.975970696551762,4.588133987397388,4.198116275756913,3.8059456549382134,3.4116493552533242,3.015253785378171,2.616784571043226,2.216266591270063,1.813724012348267,1.4091803197287298,1.002658347992977,0.5941803090436331
0.8864627242789034,1.2949407632282472,1.7014627349640001,2.1060064275835373,2.5085490065053335,2.9090669862784964,3.3075362006134412,3.7039317704885946,4.098228070173484,4.490398690992183,4.880416402632658,5.268253111787029,5.653879817884306,6.037266565651002,6.418382394205075,6.79719528235492,7.17367208973668,7.547778493379106,7.919478919235125,8.288736468161645,8.655512835762863,9.01976822543601,9.381461253869968,9.74054884814468,10.096986133459488,10.450726310379,10.801720520320753,11.149917697815884,11.495264407845212,11.837704666281589,12.177179741144954,12.513627931987834,12.846984324260053,13.177180514933333,13.504144304973819,13.827799353401424,14.148064786626435,14.464854755451402,14.778077930495321,15.087636924739657,15.39342762927765,15.695338444986788,15.993249388485975,16.28703104502805,16.576543333408942,16.861634037815776,17.142137047714726,17.417870227789464,17.688632813135122,17.954202186572267,18.214329838970308,18.468736229840705,18.717104137205197,18.959069883085572,19.194211489498432,19.42203225541104,19.64193723695014,19.853198205518133,20.05489878267605,20.245842831096656,20.424387577180482,20.58809890070616,20.73287985053891,20.8496426077679,20.8496426077679,20.73287985053891,20.58809890070616,20.424387577180482,20.245842831096656,20.05489878267605,19.853198205518133,19.64193723695014,19.42203225541104,19.194211489498432,18.959069883085576,18.717104137205197,18.468736229840705,18.214329838970308,17.954202186572267,17.688632813135122,17.417870227789464,17.142137047714726,16.861634037815776,16.576543333408942,16.287031045028055,15.993249388485975,15.695338444986788,15.39342762927765,15.087636924739657,14.778077930495321,14.464854755451405,14.148064786626437,13.82779935340142,13.504144304973819,13.177180514933333,12.846984324260053,12.513627931987834,12.177179741144954,11.837704666281592,11.495264407845216,11.149917697815884,10.801720520320753,10.450726310379,10.096986133459488,9.74054884814468,9.381461253869968,9.01976822543601,8.655512835762867,8.288736468161645,7.919478919235125,7.547778493379106,7.17367208973668,6.79719528235492,6.418382394205075,6.037266565651006,5.6538798178843095,5.268253111787033,4.880416402632658,4.490398690992183,4.098228070173484,3.7039317704885946,3.3075362006134412,2.9090669862784964,2.5085490065053335,2.1060064275835373,1.7014627349640001,1.2949407632282472,0.8864627242789034
1.218388979302535,1.626867018251879,2.033388989987632,2.437932682607169,2.8404752615289652,3.240993241302128,3.639462455637073,4.035858025512226,4.430154325197115,4.822324946015815,5.21234265765629,5.600179366810661,5.985806072907938,6.369192820674636,6.750308649228707,7.129121537378552,7.505598344760312,7.879704748402737,8.251405174258759,8.620662723185278,8.987439090786497,9.351694480459642,9.713387508893602,10.072475103168312,10.428912388483122,10.782652565402632,11.133646775344385,11.481843952839515,11.827190662868846,12.169630921305222,12.509105996168588,12.845554187011466,13.178910579283686,13.509106769956965,13.83607055999745,14.159725608425056,14.479991041650067,14.796781010475033,15.110004185518953,15.419563179763289,15.725353884301281,16.02726470001042,16.325175643509606,16.618957300051683,16.908469588432574,17.193560292839408,17.474063302738358,17.749796482813096,18.020559068158754,18.2861284415959,18.54625609399394,18.800662484864336,19.04903039222883,19.290996138109204,19.526137744522064,19.75395851043467,19.973863491973773,20.185124460541765,20.386825037699683,20.577769086120288,20.756313832204114,20.920025155729792,21.064806105562543,21.181568862791533,21.181568862791533,21.064806105562543,20.920025155729792,20.756313832204114,20.577769086120288,20.386825037699683,20.185124460541765,19.973863491973773,19.75395851043467,19.526137744522064,19.290996138109207,19.04903039222883,18.800662484864336,18.54625609399394,18.2861284415959,18.020559068158754,17.749796482813096,17.474063302738358,17.193560292839408,16.908469588432574,16.618957300051687,16.325175643509606,16.02726470001042,15.725353884301281,15.419563179763289,15.110004185518953,14.796781010475037,14.479991041650068,14.159725608425052,13.83607055999745,13.509106769956965,13.178910579283686,12.845554187011466,12.509105996168588,12.169630921305224,11.827190662868848,11.481843952839517,11.133646775344385,10.782652565402632,10.428912388483122,10.072475103168312,9.713387508893602,9.351694480459644,8.987439090786498,8.620662723185276,8.251405174258759,7.879704748402737,7.505598344760312,7.129121537378552,6.750308649228707,6.3691928206746375,5.985806072907941,5.600179366810664,5.21234265765629,4.822324946015815,4.430154325197115,4.035858025512226,3.639462455637073,3.240993241302128,2.8404752615289652,2.437932682607169,2.033388989987632,1.626867018251879,1.218388979302535
1.5781405349229942,1.986618573872338,2.393140545608091,2.797684238227628,3.2002268171494244,3.600744796922587,3.999214011257532,4.395609581132685,4.7899058808175745,5.182076501636274,5.572094213276749,5.95993092243112,6.3455576285283986,6.728944376295095,7.110060204849166,7.488873092999011,7.865349900380771,8.239456304023197,8.611156729879218,8.980414278805737,9.347190646406956,9.711446036080101,10.073139064514061,10.432226658788771,10.78866394410358,11.142404121023091,11.493398330964844,11.841595508459974,12.186942218489305,12.529382476925681,12.868857551789047,13.205305742631925,13.538662134904145,13.868858325577424,14.195822115617911,14.519477164045515,14.839742597270526,15.156532566095493,15.469755741139412,15.77931473538375,16.08510543992174,16.387016255630883,16.684927199130065,16.978708855672146,17.268221144053033,17.553311848459867,17.833814858358817,18.109548038433555,18.380310623779213,18.64587999721636,18.9060076496144,19.1604140404848,19.40878194784929,19.650747693729663,19.885889300142523,20.11371006605513,20.333615047594236,20.544876016162224,20.746576593320142,20.937520641740747,21.116065387824573,21.27977671135025,21.424557661183,21.541320418411996,21.541320418411996,21.424557661183,21.279776711350255,21.116065387824573,20.937520641740747,20.746576593320142,20.544876016162224,20.333615047594236,20.11371006605513,19.885889300142523,19.650747693729667,19.408781947849292,19.160414040484795,18.9060076496144,18.64587999721636,18.380310623779213,18.109548038433555,17.833814858358817,17.55331184845987,17.268221144053033,16.978708855672146,16.684927199130065,16.387016255630883,16.08510543992174,15.77931473538375,15.469755741139412,15.156532566095496,14.83974259727053,14.519477164045512,14.195822115617911,13.868858325577424,13.538662134904145,13.205305742631925,12.868857551789047,12.529382476925683,12.186942218489307,11.841595508459976,11.493398330964844,11.142404121023091,10.78866394410358,10.432226658788771,10.073139064514061,9.711446036080103,9.347190646406958,8.980414278805736,8.611156729879218,8.239456304023197,7.865349900380771,7.488873092999011,7.110060204849166,6.728944376295097,6.3455576285284,5.959930922431123,5.572094213276749,5.182076501636274,4.7899058808175745,4.395609581132685,3.999214011257532,3.600744796922587,3.2002268171494244,2.797684238227628,2.393140545608091,1.986618573872338,1.5781405349229942
1.9529081065628588,2.3613861455122027,2.7679081172479556,3.1724518098674928,3.574994388789289,3.975512368562452,4.373981582897397,4.77037715277255,5.164673452457439,5.556844073276139,5.946861784916614,6.3346984940709845,6.720325200168263,7.1037119479349595,7.4848277764890305,7.863640664638876,8.240117472020636,8.614223875663061,8.985924301519082,9.355181850445602,9.72195821804682,10.086213607719966,10.447906636153926,10.806994230428636,11.163431515743445,11.517171692662956,11.868165902604709,12.216363080099839,12.56170979012917,12.904150048565546,13.243625123428911,13.58007331427179,13.91342970654401,14.243625897217289,14.570589687257776,14.89424473568538,15.21451016891039,15.531300137735357,15.844523312779277,16.154082307023614,16.459873011561605,16.761783827270747,17.05969477076993,17.35347642731201,17.642988715692898,17.92807942009973,18.208582429998682,18.48431561007342,18.755078195419078,19.020647568856223,19.280775221254263,19.535181612124664,19.783549519489153,20.025515265369528,20.260656871782388,20.488477637694995,20.708382619234097,20.91964358780209,21.121344164960007,21.31228821338061,21.490832959464438,21.654544282990116,21.799325232822866,21.91608799005186,21.91608799005186,21.799325232822866,21.654544282990116,21.490832959464438,21.31228821338061,21.121344164960007,20.91964358780209,20.708382619234097,20.488477637694995,20.260656871782388,20.02551526536953,19.783549519489153,19.53518161212466,19.280775221254263,19.020647568856223,18.755078195419078,18.48431561007342,18.208582429998682,17.928079420099735,17.642988715692898,17.35347642731201,17.05969477076993,16.761783827270747,16.459873011561605,16.154082307023614,15.844523312779277,15.53130013773536,15.214510168910394,14.894244735685376,14.570589687257776,14.243625897217289,13.91342970654401,13.58007331427179,13.243625123428911,12.904150048565548,12.561709790129171,12.21636308009984,11.868165902604709,11.517171692662956,11.163431515743445,10.806994230428636,10.447906636153926,10.086213607719968,9.721958218046822,9.3551818504456,8.985924301519082,8.614223875663061,8.240117472020636,7.863640664638876,7.4848277764890305,7.103711947934961,6.720325200168265,6.334698494070988,5.946861784916614,5.556844073276139,5.164673452457439,4.77037715277255,4.373981582897397,3.975512368562452,3.574994388789289,3.1724518098674928,2.7679081172479556,2.3613861455122027,1.9529081065628588
2.329347750601798,2.7378257895511418,3.1443477612868946,3.548891453906432,3.951434032828228,4.351952012601391,4.750421226936336,5.146816796811489,5.541113096496378,5.933283717315078,6.323301428955553,6.7111381381099235,7.096764844207202,7.480151591973899,7.86126742052797,8.240080308677815,8.616557116059575,8.990663519702,9.362363945558021,9.731621494484541,10.09839786208576,10.462653251758905,10.824346280192865,11.183433874467575,11.539871159782384,11.893611336701895,12.244605546643648,12.592802724138778,12.938149434168109,13.280589692604485,13.62006476746785,13.956512958310729,14.289869350582949,14.620065541256228,14.947029331296715,15.270684379724319,15.59094981294933,15.907739781774296,16.220962956818216,16.530521951062553,16.836312655600544,17.138223471309686,17.43613441480887,17.72991607135095,18.019428359731837,18.30451906413867,18.58502207403762,18.860755254112355,19.131517839458017,19.397087212895162,19.657214865293202,19.9116212561636,20.159989163528092,20.401954909408467,20.637096515821327,20.864917281733934,21.084822263273036,21.296083231841028,21.497783808998946,21.68872785741955,21.867272603503377,22.030983927029055,22.175764876861805,22.2925276340908,22.2925276340908,22.175764876861805,22.030983927029055,21.867272603503377,21.68872785741955,21.497783808998946,21.296083231841028,21.084822263273036,20.864917281733934,20.637096515821327,20.40195490940847,20.159989163528092,19.9116212561636,19.657214865293202,19.397087212895162,19.131517839458017,18.860755254112355,18.58502207403762,18.30451906413867,18.019428359731837,17.72991607135095,17.43613441480887,17.138223471309686,16.836312655600544,16.530521951062553,16.220962956818216,15.9077397817743,15.590949812949333,15.270684379724315,14.947029331296715,14.620065541256228,14.289869350582949,13.956512958310729,13.62006476746785,13.280589692604487,12.93814943416811,12.59280272413878,12.244605546643648,11.893611336701895,11.539871159782384,11.183433874467575,10.824346280192865,10.462653251758907,10.098397862085761,9.73162149448454,9.362363945558021,8.990663519702,8.616557116059575,8.240080308677815,7.86126742052797,7.4801515919739,7.096764844207204,6.711138138109927,6.323301428955553,5.933283717315078,5.541113096496378,5.146816796811489,4.750421226936336,4.351952012601391,3.951434032828228,3.548891453906432,3.1443477612868946,2.7378257895511418,2.329347750601798
2.6940559877458767,3.1025340266952206,3.5090559984309735,3.9135996910505106,4.316142269972307,4.71666024974547,5.115129464080415,5.511525033955568,5.905821333640457,6.2979919544591585,6.688009666099633,7.075846375254004,7.461473081351283,7.844859829117979,8.22597565767205,8.604788545821895,8.981265353203655,9.35537175684608,9.727072182702102,10.096329731628622,10.46310609922984,10.827361488902985,11.189054517336945,11.548142111611655,11.904579396926465,12.258319573845975,12.609313783787728,12.957510961282859,13.30285767131219,13.645297929748565,13.984773004611931,14.32122119545481,14.65457758772703,14.984773778400308,15.311737568440794,15.6353926168684,15.95565805009341,16.27244801891838,16.5856711939623,16.895230188206632,17.201020892744626,17.502931708453765,17.800842651952948,18.09462430849503,18.384136596875916,18.66922730128275,18.9497303111817,19.225463491256438,19.4962260766021,19.76179545003924,20.02192310243728,20.27632949330768,20.52469740067217,20.76666314655255,21.001804752965405,21.229625518878013,21.44953050041712,21.660791468985106,21.86249204614303,22.05343609456363,22.231980840647456,22.395692164173138,22.540473114005884,22.657235871234878,22.657235871234878,22.540473114005884,22.395692164173138,22.23198084064746,22.053436094563633,21.86249204614303,21.660791468985106,21.44953050041712,21.229625518878013,21.001804752965405,20.76666314655255,20.524697400672174,20.27632949330768,20.02192310243728,19.76179545003924,19.4962260766021,19.225463491256438,18.9497303111817,18.669227301282753,18.38413659687592,18.09462430849503,17.800842651952948,17.502931708453765,17.201020892744626,16.895230188206632,16.5856711939623,16.272448018918382,15.955658050093412,15.635392616868398,15.311737568440794,14.984773778400308,14.65457758772703,14.32122119545481,13.984773004611931,13.645297929748567,13.302857671312191,12.95751096128286,12.609313783787728,12.258319573845975,11.904579396926465,11.548142111611655,11.189054517336945,10.827361488902987,10.463106099229842,10.09632973162862,9.727072182702102,9.35537175684608,8.981265353203655,8.604788545821895,8.22597565767205,7.844859829117981,7.461473081351285,7.075846375254008,6.688009666099633,6.2979919544591585,5.905821333640457,5.511525033955568,5.115129464080415,4.71666024974547,4.316142269972307,3.9135996910505106,3.5090559984309735,3.1025340266952206,2.6940559877458767
3.0340470462192073,3.4425250851685547,3.849047056904304,4.253590749523845,4.656133328445641,5.056651308218804,5.455120522553749,5.851516092428902,6.245812392113789,6.637983012932489,7.028000724572964,7.415837433727335,7.801464139824613,8.18485088759131,8.56596671614538,8.944779604295226,9.321256411676986,9.695362815319411,10.067063241175433,10.436320790101952,10.80309715770317,11.167352547376316,11.529045575810276,11.888133170084986,12.244570455399796,12.598310632319306,12.949304842261059,13.29750201975619,13.64284872978552,13.985288988221896,14.324764063085262,14.66121225392814,14.99456864620036,15.324764836873639,15.651728626914124,15.97538367534173,16.295649108566742,16.61243907739171,16.92566225243563,17.235221246679963,17.541011951217957,17.842922766927096,18.14083371042628,18.43461536696836,18.724127655349246,19.00921835975608,19.28972136965503,19.56545454972977,19.83621713507543,20.10178650851257,20.361914160910615,20.616320551781012,20.8646884591455,21.10665420502588,21.34179581143874,21.569616577351347,21.78952155889045,22.00078252745844,22.20248310461636,22.39342715303696,22.571971899120786,22.73568322264647,22.880464172479215,22.99722692970821,22.99722692970821,22.880464172479215,22.73568322264647,22.57197189912079,22.393427153036964,22.20248310461636,22.00078252745844,21.78952155889045,21.569616577351347,21.34179581143874,21.10665420502588,20.864688459145505,20.616320551781012,20.361914160910615,20.10178650851257,19.83621713507543,19.56545454972977,19.28972136965503,19.009218359756083,18.72412765534925,18.43461536696836,18.14083371042628,17.842922766927096,17.541011951217957,17.235221246679963,16.92566225243563,16.612439077391713,16.295649108566742,15.975383675341728,15.651728626914124,15.324764836873639,14.99456864620036,14.66121225392814,14.324764063085262,13.985288988221898,13.642848729785522,13.297502019756191,12.949304842261059,12.598310632319306,12.244570455399796,11.888133170084986,11.529045575810276,11.167352547376318,10.803097157703172,10.43632079010195,10.067063241175433,9.695362815319411,9.321256411676986,8.944779604295226,8.56596671614538,8.184850887591312,7.801464139824615,7.415837433727338,7.028000724572964,6.637983012932489,6.245812392113789,5.851516092428902,5.455120522553749,5.056651308218804,4.656133328445641,4.253590749523845,3.849047056904304,3.4425250851685547,3.0340470462192073
3.3372152320957333,3.745693271045077,4.15221524278083,4.556758935400367,4.9593015143221635,5.359819494095326,5.758288708430271,6.1546842783054245,6.548980577990314,6.941151198809013,7.331168910449488,7.719005619603859,8.104632325701138,8.488019073467834,8.869134902021905,9.24794779017175,9.62442459755351,9.998531001195936,10.370231427051957,10.739488975978476,11.106265343579695,11.47052073325284,11.8322137616868,12.19130135596151,12.54773864127632,12.90147881819583,13.252473028137583,13.600670205632714,13.946016915662044,14.288457174098419,14.627932248961784,14.964380439804664,15.297736832076883,15.627933022750163,15.954896812790649,16.278551861218254,16.598817294443265,16.91560726326823,17.22883043831215,17.538389432556485,17.84418013709448,18.14609095280362,18.444001896302805,18.73778355284488,19.027295841225772,19.312386545632606,19.592889555531556,19.868622735606294,20.139385320951952,20.404954694389097,20.665082346787138,20.919488737657534,21.167856645022027,21.409822390902402,21.644963997315262,21.87278476322787,22.09268974476697,22.303950713334963,22.50565129049288,22.696595338913486,22.875140084997312,23.03885140852299,23.18363235835574,23.30039511558473,23.30039511558473,23.18363235835574,23.03885140852299,22.875140084997312,22.696595338913486,22.50565129049288,22.303950713334963,22.09268974476697,21.87278476322787,21.644963997315262,21.409822390902406,21.167856645022027,20.919488737657534,20.665082346787138,20.404954694389097,20.139385320951952,19.868622735606294,19.592889555531556,19.312386545632606,19.027295841225772,18.737783552844885,18.444001896302805,18.14609095280362,17.84418013709448,17.538389432556485,17.22883043831215,16.915607263268235,16.598817294443265,16.27855186121825,15.954896812790649,15.627933022750163,15.297736832076883,14.964380439804664,14.627932248961784,14.288457174098422,13.946016915662046,13.600670205632715,13.252473028137583,12.90147881819583,12.54773864127632,12.19130135596151,11.8322137616868,11.470520733252842,11.106265343579697,10.739488975978475,10.370231427051957,9.998531001195936,9.62442459755351,9.24794779017175,8.869134902021905,8.488019073467836,8.10463232570114,7.7190056196038626,7.331168910449488,6.941151198809013,6.548980577990314,6.1546842783054245,5.758288708430271,5.359819494095326,4.9593015143221635,4.556758935400367,4.15221524278083,3.745693271045077,3.3372152320957333
3.5927659636508054,4.001244002600149,4.407765974335902,4.812309666955439,5.2148522458772355,5.615370225650398,6.013839439985343,6.4102350098604965,6.804531309545386,7.196701930364085,7.58671964200456,7.974556351158931,8.36018305725621,8.743569805022906,9.124685633576977,9.503498521726822,9.879975329108582,10.254081732751008,10.625782158607029,10.995039707533548,11.361816075134767,11.726071464807912,12.087764493241872,12.446852087516582,12.803289372831392,13.157029549750902,13.508023759692655,13.856220937187786,14.201567647217116,14.544007905653492,14.883482980516858,15.219931171359736,15.553287563631956,15.883483754305235,16.210447544345723,16.534102592773326,16.854368025998337,17.171157994823304,17.484381169867223,17.79394016411156,18.09973086864955,18.401641684358694,18.699552627857877,18.993334284399957,19.282846572780844,19.567937277187678,19.84844028708663,20.124173467161366,20.394936052507024,20.66050542594417,20.92063307834221,21.17503946921261,21.4234073765771,21.665373122457474,21.900514728870334,22.12833549478294,22.348240476322044,22.559501444890035,22.761202022047954,22.952146070468558,23.130690816552384,23.294402140078063,23.439183089910813,23.555945847139807,23.555945847139807,23.439183089910813,23.294402140078063,23.130690816552384,22.952146070468558,22.761202022047954,22.559501444890035,22.348240476322044,22.12833549478294,21.900514728870334,21.665373122457478,21.4234073765771,21.175039469212606,20.92063307834221,20.66050542594417,20.394936052507024,20.124173467161366,19.84844028708663,19.56793727718768,19.282846572780844,18.993334284399957,18.699552627857877,18.401641684358694,18.09973086864955,17.79394016411156,17.484381169867223,17.171157994823307,16.85436802599834,16.534102592773323,16.210447544345723,15.883483754305235,15.553287563631956,15.219931171359736,14.883482980516858,14.544007905653494,14.201567647217118,13.856220937187787,13.508023759692655,13.157029549750902,12.803289372831392,12.446852087516582,12.087764493241872,11.726071464807914,11.361816075134769,10.995039707533547,10.625782158607029,10.254081732751008,9.879975329108582,9.503498521726822,9.124685633576977,8.743569805022908,8.360183057256211,7.974556351158935,7.58671964200456,7.196701930364085,6.804531309545386,6.4102350098604965,6.013839439985343,5.615370225650398,5.2148522458772355,4.812309666955439,4.407765974335902,4.001244002600149,3.5927659636508054
3.7916001223585454,4.200078161307889,4.606600133043642,5.011143825663179,5.4136864045849755,5.814204384358138,6.212673598693083,6.609069168568237,7.003365468253126,7.395536089071825,7.7855538007123,8.173390509866671,8.55901721596395,8.942403963730646,9.323519792284717,9.702332680434562,10.078809487816322,10.452915891458748,10.824616317314769,11.193873866241288,11.560650233842507,11.924905623515652,12.286598651949612,12.645686246224322,13.002123531539132,13.355863708458642,13.706857918400395,14.055055095895526,14.400401805924858,14.742842064361234,15.0823171392246,15.418765330067476,15.752121722339698,16.082317913012975,16.409281703053463,16.732936751481066,17.053202184706077,17.369992153531044,17.683215328574967,17.9927743228193,18.298565027357295,18.600475843066434,18.898386786565617,19.192168443107697,19.481680731488584,19.766771435895418,20.04727444579437,20.323007625869106,20.593770211214764,20.85933958465191,21.11946723704995,21.37387362792035,21.62224153528484,21.864207281165218,22.099348887578074,22.32716965349068,22.547074635029787,22.758335603597775,22.960036180755694,23.150980229176298,23.329524975260124,23.493236298785803,23.638017248618553,23.754780005847547,23.754780005847547,23.638017248618553,23.493236298785806,23.329524975260124,23.150980229176298,22.960036180755694,22.758335603597775,22.547074635029787,22.32716965349068,22.099348887578074,21.864207281165218,21.622241535284843,21.373873627920347,21.11946723704995,20.85933958465191,20.593770211214764,20.323007625869106,20.04727444579437,19.76677143589542,19.481680731488588,19.192168443107697,18.898386786565617,18.600475843066434,18.298565027357295,17.9927743228193,17.683215328574967,17.369992153531047,17.05320218470608,16.732936751481063,16.409281703053463,16.082317913012975,15.752121722339698,15.418765330067476,15.0823171392246,14.742842064361234,14.400401805924858,14.05505509589553,13.706857918400395,13.355863708458642,13.002123531539132,12.645686246224322,12.286598651949612,11.924905623515654,11.560650233842509,11.193873866241287,10.824616317314769,10.452915891458748,10.078809487816322,9.702332680434562,9.323519792284717,8.942403963730648,8.559017215963951,8.173390509866675,7.7855538007123,7.395536089071825,7.003365468253126,6.609069168568237,6.212673598693083,5.814204384358138,5.4136864045849755,5.011143825663179,4.606600133043642,4.200078161307889,3.7916001223585454
3.926638035364711,4.335116074314055,4.7416380460498075,5.146181738669345,5.548724317591141,5.949242297364304,6.347711511699249,6.744107081574402,7.138403381259291,7.530574002077991,7.920591713718466,8.308428422872836,8.694055128970115,9.077441876736811,9.458557705290882,9.837370593440728,10.213847400822488,10.587953804464913,10.959654230320934,11.328911779247454,11.695688146848672,12.059943536521818,12.421636564955778,12.780724159230488,13.137161444545297,13.490901621464808,13.84189583140656,14.190093008901691,14.535439718931022,14.877879977367398,15.217355052230763,15.553803243073641,15.887159635345862,16.21735582601914,16.544319616059628,16.86797466448723,17.188240097712242,17.50503006653721,17.818253241581132,18.127812235825466,18.43360294036346,18.7355137560726,19.033424699571782,19.327206356113862,19.61671864449475,19.901809348901583,20.182312358800534,20.45804553887527,20.72880812422093,20.994377497658075,21.254505150056115,21.508911540926515,21.757279448291005,21.999245194171383,22.23438680058424,22.462207566496847,22.682112548035953,22.89337351660394,23.09507409376186,23.286018142182463,23.46456288826629,23.628274211791968,23.77305516162472,23.889817918853712,23.889817918853712,23.77305516162472,23.62827421179197,23.46456288826629,23.286018142182463,23.09507409376186,22.89337351660394,22.682112548035953,22.462207566496847,22.23438680058424,21.999245194171383,21.75727944829101,21.508911540926512,21.254505150056115,20.994377497658075,20.72880812422093,20.45804553887527,20.182312358800534,19.901809348901587,19.61671864449475,19.327206356113862,19.033424699571782,18.7355137560726,18.43360294036346,18.127812235825466,17.818253241581132,17.505030066537213,17.188240097712246,16.867974664487228,16.544319616059628,16.21735582601914,15.887159635345862,15.553803243073641,15.217355052230763,14.8778799773674,14.535439718931023,14.190093008901693,13.84189583140656,13.490901621464808,13.137161444545297,12.780724159230488,12.421636564955778,12.05994353652182,11.695688146848674,11.328911779247452,10.959654230320934,10.587953804464913,10.213847400822488,9.837370593440728,9.458557705290882,9.077441876736813,8.694055128970117,8.30842842287284,7.920591713718466,7.530574002077991,7.138403381259291,6.744107081574402,6.347711511699249,5.949242297364304,5.548724317591141,5.146181738669345,4.7416380460498075,4.335116074314055,3.926638035364711
3.99307155374148,4.401549592690824,4.808071564426577,5.212615257046114,5.61515783596791,6.015675815741073,6.414145030076018,6.810540599951171,7.20483689963606,7.59700752045476,7.987025232095235,8.374861941249605,8.760488647346886,9.143875395113582,9.524991223667651,9.903804111817497,10.280280919199257,10.654387322841682,11.026087748697705,11.395345297624225,11.762121665225443,12.126377054898587,12.488070083332548,12.847157677607257,13.203594962922068,13.557335139841577,13.90832934978333,14.25652652727846,14.601873237307792,14.944313495744169,15.283788570607534,15.62023676145041,15.953593153722633,16.28378934439591,16.610753134436397,16.934408182864,17.25467361608901,17.571463584913978,17.8846867599579,18.194245754202235,18.50003645874023,18.80194727444937,19.09985821794855,19.39363987449063,19.68315216287152,19.968242867278352,20.248745877177303,20.52447905725204,20.795241642597702,21.060811016034844,21.320938668432884,21.575345059303285,21.823712966667774,22.065678712548152,22.30082031896101,22.528641084873616,22.74854606641272,22.95980703498071,23.161507612138628,23.352451660559232,23.53099640664306,23.694707730168737,23.839488680001487,23.95625143723048,23.95625143723048,23.839488680001487,23.69470773016874,23.53099640664306,23.352451660559236,23.161507612138628,22.95980703498071,22.74854606641272,22.528641084873616,22.30082031896101,22.065678712548152,21.823712966667777,21.57534505930328,21.320938668432884,21.060811016034844,20.795241642597702,20.52447905725204,20.248745877177303,19.968242867278356,19.683152162871522,19.39363987449063,19.09985821794855,18.80194727444937,18.50003645874023,18.194245754202235,17.8846867599579,17.57146358491398,17.254673616089015,16.934408182863997,16.610753134436397,16.28378934439591,15.953593153722633,15.62023676145041,15.283788570607534,14.944313495744169,14.601873237307792,14.256526527278464,13.90832934978333,13.557335139841577,13.203594962922068,12.847157677607257,12.488070083332548,12.12637705489859,11.762121665225443,11.395345297624221,11.026087748697705,10.654387322841682,10.280280919199257,9.903804111817497,9.524991223667651,9.143875395113582,8.760488647346886,8.374861941249609,7.987025232095235,7.59700752045476,7.20483689963606,6.810540599951171,6.414145030076018,6.015675815741073,5.61515783596791,5.212615257046114,4.808071564426577,4.401549592690824,3.99307155374148
3.9885352510464323,4.397013289995776,4.803535261731529,5.208078954351066,5.610621533272862,6.011139513046025,6.40960872738097,6.806004297256123,7.2003005969410125,7.592471217759712,7.982488929400187,8.370325638554558,8.755952344651837,9.139339092418533,9.520454920972604,9.899267809122449,10.275744616504209,10.649851020146635,11.021551446002656,11.390808994929175,11.757585362530394,12.12184075220354,12.483533780637499,12.84262137491221,13.199058660227019,13.552798837146529,13.903793047088282,14.251990224583412,14.597336934612743,14.93977719304912,15.279252267912485,15.615700458755363,15.949056851027583,16.279253041700862,16.60621683174135,16.929871880168953,17.250137313393964,17.56692728221893,17.88015045726285,18.189709451507188,18.495500156045182,18.797410971754317,19.095321915253503,19.38910357179558,19.67861586017647,19.963706564583305,20.244209574482255,20.519942754556993,20.79070533990265,21.056274713339796,21.316402365737837,21.570808756608237,21.819176663972726,22.061142409853105,22.29628401626596,22.52410478217857,22.74400976371767,22.955270732285662,23.15697130944358,23.347915357864185,23.52646010394801,23.69017142747369,23.83495237730644,23.951715134535434,23.951715134535434,23.83495237730644,23.690171427473693,23.52646010394801,23.347915357864185,23.15697130944358,22.955270732285662,22.74400976371767,22.52410478217857,22.29628401626596,22.061142409853105,21.819176663972726,21.570808756608233,21.316402365737837,21.056274713339796,20.79070533990265,20.519942754556993,20.244209574482255,19.963706564583305,19.67861586017647,19.389103571795584,19.095321915253503,18.797410971754317,18.495500156045182,18.189709451507188,17.88015045726285,17.566927282218934,17.250137313393967,16.92987188016895,16.60621683174135,16.279253041700862,15.949056851027583,15.615700458755363,15.279252267912485,14.939777193049121,14.597336934612745,14.251990224583414,13.903793047088282,13.552798837146529,13.199058660227019,12.84262137491221,12.483533780637499,12.121840752203541,11.757585362530396,11.390808994929174,11.021551446002656,10.649851020146635,10.275744616504209,9.899267809122449,9.520454920972604,9.139339092418535,8.755952344651838,8.370325638554561,7.982488929400187,7.592471217759712,7.2003005969410125,6.806004297256123,6.40960872738097,6.011139513046025,5.610621533272862,5.208078954351066,4.803535261731529,4.397013289995776,3.9885352510464323
3.9131906465037147,4.321668685453059,4.7281906571888115,5.132734349808349,5.535276928730145,5.935794908503308,6.334264122838253,6.730659692713406,7.124955992398295,7.517126613216995,7.9071443248574695,8.29498103401184,8.680607740109119,9.063994487875815,9.445110316429886,9.823923204579732,10.200400011961491,10.574506415603917,10.946206841459938,11.315464390386458,11.682240757987676,12.046496147660822,12.408189176094782,12.767276770369492,13.123714055684301,13.477454232603812,13.828448442545564,14.176645620040695,14.521992330070027,14.864432588506403,15.203907663369769,15.540355854212645,15.873712246484867,16.203908437158145,16.530872227198632,16.854527275626236,17.174792708851246,17.491582677676213,17.804805852720136,18.11436484696447,18.420155551502464,18.722066367211603,19.019977310710786,19.313758967252866,19.603271255633754,19.888361960040587,20.168864969939538,20.444598150014276,20.715360735359933,20.98093010879708,21.24105776119512,21.49546415206552,21.74383205943001,21.985797805310387,22.220939411723243,22.44876017763585,22.668665159174957,22.879926127742944,23.081626704900863,23.272570753321467,23.451115499405294,23.614826822930972,23.759607772763722,23.876370529992716,23.876370529992716,23.759607772763722,23.614826822930976,23.451115499405294,23.272570753321467,23.081626704900863,22.879926127742944,22.668665159174957,22.44876017763585,22.220939411723243,21.985797805310387,21.743832059430012,21.495464152065516,21.24105776119512,20.98093010879708,20.715360735359933,20.444598150014276,20.168864969939538,19.88836196004059,19.603271255633757,19.313758967252866,19.019977310710786,18.722066367211603,18.420155551502464,18.11436484696447,17.804805852720136,17.491582677676217,17.17479270885125,16.854527275626232,16.530872227198632,16.203908437158145,15.873712246484867,15.540355854212645,15.203907663369769,14.864432588506403,14.521992330070027,14.176645620040699,13.828448442545564,13.477454232603812,13.123714055684301,12.767276770369492,12.408189176094782,12.046496147660823,11.682240757987678,11.315464390386456,10.946206841459938,10.574506415603917,10.200400011961491,9.823923204579732,9.445110316429886,9.063994487875817,8.68060774010912,8.294981034011844,7.9071443248574695,7.517126613216995,7.124955992398295,6.730659692713406,6.334264122838253,5.935794908503308,5.535276928730145,5.132734349808349,4.7281906571888115,4.321668685453059,3.9131906465037147
3.769720453963714,4.178198492913058,4.584720464648811,4.989264157268348,5.391806736190144,5.792324715963307,6.190793930298252,6.587189500173405,6.981485799858294,7.373656420676994,7.763674132317469,8.15151084147184,8.53713754756912,8.920524295335817,9.301640123889886,9.680453012039731,10.056929819421491,10.431036223063916,10.80273664891994,11.171994197846459,11.538770565447678,11.903025955120821,12.264718983554783,12.623806577829491,12.980243863144302,13.333984040063811,13.684978250005564,14.033175427500694,14.378522137530027,14.720962395966403,15.060437470829768,15.396885661672645,15.730242053944867,16.060438244618144,16.38740203465863,16.711057083086235,17.031322516311246,17.348112485136213,17.661335660180136,17.97089465442447,18.276685358962464,18.578596174671603,18.876507118170785,19.170288774712866,19.459801063093753,19.744891767500587,20.025394777399537,20.301127957474275,20.571890542819936,20.837459916257078,21.09758756865512,21.35199395952552,21.600361866890008,21.842327612770386,22.077469219183243,22.30528998509585,22.525194966634956,22.736455935202944,22.938156512360866,23.129100560781467,23.307645306865293,23.47135663039097,23.61613758022372,23.732900337452715,23.732900337452715,23.61613758022372,23.471356630390975,23.307645306865293,23.12910056078147,22.938156512360866,22.736455935202944,22.525194966634956,22.30528998509585,22.077469219183243,21.842327612770386,21.60036186689001,21.351993959525515,21.09758756865512,20.837459916257078,20.571890542819936,20.301127957474275,20.025394777399537,19.74489176750059,19.459801063093757,19.170288774712866,18.876507118170785,18.578596174671603,18.276685358962464,17.97089465442447,17.661335660180136,17.348112485136216,17.03132251631125,16.71105708308623,16.38740203465863,16.060438244618144,15.730242053944867,15.396885661672645,15.060437470829768,14.720962395966403,14.378522137530027,14.033175427500698,13.684978250005564,13.333984040063811,12.980243863144302,12.623806577829491,12.264718983554783,11.903025955120825,11.538770565447678,11.171994197846455,10.80273664891994,10.431036223063916,10.056929819421491,9.680453012039731,9.301640123889886,8.920524295335817,8.53713754756912,8.151510841471843,7.763674132317469,7.373656420676994,6.981485799858294,6.587189500173405,6.190793930298252,5.792324715963307,5.391806736190144,4.989264157268348,4.584720464648811,4.178198492913058,3.769720453963714
3.56323306141228,3.971711100361624,4.378233072097377,4.782776764716914,5.18531934363871,5.585837323411873,5.984306537746818,6.380702107621971,6.77499840730686,7.16716902812556,7.557186739766035,7.945023448920406,8.330650155017684,8.71403690278438,9.095152731338452,9.473965619488297,9.850442426870057,10.224548830512482,10.596249256368504,10.965506805295023,11.332283172896242,11.696538562569387,12.058231591003347,12.417319185278057,12.773756470592867,13.127496647512377,13.47849085745413,13.82668803494926,14.17203474497859,14.514475003414967,14.853950078278332,15.19039826912121,15.523754661393431,15.85395085206671,16.180914642107197,16.5045696905348,16.82483512375981,17.141625092584782,17.454848267628698,17.764407261873036,18.07019796641103,18.37210878212017,18.67001972561935,18.96380138216143,19.25331367054232,19.538404374949152,19.818907384848103,20.09464056492284,20.3654031502685,20.630972523705644,20.891100176103684,21.145506566974085,21.393874474338574,21.635840220218952,21.87098182663181,22.098802592544416,22.318707574083522,22.52996854265151,22.73166911980943,22.922613168230033,23.10115791431386,23.264869237839537,23.409650187672288,23.52641294490128,23.52641294490128,23.409650187672288,23.26486923783954,23.10115791431386,22.922613168230033,22.73166911980943,22.52996854265151,22.318707574083522,22.098802592544416,21.87098182663181,21.635840220218952,21.393874474338574,21.14550656697408,20.891100176103684,20.630972523705644,20.3654031502685,20.09464056492284,19.818907384848103,19.538404374949156,19.25331367054232,18.96380138216143,18.67001972561935,18.37210878212017,18.07019796641103,17.764407261873036,17.454848267628698,17.141625092584782,16.824835123759815,16.5045696905348,16.180914642107197,15.85395085206671,15.523754661393431,15.19039826912121,14.853950078278332,14.514475003414969,14.172034744978593,13.826688034949262,13.47849085745413,13.127496647512377,12.773756470592867,12.417319185278057,12.058231591003347,11.696538562569389,11.332283172896243,10.965506805295021,10.596249256368504,10.224548830512482,9.850442426870057,9.473965619488297,9.095152731338452,8.714036902784382,8.330650155017686,7.945023448920409,7.557186739766035,7.16716902812556,6.77499840730686,6.380702107621971,5.984306537746818,5.585837323411873,5.18531934363871,4.782776764716914,4.378233072097377,3.971711100361624,3.56323306141228
3.3010806421243295,3.7095586810736734,4.116080652809426,4.520624345428963,4.92316692435076,5.3236849041239225,5.722154118458867,6.118549688334021,6.51284598801891,6.9050166088376095,7.295034320478084,7.682871029632455,8.068497735729734,8.45188448349643,8.833000312050501,9.211813200200346,9.588290007582106,9.962396411224532,10.334096837080553,10.703354386007073,11.070130753608291,11.434386143281436,11.796079171715396,12.155166765990106,12.511604051304916,12.865344228224426,13.21633843816618,13.56453561566131,13.90988232569064,14.252322584127018,14.591797658990384,14.92824584983326,15.261602242105482,15.59179843277876,15.918762222819247,16.24241727124685,16.56268270447186,16.87947267329683,17.192695848340747,17.502254842585085,17.80804554712308,18.109956362832218,18.4078673063314,18.70164896287348,18.99116125125437,19.276251955661202,19.556754965560152,19.83248814563489,20.103250730980548,20.368820104417694,20.628947756815734,20.883354147686134,21.131722055050624,21.373687800931002,21.60882940734386,21.836650173256466,22.05655515479557,22.26781612336356,22.469516700521478,22.660460748942082,22.83900549502591,23.002716818551587,23.147497768384337,23.26426052561333,23.26426052561333,23.147497768384337,23.00271681855159,22.83900549502591,22.660460748942086,22.469516700521478,22.26781612336356,22.05655515479557,21.836650173256466,21.60882940734386,21.373687800931002,21.131722055050627,20.88335414768613,20.628947756815734,20.368820104417694,20.103250730980548,19.83248814563489,19.556754965560152,19.276251955661206,18.99116125125437,18.70164896287348,18.4078673063314,18.109956362832218,17.80804554712308,17.502254842585085,17.192695848340747,16.87947267329683,16.562682704471865,16.24241727124685,15.918762222819247,15.59179843277876,15.261602242105482,14.92824584983326,14.591797658990384,14.252322584127018,13.909882325690642,13.564535615661311,13.21633843816618,12.865344228224426,12.511604051304916,12.155166765990106,11.796079171715396,11.434386143281438,11.070130753608293,10.70335438600707,10.334096837080553,9.962396411224532,9.588290007582106,9.211813200200346,8.833000312050501,8.451884483496432,8.068497735729736,7.682871029632459,7.295034320478084,6.9050166088376095,6.51284598801891,6.118549688334021,5.722154118458867,5.3236849041239225,4.92316692435076,4.520624345428963,4.116080652809426,3.7095586810736734,3.3010806421243295
2.9925973737812583,3.401075412730602,3.807597384466355,4.212141077085892,4.6146836560076885,5.015201635780851,5.413670850115796,5.8100664199909495,6.204362719675839,6.596533340494538,6.986551052135013,7.374387761289384,7.760014467386663,8.143401215153359,8.52451704370743,8.903329931857275,9.279806739239035,9.65391314288146,10.025613568737482,10.394871117664001,10.76164748526522,11.125902874938365,11.487595903372325,11.846683497647035,12.203120782961845,12.556860959881355,12.907855169823108,13.256052347318239,13.60139905734757,13.943839315783945,14.283314390647309,14.619762581490189,14.953118973762408,15.283315164435688,15.610278954476174,15.93393400290378,16.25419943612879,16.570989404953757,16.884212579997676,17.193771574242014,17.499562278780004,17.801473094489143,18.09938403798833,18.393165694530406,18.682677982911294,18.967768687318127,19.248271697217078,19.524004877291816,19.794767462637477,20.060336836074622,20.320464488472663,20.57487087934306,20.823238786707552,21.065204532587927,21.300346139000787,21.528166904913395,21.748071886452497,21.959332855020488,22.161033432178407,22.35197748059901,22.530522226682837,22.694233550208516,22.839014500041266,22.955777257270256,22.955777257270256,22.839014500041266,22.694233550208516,22.530522226682837,22.35197748059901,22.161033432178407,21.959332855020488,21.748071886452497,21.528166904913395,21.300346139000787,21.06520453258793,20.823238786707552,20.57487087934306,20.320464488472663,20.060336836074622,19.794767462637477,19.524004877291816,19.248271697217078,18.96776868731813,18.682677982911297,18.39316569453041,18.09938403798833,17.801473094489143,17.499562278780004,17.193771574242014,16.884212579997676,16.57098940495376,16.254199436128793,15.933934002903776,15.610278954476174,15.283315164435688,14.953118973762408,14.619762581490189,14.283314390647309,13.943839315783947,13.601399057347571,13.25605234731824,12.907855169823108,12.556860959881355,12.203120782961845,11.846683497647035,11.487595903372325,11.125902874938367,10.761647485265222,10.394871117664,10.025613568737482,9.65391314288146,9.279806739239035,8.903329931857275,8.52451704370743,8.14340121515336,7.7600144673866644,7.3743877612893876,6.986551052135013,6.596533340494538,6.204362719675839,5.8100664199909495,5.413670850115796,5.015201635780851,4.6146836560076885,4.212141077085892,3.807597384466355,3.401075412730602,2.9925973737812583
2.64876708650095,3.0572451254502937,3.4637670971860466,3.8683107898055837,4.27085336872738,4.671371348500543,5.069840562835488,5.466236132710641,5.86053243239553,6.252703053214228,6.642720764854703,7.030557474009074,7.416184180106352,7.799570927873049,8.18068675642712,8.559499644576965,8.935976451958725,9.31008285560115,9.681783281457172,10.051040830383691,10.41781719798491,10.782072587658055,11.143765616092015,11.502853210366725,11.859290495681535,12.213030672601045,12.564024882542798,12.912222060037928,13.257568770067259,13.600009028503635,13.939484103367,14.275932294209879,14.609288686482099,14.939484877155378,15.266448667195863,15.590103715623469,15.91036914884848,16.227159117673448,16.540382292717368,16.849941286961702,17.155731991499696,17.457642807208835,17.755553750708017,18.049335407250098,18.338847695630985,18.62393840003782,18.90444140993677,19.180174590011507,19.45093717535717,19.71650654879431,19.976634201192354,20.23104059206275,20.479408499427244,20.72137424530762,20.95651585172048,21.184336617633086,21.404241599172188,21.61550256774018,21.817203144898098,22.008147193318703,22.186691939402525,22.350403262928207,22.495184212760954,22.611946969989948,22.611946969989948,22.495184212760954,22.350403262928207,22.18669193940253,22.008147193318703,21.817203144898098,21.61550256774018,21.404241599172188,21.184336617633086,20.95651585172048,20.721374245307622,20.479408499427244,20.23104059206275,19.976634201192354,19.71650654879431,19.45093717535717,19.180174590011507,18.90444140993677,18.623938400037822,18.33884769563099,18.0493354072501,17.755553750708017,17.457642807208835,17.155731991499696,16.849941286961702,16.540382292717368,16.22715911767345,15.910369148848481,15.590103715623467,15.266448667195863,14.939484877155378,14.609288686482099,14.275932294209879,13.939484103367,13.600009028503637,13.25756877006726,12.91222206003793,12.564024882542798,12.213030672601045,11.859290495681535,11.502853210366725,11.143765616092015,10.782072587658057,10.417817197984911,10.05104083038369,9.681783281457172,9.31008285560115,8.935976451958725,8.559499644576965,8.18068675642712,7.7995709278730505,7.416184180106354,7.030557474009077,6.642720764854703,6.252703053214228,5.86053243239553,5.466236132710641,5.069840562835488,4.671371348500543,4.27085336872738,3.8683107898055837,3.4637670971860466,3.0572451254502937,2.64876708650095
2.2818321734775466,2.6903102124268905,3.0968321841626434,3.5013758767821805,3.9039184557039768,4.30443643547714,4.7029056498120845,5.099301219687238,5.493597519372127,5.885768140190827,6.275785851831301,6.663622560985672,7.049249267082951,7.432636014849647,7.813751843403718,8.192564731553563,8.569041538935323,8.943147942577749,9.31484836843377,9.68410591736029,10.050882284961508,10.415137674634654,10.776830703068613,11.135918297343324,11.492355582658133,11.846095759577643,12.197089969519396,12.545287147014527,12.890633857043857,13.233074115480234,13.572549190343599,13.908997381186477,14.242353773458698,14.572549964131976,14.899513754172464,15.223168802600068,15.543434235825078,15.860224204650047,16.173447379693968,16.483006373938302,16.788797078476293,17.090707894185435,17.388618837684618,17.682400494226698,17.971912782607586,18.25700348701442,18.53750649691337,18.813239676988108,19.084002262333765,19.34957163577091,19.60969928816895,19.86410567903935,20.11247358640384,20.35443933228422,20.589580938697075,20.817401704609683,21.03730668614879,21.248567654716776,21.450268231874695,21.6412122802953,21.819757026379126,21.983468349904804,22.128249299737554,22.245012056966548,22.245012056966548,22.128249299737554,21.983468349904808,21.819757026379126,21.6412122802953,21.450268231874695,21.248567654716776,21.03730668614879,20.817401704609683,20.589580938697075,20.35443933228422,20.112473586403844,19.864105679039348,19.60969928816895,19.34957163577091,19.084002262333765,18.813239676988108,18.53750649691337,18.257003487014423,17.97191278260759,17.682400494226698,17.388618837684618,17.090707894185435,16.788797078476293,16.483006373938302,16.173447379693968,15.860224204650049,15.543434235825082,15.223168802600066,14.899513754172464,14.572549964131976,14.242353773458698,13.908997381186477,13.572549190343599,13.233074115480235,12.89063385704386,12.545287147014529,12.197089969519396,11.846095759577643,11.492355582658133,11.135918297343324,10.776830703068613,10.415137674634655,10.05088228496151,9.684105917360288,9.31484836843377,8.943147942577749,8.569041538935323,8.192564731553563,7.813751843403718,7.432636014849649,7.049249267082953,6.663622560985676,6.275785851831301,5.885768140190827,5.493597519372127,5.099301219687238,4.7029056498120845,4.30443643547714,3.9039184557039768,3.5013758767821805,3.0968321841626434,2.6903102124268905,2.2818321734775466
1.904857689326878,2.313335728276222,2.719857700011975,3.124401392631512,3.526943971553308,3.927461951326471,4.325931165661416,4.722326735536569,5.116623035221458,5.508793656040158,5.898811367680633,6.286648076835004,6.672274782932282,7.055661530698979,7.43677735925305,7.815590247402895,8.192067054784655,8.56617345842708,8.937873884283102,9.307131433209621,9.67390780081084,10.038163190483985,10.399856218917945,10.758943813192655,11.115381098507465,11.469121275426975,11.820115485368728,12.168312662863858,12.513659372893189,12.856099631329565,13.19557470619293,13.532022897035809,13.865379289308029,14.195575479981308,14.522539270021795,14.846194318449399,15.16645975167441,15.483249720499376,15.796472895543296,16.106031889787634,16.411822594325628,16.713733410034763,17.01164435353395,17.305426010076026,17.594938298456917,17.88002900286375,18.1605320127627,18.43626519283744,18.707027778183097,18.972597151620242,19.232724804018282,19.487131194888683,19.735499102253172,19.97746484813355,20.212606454546407,20.440427220459014,20.660332201998116,20.871593170566108,21.073293747724026,21.26423779614463,21.442782542228457,21.606493865754135,21.751274815586886,21.86803757281588,21.86803757281588,21.751274815586886,21.606493865754135,21.442782542228457,21.26423779614463,21.073293747724026,20.871593170566108,20.660332201998116,20.440427220459014,20.212606454546407,19.97746484813355,19.735499102253172,19.48713119488868,19.232724804018282,18.972597151620242,18.707027778183097,18.43626519283744,18.1605320127627,17.88002900286375,17.594938298456917,17.30542601007603,17.01164435353395,16.713733410034763,16.411822594325628,16.106031889787634,15.796472895543296,15.48324972049938,15.166459751674413,14.846194318449395,14.522539270021795,14.195575479981308,13.865379289308029,13.532022897035809,13.19557470619293,12.856099631329567,12.51365937289319,12.16831266286386,11.820115485368728,11.469121275426975,11.115381098507465,10.758943813192655,10.399856218917945,10.038163190483987,9.673907800810841,9.30713143320962,8.937873884283102,8.56617345842708,8.192067054784655,7.815590247402895,7.43677735925305,7.0556615306989805,6.672274782932284,6.286648076835007,5.898811367680633,5.508793656040158,5.116623035221458,4.722326735536569,4.325931165661416,3.927461951326471,3.526943971553308,3.124401392631512,2.719857700011975,2.313335728276222,1.904857689326878
1.531266156816315,1.939744195765659,2.346266167501412,2.750809860120949,3.153352439042745,3.553870418815908,3.952339633150853,4.348735203026006,4.743031502710895,5.135202123529595,5.52521983517007,5.913056544324441,6.298683250421719,6.682069998188416,7.063185826742487,7.441998714892332,7.818475522274092,8.192581925916517,8.564282351772539,8.933539900699058,9.300316268300277,9.664571657973422,10.026264686407382,10.385352280682092,10.741789565996902,11.095529742916412,11.446523952858165,11.794721130353295,12.140067840382626,12.482508098819002,12.821983173682368,13.158431364525246,13.491787756797466,13.821983947470745,14.148947737511232,14.472602785938836,14.792868219163847,15.109658187988813,15.422881363032733,15.73244035727707,16.03823106181506,16.340141877524204,16.638052821023386,16.931834477565467,17.221346765946354,17.506437470353188,17.786940480252138,18.062673660326872,18.333436245672534,18.59900561910968,18.85913327150772,19.113539662378116,19.36190756974261,19.603873315622984,19.839014922035844,20.06683568794845,20.286740669487553,20.498001638055545,20.699702215213463,20.890646263634068,21.069191009717894,21.232902333243572,21.377683283076323,21.494446040305316,21.494446040305316,21.377683283076323,21.232902333243572,21.069191009717894,20.890646263634068,20.699702215213463,20.498001638055545,20.286740669487553,20.06683568794845,19.839014922035844,19.603873315622987,19.36190756974261,19.113539662378116,18.85913327150772,18.59900561910968,18.333436245672534,18.062673660326872,17.786940480252138,17.50643747035319,17.221346765946354,16.931834477565467,16.638052821023386,16.340141877524204,16.03823106181506,15.73244035727707,15.422881363032733,15.109658187988817,14.79286821916385,14.472602785938832,14.148947737511232,13.821983947470745,13.491787756797466,13.158431364525246,12.821983173682368,12.482508098819004,12.140067840382628,11.794721130353297,11.446523952858165,11.095529742916412,10.741789565996902,10.385352280682092,10.026264686407382,9.664571657973424,9.300316268300278,8.933539900699056,8.564282351772539,8.192581925916517,7.818475522274092,7.441998714892332,7.063185826742487,6.6820699981884175,6.298683250421721,5.913056544324444,5.52521983517007,5.135202123529595,4.743031502710895,4.348735203026006,3.952339633150853,3.553870418815908,3.153352439042745,2.750809860120949,2.346266167501412,1.939744195765659,1.531266156816315
1.1743596456127712,1.582837684562115,1.989359656297868,2.393903348917405,2.7964459278392013,3.196963907612364,3.595433121947309,3.9918286918224624,4.3861249915073515,4.778295612326051,5.168313323966526,5.556150033120897,5.941776739218174,6.325163486984872,6.706279315538943,7.085092203688788,7.461569011070548,7.8356754147129735,8.207375840568995,8.576633389495514,8.943409757096733,9.307665146769878,9.669358175203838,10.028445769478548,10.384883054793358,10.738623231712868,11.089617441654621,11.437814619149751,11.783161329179082,12.125601587615458,12.465076662478824,12.801524853321702,13.134881245593922,13.465077436267201,13.792041226307687,14.115696274735292,14.435961707960303,14.75275167678527,15.06597485182919,15.375533846073525,15.681324550611517,15.983235366320656,16.281146309819842,16.57492796636192,16.86444025474281,17.149530959149644,17.430033969048594,17.705767149123332,17.97652973446899,18.242099107906135,18.502226760304175,18.756633151174572,19.005001058539065,19.24696680441944,19.4821084108323,19.709929176744907,19.92983415828401,20.141095126852,20.34279570400992,20.533739752430524,20.71228449851435,20.87599582204003,21.02077677187278,21.13753952910177,21.13753952910177,21.02077677187278,20.87599582204003,20.71228449851435,20.533739752430524,20.34279570400992,20.141095126852,19.92983415828401,19.709929176744907,19.4821084108323,19.246966804419444,19.005001058539065,18.756633151174572,18.502226760304175,18.242099107906135,17.97652973446899,17.705767149123332,17.430033969048594,17.149530959149644,16.86444025474281,16.574927966361923,16.281146309819842,15.983235366320656,15.681324550611517,15.375533846073525,15.06597485182919,14.752751676785273,14.435961707960304,14.115696274735289,13.792041226307687,13.465077436267201,13.134881245593922,12.801524853321702,12.465076662478824,12.12560158761546,11.783161329179084,11.437814619149753,11.089617441654621,10.738623231712868,10.384883054793358,10.028445769478548,9.669358175203838,9.30766514676988,8.943409757096735,8.576633389495512,8.207375840568995,7.8356754147129735,7.461569011070548,7.085092203688788,6.706279315538943,6.325163486984874,5.941776739218177,5.5561500331209,5.168313323966526,4.778295612326051,4.3861249915073515,3.9918286918224624,3.595433121947309,3.196963907612364,2.7964459278392013,2.393903348917405,1.989359656297868,1.582837684562115,1.1743596456127712
0.8468461398739713,1.2553241788233152,1.661846150559068,2.066389843178605,2.4689324221004014,2.8694504018735643,3.267919616208509,3.6643151860836625,4.058611485768552,4.450782106587251,4.840799818227726,5.228636527382097,5.614263233479374,5.99764998124607,6.378765809800143,6.757578697949988,7.134055505331748,7.508161908974174,7.879862334830193,8.249119883756713,8.615896251357931,8.980151641031078,9.341844669465036,9.700932263739748,10.057369549054556,10.411109725974068,10.762103935915821,11.110301113410952,11.45564782344028,11.798088081876656,12.137563156740022,12.474011347582902,12.80736773985512,13.137563930528401,13.464527720568887,13.788182768996492,14.108448202221503,14.42523817104647,14.73846134609039,15.048020340334725,15.353811044872717,15.655721860581856,15.953632804081042,16.24741446062312,16.53692674900401,16.822017453410844,17.102520463309794,17.378253643384532,17.64901622873019,17.914585602167335,18.174713254565376,18.429119645435772,18.677487552800265,18.91945329868064,19.1545949050935,19.382415671006108,19.60232065254521,19.8135816211132,20.01528219827112,20.206226246691724,20.38477099277555,20.54848231630123,20.69326326613398,20.81002602336297,20.81002602336297,20.69326326613398,20.54848231630123,20.38477099277555,20.206226246691724,20.01528219827112,19.8135816211132,19.60232065254521,19.382415671006108,19.1545949050935,18.919453298680644,18.677487552800265,18.429119645435772,18.174713254565376,17.914585602167335,17.64901622873019,17.378253643384532,17.102520463309794,16.822017453410844,16.53692674900401,16.247414460623123,15.953632804081042,15.655721860581856,15.353811044872717,15.048020340334725,14.73846134609039,14.425238171046473,14.108448202221505,13.788182768996489,13.464527720568887,13.137563930528401,12.80736773985512,12.474011347582902,12.137563156740022,11.79808808187666,11.455647823440284,11.110301113410952,10.762103935915821,10.411109725974068,10.057369549054556,9.700932263739748,9.341844669465036,8.980151641031078,8.615896251357935,8.249119883756713,7.879862334830193,7.508161908974174,7.134055505331748,6.757578697949988,6.378765809800143,5.997649981246074,5.614263233479377,5.2286365273821005,4.840799818227726,4.450782106587251,4.058611485768552,3.6643151860836625,3.267919616208509,2.8694504018735643,2.4689324221004014,2.066389843178605,1.661846150559068,1.2553241788233152,0.8468461398739713
0.5603870587999538,0.9688650977492976,1.3753870694850505,1.7799307621045877,2.182473341026384,2.5829913207995467,2.9814605351344916,3.377856105009645,3.772152404694534,4.164323025513234,4.554340737153709,4.942177446308079,5.32780415240536,5.711190900172056,6.092306728726125,6.471119616875971,6.8475964242577305,7.221702827900156,7.593403253756177,7.962660802682697,8.329437170283915,8.69369255995706,9.05538558839102,9.41447318266573,9.77091046798054,10.12465064490005,10.475644854841804,10.823842032336934,11.169188742366265,11.51162900080264,11.851104075666006,12.187552266508884,12.520908658781105,12.851104849454384,13.178068639494871,13.501723687922475,13.821989121147485,14.138779089972452,14.452002265016372,14.76156125926071,15.067351963798702,15.36926277950784,15.667173723007025,15.960955379549103,16.250467667929993,16.535558372336826,16.816061382235777,17.091794562310515,17.362557147656172,17.628126521093318,17.888254173491358,18.14266056436176,18.391028471726248,18.632994217606623,18.868135824019483,19.09595658993209,19.315861571471196,19.527122540039183,19.728823117197102,19.919767165617706,20.098311911701533,20.26202323522721,20.40680418505996,20.523566942288955,20.523566942288955,20.40680418505996,20.26202323522721,20.098311911701533,19.919767165617706,19.728823117197102,19.527122540039183,19.315861571471196,19.09595658993209,18.868135824019483,18.632994217606626,18.39102847172625,18.142660564361755,17.888254173491358,17.628126521093318,17.362557147656172,17.091794562310515,16.816061382235777,16.53555837233683,16.250467667929993,15.960955379549105,15.667173723007025,15.36926277950784,15.067351963798702,14.76156125926071,14.452002265016372,14.138779089972456,13.821989121147489,13.501723687922473,13.178068639494871,12.851104849454384,12.520908658781105,12.187552266508884,11.851104075666006,11.511629000802643,11.169188742366266,10.823842032336936,10.475644854841804,10.12465064490005,9.77091046798054,9.41447318266573,9.05538558839102,8.693692559957062,8.329437170283917,7.962660802682695,7.593403253756177,7.221702827900156,6.8475964242577305,6.471119616875971,6.092306728726125,5.711190900172056,5.32780415240536,4.942177446308083,4.554340737153709,4.164323025513234,3.772152404694534,3.377856105009645,2.9814605351344916,2.5829913207995467,2.182473341026384,1.7799307621045877,1.3753870694850505,0.9688650977492976,0.5603870587999538
0.3251820410912103,0.7336600800405542,1.140182051776307,1.5447257443958442,1.9472683233176404,2.3477863030908033,2.746255517425748,3.1426510873009015,3.5369473869857906,3.9291180078044903,4.319135719444965,4.706972428599336,5.092599134696616,5.475985882463313,5.857101711017382,6.235914599167227,6.612391406548987,6.986497810191413,7.358198236047434,7.727455784973953,8.094232152575172,8.458487542248317,8.820180570682277,9.179268164956987,9.535705450271797,9.889445627191307,10.24043983713306,10.58863701462819,10.933983724657521,11.276423983093897,11.615899057957263,11.952347248800141,12.285703641072361,12.61589983174564,12.942863621786127,13.266518670213731,13.586784103438742,13.90357407226371,14.216797247307628,14.526356241551966,14.832146946089958,15.134057761799097,15.431968705298281,15.72575036184036,16.01526265022125,16.300353354628083,16.580856364527033,16.85658954460177,17.12735212994743,17.392921503384574,17.653049155782615,17.907455546653015,18.155823454017504,18.39778919989788,18.63293080631074,18.860751572223347,19.080656553762452,19.29191752233044,19.49361809948836,19.684562147908963,19.86310689399279,20.026818217518468,20.171599167351218,20.28836192458021,20.28836192458021,20.171599167351218,20.026818217518468,19.86310689399279,19.684562147908963,19.49361809948836,19.29191752233044,19.080656553762452,18.860751572223347,18.63293080631074,18.397789199897883,18.155823454017508,17.90745554665301,17.653049155782615,17.392921503384574,17.12735212994743,16.85658954460177,16.580856364527033,16.300353354628086,16.01526265022125,15.725750361840362,15.431968705298281,15.134057761799097,14.832146946089958,14.526356241551966,14.216797247307628,13.903574072263712,13.586784103438745,13.26651867021373,12.942863621786127,12.61589983174564,12.285703641072361,11.952347248800141,11.615899057957263,11.276423983093899,10.933983724657523,10.588637014628192,10.24043983713306,9.889445627191307,9.535705450271797,9.179268164956987,8.820180570682277,8.458487542248319,8.094232152575174,7.727455784973952,7.358198236047434,6.986497810191413,6.612391406548987,6.235914599167227,5.857101711017382,5.475985882463313,5.092599134696616,4.7069724285993395,4.319135719444965,3.9291180078044903,3.5369473869857906,3.1426510873009015,2.746255517425748,2.3477863030908033,1.9472683233176404,1.5447257443958442,1.140182051776307,0.7336600800405542,0.3251820410912103
0.14960577744413328,0.5580838163934772,0.96460578812923,1.3691494807487672,1.7716920596705634,2.1722100394437263,2.570679253778671,2.9670748236538245,3.3613711233387136,3.7535417441574133,4.143559455797888,4.531396164952259,4.917022871049539,5.300409618816236,5.681525447370305,6.06033833552015,6.43681514290191,6.810921546544336,7.182621972400357,7.551879521326876,7.918655888928095,8.28291127860124,8.6446043070352,9.00369190130991,9.36012918662472,9.71386936354423,10.064863573485983,10.413060750981114,10.758407461010444,11.10084771944682,11.440322794310186,11.776770985153064,12.110127377425284,12.440323568098563,12.76728735813905,13.090942406566654,13.411207839791665,13.727997808616633,14.041220983660553,14.350779977904889,14.656570682442881,14.95848149815202,15.256392441651204,15.550174098193283,15.839686386574172,16.124777090981006,16.405280100879956,16.681013280954694,16.951775866300352,17.217345239737497,17.477472892135538,17.731879283005938,17.980247190370427,18.222212936250806,18.457354542663662,18.68517530857627,18.90508029011537,19.116341258683363,19.31804183584128,19.508985884261886,19.687530630345712,19.85124195387139,19.99602290370414,20.112785660933135,20.112785660933135,19.99602290370414,19.851241953871394,19.687530630345712,19.50898588426189,19.31804183584128,19.116341258683363,18.90508029011537,18.68517530857627,18.457354542663662,18.222212936250806,17.980247190370427,17.731879283005938,17.477472892135538,17.217345239737497,16.951775866300352,16.681013280954694,16.405280100879956,16.124777090981006,15.839686386574174,15.550174098193285,15.256392441651204,14.95848149815202,14.656570682442881,14.350779977904889,14.041220983660553,13.727997808616635,13.411207839791668,13.090942406566652,12.76728735813905,12.440323568098563,12.110127377425284,11.776770985153064,11.440322794310186,11.100847719446822,10.758407461010446,10.413060750981115,10.064863573485983,9.71386936354423,9.36012918662472,9.00369190130991,8.6446043070352,8.282911278601242,7.918655888928097,7.551879521326875,7.182621972400357,6.810921546544336,6.43681514290191,6.06033833552015,5.681525447370305,5.300409618816236,4.917022871049539,4.5313961649522625,4.143559455797888,3.7535417441574133,3.3613711233387136,2.9670748236538245,2.570679253778671,2.1722100394437263,1.7716920596705634,1.3691494807487672,0.96460578812923,0.5580838163934772,0.14960577744413328
0.03990982199645998,0.44838786094580385,0.8549098326815567,1.259453525301094,1.6619961042228901,2.062514083996053,2.460983298330998,2.857378868206151,3.2516751678910403,3.64384578870974,4.033863500350215,4.421700209504586,4.8073269156018625,5.190713663368559,5.571829491922632,5.950642380072477,6.327119187454237,6.701225591096662,7.072926016952682,7.442183565879201,7.80895993348042,8.173215323153567,8.534908351587525,8.893995945862237,9.250433231177045,9.604173408096557,9.95516761803831,10.30336479553344,10.648711505562769,10.991151763999145,11.33062683886251,11.66707502970539,12.00043142197761,12.33062761265089,12.657591402691375,12.981246451118981,13.301511884343991,13.618301853168958,13.931525028212878,14.241084022457214,14.546874726995206,14.848785542704345,15.146696486203531,15.440478142745608,15.729990431126497,16.01508113553333,16.29558414543228,16.571317325507017,16.84207991085268,17.10764928428982,17.367776936687864,17.62218332755826,17.87055123492275,18.11251698080313,18.34765858721599,18.575479353128596,18.7953843346677,19.00664530323569,19.20834588039361,19.399289928814213,19.577834674898035,19.741545998423717,19.886326948256468,20.003089705485458,20.003089705485458,19.886326948256468,19.741545998423717,19.57783467489804,19.399289928814213,19.20834588039361,19.00664530323569,18.7953843346677,18.575479353128596,18.34765858721599,18.112516980803132,17.870551234922754,17.62218332755826,17.367776936687864,17.10764928428982,16.84207991085268,16.571317325507017,16.29558414543228,16.015081135533332,15.729990431126499,15.440478142745611,15.146696486203531,14.848785542704345,14.546874726995206,14.241084022457214,13.931525028212878,13.618301853168962,13.301511884343993,12.981246451118977,12.657591402691375,12.33062761265089,12.00043142197761,11.66707502970539,11.33062683886251,10.991151763999149,10.648711505562773,10.30336479553344,9.95516761803831,9.604173408096557,9.250433231177045,8.893995945862237,8.534908351587525,8.173215323153567,7.808959933480423,7.442183565879201,7.072926016952682,6.701225591096662,6.327119187454237,5.950642380072477,5.571829491922632,5.190713663368562,4.807326915601866,4.421700209504589,4.033863500350215,3.64384578870974,3.2516751678910403,2.857378868206151,2.460983298330998,2.062514083996053,1.6619961042228901,1.259453525301094,0.8549098326815567,0.44838786094580385,0.03990982199645998
0.0,0.40847803894934387,0.8150000106850968,1.219543703304634,1.6220862822264301,2.022604261999593,2.421073476334538,2.817469046209691,3.2117653458945803,3.60393596671328,3.993953678353755,4.381790387508126,4.767417093605406,5.1508038413721025,5.531919669926172,5.910732558076017,6.2872093654577785,6.661315769100204,7.033016194956225,7.402273743882745,7.769050111483963,8.133305501157109,8.494998529591069,8.854086123865779,9.210523409180588,9.564263586100099,9.915257796041852,10.263454973536982,10.608801683566313,10.951241942002689,11.290717016866054,11.627165207708932,11.960521599981153,12.290717790654432,12.617681580694917,12.941336629122523,13.261602062347533,13.5783920311725,13.89161520621642,14.201174200460756,14.50696490499875,14.808875720707888,15.106786664207073,15.400568320749151,15.690080609130039,15.975171313536872,16.255674323435823,16.53140750351056,16.802170088856222,17.067739462293364,17.327867114691408,17.582273505561805,17.830641412926294,18.072607158806672,18.30774876521953,18.53556953113214,18.755474512671242,18.966735481239233,19.168436058397152,19.359380106817753,19.53792485290158,19.701636176427257,19.846417126260008,19.963179883489,19.963179883489,19.846417126260008,19.70163617642726,19.537924852901583,19.359380106817756,19.168436058397152,18.966735481239233,18.755474512671242,18.53556953113214,18.30774876521953,18.072607158806672,17.830641412926298,17.5822735055618,17.327867114691408,17.067739462293364,16.802170088856222,16.53140750351056,16.255674323435823,15.975171313536876,15.69008060913004,15.400568320749153,15.106786664207073,14.808875720707888,14.50696490499875,14.201174200460756,13.89161520621642,13.578392031172504,13.261602062347535,12.94133662912252,12.617681580694917,12.290717790654432,11.960521599981153,11.627165207708932,11.290717016866054,10.95124194200269,10.608801683566314,10.263454973536984,9.915257796041852,9.564263586100099,9.210523409180588,8.854086123865779,8.494998529591069,8.13330550115711,7.769050111483965,7.402273743882743,7.033016194956225,6.661315769100204,6.2872093654577785,5.910732558076017,5.531919669926172,5.1508038413721025,4.767417093605406,4.381790387508129,3.993953678353755,3.60393596671328,3.2117653458945803,2.817469046209691,2.421073476334538,2.022604261999593,1.6220862822264301,1.219543703304634,0.8150000106850968,0.40847803894934387,0.0
0.031297337324975416,0.4397753762743193,0.8462973480100722,1.2508410406296093,1.6533836195514056,2.0539015993245684,2.4523708136595133,2.8487663835346666,3.2430626832195557,3.6352333040382554,4.02525101567873,4.413087724833101,4.7987144309303815,5.182101178697078,5.563217007251147,5.942029895400992,6.318506702782754,6.6926131064251795,7.064313532281201,7.43357108120772,7.800347448808939,8.164602838482084,8.526295866916044,8.885383461190754,9.241820746505564,9.595560923425074,9.946555133366827,10.294752310861957,10.640099020891288,10.982539279327664,11.32201435419103,11.658462545033908,11.991818937306128,12.322015127979407,12.648978918019893,12.972633966447498,13.292899399672509,13.609689368497476,13.922912543541395,14.232471537785731,14.538262242323725,14.840173058032864,15.138084001532047,15.431865658074127,15.721377946455014,16.006468650861848,16.2869716607608,16.562704840835536,16.833467426181194,17.09903679961834,17.35916445201638,17.61357084288678,17.86193875025127,18.103904496131648,18.339046102544504,18.56686686845711,18.786771849996217,18.998032818564205,19.199733395722127,19.390677444142728,19.569222190226554,19.732933513752236,19.877714463584983,19.994477220813977,19.994477220813977,19.877714463584983,19.732933513752236,19.569222190226554,19.39067744414273,19.199733395722127,18.998032818564205,18.786771849996217,18.56686686845711,18.339046102544504,18.103904496131648,17.861938750251273,17.61357084288678,17.35916445201638,17.09903679961834,16.833467426181194,16.562704840835536,16.2869716607608,16.00646865086185,15.721377946455016,15.431865658074127,15.138084001532047,14.840173058032864,14.538262242323725,14.232471537785731,13.922912543541395,13.60968936849748,13.29289939967251,12.972633966447495,12.648978918019893,12.322015127979407,11.991818937306128,11.658462545033908,11.32201435419103,10.982539279327666,10.64009902089129,10.29475231086196,9.946555133366827,9.595560923425074,9.241820746505564,8.885383461190754,8.526295866916044,8.164602838482086,7.800347448808941,7.4335710812077185,7.064313532281201,6.6926131064251795,6.318506702782754,5.942029895400992,5.563217007251147,5.182101178697078,4.7987144309303815,4.413087724833105,4.02525101567873,3.6352333040382554,3.2430626832195557,2.8487663835346666,2.4523708136595133,2.0539015993245684,1.6533836195514056,1.2508410406296093,0.8462973480100722,0.4397753762743193,0.031297337324975416
0.1326874635286508,0.5411655024779947,0.9476874742137475,1.3522311668332847,1.754773745755081,2.1552917255282438,2.5537609398631886,2.950156509738342,3.344452809423231,3.7366234302419308,4.126641141882406,4.5144778510367765,4.900104557134053,5.28349130490075,5.6646071334548225,6.043420021604666,6.419896828986426,6.794003232628851,7.165703658484873,7.534961207411392,7.901737575012611,8.265992964685756,8.627685993119716,8.986773587394426,9.343210872709236,9.696951049628746,10.047945259570499,10.39614243706563,10.74148914709496,11.083929405531336,11.423404480394701,11.75985267123758,12.0932090635098,12.423405254183079,12.750369044223566,13.07402409265117,13.39428952587618,13.71107949470115,14.024302669745069,14.333861663989403,14.639652368527397,14.941563184236536,15.23947412773572,15.533255784277799,15.822768072658686,16.10785877706552,16.38836178696447,16.66409496703921,16.93485755238487,17.20042692582201,17.460554578220055,17.714960969090452,17.963328876454945,18.20529462233532,18.44043622874818,18.668256994660787,18.88816197619989,19.09942294476788,19.3011235219258,19.4920675703464,19.670612316430226,19.834323639955908,19.979104589788655,20.09586734701765,20.09586734701765,19.979104589788655,19.834323639955908,19.67061231643023,19.492067570346403,19.3011235219258,19.09942294476788,18.88816197619989,18.668256994660787,18.44043622874818,18.205294622335323,17.963328876454945,17.714960969090452,17.460554578220055,17.20042692582201,16.93485755238487,16.66409496703921,16.38836178696447,16.107858777065523,15.82276807265869,15.5332557842778,15.23947412773572,14.941563184236536,14.639652368527397,14.333861663989403,14.024302669745069,13.711079494701151,13.394289525876184,13.074024092651168,12.750369044223566,12.423405254183079,12.0932090635098,11.75985267123758,11.423404480394701,11.083929405531338,10.741489147094962,10.396142437065631,10.047945259570499,9.696951049628746,9.343210872709236,8.986773587394426,8.627685993119716,8.265992964685758,7.901737575012612,7.53496120741139,7.165703658484873,6.794003232628851,6.419896828986426,6.043420021604666,5.6646071334548225,5.283491304900753,4.900104557134057,4.51447785103678,4.126641141882406,3.7366234302419308,3.344452809423231,2.950156509738342,2.5537609398631886,2.1552917255282438,1.754773745755081,1.3522311668332847,0.9476874742137475,0.5411655024779947,0.1326874635286508
0.300560290038522,0.7090383289878659,1.1155603007236188,1.520103993343156,1.9226465722649522,2.323164552038115,2.72163376637306,3.118029336248213,3.5123256359331023,3.904496256751802,4.294513968392277,4.682350677546648,5.067977383643928,5.4513641314106245,5.832479959964694,6.211292848114539,6.587769655496299,6.961876059138724,7.333576484994747,7.702834033921267,8.069610401522485,8.433865791195629,8.79555881962959,9.154646413904299,9.51108369921911,9.864823876138619,10.215818086080372,10.564015263575502,10.909361973604835,11.25180223204121,11.591277306904576,11.927725497747453,12.261081890019675,12.591278080692952,12.91824187073344,13.241896919161043,13.562162352386053,13.878952321211022,14.192175496254942,14.501734490499278,14.807525195037272,15.10943601074641,15.407346954245593,15.701128610787674,15.990640899168561,16.275731603575395,16.556234613474345,16.831967793549083,17.10273037889474,17.368299752331886,17.628427404729926,17.882833795600327,18.131201702964816,18.373167448845194,18.60830905525805,18.83612982117066,19.056034802709764,19.26729577127775,19.468996348435674,19.659940396856275,19.8384851429401,20.00219646646578,20.14697741629853,20.263740173527523,20.263740173527523,20.14697741629853,20.002196466465783,19.8384851429401,19.65994039685628,19.468996348435674,19.26729577127775,19.056034802709764,18.83612982117066,18.60830905525805,18.373167448845194,18.13120170296482,17.882833795600327,17.628427404729926,17.368299752331886,17.10273037889474,16.831967793549083,16.556234613474345,16.275731603575398,15.990640899168563,15.701128610787674,15.407346954245593,15.10943601074641,14.807525195037272,14.501734490499278,14.192175496254942,13.878952321211024,13.562162352386057,13.241896919161041,12.91824187073344,12.591278080692952,12.261081890019675,11.927725497747453,11.591277306904576,11.25180223204121,10.909361973604835,10.564015263575506,10.215818086080372,9.864823876138619,9.51108369921911,9.154646413904299,8.79555881962959,8.433865791195633,8.069610401522485,7.702834033921263,7.333576484994747,6.961876059138724,6.587769655496299,6.211292848114539,5.832479959964694,5.4513641314106245,5.067977383643928,4.682350677546651,4.294513968392277,3.904496256751802,3.5123256359331023,3.118029336248213,2.72163376637306,2.323164552038115,1.9226465722649522,1.520103993343156,1.1155603007236188,0.7090383289878659,0.300560290038522
0.5289385506719029,0.9374165896212467,1.3439385613569996,1.7484822539765368,2.151024832898333,2.551542812671496,2.9500120270064407,3.346407596881594,3.740703896566483,4.132874517385183,4.522892229025658,4.9107289381800285,5.296355644277305,5.679742392044002,6.0608582205980746,6.43967110874792,6.81614791612968,7.190254319772105,7.561954745628125,7.931212294554644,8.297988662155863,8.66224405182901,9.023937080262968,9.38302467453768,9.739461959852488,10.093202136772,10.444196346713753,10.792393524208883,11.137740234238212,11.480180492674588,11.819655567537954,12.156103758380834,12.489460150653052,12.819656341326333,13.146620131366818,13.470275179794424,13.790540613019434,14.107330581844401,14.42055375688832,14.730112751132657,15.035903455670649,15.337814271379788,15.635725214878974,15.92950687142105,16.219019159801938,16.504109864208772,16.784612874107722,17.06034605418246,17.33110863952812,17.596678012965263,17.856805665363307,18.111212056233704,18.359579963598197,18.60154570947857,18.83668731589143,19.06450808180404,19.28441306334314,19.495674031911133,19.69737460906905,19.888318657489656,20.06686340357348,20.23057472709916,20.37535567693191,20.4921184341609,20.4921184341609,20.37535567693191,20.23057472709916,20.066863403573482,19.888318657489656,19.69737460906905,19.495674031911133,19.28441306334314,19.06450808180404,18.83668731589143,18.601545709478575,18.359579963598197,18.111212056233704,17.856805665363307,17.596678012965263,17.33110863952812,17.06034605418246,16.784612874107722,16.504109864208775,16.21901915980194,15.929506871421054,15.635725214878974,15.337814271379788,15.035903455670649,14.730112751132657,14.42055375688832,14.107330581844405,13.790540613019436,13.47027517979442,13.146620131366818,12.819656341326333,12.489460150653052,12.156103758380834,11.819655567537954,11.480180492674592,11.137740234238215,10.792393524208883,10.444196346713753,10.093202136772,9.739461959852488,9.38302467453768,9.023937080262968,8.66224405182901,8.297988662155866,7.931212294554644,7.561954745628125,7.190254319772105,6.81614791612968,6.43967110874792,6.0608582205980746,5.679742392044005,5.296355644277309,4.910728938180032,4.522892229025658,4.132874517385183,3.740703896566483,3.346407596881594,2.9500120270064407,2.551542812671496,2.151024832898333,1.7484822539765368,1.3439385613569996,0.9374165896212467,0.5289385506719029
0.8096906276885818,1.2181686666379257,1.6246906383736786,2.0292343309932157,2.431776909915012,2.8322948896881748,3.2307641040231196,3.627159673898273,4.021455973583162,4.413626594401862,4.803644306042337,5.1914810151967075,5.577107721293984,5.960494469060681,6.3416102976147535,6.720423185764599,7.0968999931463586,7.471006396788784,7.842706822644805,8.211964371571325,8.578740739172543,8.942996128845689,9.304689157279649,9.663776751554359,10.020214036869168,10.373954213788679,10.724948423730432,11.073145601225562,11.418492311254893,11.760932569691269,12.100407644554634,12.436855835397512,12.770212227669733,13.100408418343012,13.427372208383497,13.751027256811103,14.071292690036113,14.38808265886108,14.701305833905,15.010864828149336,15.31665553268733,15.618566348396469,15.916477291895653,16.210258948437733,16.499771236818617,16.78486194122545,17.0653649511244,17.34109813119914,17.6118607165448,17.877430089981942,18.137557742379986,18.391964133250383,18.640332040614876,18.88229778649525,19.11743939290811,19.345260158820718,19.56516514035982,19.77642610892781,19.97812668608573,20.169070734506334,20.34761548059016,20.51132680411584,20.65610775394859,20.77287051117758,20.77287051117758,20.65610775394859,20.51132680411584,20.34761548059016,20.169070734506334,19.97812668608573,19.77642610892781,19.56516514035982,19.345260158820718,19.11743939290811,18.882297786495254,18.640332040614876,18.391964133250383,18.137557742379986,17.877430089981942,17.6118607165448,17.34109813119914,17.0653649511244,16.784861941225458,16.49977123681862,16.210258948437733,15.916477291895653,15.618566348396469,15.31665553268733,15.010864828149336,14.701305833905,14.388082658861084,14.071292690036115,13.7510272568111,13.427372208383497,13.100408418343012,12.770212227669733,12.436855835397512,12.100407644554634,11.76093256969127,11.418492311254894,11.073145601225564,10.724948423730432,10.373954213788679,10.020214036869168,9.663776751554359,9.304689157279649,8.94299612884569,8.578740739172545,8.211964371571323,7.842706822644805,7.471006396788784,7.0968999931463586,6.720423185764599,6.3416102976147535,5.960494469060684,5.577107721293988,5.191481015196711,4.803644306042337,4.413626594401862,4.021455973583162,3.627159673898273,3.2307641040231196,2.8322948896881748,2.431776909915012,2.0292343309932157,1.6246906383736786,1.2181686666379257,0.8096906276885818
1.1328200855095467,1.5412981244588906,1.9478200961946435,2.3523637888141806,2.754906367735977,3.1554243475091397,3.5538935618440846,3.950289131719238,4.344585431404127,4.736756052222827,5.1267737638633015,5.514610473017672,5.900237179114953,6.283623926881649,6.66473975543572,7.043552643585565,7.420029450967325,7.794135854609751,8.165836280465772,8.535093829392292,8.90187019699351,9.266125586666655,9.627818615100615,9.986906209375325,10.343343494690135,10.697083671609645,11.048077881551398,11.396275059046529,11.74162176907586,12.084062027512235,12.423537102375601,12.75998529321848,13.0933416854907,13.423537876163978,13.750501666204464,14.074156714632068,14.394422147857078,14.711212116682047,15.024435291725966,15.333994285970302,15.639784990508296,15.941695806217435,16.239606749716618,16.533388406258698,16.822900694639586,17.10799139904642,17.38849440894537,17.664227589020108,17.934990174365765,18.20055954780291,18.46068720020095,18.71509359107135,18.96346149843584,19.20542724431622,19.440568850729075,19.668389616641683,19.88829459818079,20.099555566748776,20.3012561439067,20.4922001923273,20.670744938411126,20.834456261936804,20.979237211769554,21.095999968998548,21.095999968998548,20.979237211769554,20.834456261936808,20.670744938411126,20.492200192327303,20.3012561439067,20.099555566748776,19.88829459818079,19.668389616641683,19.440568850729075,19.20542724431622,18.963461498435844,18.71509359107135,18.46068720020095,18.20055954780291,17.934990174365765,17.664227589020108,17.38849440894537,17.107991399046423,16.822900694639586,16.533388406258698,16.239606749716618,15.941695806217435,15.639784990508296,15.333994285970302,15.024435291725966,14.711212116682049,14.394422147857082,14.074156714632066,13.750501666204464,13.423537876163978,13.0933416854907,12.75998529321848,12.423537102375601,12.084062027512237,11.741621769075861,11.39627505904653,11.048077881551398,10.697083671609645,10.343343494690135,9.986906209375325,9.627818615100615,9.266125586666657,8.901870196993512,8.53509382939229,8.165836280465772,7.794135854609751,7.420029450967325,7.043552643585565,6.66473975543572,6.283623926881651,5.900237179114953,5.514610473017676,5.1267737638633015,4.736756052222827,4.344585431404127,3.950289131719238,3.5538935618440846,3.1554243475091397,2.754906367735977,2.3523637888141806,1.9478200961946435,1.5412981244588906,1.1328200855095467
1.486821602987714,1.8952996419370578,2.3018216136728107,2.706365306292348,3.108907885214144,3.509425864987307,3.9078950793222518,4.304290649197405,4.698586948882294,5.090757569700994,5.480775281341469,5.86861199049584,6.25423869659312,6.637625444359816,7.018741272913886,7.397554161063731,7.774030968445491,8.148137372087916,8.51983779794394,8.889095346870459,9.255871714471677,9.62012710414482,9.981820132578783,10.34090772685349,10.697345012168302,11.05108518908781,11.402079399029564,11.750276576524694,12.095623286554027,12.438063544990403,12.777538619853768,13.113986810696645,13.447343202968867,13.777539393642144,14.104503183682631,14.428158232110235,14.748423665335245,15.065213634160214,15.378436809204134,15.68799580344847,15.993786507986464,16.295697323695602,16.593608267194785,16.887389923736865,17.176902212117753,17.461992916524586,17.742495926423537,18.018229106498275,18.288991691843933,18.554561065281078,18.814688717679118,19.06909510854952,19.317463015914008,19.559428761794386,19.794570368207243,20.02239113411985,20.242296115658956,20.453557084226944,20.655257661384866,20.846201709805467,21.024746455889293,21.18845777941497,21.33323872924772,21.450001486476715,21.450001486476715,21.33323872924772,21.188457779414975,21.024746455889293,20.84620170980547,20.655257661384866,20.453557084226944,20.242296115658956,20.02239113411985,19.794570368207243,19.559428761794386,19.31746301591401,19.06909510854952,18.814688717679118,18.554561065281078,18.288991691843933,18.018229106498275,17.742495926423537,17.46199291652459,17.176902212117753,16.887389923736865,16.593608267194785,16.295697323695602,15.993786507986464,15.68799580344847,15.378436809204134,15.065213634160216,14.748423665335249,14.428158232110233,14.104503183682631,13.777539393642144,13.447343202968867,13.113986810696645,12.777538619853768,12.438063544990403,12.095623286554027,11.750276576524698,11.402079399029564,11.05108518908781,10.697345012168302,10.34090772685349,9.981820132578783,9.620127104144824,9.255871714471677,8.889095346870455,8.51983779794394,8.148137372087916,7.774030968445491,7.397554161063731,7.018741272913886,6.637625444359816,6.25423869659312,5.868611990495843,5.480775281341469,5.090757569700994,4.698586948882294,4.304290649197405,3.9078950793222518,3.509425864987307,3.108907885214144,2.706365306292348,2.3018216136728107,1.8952996419370578,1.486821602987714
1.859090630935249,2.267568669884593,2.674090641620346,3.078634334239883,3.481176913161679,3.881694892934842,4.280164107269787,4.67655967714494,5.070855976829829,5.463026597648529,5.853044309289004,6.240881018443375,6.626507724540653,7.00989447230735,7.391010300861421,7.769823189011266,8.146299996393026,8.520406400035451,8.892106825891473,9.261364374817992,9.62814074241921,9.992396132092356,10.354089160526316,10.713176754801026,11.069614040115836,11.423354217035346,11.774348426977099,12.12254560447223,12.46789231450156,12.810332572937936,13.149807647801302,13.48625583864418,13.8196122309164,14.149808421589679,14.476772211630166,14.80042726005777,15.12069269328278,15.437482662107747,15.750705837151667,16.060264831396005,16.366055535933995,16.667966351643138,16.96587729514232,17.2596589516844,17.549171240065288,17.83426194447212,18.114764954371072,18.39049813444581,18.661260719791468,18.926830093228613,19.186957745626653,19.441364136497054,19.689732043861543,19.931697789741918,20.166839396154778,20.394660162067385,20.614565143606487,20.82582611217448,21.027526689332397,21.218470737753,21.397015483836828,21.560726807362506,21.705507757195257,21.82227051442425,21.82227051442425,21.705507757195257,21.560726807362506,21.397015483836828,21.218470737753,21.027526689332397,20.82582611217448,20.614565143606487,20.394660162067385,20.166839396154778,19.93169778974192,19.689732043861543,19.44136413649705,19.186957745626653,18.926830093228613,18.661260719791468,18.39049813444581,18.114764954371072,17.834261944472125,17.549171240065288,17.2596589516844,16.96587729514232,16.667966351643138,16.366055535933995,16.060264831396005,15.750705837151667,15.437482662107751,15.120692693282784,14.800427260057766,14.476772211630166,14.149808421589679,13.8196122309164,13.48625583864418,13.149807647801302,12.810332572937938,12.467892314501562,12.122545604472231,11.774348426977099,11.423354217035346,11.069614040115836,10.713176754801026,10.354089160526316,9.992396132092358,9.628140742419212,9.26136437481799,8.892106825891473,8.520406400035451,8.146299996393026,7.769823189011266,7.391010300861421,7.0098944723073515,6.626507724540655,6.240881018443378,5.853044309289004,5.463026597648529,5.070855976829829,4.67655967714494,4.280164107269787,3.881694892934842,3.481176913161679,3.078634334239883,2.674090641620346,2.267568669884593,1.859090630935249
2.2363721886749524,2.6448502276242962,3.051372199360049,3.4559158919795863,3.8584584709013825,4.258976450674545,4.65744566500949,5.0538412348846435,5.448137534569533,5.840308155388232,6.230325867028707,6.618162576183078,7.003789282280357,7.387176030047053,7.768291858601124,8.14710474675097,8.523581554132729,8.897687957775155,9.269388383631176,9.638645932557695,10.005422300158914,10.36967768983206,10.73137071826602,11.09045831254073,11.446895597855539,11.80063577477505,12.151629984716802,12.499827162211933,12.845173872241263,13.18761413067764,13.527089205541005,13.863537396383883,14.196893788656103,14.527089979329382,14.85405376936987,15.177708817797473,15.497974251022484,15.81476421984745,16.12798739489137,16.437546389135708,16.743337093673702,17.045247909382837,17.343158852882024,17.6369405094241,17.92645279780499,18.211543502211825,18.492046512110775,18.767779692185513,19.03854227753117,19.304111650968316,19.564239303366357,19.818645694236757,20.067013601601246,20.30897934748162,20.54412095389448,20.77194171980709,20.99184670134619,21.203107669914182,21.4048082470721,21.595752295492705,21.77429704157653,21.93800836510221,22.08278931493496,22.199552072163954,22.199552072163954,22.08278931493496,21.93800836510221,21.77429704157653,21.595752295492705,21.4048082470721,21.203107669914182,20.99184670134619,20.77194171980709,20.54412095389448,20.308979347481625,20.067013601601246,19.818645694236753,19.564239303366357,19.304111650968316,19.03854227753117,18.767779692185513,18.492046512110775,18.211543502211825,17.92645279780499,17.636940509424104,17.343158852882024,17.045247909382837,16.743337093673702,16.437546389135708,16.12798739489137,15.814764219847454,15.497974251022487,15.17770881779747,14.85405376936987,14.527089979329382,14.196893788656103,13.863537396383883,13.527089205541005,13.187614130677641,12.845173872241265,12.499827162211934,12.151629984716802,11.80063577477505,11.446895597855539,11.09045831254073,10.73137071826602,10.369677689832061,10.005422300158916,9.638645932557694,9.269388383631176,8.897687957775155,8.523581554132729,8.14710474675097,7.768291858601124,7.387176030047055,7.0037892822803585,6.618162576183082,6.230325867028707,5.840308155388232,5.448137534569533,5.0538412348846435,4.65744566500949,4.258976450674545,3.8584584709013825,3.4559158919795863,3.051372199360049,2.6448502276242962,2.2363721886749524
2.6052328198022607,3.0137108587516046,3.4202328304873575,3.8247765231068946,4.227319102028691,4.627837081801854,5.026306296136799,5.422701866011952,5.816998165696841,6.209168786515541,6.5991864981560155,6.987023207310386,7.372649913407663,7.75603666117436,8.137152489728432,8.515965377878278,8.892442185260037,9.266548588902463,9.638249014758483,10.007506563685002,10.37428293128622,10.738538320959368,11.100231349393326,11.459318943668038,11.815756228982845,12.169496405902358,12.52049061584411,12.868687793339241,13.21403450336857,13.556474761804946,13.895949836668311,14.232398027511191,14.56575441978341,14.89595061045669,15.222914400497176,15.546569448924782,15.866834882149792,16.18362485097476,16.49684802601868,16.806407020263016,17.112197724801007,17.414108540510146,17.712019484009332,18.00580114055141,18.295313428932296,18.58040413333913,18.86090714323808,19.136640323312818,19.40740290865848,19.67297228209562,19.933099934493665,20.187506325364062,20.435874232728555,20.67783997860893,20.91298158502179,21.140802350934397,21.3607073324735,21.57196830104149,21.77366887819941,21.964612926620013,22.143157672703836,22.306868996229518,22.45164994606227,22.56841270329126,22.56841270329126,22.45164994606227,22.306868996229518,22.14315767270384,21.964612926620013,21.77366887819941,21.57196830104149,21.3607073324735,21.140802350934397,20.91298158502179,20.677839978608933,20.435874232728555,20.187506325364062,19.933099934493665,19.67297228209562,19.40740290865848,19.136640323312818,18.86090714323808,18.580404133339133,18.2953134289323,18.005801140551412,17.712019484009332,17.414108540510146,17.112197724801007,16.806407020263016,16.49684802601868,16.183624850974763,15.866834882149794,15.546569448924778,15.222914400497176,14.89595061045669,14.56575441978341,14.232398027511191,13.895949836668311,13.55647476180495,13.214034503368573,12.868687793339241,12.52049061584411,12.169496405902358,11.815756228982845,11.459318943668038,11.100231349393326,10.738538320959368,10.374282931286224,10.007506563685002,9.638249014758483,9.266548588902463,8.892442185260037,8.515965377878278,8.137152489728432,7.756036661174363,7.372649913407667,6.98702320731039,6.5991864981560155,6.209168786515541,5.816998165696841,5.422701866011952,5.026306296136799,4.627837081801854,4.227319102028691,3.8247765231068946,3.4202328304873575,3.0137108587516046,2.6052328198022607
2.9525389027394446,3.3610169416887885,3.7675389134245414,4.1720826060440785,4.574625184965875,4.975143164739038,5.3736123790739825,5.770007948949136,6.164304248634025,6.556474869452725,6.9464925810931994,7.33432929024757,7.719955996344849,8.103342744111545,8.484458572665616,8.863271460815461,9.239748268197221,9.613854671839647,9.985555097695668,10.354812646622188,10.721589014223406,11.085844403896552,11.447537432330511,11.806625026605222,12.163062311920031,12.516802488839541,12.867796698781294,13.215993876276425,13.561340586305755,13.903780844742132,14.243255919605497,14.579704110448375,14.913060502720596,15.243256693393874,15.570220483434362,15.893875531861966,16.214140965086976,16.530930933911943,16.844154108955863,17.1537131032002,17.459503807738194,17.76141462344733,18.059325566946516,18.353107223488593,18.642619511869484,18.927710216276317,19.208213226175268,19.483946406250006,19.754708991595663,20.02027836503281,20.28040601743085,20.53481240830125,20.78318031566574,21.025146061546113,21.260287667958973,21.48810843387158,21.708013415410683,21.919274383978674,22.120974961136593,22.311919009557197,22.490463755641024,22.654175079166702,22.798956028999452,22.915718786228446,22.915718786228446,22.798956028999452,22.654175079166702,22.490463755641024,22.311919009557197,22.120974961136593,21.919274383978674,21.708013415410683,21.48810843387158,21.260287667958973,21.025146061546117,20.78318031566574,20.534812408301246,20.28040601743085,20.02027836503281,19.754708991595663,19.483946406250006,19.208213226175268,18.927710216276317,18.642619511869484,18.353107223488596,18.059325566946516,17.76141462344733,17.459503807738194,17.1537131032002,16.844154108955863,16.530930933911947,16.21414096508698,15.893875531861962,15.570220483434362,15.243256693393874,14.913060502720596,14.579704110448375,14.243255919605497,13.903780844742133,13.561340586305757,13.215993876276427,12.867796698781294,12.516802488839541,12.163062311920031,11.806625026605222,11.447537432330511,11.085844403896553,10.721589014223408,10.354812646622186,9.985555097695668,9.613854671839647,9.239748268197221,8.863271460815461,8.484458572665616,8.103342744111547,7.719955996344851,7.334329290247574,6.9464925810931994,6.556474869452725,6.164304248634025,5.770007948949136,5.3736123790739825,4.975143164739038,4.574625184965875,4.1720826060440785,3.7675389134245414,3.3610169416887885,2.9525389027394446
3.265924285395407,3.674402324344751,4.080924296080504,4.485467988700041,4.888010567621837,5.288528547395,5.686997761729945,6.0833933316051,6.477689631289989,6.869860252108689,7.2598779637491635,7.647714672903534,8.033341379000813,8.41672812676751,8.79784395532158,9.176656843471426,9.553133650853185,9.927240054495611,10.298940480351632,10.668198029278152,11.03497439687937,11.399229786552516,11.760922814986476,12.120010409261186,12.476447694575995,12.830187871495506,13.181182081437258,13.529379258932389,13.87472596896172,14.217166227398096,14.556641302261461,14.89308949310434,15.22644588537656,15.556642076049839,15.883605866090324,16.20726091451793,16.527526347742942,16.844316316567905,17.15753949161183,17.467098485856162,17.772889190394157,18.074800006103295,18.372710949602478,18.66649260614456,18.956004894525446,19.24109559893228,19.52159860883123,19.797331788905968,20.06809437425163,20.33366374768877,20.59379140008681,20.84819779095721,21.0965656983217,21.33853144420208,21.573673050614936,21.801493816527543,22.02139879806665,22.232659766634637,22.43436034379256,22.62530439221316,22.803849138296986,22.967560461822668,23.112341411655414,23.229104168884408,23.229104168884408,23.112341411655414,22.967560461822668,22.803849138296986,22.625304392213163,22.43436034379256,22.232659766634637,22.02139879806665,21.801493816527543,21.573673050614936,21.33853144420208,21.096565698321704,20.84819779095721,20.59379140008681,20.33366374768877,20.06809437425163,19.797331788905968,19.52159860883123,19.241095598932283,18.95600489452545,18.66649260614456,18.372710949602478,18.074800006103295,17.772889190394157,17.467098485856162,17.15753949161183,16.844316316567912,16.527526347742942,16.207260914517924,15.883605866090324,15.556642076049839,15.22644588537656,14.89308949310434,14.556641302261461,14.217166227398097,13.874725968961721,13.52937925893239,13.181182081437258,12.830187871495506,12.476447694575995,12.120010409261186,11.760922814986476,11.399229786552517,11.034974396879372,10.66819802927815,10.298940480351632,9.927240054495611,9.553133650853185,9.176656843471426,8.79784395532158,8.416728126767511,8.033341379000815,7.647714672903538,7.2598779637491635,6.869860252108689,6.477689631289989,6.0833933316051,5.686997761729945,5.288528547395,4.888010567621837,4.485467988700041,4.080924296080504,3.674402324344751,3.265924285395407
3.5342305933694504,3.9427086323187943,4.349230604054547,4.753774296674084,5.156316875595881,5.556834855369043,5.955304069703988,6.351699639579142,6.745995939264031,7.13816656008273,7.528184271723205,7.916020980877576,8.301647686974855,8.685034434741551,9.066150263295622,9.444963151445467,9.821439958827227,10.195546362469653,10.567246788325674,10.936504337252194,11.303280704853412,11.667536094526557,12.029229122960517,12.388316717235227,12.744754002550037,13.098494179469547,13.4494883894113,13.79768556690643,14.143032276935763,14.48547253537214,14.824947610235505,15.161395801078381,15.494752193350603,15.82494838402388,16.151912174064368,16.47556722249197,16.795832655716982,17.11262262454195,17.425845799585872,17.735404793830206,18.0411954983682,18.34310631407734,18.64101725757652,18.934798914118602,19.22431120249949,19.509401906906323,19.789904916805273,20.06563809688001,20.33640068222567,20.601970055662814,20.862097708060855,21.116504098931255,21.364872006295744,21.606837752176123,21.84197935858898,22.069800124501587,22.289705106040692,22.50096607460868,22.7026666517666,22.893610700187203,23.07215544627103,23.235866769796708,23.380647719629458,23.49741047685845,23.49741047685845,23.380647719629458,23.23586676979671,23.07215544627103,22.893610700187207,22.7026666517666,22.50096607460868,22.289705106040692,22.069800124501587,21.84197935858898,21.606837752176123,21.364872006295748,21.11650409893125,20.862097708060855,20.601970055662814,20.33640068222567,20.06563809688001,19.789904916805273,19.509401906906326,19.224311202499493,18.934798914118602,18.64101725757652,18.34310631407734,18.0411954983682,17.735404793830206,17.425845799585872,17.112622624541952,16.795832655716985,16.475567222491968,16.151912174064368,15.82494838402388,15.494752193350603,15.161395801078381,14.824947610235505,14.48547253537214,14.143032276935763,13.797685566906432,13.4494883894113,13.098494179469547,12.744754002550037,12.388316717235227,12.029229122960517,11.66753609452656,11.303280704853414,10.936504337252192,10.567246788325674,10.195546362469653,9.821439958827227,9.444963151445467,9.066150263295622,8.685034434741553,8.301647686974857,7.91602098087758,7.528184271723205,7.13816656008273,6.745995939264031,6.351699639579142,5.955304069703988,5.556834855369043,5.156316875595881,4.753774296674084,4.349230604054547,3.9427086323187943,3.5342305933694504
3.7479045341210337,4.156382573070378,4.5629045448061305,4.967448237425668,5.369990816347464,5.770508796120627,6.16897801045557,6.565373580330723,6.959669880015612,7.351840500834312,7.741858212474787,8.129694921629158,8.515321627726436,8.898708375493133,9.279824204047204,9.658637092197049,10.035113899578809,10.409220303221234,10.780920729077256,11.150178278003775,11.516954645604994,11.881210035278139,12.242903063712099,12.601990657986809,12.958427943301619,13.312168120221129,13.663162330162882,14.011359507658012,14.356706217687343,14.699146476123719,15.038621550987084,15.375069741829963,15.708426134102183,16.03862232477546,16.365586114815947,16.68924116324355,17.00950659646856,17.326296565293532,17.63951974033745,17.94907873458179,18.25486943911978,18.55678025482892,18.854691198328105,19.14847285487018,19.43798514325107,19.723075847657903,20.003578857556853,20.27931203763159,20.550074622977252,20.815643996414394,21.075771648812438,21.330178039682835,21.578545947047324,21.820511692927703,22.055653299340563,22.28347406525317,22.503379046792272,22.714640015360263,22.916340592518182,23.107284640938786,23.28582938702261,23.44954071054829,23.594321660381038,23.71108441761003,23.71108441761003,23.594321660381038,23.44954071054829,23.285829387022613,23.107284640938786,22.916340592518182,22.714640015360263,22.503379046792272,22.28347406525317,22.055653299340563,21.820511692927703,21.578545947047328,21.330178039682835,21.075771648812438,20.815643996414394,20.550074622977252,20.27931203763159,20.003578857556853,19.723075847657906,19.437985143251073,19.148472854870185,18.854691198328105,18.55678025482892,18.25486943911978,17.94907873458179,17.63951974033745,17.326296565293532,17.00950659646857,16.68924116324355,16.365586114815947,16.03862232477546,15.708426134102183,15.375069741829963,15.038621550987084,14.69914647612372,14.356706217687345,14.011359507658014,13.663162330162882,13.312168120221129,12.958427943301619,12.601990657986809,12.242903063712099,11.88121003527814,11.516954645604995,11.150178278003773,10.780920729077256,10.409220303221234,10.035113899578809,9.658637092197049,9.279824204047204,8.898708375493134,8.515321627726438,8.129694921629161,7.741858212474787,7.351840500834312,6.959669880015612,6.565373580330723,6.16897801045557,5.770508796120627,5.369990816347464,4.967448237425668,4.5629045448061305,4.156382573070378,3.7479045341210337
3.899338050725575,4.307816089674919,4.714338061410672,5.118881754030209,5.521424332952005,5.921942312725168,6.320411527060113,6.716807096935266,7.111103396620155,7.503274017438855,7.89329172907933,8.2811284382337,8.66675514433098,9.050141892097676,9.431257720651747,9.810070608801592,10.186547416183352,10.560653819825777,10.932354245681799,11.301611794608318,11.668388162209537,12.032643551882682,12.394336580316642,12.753424174591352,13.109861459906162,13.463601636825672,13.814595846767425,14.162793024262555,14.508139734291884,14.85057999272826,15.190055067591626,15.526503258434506,15.859859650706724,16.190055841380005,16.51701963142049,16.840674679848096,17.160940113073107,17.477730081898073,17.790953256941993,18.10051225118633,18.40630295572432,18.70821377143346,19.006124714932646,19.299906371474723,19.58941865985561,19.874509364262444,20.155012374161398,20.430745554236132,20.701508139581794,20.96707751301894,21.22720516541698,21.481611556287376,21.72997946365187,21.971945209532244,22.207086815945104,22.43490758185771,22.654812563396813,22.866073531964805,23.067774109122723,23.258718157543328,23.437262903627154,23.600974227152832,23.745755176985583,23.862517934214573,23.862517934214573,23.745755176985583,23.600974227152832,23.437262903627154,23.258718157543328,23.067774109122723,22.866073531964805,22.654812563396813,22.43490758185771,22.207086815945104,21.971945209532247,21.72997946365187,21.481611556287376,21.22720516541698,20.96707751301894,20.701508139581794,20.430745554236132,20.155012374161398,19.874509364262448,19.589418659855614,19.299906371474727,19.006124714932646,18.70821377143346,18.40630295572432,18.10051225118633,17.790953256941993,17.477730081898077,17.16094011307311,16.840674679848092,16.51701963142049,16.190055841380005,15.859859650706724,15.526503258434506,15.190055067591626,14.850579992728264,14.508139734291888,14.162793024262555,13.814595846767425,13.463601636825672,13.109861459906162,12.753424174591352,12.394336580316642,12.032643551882684,11.668388162209538,11.301611794608316,10.932354245681799,10.560653819825777,10.186547416183352,9.810070608801592,9.431257720651747,9.050141892097677,8.666755144330981,8.281128438233704,7.89329172907933,7.503274017438855,7.111103396620155,6.716807096935266,6.320411527060113,5.921942312725168,5.521424332952005,5.118881754030209,4.714338061410672,4.307816089674919,3.899338050725575
3.983139213729423,4.391617252678767,4.79813922441452,5.202682917034057,5.605225495955853,6.005743475729014,6.404212690063959,6.800608259939112,7.1949045596240015,7.587075180442701,7.977092892083176,8.364929601237547,8.750556307334826,9.133943055101522,9.515058883655593,9.893871771805438,10.270348579187198,10.644454982829624,11.016155408685645,11.385412957612164,11.752189325213383,12.116444714886528,12.478137743320488,12.837225337595198,13.193662622910008,13.547402799829518,13.898397009771271,14.246594187266401,14.591940897295732,14.934381155732108,15.273856230595474,15.610304421438352,15.943660813710572,16.27385700438385,16.600820794424337,16.92447584285194,17.24474127607695,17.56153124490192,17.87475441994584,18.184313414190175,18.49010411872817,18.792014934437308,19.089925877936494,19.38370753447857,19.67321982285946,19.958310527266292,20.238813537165242,20.51454671723998,20.78530930258564,21.050878676022784,21.311006328420827,21.565412719291224,21.813780626655713,22.055746372536092,22.290887978948952,22.51870874486156,22.73861372640066,22.949874694968653,23.15157527212657,23.342519320547176,23.521064066631,23.68477539015668,23.829556339989427,23.94631909721842,23.94631909721842,23.829556339989427,23.68477539015668,23.521064066631002,23.342519320547176,23.15157527212657,22.949874694968653,22.73861372640066,22.51870874486156,22.290887978948952,22.055746372536092,21.813780626655717,21.565412719291224,21.311006328420827,21.050878676022784,20.78530930258564,20.51454671723998,20.238813537165242,19.958310527266296,19.673219822859462,19.383707534478575,19.089925877936494,18.792014934437308,18.49010411872817,18.184313414190175,17.87475441994584,17.56153124490192,17.244741276076955,16.92447584285194,16.600820794424337,16.27385700438385,15.943660813710572,15.610304421438352,15.273856230595474,14.93438115573211,14.591940897295734,14.246594187266403,13.898397009771271,13.547402799829518,13.193662622910008,12.837225337595198,12.478137743320488,12.11644471488653,11.752189325213385,11.385412957612163,11.016155408685645,10.644454982829624,10.270348579187198,9.893871771805438,9.515058883655593,9.133943055101524,8.750556307334827,8.36492960123755,7.977092892083176,7.587075180442701,7.1949045596240015,6.800608259939112,6.404212690063959,6.005743475729014,5.605225495955853,5.202682917034057,4.79813922441452,4.391617252678767,3.983139213729423
3.99632420575065,4.404802244699994,4.811324216435747,5.215867909055284,5.61841048797708,6.018928467750243,6.417397682085188,6.813793251960341,7.20808955164523,7.60026017246393,7.990277884104405,8.378114593258775,8.763741299356054,9.14712804712275,9.528243875676822,9.907056763826667,10.283533571208427,10.657639974850852,11.029340400706873,11.398597949633393,11.765374317234611,12.129629706907757,12.491322735341717,12.850410329616427,13.206847614931236,13.560587791850747,13.9115820017925,14.25977917928763,14.605125889316959,14.947566147753335,15.2870412226167,15.62348941345958,15.956845805731799,16.28704199640508,16.614005786445567,16.93766083487317,17.25792626809818,17.574716236923148,17.887939411967068,18.197498406211402,18.503289110749396,18.805199926458535,19.10311086995772,19.396892526499798,19.68640481488069,19.971495519287522,20.251998529186473,20.527731709261207,20.79849429460687,21.064063668044014,21.324191320442054,21.57859771131245,21.826965618676944,22.06893136455732,22.30407297097018,22.531893736882786,22.751798718421888,22.96305968698988,23.164760264147798,23.355704312568403,23.53424905865223,23.697960382177907,23.842741332010657,23.959504089239648,23.959504089239648,23.842741332010657,23.697960382177907,23.53424905865223,23.355704312568403,23.164760264147798,22.96305968698988,22.751798718421888,22.531893736882786,22.30407297097018,22.068931364557322,21.826965618676944,21.57859771131245,21.324191320442054,21.064063668044014,20.79849429460687,20.527731709261207,20.251998529186473,19.971495519287522,19.68640481488069,19.3968925264998,19.10311086995772,18.805199926458535,18.503289110749396,18.197498406211402,17.887939411967068,17.57471623692315,17.25792626809818,16.937660834873167,16.614005786445567,16.28704199640508,15.956845805731799,15.62348941345958,15.2870412226167,14.947566147753339,14.605125889316962,14.25977917928763,13.9115820017925,13.560587791850747,13.206847614931236,12.850410329616427,12.491322735341717,12.129629706907759,11.765374317234613,11.398597949633391,11.029340400706873,10.657639974850852,10.283533571208427,9.907056763826667,9.528243875676822,9.147128047122752,8.763741299356056,8.378114593258779,7.990277884104405,7.60026017246393,7.20808955164523,6.813793251960341,6.417397682085188,6.018928467750243,5.61841048797708,5.215867909055284,4.811324216435747,4.404802244699994,3.99632420575065
3.9384235630376416,4.3469016019869855,4.753423573722738,5.1579672663422755,5.560509845264072,5.961027825037235,6.3594970393721795,6.755892609247333,7.150188908932222,7.542359529750922,7.932377241391396,8.320213950545767,8.705840656643046,9.089227404409742,9.470343232963813,9.849156121113658,10.225632928495418,10.599739332137844,10.971439757993865,11.340697306920385,11.707473674521603,12.071729064194749,12.433422092628708,12.792509686903418,13.148946972218228,13.502687149137738,13.853681359079491,14.201878536574622,14.54722524660395,14.889665505040327,15.229140579903692,15.565588770746572,15.89894516301879,16.22914135369207,16.55610514373256,16.879760192160163,17.200025625385173,17.51681559421014,17.83003876925406,18.139597763498394,18.445388468036388,18.747299283745527,19.045210227244713,19.33899188378679,19.62850417216768,19.913594876574514,20.194097886473465,20.4698310665482,20.74059365189386,21.006163025331006,21.266290677729046,21.520697068599443,21.769064975963936,22.01103072184431,22.24617232825717,22.473993094169778,22.69389807570888,22.90515904427687,23.10685962143479,23.297803669855394,23.47634841593922,23.6400597394649,23.78484068929765,23.90160344652664,23.90160344652664,23.78484068929765,23.6400597394649,23.47634841593922,23.297803669855394,23.10685962143479,22.90515904427687,22.69389807570888,22.473993094169778,22.24617232825717,22.011030721844314,21.769064975963936,21.520697068599443,21.266290677729046,21.006163025331006,20.74059365189386,20.4698310665482,20.194097886473465,19.913594876574514,19.62850417216768,19.338991883786793,19.045210227244713,18.747299283745527,18.445388468036388,18.139597763498394,17.83003876925406,17.516815594210144,17.200025625385173,16.87976019216016,16.55610514373256,16.22914135369207,15.89894516301879,15.565588770746572,15.229140579903692,14.88966550504033,14.547225246603954,14.201878536574622,13.853681359079491,13.502687149137738,13.148946972218228,12.792509686903418,12.433422092628708,12.07172906419475,11.707473674521605,11.340697306920383,10.971439757993865,10.599739332137844,10.225632928495418,9.849156121113658,9.470343232963813,9.089227404409744,8.705840656643048,8.32021395054577,7.932377241391396,7.542359529750922,7.150188908932222,6.755892609247333,6.3594970393721795,5.961027825037235,5.560509845264072,5.1579672663422755,4.753423573722738,4.3469016019869855,3.9384235630376416
3.8114988911571785,4.219976930106522,4.626498901842275,5.0310425944618125,5.433585173383609,5.8341031531567715,6.232572367491716,6.62896793736687,7.023264237051759,7.4154348578704585,7.805452569510933,8.193289278665304,8.578915984762583,8.96230273252928,9.34341856108335,9.722231449233195,10.098708256614955,10.47281466025738,10.844515086113402,11.213772635039922,11.58054900264114,11.944804392314285,12.306497420748245,12.665585015022955,13.022022300337765,13.375762477257275,13.726756687199028,14.074953864694159,14.42030057472349,14.762740833159866,15.102215908023231,15.43866409886611,15.77202049113833,16.10221668181161,16.429180471852096,16.7528355202797,17.07310095350471,17.389890922329677,17.703114097373597,18.012673091617934,18.318463796155925,18.620374611865067,18.91828555536425,19.21206721190633,19.501579500287217,19.78667020469405,20.067173214593,20.34290639466774,20.613668980013397,20.879238353450543,21.139366005848583,21.393772396718983,21.642140304083473,21.884106049963847,22.119247656376707,22.347068422289315,22.566973403828417,22.77823437239641,22.979934949554327,23.17087899797493,23.349423744058758,23.513135067584436,23.657916017417186,23.77467877464618,23.77467877464618,23.657916017417186,23.513135067584436,23.349423744058758,23.17087899797493,22.979934949554327,22.77823437239641,22.566973403828417,22.347068422289315,22.119247656376707,21.88410604996385,21.642140304083473,21.39377239671898,21.139366005848583,20.879238353450543,20.613668980013397,20.34290639466774,20.067173214593,19.786670204694055,19.501579500287217,19.21206721190633,18.91828555536425,18.620374611865067,18.318463796155925,18.012673091617934,17.703114097373597,17.38989092232968,17.073100953504714,16.752835520279696,16.429180471852096,16.10221668181161,15.77202049113833,15.43866409886611,15.102215908023231,14.762740833159867,14.420300574723491,14.07495386469416,13.726756687199028,13.375762477257275,13.022022300337765,12.665585015022955,12.306497420748245,11.944804392314287,11.580549002641142,11.21377263503992,10.844515086113402,10.47281466025738,10.098708256614955,9.722231449233195,9.34341856108335,8.962302732529281,8.578915984762585,8.193289278665308,7.805452569510933,7.4154348578704585,7.023264237051759,6.62896793736687,6.232572367491716,5.8341031531567715,5.433585173383609,5.0310425944618125,4.626498901842275,4.219976930106522,3.8114988911571785
3.6200694596346175,4.028547498583961,4.435069470319714,4.839613162939251,5.242155741861048,5.64267372163421,6.041142935969157,6.43753850584431,6.8318348055291995,7.224005426347899,7.614023137988374,8.001859847142745,8.387486553240024,8.77087330100672,9.151989129560791,9.530802017710636,9.907278825092396,10.281385228734822,10.653085654590843,11.022343203517362,11.38911957111858,11.753374960791726,12.115067989225686,12.474155583500396,12.830592868815206,13.184333045734716,13.535327255676469,13.8835244331716,14.22887114320093,14.571311401637306,14.910786476500672,15.247234667343548,15.58059105961577,15.910787250289047,16.237751040329535,16.56140608875714,16.88167152198215,17.19846149080712,17.511684665851035,17.821243660095373,18.127034364633367,18.428945180342506,18.72685612384169,19.02063778038377,19.310150068764656,19.59524077317149,19.87574378307044,20.15147696314518,20.42223954849084,20.68780892192798,20.94793657432602,21.202342965196422,21.45071087256091,21.69267661844129,21.927818224854146,22.155638990766754,22.37554397230586,22.586804940873847,22.78850551803177,22.97944956645237,23.157994312536196,23.32170563606188,23.466486585894625,23.58324934312362,23.58324934312362,23.466486585894625,23.32170563606188,23.157994312536196,22.979449566452374,22.78850551803177,22.586804940873847,22.37554397230586,22.155638990766754,21.927818224854146,21.69267661844129,21.450710872560915,21.202342965196422,20.94793657432602,20.68780892192798,20.42223954849084,20.15147696314518,19.87574378307044,19.595240773171493,19.310150068764656,19.02063778038377,18.72685612384169,18.428945180342506,18.127034364633367,17.821243660095373,17.511684665851035,17.19846149080712,16.881671521982152,16.56140608875714,16.237751040329535,15.910787250289047,15.58059105961577,15.247234667343548,14.910786476500672,14.571311401637306,14.22887114320093,13.883524433171601,13.535327255676469,13.184333045734716,12.830592868815206,12.474155583500396,12.115067989225686,11.753374960791728,11.389119571118583,11.02234320351736,10.653085654590843,10.281385228734822,9.907278825092396,9.530802017710636,9.151989129560791,8.770873301006722,8.387486553240025,8.001859847142748,7.614023137988374,7.224005426347899,6.8318348055291995,6.43753850584431,6.041142935969157,5.64267372163421,5.242155741861048,4.839613162939251,4.435069470319714,4.028547498583961,3.6200694596346175
3.3709512892113764,3.7794293281607203,4.185951299896473,4.59049499251601,4.993037571437807,5.393555551210969,5.792024765545914,6.188420335421069,6.5827166351059585,6.974887255924658,7.364904967565133,7.752741676719504,8.138368382816783,8.521755130583479,8.90287095913755,9.281683847287395,9.658160654669155,10.03226705831158,10.403967484167602,10.773225033094121,11.14000140069534,11.504256790368485,11.865949818802445,12.225037413077155,12.581474698391965,12.935214875311475,13.286209085253228,13.634406262748358,13.979752972777689,14.322193231214065,14.66166830607743,14.998116496920307,15.33147288919253,15.661669079865806,15.988632869906294,16.312287918333897,16.632553351558908,16.949343320383875,17.262566495427798,17.572125489672132,17.877916194210126,18.179827009919265,18.477737953418448,18.771519609960528,19.061031898341415,19.34612260274825,19.6266256126472,19.902358792721937,20.1731213780676,20.43869075150474,20.69881840390278,20.95322479477318,21.20159270213767,21.44355844801805,21.678700054430905,21.906520820343513,22.12642580188262,22.337686770450606,22.53938734760853,22.73033139602913,22.908876142112955,23.072587465638634,23.217368415471384,23.334131172700378,23.334131172700378,23.217368415471384,23.072587465638637,22.908876142112955,22.730331396029133,22.53938734760853,22.337686770450606,22.12642580188262,21.906520820343513,21.678700054430905,21.44355844801805,21.201592702137674,20.95322479477318,20.69881840390278,20.43869075150474,20.1731213780676,19.902358792721937,19.6266256126472,19.346122602748252,19.06103189834142,18.771519609960528,18.477737953418448,18.179827009919265,17.877916194210126,17.572125489672132,17.262566495427798,16.94934332038388,16.63255335155891,16.312287918333894,15.988632869906294,15.661669079865806,15.33147288919253,14.998116496920307,14.66166830607743,14.322193231214065,13.97975297277769,13.63440626274836,13.286209085253228,12.935214875311475,12.581474698391965,12.225037413077155,11.865949818802445,11.504256790368487,11.140001400695342,10.77322503309412,10.403967484167602,10.03226705831158,9.658160654669155,9.281683847287395,8.90287095913755,8.52175513058348,8.138368382816784,7.752741676719507,7.364904967565133,6.974887255924658,6.5827166351059585,6.188420335421069,5.792024765545914,5.393555551210969,4.993037571437807,4.59049499251601,4.185951299896473,3.7794293281607203,3.3709512892113764
3.0730144611657835,3.4814925001151273,3.8880144718508802,4.292558164470417,4.695100743392214,5.0956187231653765,5.494087937500321,5.890483507375475,6.284779807060364,6.6769504278790635,7.066968139519538,7.454804848673909,7.84043155477119,8.223818302537886,8.604934131091955,8.9837470192418,9.36022382662356,9.734330230265986,10.106030656122009,10.475288205048528,10.842064572649747,11.20631996232289,11.568012990756852,11.92710058503156,12.283537870346372,12.63727804726588,12.988272257207633,13.336469434702764,13.681816144732096,14.024256403168472,14.363731478031838,14.700179668874714,15.033536061146936,15.363732251820213,15.6906960418607,16.014351090288304,16.334616523513315,16.651406492338282,16.964629667382205,17.27418866162654,17.579979366164533,17.881890181873672,18.179801125372855,18.473582781914935,18.763095070295822,19.048185774702656,19.328688784601606,19.604421964676344,19.875184550022006,20.140753923459148,20.400881575857188,20.655287966727588,20.903655874092077,21.145621619972456,21.380763226385312,21.60858399229792,21.828488973837025,22.039749942405013,22.241450519562935,22.432394567983536,22.610939314067362,22.77465063759304,22.91943158742579,23.036194344654785,23.036194344654785,22.91943158742579,22.774650637593044,22.610939314067362,22.43239456798354,22.241450519562935,22.039749942405013,21.828488973837025,21.60858399229792,21.380763226385312,21.145621619972456,20.90365587409208,20.655287966727585,20.400881575857188,20.140753923459148,19.875184550022006,19.604421964676344,19.328688784601606,19.04818577470266,18.763095070295826,18.473582781914935,18.179801125372855,17.881890181873672,17.579979366164533,17.27418866162654,16.964629667382205,16.651406492338285,16.33461652351332,16.0143510902883,15.6906960418607,15.363732251820213,15.033536061146936,14.700179668874714,14.363731478031838,14.024256403168472,13.681816144732096,13.336469434702767,12.988272257207633,12.63727804726588,12.283537870346372,11.92710058503156,11.568012990756852,11.206319962322894,10.842064572649747,10.475288205048525,10.106030656122009,9.734330230265986,9.36022382662356,8.9837470192418,8.604934131091955,8.223818302537886,7.84043155477119,7.454804848673913,7.066968139519538,6.6769504278790635,6.284779807060364,5.890483507375475,5.494087937500321,5.0956187231653765,4.695100743392214,4.292558164470417,3.8880144718508802,3.4814925001151273,3.0730144611657835
