-0.6847089383929192,-0.5106137178129403,-0.3238814009268137,-0.12913339570882518,0.06881051087670886,0.265051436998891,0.45473264758802123,0.6331597528778008,0.7959168890870646,0.9389760059034125,1.0587965560296295,1.1524131195914245,1.217508794803026,1.252472538555628,1.2564390378142483,1.2293101250506642,1.171757207703633,1.0852046515383158,0.971794529145688,0.8343336060139389,0.676223876203516,0.5013783667859293,0.3141242947879115,0.11909597339388528,-0.07887988214562236,-0.2749036103525499,-0.46412386471107686,-0.6418576791312396,-0.8037063662005604,-0.9456643798701865,-1.0642184483427486,-1.156434523729144,-1.2200303965611943,-1.253432178024508,-1.2558132520306728,-1.227114733099036,-1.1680469237286772,-1.080071735182873,-0.9653665067435909,-0.8267701188622008,-0.6677127338410449,-0.4921309028835274,-0.30437014051949457,-0.10907737758448395,0.08891404557072259,0.2847039993396659,0.4734468381072806,0.6504713250911762,0.811396240754081,0.9522388135909133,1.0695132897330693,1.1603172018677708,1.2224032024016402,1.2542346830705149,1.2550238044695186,1.2247509943172095,1.16416543190068,1.074766506723721,0.9587667102510247,0.8190368791540641,0.6590351452461174,0.4827213505349087,0.2944590455418659,0.09890749633434946,-0.09909362701359574,-0.2946440266947044,-0.4829040538470977,-0.6592144841811044,-0.8192118282521176,-0.9589363225947589,-1.0749299290782743,-1.1643219171315715,-1.2248999107981537,-1.2551646423108056,-1.2543670571200538,-1.2225268520894552,-1.1604319880749692,-1.0696191889630895,-0.9523359098001193,-0.8114847152577654,-0.6505514449981482,-0.4735189437513776,-0.2847684911707773,-0.08897137094340313,0.10902673732698631,0.3043256823204938,0.49209211332304065,0.6676790993419757,0.8267411346002278,0.9653416841727732,1.0800506081484194,1.1680290531908395,1.2270997105362054,1.2558007016247232,1.2534217577570181,1.220021798365641,1.156427472852275,1.064212702069057,0.9456597257579707,0.8037026199677698,0.6418546823155108,0.4641214822122986,0.2749017279491341,0.07887840405831859,-0.11909712683343782,-0.31412518932213696,-0.5013790562417636,-0.6762244043122017,-0.8343340080338297,-0.9717948332896069,-1.0852048802130083,-1.1717573785730897,-1.22931025193796,-1.2564391314580885,-1.252472607238375,-1.2175088448667863,-1.152413155858008,-1.0587965821390477,-0.9389760245841969,-0.7959169023701936,-0.6331597622645031,-0.4547326541802622,-0.2650514415999782,-0.06881051406821162,0.12913339350875308,0.3238813994195583,0.5106137167867125,0.684708937698522
-0.7458590203472204,-0.5562156794759007,-0.352806646759653,-0.1406660595358965,0.07495584900457136,0.2887226869825854,0.4953439733205106,0.6897060709898876,0.8669987435701572,1.0228342029895936,1.1533557021538994,1.2553329849195798,1.3262422311344269,1.364328518196314,1.3686492532771108,1.3390975013122741,1.2764046314129687,1.1821222162024776,1.058583632044689,0.9088463105119062,0.7366160702988472,0.5461554022782584,0.3421779775353617,0.12973198918447504,-0.08592478487684721,-0.29945510622219546,-0.505574366731312,-0.6991813769054167,-0.8754846147964793,-1.0301208110266225,-1.159262935044704,-1.2597149100723941,-1.3289907126400096,-1.3653758990744518,-1.36797003621354,-1.3367089862192758,-1.2723664939511035,-1.1765350375995327,-1.051586416493359,-0.9006130514786673,-0.7273514506136041,-0.5360897343157133,-0.3315615086142217,-0.11882871303403397,0.09684365749097922,0.3101178561641711,0.5157154884416723,0.708548147261881,0.8838433462848329,1.0372626344061242,1.1650089683164222,1.263920685732422,1.3315497535487486,1.3662223543451113,1.3670803117966097,1.334102329758801,1.2681045193958154,1.1707202013242912,1.0443594826712752,0.8921496094957935,0.7178575708132099,0.5257968697135245,0.3207207689086899,0.10770465278235615,-0.107979582635773,-0.32099400305517417,-0.526066743597719,-0.7181224812474043,-0.8924080430419268,-1.044610041362805,-1.170961625006834,-1.2683357040986007,-1.3343223416642476,-1.36728839654564,-1.3664179415929172,-1.3317324568609394,-1.2640902980761557,-1.1651654535473137,-1.037406115272728,-0.8839740895635183,-0.7086665466930585,-0.5158220461631039,-0.31021316332990295,-0.09692837472856837,0.11875387473524107,0.33149580606951506,0.5360324089430338,0.7273017435379971,0.900570216717257,1.0515497320907035,1.1765038146715159,1.272340083673341,1.3366867848612802,1.3679514883715391,1.365360499293449,1.3289780056399108,1.2597044898049043,1.159254442808665,1.0301139328613567,0.8754790783574581,0.6991769480061616,0.5055708457116557,0.29945232427766894,0.08592260045832548,-0.12973369381634386,-0.34217929953922865,-0.5461564212032518,-0.7366168507739879,-0.9088469046443998,-1.0585840815293768,-1.1821225541535798,-1.2764048839355395,-1.3390976888349995,-1.3686493916703832,-1.3643286197003757,-1.3262423051220762,-1.2553330385168175,-1.1533557407401833,-1.0228342305973346,-0.866998763200874,-0.6897060848621984,-0.4953439830629752,-0.2887226937823868,-0.07495585372119246,0.1406660562844786,0.35280664453212784,0.5562156779592712,0.7458590193209926
-0.7885499580156138,-0.5880519492939333,-0.3730003380904097,-0.14871740206195394,0.07924611653610877,0.30524838526164066,0.5236961102698435,0.7291829638187394,0.9166233845747279,1.0813784393145396,1.2193706310908305,1.3271848124905363,1.4021527064975523,1.4424189431637668,1.4469869777543651,1.4157437539431939,1.3494625016690682,1.2497836004054967,1.119173981451826,0.9608660739882863,0.7787778059058809,0.577415639295004,0.3617630403501614,0.13715714393070214,-0.09084333481236775,-0.3165956727064029,-0.5345127899645613,-0.7392015245123724,-0.9255961070934621,-1.0890835337866998,-1.2256177330937543,-1.3318197020747473,-1.4050611332571363,-1.4435294626254018,-1.4462727288048947,-1.4132231332027123,-1.3451987179962877,-1.2438831204206873,-1.1117839043956,-0.9521705007241305,-0.7689932917661015,-0.5667858431484756,-0.35055270217511497,-0.1256455398143773,0.10236929836520935,0.32784855431412663,0.5452117231797327,0.749079165930575,0.9344052507483824,1.096603228041399,1.2316587485196204,1.336229214850461,1.407726508025881,1.4443810410410227,1.4452855546255694,1.4104175711435896,1.3406399509758884,1.2376795376472502,1.1040844202460909,0.9431608708845298,0.7588915179657743,0.5558367804143707,0.3390220022911582,0.11381308110690984,-0.11421633209087985,-0.339422774201643,-0.5562326392281032,-0.7592801184559674,-0.9435399978039803,-1.1044520257769752,-1.2380337740792515,-1.3409791977460344,-1.4107404555777148,-1.4455909659551842,-1.4446681375203463,-1.4079947172296332,-1.3364782274802223,-1.2318885062716514,-1.0968139062796562,-0.9345972368735631,-0.7492530344332279,-0.5453682084106244,-0.3279885219997529,-0.10249371684546393,0.1255356277383369,0.350456206012924,0.5667016494802952,0.7689202865055489,0.9521075885491049,1.11173002515501,1.2438372624565284,1.3451599284358002,1.4131905253715722,1.4462454869881674,1.4435068444580712,1.4050424700612294,1.3318043974771225,1.225605260259719,1.0890734315924502,0.925587975537765,0.7391950196377859,0.5345076185235033,0.3165915867700536,0.09084012648273673,-0.13715964758139235,-0.3617649820221175,-0.5774171358247314,-0.7787789522162151,-0.960866946610848,-1.119174641625245,-1.2497840967657532,-1.3494628725575406,-1.415744029364186,-1.4469871810172623,-1.4424190922462274,-1.4021528151657245,-1.3271848912106192,-1.219370687763816,-1.081378479862966,-0.9166234134070282,-0.7291829841934733,-0.5236961245789321,-0.3052483952487398,-0.0792461234635703,0.14871739728648511,0.3730003348187679,0.5880519470664083,0.7885499565083584
-0.8117252003173081,-0.6053346166246989,-0.38396270459623677,-0.1530881620298331,0.08157513416223489,0.31421953975287675,0.5390873756263808,0.7506134236191716,0.9435626591667238,1.1131598120313615,1.2552075486307577,1.3661903510886448,1.4433615221182516,1.4848111624645561,1.489513438537991,1.4573519704155364,1.3891227118802776,1.2865142512162102,1.1520660202851307,0.989105446157075,0.8016656007136659,0.5943853862971737,0.37239472769210946,0.14118761180387027,-0.09351388284329798,-0.3259012016722682,-0.5502230698540873,-0.7609278305430827,-0.9528008428239725,-1.1210935389110568,-1.2616409465591039,-1.370964768114238,-1.4463594650860752,-1.4859592177133791,-1.4887841023157886,-1.4547643435597397,-1.3847420413887777,-1.2804503298477767,-1.144470483570504,-0.980168033477183,-0.7916094727359175,-0.5834616144216445,-0.36087609166951995,-0.12936185883959744,0.10535115081507206,0.3374538366049605,0.5612017012469667,0.771057022854417,0.9618259094005579,1.1287868436363198,1.267807537052469,1.375447200828045,1.449041702639337,1.486769501782155,1.4876967307991749,1.451800307926832,1.379968508406307,1.2739789805816195,1.1364547509267213,0.9707993068876588,0.7811123642150362,0.5720884034840418,0.3489004869268243,0.11707223098422907,-0.11765889689265309,-0.34948357394957363,-0.5726643961192592,-0.7816778720553326,-0.9713511230194253,-1.1369899054542136,-1.2744947878322432,-1.3804626065470813,-1.4522706899527957,-1.4881417661412477,-1.4871879481160826,-1.4494327078430296,-1.3758102954101616,-1.268142617735533,-1.1290941490980453,-0.9621059894359483,-0.7713107024029454,-0.5614300408259411,-0.3376580907019945,-0.10553272572654564,0.12920144636848802,0.3607352538282331,0.5833387287792979,0.7915029150144859,0.9800762061491521,1.1443918399958843,1.2803833938638718,1.384685422438276,1.4547167475848548,1.4887443387568897,1.485926203030146,1.4463322232693478,1.3709424286803007,1.2616227405185474,1.121078793185664,0.9527889735513971,0.7609183356646337,0.5502155213295565,0.32589523761103634,0.0935091997858912,-0.14119126627248493,-0.3723975618651276,-0.5943875707156931,-0.8016672739323649,-0.9891067198857875,-1.1520669839111892,-1.286514975731411,-1.3891232532498423,-1.4573523724354263,-1.489513735231888,-1.4848113800736567,-1.443361680736396,-1.366190465992882,-1.2552076313538176,-1.1131598712181134,-0.9435627012519624,-0.7506134533592731,-0.539087396512727,-0.31421955433060544,-0.0815751442739453,0.15308815505929044,0.3839626998207653,0.6053346133732787,0.8117251981172338
-0.814811186977387,-0.6076359556039118,-0.38542244055269387,-0.15367016837204542,0.08188526116314535,0.3154141244589788,0.5411368529573536,0.7534670707017882,0.9471498505979413,1.1173917676837195,1.2599795307377324,1.371384256227035,1.4488488039297915,1.4904560127716795,1.495176148111638,1.4628923862044376,1.3944037051214224,1.2914051105743811,1.1564456860223165,0.9928655052644827,0.8047129688527975,0.5966446101458164,0.37380985068452083,0.14172355705967413,-0.09387044665715731,-0.3271415330032204,-0.5523165735744878,-0.7638228185005091,-0.9564258168198181,-1.1253589643572393,-1.2664414729077749,-1.376181841085154,-1.4518642660049481,-1.4916158571626918,-1.4944529889884315,-1.460305644852125,-1.3900191499822576,-1.285333250362717,-1.1488390553413426,-0.9839149095419267,-0.7946427811611598,-0.5857072359468367,-0.36227949715901353,-0.12988946094416703,0.10571116533304159,0.3386912145350393,0.5632843778216614,0.7739319175073632,0.9654202425893406,1.1330099419806905,1.2725530819154682,1.3805958644744951,1.4544641065203174,1.4923294235543352,1.4932544805882575,1.4572161902288527,1.3851062839802746,1.2787092427594948,1.1406581329373555,0.974369440995993,0.7839585196071666,0.5741377377318256,0.3500998553544749,0.1173895091118548,-0.11823401068987119,-0.3509392956329059,-0.5749671397724694,-0.7847730734814764,-0.9751645829667979,-1.1414296193605296,-1.279453216848327,-1.3858193335912932,-1.4578953949436555,-1.4938974466088544,-1.4929343053070845,-1.4550296143606156,-1.3811212584651893,-1.2730381522658314,-1.1334549773227633,-0.9658259877804409,-0.7742995230382473,-0.5636153431523006,-0.33898732776560536,-0.10597444155515465,0.12965684045924897,0.3620752430619808,0.5855290046725499,0.7944882233944666,0.9837817125016296,1.148724978446032,1.2852361541535104,1.389937018441897,1.4602366014733246,1.4943953071066272,1.4915679651819356,1.451824748214752,1.3761494347960495,1.2664150626300128,1.125337573716632,0.9564085988533916,0.7638090449083498,0.5523056234284655,0.32713288133315627,0.09386365325468742,-0.14172885835627916,-0.3738139620324203,-0.5966477789377193,-0.8047153960808326,-0.992867352978736,-1.1564470838910985,-1.2914061615808088,-1.3944044904505526,-1.462892969388183,-1.4951765785059101,-1.4904563284428527,-1.448849034026674,-1.371384422911035,-1.2599796507386207,-1.1173918535420377,-0.9471499116482219,-0.7534671138437926,-0.5411368832557987,-0.31541414560592856,-0.08188527583153687,0.15367015826033767,0.3854224336252324,0.6076359508872907,0.8148111837858841
-0.7977315434826976,-0.5948990108715104,-0.37734341934684257,-0.1504490173359233,0.08016882192469847,0.3088025743187363,0.529793819395542,0.7376732796422127,0.9272961786692095,1.0939695683469286,1.2335684736889077,1.3426379810241573,1.4184787428873287,1.4592137834713952,1.4638349512758253,1.4322278692906274,1.365174765216932,1.2643351116677506,1.1322045554697455,0.9720531525068973,0.7878444367119481,0.584137326146024,0.365973293871938,0.1387515960097948,-0.09190435506062931,-0.3202861652327643,-0.5407417365163635,-0.7478151517032766,-0.936381703839088,-1.101774728635116,-1.2399011008137462,-1.3473425359257798,-1.4214401904685952,-1.460360466475016,-1.4631403919057286,-1.4297114536511597,-1.3609012932228997,-1.2584132230927534,-1.1247840705610772,-0.963321392420923,-0.7780216142567917,-0.5734711203411743,-0.3547327420839176,-0.12722045440388635,0.10343461871807888,0.3315235731100449,0.5514010182575373,0.7576247990178034,0.9450906869949041,1.1091587078939638,1.2457679782329931,1.351537209260185,1.423848390754363,1.4609115837800852,1.461809219103061,1.4265188052536981,1.3559134845862457,1.2517404238847318,1.1165775745483733,0.9537698725860216,0.7673464573371939,0.5619209574539535,0.34257731162866106,0.11474394949147235,-0.11594055381730003,-0.3437670248009605,-0.5630969870187708,-0.768502207859522,-0.9548990428934185,-1.117674252641308,-1.2527991775708573,-1.3569294452406948,-1.4274877416353537,-1.4627275979904428,-1.4617766143997204,-1.4246580505643762,-1.3522902495638394,-1.246463909222142,-1.1097977639227525,-0.9456737740176533,-0.7581534270685769,-0.5518772225158117,-0.33194982744515705,-0.10381374563753196,0.12688537372082095,0.354438454441137,0.5732142812345041,0.7777988606557464,0.9631294062957423,1.1246196324323183,1.2582732554071272,1.3607828937917215,1.4296119197234598,1.4630572356916696,1.4602914230962152,1.4213832194018132,1.347295817037167,1.2398630260636778,1.1017438904791599,0.9363568812682713,0.7477952947651731,0.5407259500452247,0.32027369239872916,0.09189456123060467,-0.13875923871894613,-0.36597922107031133,-0.584141894491683,-0.7878479359687715,-0.9720558162972869,-1.132206570732345,-1.264336626870017,-1.3651758974007573,-1.4322287100479334,-1.4638355717614473,-1.4592142385644038,-1.4184790746106264,-1.3426382213271353,-1.2335686466903408,-1.0939696921261133,-0.9272962666834415,-0.737673341838657,-0.5297938630758388,-0.30880260480561567,-0.08016884307164822,0.15044900275819723,0.3773434093597434,0.594899004071709,0.7977315388816103
-0.7609089712693856,-0.5674390071610779,-0.3599255875842523,-0.14350442898209997,0.07646829586855333,0.2945485168612616,0.5053390009044044,0.7036229270830225,0.8844929968023604,1.0434728835803109,1.1766280167394623,1.2806629572216532,1.3530029555758376,1.3918576736414485,1.3962654928757756,1.3661173127306174,1.3021592500798966,1.2059741728737954,1.0799425250232428,0.9271834120373348,0.7514774054613911,0.5571729766046335,0.3490788752067328,0.13234511654451972,-0.08766447758481753,-0.30550502952714137,-0.5157853626321587,-0.7133014291996247,-0.893165107275302,-1.0509251786630494,-1.1826774940112457,-1.2851615984252656,-1.3558414261307083,-1.3929680669725504,-1.3956230512266736,-1.363741081342403,-1.2981116478970396,-1.2003594896389893,-1.0729043810943886,-0.9189012428578966,-0.7421620567224607,-0.5470615181745453,-0.33842876134491423,-0.1214278362947244,0.09857010300852163,0.3161197364158716,0.5258363504764095,0.7225291104683199,0.9013295327463345,1.0578119774564683,1.188103179333669,1.288978105836958,1.3579397705414455,1.3932810270737876,1.3941268150633597,1.3604558134950548,1.2931009664786381,1.1937288691660932,1.0647985244277631,0.9095004910396155,0.7316779289750256,0.5357314950111033,0.326510441247779,0.10919261047100624,-0.11084370284811672,-0.3281528555463355,-0.537356629110941,-0.733277337888495,-0.9110659773839875,-1.0663222402093848,-1.1952034282427058,-1.2945195642944343,-1.361812348252882,-1.3954160028083853,-1.3944985024770349,-1.3590821655814536,-1.2900430999972305,-1.1890895171257714,-1.0587194517077707,-0.90215893478698,-0.723282150771975,-0.5265155551912123,-0.3167283264124423,-0.09911186253377667,0.12094869447129818,0.3380077281344824,0.5466939126436612,0.7418431390142555,0.9186263130044798,1.0726688623347826,1.2001589958528,1.2979420355533045,1.3635984869441684,1.395503915624119,1.392869148150627,1.3557598021837705,1.2850946624413615,1.18262294252819,1.0508809952478626,0.8931295426342132,0.7132729790604673,0.5157627444648281,0.3054871589893043,0.08765044540609014,-0.13235606669054215,-0.34908736744277175,-0.5571795219348025,-0.7514824190468664,-0.9271872286022581,-1.0799454124052954,-1.205976343790793,-1.3021608722244553,-1.3661185173317243,-1.3962663818810352,-1.391858325679246,-1.3530034308547898,-1.280663301517482,-1.176628264608516,-1.0434730609258323,-0.8844931229053873,-0.7036230161954276,-0.5053390634876654,-0.2945485605415584,-0.07646832616699842,0.14350440809575638,0.35992557327516383,0.5674389974186133,0.7609089646771446
-0.7052547863626061,-0.5259355478675191,-0.333600016662849,-0.13300827423492168,0.07087526609330756,0.2730047225534127,0.4683776245487425,0.6521587178658258,0.8197996314368204,0.9671514440300572,1.0905673649624432,1.1869929875919678,1.2540418819057089,1.2900546553569894,1.2941400202448776,1.2661968512445827,1.2069166871675079,1.1177666150114745,1.000952959877097,0.8593666793598859,0.6965118138230388,0.5164187633071865,0.32354453736245337,0.12266244650125366,-0.08125603471186656,-0.28316430916146057,-0.47806555810383883,-0.6611364103058467,-0.8278463186605699,-0.9740696897548502,-1.0961879911970216,-1.191179309528349,-1.2566931421003935,-1.2911085717176631,-1.2935743840780431,-1.2640301349173149,-1.203207645223141,-1.1126128872661492,-0.9944887095219177,-0.8517593228264574,-0.6879579215917644,-0.5071392314407704,-0.313779147869734,-0.11266395026359506,0.09122816615999733,0.2928503075483346,0.4872117971254007,0.669501696714215,0.8352078759995276,0.9802286819722967,1.1009744446470506,1.1944563073408514,1.258360184222511,1.2911040165869943,1.2918769131299717,1.260659208035026,1.1982229427629942,1.1061127613469894,0.9866076928223246,0.8426647663021988,0.6778458526391448,0.4962295406845922,0.3023102258095287,0.1008869045670383,-0.10305557559918074,-0.3044698752020156,-0.49837107850032064,-0.6799600747097861,-0.8447423497190271,-0.9886392458204003,-1.1080889326076422,-1.2001345865668012,-1.2624975937207408,-1.2936339610752838,-1.2927725392278442,-1.259934109843764,-1.1959308664174633,-1.1023463028962421,-0.9814960102037424,-0.8363703533924489,-0.6705604504003405,-0.48816928616986094,-0.2937101631063825,-0.09199500154668319,0.11198474554879106,0.31318161718944554,0.5066170521996646,0.68750459017628,0.851368317622765,0.9941536288388535,1.1123275611134864,1.2029662215405978,1.2638271420092038,1.2934047717343087,1.290967733876376,1.2565769240190048,1.1910840023626184,1.096110316703095,0.9740067775798255,0.8277956784030743,0.6610959002322089,0.4780333521111077,0.2831388632949405,0.08123605427828322,-0.12267803842860212,-0.32355662946979313,-0.5164280832128714,-0.6965189526752675,-0.8593721137727279,-1.0009570712249964,-1.1177697061836487,-1.206918996941733,-1.266198566478021,-1.294141286100886,-1.29005558379465,-1.2540425586561676,-1.186993477835348,-1.0905677179035844,-0.9671516965526282,-0.8197998109951216,-0.6521588447531216,-0.4683777136611476,-0.273004784749857,-0.07087530923531189,0.13300824449482238,0.3335999962881151,0.5259355339952082,0.7052547769759038
-0.6321463653755142,-0.4714157956702498,-0.2990182342826789,-0.11922032131486249,0.06352815274384785,0.24470437406072884,0.4198244397135606,0.5845543289025401,0.7348171647004037,0.8668941117234804,0.9775164126073823,1.0639462854725104,1.1240446802391406,1.1563242168770813,1.1599859954018548,1.1349393665823135,1.0818041740251287,1.0018954121134287,0.8971906794639845,0.7702812333597864,0.6243078564750811,0.46288312309380886,0.2900019886276059,0.10994291523578197,-0.07283801941507426,-0.25381740953669374,-0.42851647521335023,-0.5926119121955902,-0.7420428939820107,-0.8731115778694266,-0.9825746273811236,-1.067723485771335,-1.126451413649644,-1.1573056312835903,-1.159523274718454,-1.1330502753844218,-1.0785426954422077,-0.997350485308346,-0.8914840648792891,-0.7635645551991033,-0.6167588921908645,-0.4547014285920964,-0.2814039651259301,-0.10115643887920582,0.08157927132524738,0.2622797919238992,0.4364722178061173,0.5998448180653061,0.7483537422808619,0.8783230852601385,0.9865358339465031,1.0703134475496352,1.1275821050167132,1.1569239854394544,1.1576123183756153,1.1296293429101534,1.0736667364994972,0.9911085067862853,0.8839967711159208,0.7549812690706744,0.6072538529788044,0.44446957062705533,0.2706562845851283,0.09011505576910593,-0.09268625175709634,-0.2732235179718879,-0.4470283336113776,-0.6097986153638131,-0.757505128497376,-0.8864912742227921,-0.9935636637774361,-1.0760712284378284,-1.131970898876962,-1.1598782213232448,-1.159101653281253,-1.129659688433543,-1.0722803882257428,-0.9883833355284104,-0.8800444625108923,-0.7499446294764183,-0.6013032333816367,-0.43779849429553513,-0.2634763962497279,-0.08265053797478526,0.10020462770726611,0.2805645248474991,0.45396641741692145,0.6161198361620758,0.7630127390673356,0.8910107805203981,0.9969472343243754,1.0782013464136018,1.132763178905099,1.1592833409513126,1.157106375524981,1.126286975520885,1.0675886273815516,0.9824647153050845,0.8730225531834225,0.7419712339812047,0.5925545868229117,0.428470900684117,0.253781401151957,0.07280974512056326,-0.10996497937125273,-0.29001910017280125,-0.4628963116973105,-0.62431795866933,-0.7702889236010224,-0.8971964974352161,-1.0018997864333172,-1.0818074425882458,-1.1349417938103508,-1.1599877867155775,-1.1563255307098643,-1.1240456379091883,-1.0639469792162604,-0.9775169120546383,-0.8668944690683472,-0.7348174187934814,-0.5845545084608412,-0.4198245658165874,-0.2447044620749607,-0.06352821379412835,0.11922027922962598,0.29901820545037866,0.471415776039533,0.6321463520923851
-0.5433930570535724,-0.4052290514729852,-0.2570360999258678,-0.10248180682604377,0.0546087872021326,0.2103478704928348,0.3608810789718299,0.5024828869412568,0.6316488091891997,0.7451821325098831,0.8402730301074111,0.9145681008667991,0.9662286124452734,0.9939760066999341,0.9971235412061349,0.9755932837329323,0.9299180390363609,0.8612281602371872,0.7712235711387059,0.6621316918543176,0.5366523089961874,0.3978907547913817,0.2492810488444372,0.09450090469465425,-0.06261929532518243,-0.21819130411710008,-0.368365246364846,-0.5094249057360869,-0.6378797043202722,-0.7505510976819124,-0.8446512470361563,-0.9178520210864557,-0.9683426192724227,-0.9948743896408224,-0.9967917313163649,-0.9740483157915137,-0.9272082244909636,-0.8574319733580796,-0.7664477693839049,-0.6565087098632894,-0.5303369837199917,-0.39105645688965357,-0.24211531246461782,-0.08720066382667774,0.06985274100464117,0.22515745832356346,0.3748695749445047,0.5152838342791212,0.6429253037395092,0.7546353132439861,0.8476495400181535,0.9196663133737856,0.9689034591945171,0.9941422906731431,0.9947576716642129,0.9707334234179964,0.922662705699979,0.8517333705869579,0.7596986529688933,0.6488339177220099,0.5218805218322813,0.38197816308728527,0.23258736844894376,0.07740401850269965,-0.0797319963618951,-0.23493174230414585,-0.3843534886274369,-0.5242978526252702,-0.6512994799380919,-0.7622129765201558,-0.8542909457344487,-0.9252521773210611,-0.9733382794624227,-0.9973573346383532,-0.9967134866611337,-0.9714217212352948,-0.9221074757930682,-0.849991095984962,-0.7568575358121682,-0.6450120660864872,-0.5172231024652553,-0.37665358138080485,-0.2267825924234034,-0.07131921287583345,0.08588932103432856,0.2409528350716964,0.39003447779628114,0.5294456447874197,0.6557372234401153,0.7657849061544841,0.8568664655177812,0.9267290826675383,0.9736450648075441,0.9964545739693754,0.994594309605432,0.9681114345696376,0.9176623988793128,0.8444966892694631,0.7504259056328353,0.6377789286874336,0.5093442875865427,0.36830115312735734,0.21814066385960357,0.06257953176628375,-0.09453193464025941,-0.24930511372146852,-0.3979093026333809,-0.5366665162574313,-0.6621425070566814,-0.7712317532667563,-0.8612343120802637,-0.929922635793807,-0.9755966972752707,-0.9971260604277102,-0.9939778544141864,-0.9662299592685669,-0.9145690765162356,-0.8402737325071572,-0.7451826350633375,-0.6316491665340666,-0.5024831394638278,-0.3608812563173513,-0.21034799427201942,-0.054608873060451,0.10248174763929355,0.2570360593774413,0.4052290238652441,0.543393038372788
-0.4411914030146982,-0.3290133608030854,-0.2086926233717481,-0.08320699060964788,0.044337911880327,0.17078549320732112,0.2930063188853689,0.40797556035396226,0.512847855518582,0.605027727573131,0.6822338192884837,0.7425553530058652,0.784499418972706,0.8070279216405932,0.8095832694926177,0.7921021725468894,0.7550172060001283,0.6992461012466655,0.626169029241307,0.5375944383530548,0.43571429212662244,0.323049814720296,0.20238908673009923,0.07671803582794398,-0.05085346985532724,-0.17716859642678257,-0.29910168184521774,-0.41363560243377107,-0.517936453257724,-0.6094236936792654,-0.6858340214543404,-0.7452773937144941,-0.7862838072378101,-0.8078396787614606,-0.8094129231007553,-0.7909661062146075,-0.7529573452790741,-0.6963289311365378,-0.6224839528334803,-0.5332515019698173,-0.4308413189892875,-0.31778900730572135,-0.19689317759738412,-0.07114608750733864,0.056340494199896604,0.1824123499807566,0.30395088079179505,0.41795023405299914,0.5215915760012366,0.612312669886059,0.6878710464068846,0.7463992207231575,0.786450615690677,0.8070350870782342,0.8076432062191132,0.7882587315510917,0.7493589857613094,0.6919031432782637,0.6173087177970743,0.527416816169749,0.4244469886089512,0.3109427512890403,0.18970908169516315,0.06374338499181492,-0.06383840337047761,-0.18987878232713673,-0.31125682968316937,-0.42496559242325516,-0.5281867902087996,-0.6183609508457241,-0.6932511986681048,-0.7509990685031904,-0.7901709159854006,-0.8097937342967227,-0.8093794609334365,-0.7889371573601995,-0.7489727599343916,-0.6904764223412104,-0.6148977881720228,-0.5241098380420139,-0.42036224065136385,-0.30622539459789705,-0.18452657205139966,-0.05827976238603135,0.06938903956202555,0.19531925197613137,0.31639392272898703,0.429616820647111,0.5321865078095444,0.6215655739460987,0.6955433319276324,0.7522904323400349,0.7904040519401154,0.8089425410747916,0.8074486735577682,0.7859609228036851,0.7450124832802985,0.6856180591399688,0.6092487445812114,0.5177956154164377,0.4135229310476388,0.29901210355664626,0.17709781946823644,0.05079789425082515,-0.07676140503946077,-0.20242272122916852,-0.32307573830811126,-0.43573414906472596,-0.5376095543452191,-0.6261804650879442,-0.6992546994422189,-0.755023630712151,-0.7921069435244604,-0.809586790512274,-0.8070305041201468,-0.7845013013761218,-0.7425567166337744,-0.6822348010057496,-0.6050284299728771,-0.512848354965838,-0.4079759132951036,-0.2930065667544226,-0.17078566620875424,-0.04433803188121549,0.08320690788658928,0.20869256669876285,0.32901332221680135,0.44119137690528015
-0.32807077592090783,-0.24465497412474804,-0.15518425046644893,-0.061872903373933356,0.032969716986627894,0.12699636216675037,0.217879976740065,0.30337128973787214,0.3813544808640272,0.44989954377799674,0.5073100504715824,0.5521651345747141,0.5833546544924033,0.6001066660579897,0.6020065247104052,0.5890071443556243,0.5614301589286488,0.5199579578166456,0.46561679216514235,0.39975137007875816,0.323991569377824,0.24021209167055876,0.15048605622064556,0.057033682110471516,-0.03783267118800974,-0.13176574452358086,-0.22244148418223766,-0.30761657299214334,-0.3851839629909914,-0.45322503438384776,-0.5100570885915562,-0.5542749981004575,-0.5847859797241807,-0.6008366272480179,-0.6020315301462121,-0.5883430125947691,-0.5601117464738841,-0.5180382183725166,-0.46316525854124657,-0.39685206396137324,-0.320740362802606,-0.2367135680529425,-0.146849948512457,-0.05337100020677966,0.04141367457199272,0.13516358452869348,0.22556521688121647,0.31038910013007387,0.38754463952563556,0.4551313748462032,0.5114854183217629,0.5552199694187462,0.5852589661580063,0.6008631126002927,0.6016477122848342,0.5875919318383336,0.5590393131231258,0.5166895431092373,0.46158167644519316,0.3950691857481162,0.31878738863416267,0.23461396798187875,0.14462346166270398,0.05103674769094438,-0.04383331310446778,-0.13763879691870676,-0.22805482535790458,-0.31283742425904126,-0.389879666266782,-0.45726464239067327,-0.5133138634766505,-0.55662979333869,-0.5861313600615794,-0.6010814769607576,-0.601105823632138,-0.5862023820813985,-0.5567414832133665,-0.5134563843907486,-0.4574246588889846,-0.39004092341080954,-0.3129816525584898,-0.22816302352999243,-0.13769289669995802,-0.04381816651032434,0.051131187919798336,0.14479996105530304,0.23486606647103528,0.3190979485040495,0.3954096691511965,0.4619123387638929,0.5169606471503068,0.5591933675865022,0.5875668486008252,0.6013806750419949,0.6002948677227642,0.5843381957477768,0.5539073925695734,0.5097572903580901,0.45298211156987184,0.3849883757431861,0.3074600877612522,0.22231706570198437,0.13166743700773098,0.03775547674813796,-0.057093922407729585,-0.15053277510925836,-0.24024810005529446,-0.32401915109523394,-0.39977236653084036,-0.46563267681655124,-0.5199699009074299,-0.5614390830014129,-0.5890137713533398,-0.6020114154878347,-0.6001102531816043,-0.5833572691941322,-0.5521670286853091,-0.5073114140994917,-0.4499005194274332,-0.3813551746077772,-0.30337177998125214,-0.21788032103589364,-0.12699660246972838,-0.03296988367062783,0.0618727884696974,0.1551841717463662,0.24465492052751017,0.3280707396543243
-0.2068307804747164,-0.15424166437790582,-0.09783525254677626,-0.03900754083873312,0.020785549467212117,0.08006420364692117,0.13736133671843054,0.19125890142412014,0.2404229823850445,0.28363680783679013,0.31983086188390336,0.3481093519581228,0.3677723763589408,0.3783332431616434,0.37953051176503844,0.3713344589498076,0.3539478092975734,0.3278007117666723,0.2935400866216701,0.2520136062472541,0.20424870619701824,0.15142714584947561,0.0948557482268382,0.035934043156146414,-0.023880385314195125,-0.08310798936868194,-0.14028389207140632,-0.1939941587256823,-0.24291080595857592,-0.28582468005320716,-0.32167538776404614,-0.34957753444415074,-0.36884261403431867,-0.3789960012148857,-0.379788615461703,-0.37120295739000025,-0.3534533570351602,-0.32698041893909435,-0.2924397972483337,-0.25068558233161486,-0.20274872503539665,-0.14981106130473248,-0.0931756235036012,-0.03423402985102061,0.025568175675711815,0.08476730889592378,0.1419175135538505,0.19562598478972695,0.24458656966592685,0.28761094460610775,0.3236566702739261,0.35185153914659295,0.3715137507657228,0.38216756604865165,0.38355419875296914,0.3756377956687548,0.3586064370047785,0.3328681573223338,0.29904205005260237,0.2579445810411929,0.21057130453904774,0.15807425321029123,0.10173536452886195,0.04293640918233415,-0.01687400024137216,-0.07621562558403411,-0.13361323729211624,-0.18763375978342947,-0.23692294430933053,-0.28024053990539016,-0.31649292602898366,-0.344762207216526,-0.3643308525021653,-0.3747010888635426,-0.3756084234246783,-0.3670288650479493,-0.34917963114777767,-0.32251334734528314,-0.2877059629847704,-0.24563880271457667,-0.19737534385356612,-0.1441334449736749,-0.08725385056544642,-0.028165860840434043,0.031648911565056476,0.09069376957344227,0.14749422953497665,0.20063450296475427,0.24879231650082126,0.290771274607484,0.32553002936226516,0.35220759206415203,0.37014420370387496,0.378897276529131,0.3782520271260537,0.36822654156500384,0.34907114298266395,0.3212620682653994,0.2854895993701433,0.24264093207438014,0.19377819641131094,0.14011216481143737,0.08297229255666977,0.023773827592763447,-0.03601719937020541,-0.09492024005794858,-0.1514768529250818,-0.20428678094708605,-0.2520425905092272,-0.29356201438275675,-0.3278171984562021,-0.35396012842319047,-0.3713436071071486,-0.3795372631786322,-0.37833819496239596,-0.36777598579185344,-0.34811196665985183,-0.31983274428731917,-0.2836381546600838,-0.24042394005509216,-0.19125957817457892,-0.1373618119973828,-0.08006453537021875,-0.020785779564094685,0.039007382220589616,0.09783514387860394,0.15424159039025642,0.20683073041095615
-0.08047196649420481,-0.06001105708142801,-0.03806495234856564,-0.015176796579771563,0.008086949814694386,0.031150529008816333,0.05344313440104147,0.07441303649958242,0.0935412363954927,0.11035430884583866,0.12443611703211019,0.13543810896918973,0.14308794062736319,0.14719621222620036,0.1476611508409145,0.14447112327476053,0.1377049168388986,0.12752978091689235,0.11419727760971367,0.09803704399001717,0.07944862020323441,0.05889154556399871,0.0368739677336601,0.013940046982158373,-0.009343532450479234,-0.032401609468868366,-0.05466480296886411,-0.07558362369648487,-0.09464208879151619,-0.11137049724798002,-0.12535704287040836,-0.1362579669462135,-0.14380598528711408,-0.14781676311867722,-0.14819325632610952,-0.1449277888551743,-0.13810179385597934,-0.12788321063155014,-0.1145216003606159,-0.09834111971038101,-0.07973157020313337,-0.059137818144460376,-0.03704794891775915,-0.013980573146756943,0.009528266890464088,0.032938140383184725,0.05571680106145575,0.07735193300829965,0.09736180062849795,0.11530463909386937,0.13078672949844886,0.1434691993759849,0.15307366083775434,0.1593868355878194,0.1622643139560977,0.16163355545404998,0.15749616865556743,0.14992942051228592,0.13908683429997626,0.12519765649932985,0.10856491961267167,0.08956181040141947,0.06862607701235221,0.04625227474525384,0.0229817548514763,-0.0006095643323505082,-0.02392545069417098,-0.04636528334705506,-0.06734114576624085,-0.08629545556599916,-0.10271840708112327,-0.11616445640485429,-0.12626708448385374,-0.13275113444256048,-0.13544213160993362,-0.13427215069054213,-0.1292819814247835,-0.12061954567428854,-0.10853471717065571,-0.09337087266922808,-0.07555364521116542,-0.05557744663199906,-0.03399037343183467,-0.011378110072511992,0.01165259528756135,0.03449037377026835,0.05653516840875638,0.07721330816235611,0.09599144703301771,0.11238914946804035,0.12598994480075645,0.1364507014788688,0.14350919103937818,0.1469897279204983,0.14680678950069695,0.14296654500868305,0.1355662540125233,0.12479153503011066,0.11091155086070206,0.09427220703464989,0.0752875104659202,0.05442928420925801,0.03221547878962209,0.009197359012372947,-0.014054123877468683,-0.03696244223734464,-0.058959738139039895,-0.07950085485474559,-0.09807680754891594,-0.11422736038794902,-0.12755239908422297,-0.13772181751087023,-0.1444836736807102,-0.1476704131418413,-0.14720300562867025,-0.1430928924281158,-0.1354416960928042,-0.12443869951166375,-0.11035615656009087,-0.09354255022827584,-0.07441396493724314,-0.05344378643883904,-0.031150984101825034,-0.008087265485867757,0.015176578970671123,0.038064803266104875,0.06001095557736656,0.0804718978114579
0.04787843116086001,0.035704748227278864,0.022647402476623137,0.009029543025658776,-0.0048118109326902156,-0.01853411168115994,-0.031797761586803516,-0.044274518995529845,-0.05565562345555293,-0.0656594392754544,-0.07403842836147895,-0.0805852798980767,-0.08513804532376289,-0.08758415169336707,-0.08786319429681803,-0.0859684396348147,-0.08194700178299152,-0.07589868801570099,-0.0679735424920765,-0.05836814901040447,-0.04732078450671313,-0.035105543336634376,-0.022025577709213477,-0.008405621267425662,0.005416019874743124,0.019095811867924816,0.03229346973666917,0.04468036057436799,0.055947632697474936,0.06581388100567717,0.07403217578767206,0.08039630483110873,0.08474610585690794,0.08697179615414896,0.08701723614067686,0.08488208996525723,0.0806228653885151,0.07435282358552445,0.06624074512670591,0.05650852161462531,0.045427517053221775,0.03331361646645884,0.020520862147444047,0.007433582299398635,-0.005543046166620526,-0.01799398209211105,-0.029506715953282525,-0.03968479126061833,-0.048161998566913555,-0.05461662757126541,-0.058785031971995395,-0.06047368567131295,-0.05956890592017774,-0.056043498017023255,-0.0499597351683137,-0.041468313099851585,-0.03080319010565106,-0.018272512051688942,-0.004246099494383218,0.010859786114967775,0.026599499527388257,0.04251588716763871,0.05815794837445051,0.07309730060827198,0.08694258858105335,0.09935115749797935,0.11003753336561757,0.11877850048870581,0.12541481863979106,0.12984986060463105,0.13204565637323373,0.13201698658434316,0.12982426161199123,0.12556594531254406,0.11937123152935486,0.11139356189497532,0.1018053979220264,0.09079444858192265,0.07856133154915136,0.06531843932960157,0.05128961639149533,0.036710150539759207,0.02182655271282905,0.006895644968824445,-0.007817413391627781,-0.022042375942064502,-0.0355084733197343,-0.047950157650315184,-0.059113749023666846,-0.06876460455340841,-0.07669437955233288,-0.0827279483839407,-0.08672959154716448,-0.08860812333623322,-0.08832071764438834,-0.08587527616430603,-0.08133126439939241,-0.07479901117435676,-0.06643752469099022,-0.05645092306439576,-0.04508361155833807,-0.03261436472528032,-0.019349491416453184,-0.005615275633352234,0.008250102750773878,0.02190495601290853,0.03501257040893909,0.04724956739542125,0.058313934690435776,0.0679325269723038,0.07586784985974424,0.08192395898118895,0.0859513280896194,0.08785056583651392,0.0875748893924403,0.08513129391016917,0.08058038912064727,0.07403490734182264,0.06565692005387896,0.05565383214183038,0.04427325313952158,0.031796872581543775,0.01853349119553791,0.004811380538417791,-0.009029839719555849,-0.02264760573952024,-0.035704886620551234,-0.0478785248047001
0.1750438879597024,0.13053689465888585,0.08279924889336117,0.03301239513779365,-0.017591509307895357,-0.06776008975370103,-0.1162517502263679,-0.1618664032179967,-0.20347517265809453,-0.24004833512447551,-0.27068080793469995,-0.2946145534984703,-0.31125734565867447,-0.32019743381404087,-0.321213742169095,-0.31428135198191925,-0.2995721314388307,-0.27745049788367915,-0.24846441758922416,-0.21333186608685245,-0.1729230843332918,-0.12823906987558892,-0.08038683504466514,-0.030552043655955253,0.020030298422417218,0.07010637701484461,0.11843457838459459,0.1638162163240873,0.2051252344703674,0.2413361752770742,0.27154976190519275,0.29501551248548463,0.311150894291183,0.31955662308609156,0.3200278132797442,0.31256077931175136,0.29735536962948417,0.27481277515345953,0.24552879150385518,0.21028253152471932,0.1700205917000662,0.12583668927395603,0.07894682674307071,0.030660127304507387,-0.01765436612636443,-0.0646044200750775,-0.10881408711616652,-0.148964844827169,-0.18383701331954608,-0.21234981922466992,-0.23359831981359674,-0.24688537580756842,-0.25174698468305917,-0.24796955773883395,-0.2355981241169702,-0.2149349373417553,-0.18652849842501015,-0.1511535446562775,-0.1097830389680724,-0.06355359432914598,-0.013726056145794807,0.03835686883480634,0.09131400645727675,0.14376827360775124,0.19438671465227603,0.241916581972739,0.28521634001524226,0.32328082553673265,0.3552601689967546,0.3804724518476472,0.3984104197261379,0.40874286977217456,0.41131155976699796,0.4061246285399063,0.39334755775492725,0.3732926399849524,0.3464077533622686,0.3132649980728945,0.2745494554902864,0.2310480267507087,0.18363803778185153,0.13327510303434112,0.08097965136842791,0.027821549950525173,-0.02509758808387398,-0.07666458142217603,-0.12577721007230525,-0.17136864708990715,-0.21243305960232894,-0.24805143210094857,-0.27741654373141494,-0.2998560103556405,-0.31485237383216447,-0.32205936627782,-0.32131367103140396,-0.3126417190336502,-0.29626127745649256,-0.2725777909224927,-0.24217561555550543,-0.2058044391851704,-0.16436130806213683,-0.11886878421061045,-0.07044984121369012,-0.02030017230661325,0.030341365417698194,0.08022341269011184,0.1281130994517052,0.1728265881711003,0.21325840681859373,0.24840884198472207,0.2774087123459946,0.299540908510815,0.3142581658710614,0.32119663062389964,0.32018488340809115,0.3112481975013335,0.29460792650075496,0.27067603695712894,0.24004492158213706,0.20347274543005714,0.16186468798455814,0.11625054562526098,0.06775924899639509,0.01759092612415002,-0.03301279715768415,-0.08279952431435354,-0.13053708218161114,-0.1750440148469983
0.2978772049207956,0.2221383943220072,0.14090189501567987,0.05617820683044445,-0.029935870156320512,-0.11530913029540091,-0.19782870896443136,-0.2754523757894772,-0.3462590804374505,-0.40849650020404676,-0.4606244128572792,-0.5013528215529387,-0.5296738885565214,-0.5448868877695834,-0.5466155588717917,-0.5348174339731111,-0.5097849063639235,-0.47213801532922794,-0.4228091259847659,-0.3630198835997109,-0.29425101288342403,-0.21820570941866574,-0.13676752829213587,-0.05195380983371947,0.03413420953233424,0.11936337530038052,0.20162141056502972,0.2788692479789905,0.34919164260281516,0.41084487240718065,0.4623004295273504,0.502283731411089,0.5298070291172261,0.5441958492539243,0.5451084626826093,0.5325480123626651,0.5068670415544219,0.4687642345161236,0.4192732166070697,0.35974327309297083,0.29181186188429376,0.21736884989650024,0.13851253301291405,0.057497736169820894,-0.023323353352146813,-0.10156650021396468,-0.17488522564693407,-0.24104289707112517,-0.2979844158583756,-0.3439044797359262,-0.3773092694280188,-0.39706853100428596,-0.4024554015240833,-0.3931719268755802,-0.36935898913832765,-0.33159021973360664,-0.28085034172538736,-0.2184991841800133,-0.14622328393570455,-0.06597749741808634,0.0200806284726896,0.1096608282886736,0.20041154538848485,0.28999007283200556,0.3761289193301616,0.4566962484899165,0.529748639288685,0.5935748620177085,0.6467298425553368,0.6880584836735981,0.7167095064079685,0.7321399430757869,0.7341113264086121,0.722678942983329,0.6981757209029296,0.6611923753243625,0.6125553279568773,0.5533036539028565,0.48466591910040324,0.40803730356908613,0.32495692549752353,0.23708486191255054,0.14617807120849222,0.054064311567532386,-0.037386760227508746,-0.12629584363222118,-0.21080970727252685,-0.28913995388547864,-0.35960391866351415,-0.42066634372473893,-0.4709801659359477,-0.5094246167019125,-0.5351388656676025,-0.5475496251018923,-0.5463914298299355,-0.531718672921033,-0.5039088655109282,-0.4636569642851779,-0.4119609483793753,-0.3500991168541178,-0.27959981613904705,-0.202204497587779,-0.11982515473947702,-0.03449730411445167,0.05167024315382744,0.13654751638668924,0.2180360970749305,0.2941210774471812,0.3629209647777877,0.42273428768597426,0.47208174631891875,0.5097428609545505,0.5347862110450954,0.546592516069989,0.5448699870976117,0.5296615694309043,0.5013438974801746,0.46061798814525656,0.40849190344660075,0.34625581187433346,0.27545006601525185,0.19782708681987246,0.1153079981115755,0.02993508482719037,-0.0561787482000103,-0.14090226590415214,-0.2221386468445782,-0.2978773757902523
0.4133383980445385,0.3082422134196402,0.19551736331453498,0.07795364456282054,-0.041539394475452504,-0.16000446360999243,-0.2745097226385373,-0.38222134403285335,-0.4804736508435566,-0.5668350942253919,-0.639168437993742,-0.6956836610407604,-0.7349822687149152,-0.7560919169372021,-0.7584904926241817,-0.7421190549724792,-0.707383317863508,-0.6551436372315702,-0.5866937516542313,-0.5037288025727189,-0.40830342543467757,-0.3027809479061932,-0.18977494969457295,-0.07208462443891869,0.047374467986458446,0.16564256555087248,0.2797890337843723,0.3869851034209311,0.4845743034616135,0.5701389735602751,0.6415613825079483,0.6970781592258277,0.7353269436664555,0.7553843666601272,0.7567946461959206,0.7395882202572083,0.7042899078776664,0.6519160995356476,0.5839604441940941,0.5023674637992529,0.40949354540354654,0.30805490250825623,0.20106241917789716,0.09174382615593535,-0.016545599247350364,-0.120421722647934,-0.21657659560008702,-0.3018859418405012,-0.3735145122654292,-0.42901439668788655,-0.4664114439542474,-0.48427542367103327,-0.48177041969203876,-0.45868308366163457,-0.4154276695198379,-0.353028080242719,-0.27307836183949286,-0.17768408189255258,-0.06938777478834046,0.04891789268403246,0.17408536553037562,0.30281198285797745,0.43174058747569954,0.5575575251332895,0.6770849406920402,0.7873646694584041,0.8857314483239926,0.9698736348212822,1.037880130512452,1.0882727649573458,1.1200240061355085,1.132560506693522,1.1257536395713588,1.0998987717440136,1.055685509814706,0.9941614623796233,0.91669214733845,0.8249194959567537,0.7207209713554941,0.6061706690692937,0.4835029825374242,0.3550786082405113,0.2233519583877241,0.09083855970088751,-0.039919170181137296,-0.16638922622321464,-0.2860913905603902,-0.39664296473199157,-0.4958083211752795,-0.5815509244096583,-0.6520858001676207,-0.7059299906195471,-0.7419483726397119,-0.7593923313606424,-0.7579291290451369,-0.7376603190145886,-0.6991281466829817,-0.6433094823729395,-0.5715973888766062,-0.4857709077874417,-0.3879540398025875,-0.2805651977783164,-0.1662586380201873,-0.04785953833682163,0.07170549751946692,0.18948066205179234,0.3025540177759439,0.40812955693202363,0.5035964285231808,0.5865935987974681,0.6550683335279694,0.7073270488531989,0.7420772694347948,0.7584596544682248,0.7560692987698715,0.7349657820253854,0.6956717179499761,0.6391598397981887,0.5668289423823154,0.48046927652366783,0.3822182528606791,0.27450755172153934,0.16000294840772605,0.04153834346902471,-0.0779543690780228,-0.19551785967479132,-0.30824255137074263,-0.4133386267192309
0.5185699342836135,0.38671737855091143,0.2452939786689882,0.09779978319416716,-0.05211492063107372,-0.20073994958008853,-0.3443970502545,-0.47953093563523563,-0.6027972795803437,-0.7111454918182794,-0.8018942252212721,-0.872797747075264,-0.9221015322357361,-0.9485857028718737,-0.9515952403461699,-0.9310562221977049,-0.8874776830735657,-0.8219390541885114,-0.7360634926124988,-0.6319777604192159,-0.5122596455751083,-0.37987422270206983,-0.23810052408269444,-0.09045042140122948,0.059418300972645596,0.20779257698590012,0.3509962297741979,0.48548152523113086,0.6079180270085071,0.7152768122941144,0.8049083017505103,0.8746121841103156,0.9226981464635198,0.9480363188012421,0.9500964687925543,0.9289750119922292,0.8854088264206825,0.8207747029347643,0.7370730852552279,0.6368946505828817,0.5233683666218011,0.40009004031389644,0.2710311178652586,0.14042861080922073,0.012658434705209234,-0.1079039972068931,-0.21703059336137492,-0.31078828960084925,-0.38568041816198445,-0.43877445340538196,-0.4678094567489065,-0.47127776069168714,-0.44847710495559523,-0.3995313563671362,-0.3253798805939261,-0.22773738288504108,-0.10902744404322906,0.02770603594189458,0.1789047225723277,0.3406141306286121,0.5086095107812318,0.6785248683097337,0.8459810604302533,1.0067093477634979,1.1566671676892955,1.292143238353587,1.4098494085833346,1.5069969805306473,1.5813555996917805,1.631293280819508,1.6557967536326146,1.6544720789977354,1.6275263807696077,1.5757325005748357,1.5003793191898673,1.4032112826817844,1.2863612023298123,1.1522805589730822,1.003671269004013,0.8434221548318599,0.6745522730058232,0.5001619244927245,0.32339079415948546,0.1473814544841156,-0.02475437924632086,-0.1899697948953282,-0.34531955805372677,-0.48800189565160484,-0.6154060363999238,-0.7251650390907647,-0.8152121637141306,-0.8838380079231714,-0.9297449860312808,-0.9520955320251291,-0.9505506423525046,-0.9252959531122957,-0.8770533465295987,-0.8070769727826528,-0.7171334430492727,-0.6094667191949598,-0.48674885346257746,-0.35201820886757035,-0.2086071308602113,-0.06006126699324266,0.08994713103430872,0.2377095188790021,0.379572564917402,0.5120284608723217,0.6318017240216874,0.7359302955722017,0.8218389013317482,0.887402844774774,0.9310006465932027,0.9515542248263972,0.9485556200936384,0.9220796044746494,0.8727818624238551,0.8018827893746349,0.7111373096902289,0.602791461609112,0.4795268242873362,0.34439416287244756,0.2007379343174889,0.05211352276229187,-0.09780074682022727,-0.24529463884240735,-0.386717828035599,-0.5185702384275325
0.6109674520464587,0.45562171564983356,0.2889998204945102,0.11522544337423676,-0.061400731826479905,-0.23650745414649182,-0.40576109301249813,-0.5649728959178563,-0.710202662152546,-0.8378562671900104,-0.9447746246039305,-1.0283118843838206,-1.0864009329931532,-1.1176045748673897,-1.121151129491992,-1.0969535639409473,-1.0456116882081927,-0.9683973596615204,-0.8672230629534979,-0.7445946420105748,-0.6035493505116448,-0.44758074580492635,-0.28055226777963377,-0.10660160813342182,0.06996182375463841,0.24476390443816215,0.41347478924385594,0.5719174537609398,0.7161734672929795,0.8426838776760601,0.9483433295308195,1.0305857864051864,1.087460427628709,1.1176963844653331,1.1207549183589738,1.096867406442669,1.047057113634159,0.9731422845668967,0.8777177293109597,0.7641119901894224,0.6363175490924113,0.49889250166609167,0.35683372372249667,0.2154236915795123,0.08005556186767392,-0.04395646672703726,-0.1515724751972795,-0.23821753212292013,-0.2999572148555893,-0.3336481621950196,-0.3370556398472828,-0.3089325877131416,-0.2490574834661643,-0.15823122250470134,-0.03823574124750473,0.10824094797989292,0.27770741223655304,0.4659927285890175,0.6683853706471015,0.8797812691269749,1.0948360457010438,1.3081172542132828,1.5142531989717705,1.7080754378300373,1.8847523802688226,2.0399114771884643,2.1697474364200193,2.2711137857469126,2.341595059295151,2.3795570176553076,2.384172721849103,2.3554230250489088,2.294071132375544,2.2016122567002983,2.080200952825101,1.9325602730406808,1.761878244636745,1.5716981056726125,1.365809058477435,1.1481438888257565,0.9226886343470992,0.6934076749351752,0.4641853898703112,0.238783204230274,0.020808794934907338,-0.1863072192995606,-0.379332380299256,-0.55525622612248,-0.7113206114554451,-0.8450584557169907,-0.9543407744196836,-1.0374298525410337,-1.0930348358219515,-1.1203650632617228,-1.1191762202229028,-1.0898048014839112,-1.0331872817949843,-0.9508615915715968,-0.8449497806236903,-0.718121955495062,-0.57354258786078,-0.4148010657332738,-0.2458288985984351,-0.0708063253326548,0.10593874490400096,0.28003646052901016,0.44718243792206575,0.6032439391820282,0.7443620215256588,0.8670470265559688,0.9682649856119817,1.0455127693862694,1.0968801046726884,1.1210969151720231,1.1175648113084908,1.0863719487311805,1.0282908879317387,0.9447595086117667,0.8378454519876474,0.7101949719113109,0.5649674615050152,0.4057572764475758,0.2365047903561034,0.06139888411222769,-0.11522671710295018,-0.2890006931170707,-0.4556223097823261,-0.6109678540663486
0.6882442159820287,0.5132499163313669,0.32555321104380797,0.1297993472198875,-0.06916703393004095,-0.26642180037901453,-0.45708320119199797,-0.6364326912267938,-0.8000317188026611,-0.943831586516145,-1.0642736669177053,-1.1583774935791606,-1.2238145482655607,-1.2589659190371725,-1.2629624033641191,-1.2357060648148794,-1.1778727107375186,-1.0908952300431596,-0.9769282026639099,-0.8387946530459249,-0.6799162563631392,-0.504228704811977,-0.3160842886834167,-0.12014402870272357,0.0787381019701757,0.27563621898455976,0.46567617845474946,0.64415928547187,0.806683698875596,0.9492614275801542,1.068429078266379,1.1613507106465857,1.2259111953271153,1.2607982686883499,1.2655709943795719,1.2407115967062436,1.1876567465544352,1.1088035741803772,1.0074852483694952,0.8879112087907891,0.7550683155064942,0.6145813870284104,0.4725347271396924,0.3352599559771574,0.20909924298961807,0.10015627909998365,0.01404945088084969,-0.044317717136511225,-0.07095485668691792,-0.06294039827005604,-0.018526921510190864,0.06280710464213546,0.18035823243161286,0.33224695937250703,0.5155073488017725,0.7262085398110942,0.9595990223310107,1.2102652189789187,1.4722972617045278,1.7394565316874917,2.00534121620004,2.2635475601027593,2.507825475132575,2.732227636469593,2.9312511523217037,3.0999704218547612,3.234159038091716,3.3303977188255347,3.3861644496783887,3.39990248688561,3.371061761108758,3.3001096769457803,3.188508386916602,3.038657327358462,2.853802038270148,2.637912852473927,2.395539643647373,2.131651115790159,1.8514687285217883,1.5603059574617095,1.2634229740706149,0.9659049560941169,0.6725692802286574,0.38790318316345435,0.11602964537324538,-0.13930413870967667,-0.3747237328409142,-0.5872189058303127,-0.7741380644692449,-0.9331922879159584,-1.0624727103738687,-1.1604817203529083,-1.2261753530661341,-1.2590118517555986,-1.2589999808912158,-1.2267403779854744,-1.163453908928533,-1.070992373700377,-0.9518286609669143,-0.8090252548424053,-0.6461816135995941,-0.46736222756179596,-0.27700807723375126,-0.07983478006311026,0.11927899808308852,0.3154092051192993,0.503706525570869,0.6795154844526524,0.838489241716311,0.9766970179611247,1.090721361540507,1.1777427753012766,1.2356095686526885,1.2628911862528274,1.2589136843856612,1.2237764735154923,1.1583499118617497,1.0642538099796004,0.9438173792548995,0.8000216166084104,0.6364255523745631,0.45707818760652064,0.2664183011221889,0.06916460670200353,-0.12980102043859112,-0.3255543573541444,-0.5132506968065096,-0.6882447440907163
0.7484877108635911,0.558175742056771,0.35404948532752334,0.1411607914350984,-0.07522164334796236,-0.2897426766368145,-0.49709326048632907,-0.6921418433462024,-0.8700613819560239,-1.0264488204863607,-1.157434080792036,-1.259775867373769,-1.3309419171075092,-1.3691717088985798,-1.3735200825770406,-1.3438806887329948,-1.280988689900253,-1.1864026457602876,-1.0624660273105517,-0.9122493028937261,-0.739474007346257,-0.5484206278031615,-0.343822497936805,-0.1307481673521007,0.085525114877948,0.29964411050035666,0.5063158784479066,0.7004452126975462,0.8772710842540784,1.0325002317499161,1.1624362457695177,1.2641024693502558,1.3353566598373263,1.374994537926324,1.3828380968367795,1.3598030082294859,1.3079379522085235,1.230427660880459,1.1315513966597932,1.0165899158300364,0.8916769133822576,0.7635954032856141,0.6395249889707912,0.5267517353345251,0.43235740610148643,0.3629082502666772,0.32416462368558485,0.3208312374638904,0.35636392707331643,0.43284315676717977,0.5509179225020757,0.709817295328113,0.9074214520193309,1.1403803050227714,1.404266060236881,1.693746143113995,2.0027646036043185,2.324722823828126,2.652653532788126,2.979385243283994,3.297696841657395,3.600463901954683,3.880799234264196,4.132190216408212,4.348634704839503,4.524775949888569,4.656035169095629,4.738738497591385,4.770233180922392,4.74898634590066,4.674658710363892,4.54814538002731,4.371576591889803,4.148272988292226,3.8826527282919665,3.580091313415366,3.2467391203208837,2.889305842779262,2.5148247875437026,2.130412641390941,1.7430413903557653,1.3593381658889314,0.9854258390564351,0.6268124542636512,0.2883317063036037,-0.02586949848039266,-0.3123058019352146,-0.5681037045322087,-0.7909422401473564,-0.9789979761265368,-1.1309052833257576,-1.2457383159429065,-1.323016062548409,-1.3627271208944682,-1.365367276833199,-1.3319809802047395,-1.2641974877289184,-1.164253541250254,-1.0349965156350909,-0.8798644805764122,-0.7028421054152836,-0.508393461864736,-0.3013743745128775,-0.0869280054672576,0.1296320913799064,0.3429470309232074,0.5477414230883565,0.738951828105149,0.9118509950108683,1.0621643695258856,1.1861757156300397,1.2808190775565185,1.3437547183091116,1.3734271096493453,1.3691035163235383,1.3308922100319025,1.2597398589890323,1.1574081572042196,1.0264302726443597,0.8700481933525204,0.6921325234405155,0.497086715156158,0.2897381082911533,0.07521847455605704,-0.1411629758536226,-0.35405098185725326,-0.5581767609817667,-0.7484884003194275
0.7902069739378864,0.5892873216130263,0.3737833801286767,0.1490285737246291,-0.07941474417755216,-0.3058929596218384,-0.5248011275761038,-0.7307216997285072,-0.9185586180257816,-1.0836634562053946,-1.2219504885476424,-1.329997839291687,-1.4051322108174904,-1.4454950952233252,-1.4500888321717926,-1.4188013742850731,-1.3524091471495434,-1.2525579301761622,-1.1217222219367915,-0.9631440723881167,-0.7807528457722193,-0.5790678004710881,-0.36308571134229123,-0.13815598977239546,0.09015414815131442,0.31620197118444776,0.5344166911800164,0.7394501187468584,0.9263288904934229,1.0906068747542872,1.2285162948208956,1.3371155380733237,1.4144303895988333,1.4595835085673554,1.4729045264167067,1.4560106071848007,1.4118453188737181,1.3446629894043802,1.2599470692828838,1.164254820292019,1.0649868414130452,0.9700878989830461,0.8876940904703661,0.8257490632848363,0.7916173553333727,0.7917247954323985,0.831253799847909,0.9139155830551016,1.0418127230646128,1.2153956201618792,1.433506758278315,1.6934987461679154,1.9914068779804626,2.3221548418951494,2.679773088781009,3.0576126662725422,3.4485421711995965,3.8451209417972225,4.239746856110209,4.624781479597517,4.992658415842806,5.3359824032008305,5.647627007838916,5.920837866169132,6.149346577510103,6.3274978166889655,6.450389296770238,6.51402111799667,6.5154480306531415,6.452925455103296,6.326037989202909,6.1357978518964025,5.884700523645375,5.576725982269324,5.217276552448901,4.813046506200124,4.371823988835901,3.902232176747261,3.4134231279648475,2.9147436925843846,2.415397148368947,1.9241260363162742,1.4489403846692333,0.9969109749183683,0.5740399345997339,0.18521172206797742,-0.16578208651328113,-0.47615929844836974,-0.744025897148745,-0.9682404946152748,-1.148286366979136,-1.2841682292030516,-1.3763439289255033,-1.425693512985544,-1.4335210996263934,-1.4015798089272782,-1.332107269413396,-1.2278589576765326,-1.0921283885489086,-0.9287462212864137,-0.7420538873248153,-0.5368507059295001,-0.31831619325509014,-0.09191119609662679,0.13673739195659929,0.3619631044785164,0.578192333457488,0.7800777622080995,0.9626282651374943,1.1213312167330993,1.2522636425333817,1.352189135244097,1.41863795193052,1.4499682104754876,1.4454066207196405,1.4050677189863798,1.329951120403074,1.221916854048573,1.0836393913283635,0.9185415064805864,0.7307096076211675,0.5247926353400649,0.30588703242346504,0.07941063282965273,-0.14903140789764985,-0.3737853218006328,-0.5892886436168934,-0.790207868472112
0.8123694943188169,0.60581466833445,0.38426648800836677,0.153207951582383,-0.08164259690780627,-0.31447299885227803,-0.5395211369492564,-0.7512175562815822,-0.9443233218551783,-1.114059701958733,-1.2562264692218872,-1.3673058931672704,-1.444549852356186,-1.4860479120621692,-1.4907746842244103,-1.4586152981185343,-1.3903683490741268,-1.2877262432963261,-1.153233401882819,-0.9902233059875171,-0.8027358333112063,-0.5954167244409033,-0.3734012923066757,-0.14218461413584296,0.09251960573638082,0.32492954967653603,0.5493536116973325,0.7603554084606607,0.9529246663623352,1.1226531078472288,1.2659137131970575,1.3800400463316627,1.463499596124164,1.516051466950961,1.538874788847993,1.5346508112867763,1.5075799377819556,1.4633160755868417,1.4088053814372659,1.3520248619918802,1.3016275375958135,1.2665133506069388,1.2553564784909923,1.2761278998817627,1.3356551387956361,1.4392582044483095,1.5904921634284412,1.791013964134811,2.0405763044567227,2.337136992694308,2.6770606357553905,3.05538214480031,3.4660991103173533,3.9024622906200657,4.357239289130247,4.8229345643089,5.291957732553291,5.756740383170016,6.209808376051041,6.6438213071494046,7.051593365724402,7.426110333663628,7.760556340067884,8.048361607119226,8.283279216197013,8.45949522935389,8.571772577526582,8.615625154415458,8.587514670657939,8.485059161399821,8.30723877632414,8.054581860908815,7.729312689718212,7.335441929001471,6.878782389058844,6.366876202143043,5.8088253664961425,5.2150254659491555,4.596811749906501,3.9660366632559096,3.3346070172310704,2.7140157757757755,2.1149064717119197,1.5467065511852034,1.0173591800952986,0.53317185176074,0.09878604756396492,-0.28274254742680816,-0.6097766857902976,-0.8818753196006824,-1.099552092181867,-1.2640476865604304,-1.377141705414347,-1.4410191377248087,-1.4581949562178722,-1.4314901795142365,-1.3640454476126975,-1.2593545705730842,-1.121300509045026,-0.9541790381820406,-0.762699782315864,-0.5519592185012319,-0.32738470666768676,-0.09465205662895637,0.1404185987050158,0.37198269449087956,0.5943006484687064,0.8018708026915691,0.9895604427580974,1.152730111515898,1.2873471163768742,1.3900847823942348,1.4584046198802771,1.4906191657077585,1.4859338351668587,1.4444666961421269,1.3672456528700123,1.2561831000103705,1.114028672013128,0.9443012577197076,0.7512019643542338,0.539510186803234,0.3144653561431267,0.08163729561120124,-0.15321160605100034,-0.384268991659057,-0.6058163729663187,-0.8123706477583694
0.8144267662091126,0.6073487360480846,0.38523934433760737,0.1535954612343641,-0.08185010687864457,-0.3152705090281097,-0.5408890724468904,-0.7531222882056425,-0.9467180221979105,-1.1168855324161433,-1.2594140765087145,-1.3707771762378425,-1.448219960591938,-1.4898274279628112,-1.4945719391695846,-1.462338764534568,-1.3939290449302448,-1.2910400712539492,-1.156223317884762,-0.9928211567269498,-0.80488359588392,-0.5970666897305351,-0.3745144089374857,-0.1427256967978994,0.09259185081822184,0.3256807360399689,0.5509043829842235,0.76293014781131,0.9569246425213422,1.1287606400482886,1.275232684243201,1.394274861032466,1.4851691156335436,1.5487266627901763,1.5874196363310404,1.6054367947362478,1.6086375596881608,1.6043842182870895,1.601243133029101,1.6085613443003604,1.6359427502691264,1.6926648711233216,1.7870895524325878,1.9261259518772182,2.11480028486605,2.355974396101447,2.6502363725325027,2.9959644942556825,3.389544687579211,3.825704763584854,4.297918474905776,4.798829728001104,5.320651627345896,5.8555047581538435,6.395671973010151,6.933760586656344,7.462775304041944,7.976115028918292,8.46751324363068,8.930944866673395,9.36052279987495,9.750405451828863,10.094733121806469,10.38760692947666,10.623119498343907,10.795442165897159,10.898969236236503,10.928515705092588,10.879560889657586,10.748526401300257,10.53307289521691,10.232396141908573,9.847499497510263,9.381417303369926,8.839362779297018,8.228775319260848,7.559246407352574,6.842311035344856,6.0911024447748385,5.319881528367892,4.543466900088358,3.776605456424003,3.0333338316015204,2.3263862127582007,1.6667018662216495,1.0630758980055328,0.5219801448667735,0.04756003930538977,-0.3582087243194463,-0.695239018623629,-0.9649747507097295,-1.1700095767049015,-1.3137302200686398,-1.4000212641366683,-1.4330524312272774,-1.417152602953542,-1.3567603908893568,-1.2564311740959886,-1.1208760849630346,-0.9550090533676013,-0.763982380859961,-0.5531976670270049,-0.3282855920843952,-0.09505384843720095,0.14059324590532388,0.3727573609921733,0.5956637991412231,0.803786917790983,0.9919766551489346,1.1555803518641652,1.290555000903586,1.3935659503481275,1.462068890650372,1.4943726834109754,1.4896812545247051,1.448113402870506,1.3706999817979706,1.2593585009042125,1.1168457688572444,0.9466897479033994,0.7531023077720591,0.540875040268163,0.3152607151980851,0.08184331347617467,-0.15360014429177352,-0.38524255266723834,-0.6073509204666064,-0.8144282442964162
0.7963278635388934,0.5938515421325397,0.3766778482185292,0.1501814774777044,-0.0800321889255582,-0.3082658254542516,-0.5288711834946219,-0.7363889040235333,-0.9256836630304699,-1.0920713068999368,-1.2314348335177432,-1.34032635117697,-1.4160524944185156,-1.456741184746611,-1.461388083644408,-1.429881582029484,-1.3630056876566048,-1.262420688911707,-1.1306219622545082,-0.9708777144192449,-0.7871467614970288,-0.5839775873537392,-0.36638983342403325,-0.13973900741226405,0.09043543350568864,0.3185792659648059,0.5393113053368377,0.7476314002222721,0.9391493295138216,1.11033278703387,1.2587679967159382,1.3834197405841884,1.4848693962173627,1.5655014964192755,1.6296035852547837,1.6833432814236164,1.7345925846224872,1.7925834664077143,1.8673997186767348,1.9693349030730842,2.1081704614366523,2.292446413814578,2.528805103168616,2.821483617225701,3.172013023088353,3.5791553453451614,4.039077314960254,4.545729155639749,5.091372357727881,5.667186151295574,6.263879591241157,6.872243900342288,7.483595325101431,8.090078657310281,8.684822106420835,9.26195234584442,9.816492308675215,10.344172824971444,10.841192622677616,11.303960414383875,11.728848988392627,12.111985704029431,12.449097682997014,12.735424119401237,12.965702985546894,13.134235146985894,13.235025409474808,13.261997007093434,13.209273113762553,13.071515726611652,12.844308427353525,12.52456495747223,12.110940388661515,11.604216398546704,11.00762758114623,10.327092933770388,9.571316931000487,8.751729121588847,7.882240795311143,6.978812085951354,6.05884202722367,5.140415543945663,4.2414620898652124,3.3788969605432855,2.567824610477259,1.8208809179867398,1.1477773514667597,0.5550857515829201,0.04627158823879585,-0.37804861790194344,-0.7196776538693698,-0.9823057748368302,-1.170952238736034,-1.2914485969947562,-1.3500146994666837,-1.3529551740835148,-1.3064803423977256,-1.216635696447067,-1.0893111503020085,-0.9302962196243959,-0.7453491549013785,-0.5402547212602298,-0.32085422695762267,-0.09304028955011487,0.13728385042111327,0.36427561135339087,0.582247323341216,0.785774903247835,0.9698127202589729,1.1298074083801968,1.261804616442392,1.3625439082175084,1.4295381178306383,1.4611344040958796,1.4565550540673646,1.4159167976065032,1.34022804366112,1.2313640565591972,1.0920206666424401,0.9256476546457333,0.7363634581570132,0.5288533129567848,0.3082533526202164,0.08002353725549412,-0.15018744153893887,-0.37668193415487844,-0.5938543240770662,-0.7963297459423092
0.7585207000671691,0.5656571071601312,0.3587938583901738,0.14305045107084222,-0.0762338944245152,-0.2936323924387013,-0.5037650228536459,-0.7014317120713189,-0.8817410700754228,-1.0402314998586222,-1.1729816846280539,-1.2767077212731999,-1.3488444987247956,-1.3876093080186966,-1.3920461055410733,-1.3620493171277381,-1.298366548479298,-1.2025800291726125,-1.0770670246883813,-0.9249397499965512,-0.7499654404026573,-0.5564671020336818,-0.3492050066740772,-0.1332381929111481,0.08623582589542345,0.30406600280255724,0.5153607589096415,0.7157317838240038,0.9015686226402096,1.0703384821829436,1.2208970952025,1.3537855057790753,1.4714761072341418,1.578522125752293,1.6815615803575739,1.7891328358790006,1.9112759849344974,2.058921705397889,2.2431032079181623,2.4740611126086542,2.7603380434821796,3.1079725750724636,3.5198967293527725,3.9956172931388703,4.531222801924359,5.119712372497709,5.751598360907311,6.4157000859135636,7.100026118189688,7.792639934284654,8.482416600710387,9.15962241401921,9.816279501784123,10.446307681549134,11.04546184100867,11.611101894648316,12.141842958208237,12.637136277958662,13.09682822271585,13.520737356250995,13.908280337630837,14.258167909811688,14.568183798339794,14.835052677705322,15.0543987066813,15.220793325840136,15.32788960809372,15.36863983723725,15.335592455901626,15.221263366807037,15.018574164391092,14.721345765540782,14.324829924717276,13.826253477301936,13.225341561200798,12.524777764363321,11.730552873684385,10.852151714945073,9.902531511665831,8.897856793000496,7.85697563728977,6.800648893119773,5.750575103437974,4.728284611803825,3.7540011310675077,2.8455823146835626,2.017648406293403,1.280988377263811,0.6422981347960516,0.10426092445952007,-0.3340660216432848,-0.6766335191091694,-0.9296506910249736,-1.1008092352203258,-1.1985755327806675,-1.2316184530466459,-1.208407505762982,-1.1369830667761023,-1.0248740351069552,-0.8791221739303745,-0.7063672632400131,-0.5129512391252057,-0.30500941872594944,-0.0885291099382049,0.13063258610724884,0.34677099192459365,0.5543895186168502,0.7482793912956086,0.9236134735071343,1.076045045595009,1.2018038651786687,1.2977834614565489,1.361615111301722,1.3917252105524622,1.3873737892590907,1.3486727714648266,1.2765833027929467,1.1728921063394826,1.0401674066211337,0.8816954955461896,0.7013995060785878,0.5037424046863153,0.29361660596756256,0.07622294427849277,-0.14305799959537543,-0.35879902983123185,-0.5656606281797875,-0.7585230825659474
0.701940943763984,0.5234631878728299,0.3320299493790716,0.132378817811651,-0.07054929757557844,-0.2717324725533029,-0.4661920851219614,-0.6491160705273324,-0.8159780661630691,-0.9626495005981586,-1.085501855927546,-1.1814965757749805,-1.248260395816644,-1.2841442303498731,-1.2882641444754646,-1.260523358953655,-1.2016146475333418,-1.1130028556233966,-0.9968875377258544,-0.856145800701639,-0.6942552537685375,-0.5151964061598612,-0.3233328617347291,-0.12326628939343354,0.08033834320282814,0.2829628431334708,0.4804864812897223,0.6694798921187004,0.8475385143234294,1.013641484862723,1.1685078000846183,1.3149058065388768,1.4578583762506505,1.6046793237750423,1.7647815904567932,1.949217642783982,2.1699472974806215,2.4388734401224,2.766733522217668,3.1619736914847243,3.6297527606860096,4.171218187414976,4.783164667793226,5.458132954627408,6.184942311306572,6.949587305824856,7.736380389005872,8.52919426096214,9.312655552216816,10.073161609818486,10.799628816042445,11.483925383674293,12.120985499891608,12.708638302141514,13.247210425038745,13.738973552923591,14.187509696827552,14.597059462149428,14.971905697751376,15.3158298288124,15.631663492614512,15.920945619329883,16.183685801900346,16.41822895085744,16.62121358323615,16.787616065169473,16.910874940991263,16.98309227184639,16.99531177313132,16.937875579900403,16.800861811191076,16.57460296453193,16.25027995373231,15.820578042633485,15.280379277178028,14.627452230539477,13.863085729829962,12.992601322741104,12.025672754848413,10.976382952750724,9.862962596401488,8.707180442336934,7.533392903396746,6.367304942720541,5.234539356586112,4.159148522124665,3.162223168875215,2.26075032394808,1.4668450566420026,0.7874311539425664,0.22438277289717834,-0.22492559700520398,-0.5667671566779376,-0.8100474127305997,-0.9652698561976831,-1.0436077235234906,-1.0561688327385979,-1.0134940355843332,-0.9252855363505844,-0.8003275008922675,-0.6465423473630832,-0.4711219607057305,-0.2806805978125761,-0.08139057625147793,0.12092191553823142,0.32072909315677345,0.5127995134421228,0.6922329256408123,0.8545206666018008,0.9956202094944087,1.112033919241741,1.2008840793732856,1.2599782672156057,1.2878608934914946,1.2838481171193081,1.2480444335022725,1.181340090544089,1.085389184541413,0.9625688824486136,0.8159207407903897,0.6490755604536935,0.4661636349828029,0.2717126156151981,0.07053552398341793,-0.13238831269010343,-0.33203645425365935,-0.5234676167720861,-0.7019439405797138
0.6279888598344385,0.46831400809874446,0.2970484576847848,0.11843063106746941,-0.06311916846508422,-0.2431081829141574,-0.41708242812532836,-0.5807369745829065,-0.7300225542034968,-0.8612458582877517,-0.9711610481197959,-1.057050216484769,-1.1167908087414138,-1.148908325882478,-1.1526129739559143,-1.1278192705794658,-1.0751479326749274,-0.995909592050719,-0.8920699320358212,-0.7661955956640056,-0.6213795555869832,-0.46114345498632914,-0.28931272836398325,-0.10985831411925202,0.0733029446672478,0.2565575249053396,0.4369000655514086,0.6122932117891494,0.7820698295786942,0.9473476113920376,1.1114054556958786,1.2799514534421472,1.4612001805967956,1.665679170355495,1.905706177090757,2.1945213347765504,2.545116953477186,2.968871975684377,3.4741535423882244,4.065079921019791,4.7406365291072134,5.494296907244612,6.31422932279555,7.184081139771904,8.084245316832565,8.993443985165218,9.890425643633304,10.755570050617314,11.572225285423249,12.327655269798656,13.013540601184292,13.626038246708339,14.165456603527685,14.635635950575644,15.043139054758296,15.396354839431716,15.704603951842762,15.977313939189187,16.2233083671454,16.45023233793223,16.66411890311648,16.86908796760846,17.067161591683014,17.258176597244024,17.439776199158466,17.607466018222762,17.75472531182743,17.873170669490367,17.952775899662495,17.982157516414787,17.948939202610163,17.840209894360584,17.643087694661872,17.345394794310263,16.93643641916661,16.407859662140705,15.75454702438968,14.975476978135216,14.07446359965005,13.060674091081717,11.948821953106082,10.758949044432065,9.51574393897,8.247395506483691,6.984043787588689,5.7559551208836846,4.591602493617181,3.5158625419431004,2.548538093819361,1.703376523778916,0.9876844399646214,0.40255099083370727,-0.05639703599270662,-0.397856986765991,-0.6335182740730795,-0.77672907837262,-0.8413234704588884,-0.8407160428163036,-0.7873077222027133,-0.6921886345458135,-0.5650821983579875,-0.41445361684157267,-0.24770441501591306,-0.0713873555135058,0.10860394229954749,0.28689539757099347,0.45855005866399445,0.6190379996201729,0.7642471074619248,0.8905212398493692,0.9947129877248913,1.074240458423625,1.127140065864663,1.1521096835889935,1.1485384441256117,1.1165209348572178,1.0568546292369634,0.971020210278509,0.8611450826549124,0.72995089420269,0.5806863343254101,0.4170468634842387,0.24308336034333974,0.06310195049865672,-0.11844250034004784,-0.2970565892404829,-0.4683195445377665,-0.6279926060672298
0.5384946554992568,0.4015744150083763,0.25471508910852414,0.1015510258671885,-0.05412749046579669,-0.20846808028038175,-0.3576516577381184,-0.49798701060487605,-0.6260022337917629,-0.7385307579033984,-0.8327898476467444,-0.9064496292459217,-0.9576909335469849,-0.9852505000308173,-0.9884523560852854,-0.9672244313763151,-0.9220996326426524,-0.8542006017174671,-0.7652070832182181,-0.6573040813682679,-0.5331076353768309,-0.395563022712663,-0.24780766448611952,-0.09298851101017704,0.06597765956670082,0.22671108917977487,0.3877466775744615,0.5489729277739229,0.7121023088577569,0.8811172062939294,1.0626090115886186,1.265908433579617,1.5029021458759746,1.787452527741625,2.1343869459937417,2.5580966623404806,3.070870475603697,3.6811655514094284,4.392066686529214,5.200189038665517,6.095231657170282,7.060296381999162,8.072967070140967,9.107022962548179,10.134562802351796,11.1282620054227,12.063481757674067,12.919992426365585,13.683150610596904,14.344460971664157,14.901542159940053,15.357586298826673,15.720445564234678,16.001495962049102,16.214421265684173,16.374036164322355,16.49523485194277,16.592116623209908,16.677308787220763,16.761482482996417,16.853039968332208,16.957942403917336,17.079643951511347,17.21909967971059,17.37481987195719,17.542950634375632,17.717369275169588,17.889792095049568,18.049901454320768,18.185507730222984,18.28276936595547,18.326499702889528,18.30059144558342,18.188586971910553,17.974413785177557,17.64328807985913,17.182765388234905,16.583886760774142,15.842335009243621,14.959483442403155,13.943196297383466,12.80823356063654,11.576129998300697,10.274462772559394,8.935492548328739,7.594251449998878,6.286243211462944,5.044997853080351,3.899766667734818,2.8736396918841307,1.9823132373818773,1.23363746360052,0.6279523353021689,0.15910013398330836,-0.18409071511181063,-0.4161041226794945,-0.5530676846245044,-0.6113194102382169,-0.6063357351294512,-0.5520624196684326,-0.46061697926178435,-0.34228223049847245,-0.20568945244791284,-0.05809310448144611,0.09434110981238082,0.24628615069149906,0.39306673882748744,0.53054040199007,0.6550381784206392,0.7633504524630603,0.8527421864011365,0.920983556670458,0.966384991097884,0.9878287123999723,0.9847915536435393,0.9573558528639207,0.9062067064319455,0.8326148985486899,0.7384055658543207,0.6259132091057581,0.4979240984298505,0.3576074743229311,0.20843724212442497,0.05410609982518878,-0.10156577159258372,-0.2547251913027748,-0.4015812931736432,-0.5384993096114733
0.4356731842160765,0.3248961003247392,0.2060774929412451,0.08215767633611915,-0.043796908129528606,-0.1686696269223029,-0.2893708456565108,-0.40291447027208954,-0.5064919482311483,-0.5975419029584917,-0.6738136816758249,-0.7334232425590365,-0.774899982626119,-0.7972232963641844,-0.7998478269951652,-0.7827164751857689,-0.7462601771260379,-0.6913831225418838,-0.6194312735272315,-0.5321405659815128,-0.4315588807779487,-0.31993281718746736,-0.19954695964168342,-0.0725008260433492,0.059591065385794235,0.19598501623434963,0.33727539734840456,0.48591599547613634,0.646736898607077,0.8273637090543371,1.038416951554423,1.2933584388598258,1.6078698572870906,1.9987038582463812,2.4820371187414727,3.0714642166660235,3.775876706713092,4.597544953069444,5.530736489404672,6.561151707606909,7.666340881762209,8.817108661340573,9.979747506158665,11.118806331209095,12.200023069569491,13.193042955532885,14.073603751990264,14.824976199050193,15.43857608735645,15.913786715652323,16.257126215040124,16.480951907358463,16.601911940811895,16.639339117952762,16.61374377231997,16.545513523995417,16.453878001877552,16.35615343872488,16.267249362993066,16.199398462564105,16.162060056277173,16.161945331704402,16.20311611270439,16.287116149427032,16.413103038130277,16.57795874966349,16.776366797067077,17.00085413247989,17.241805970553415,17.48747192779359,17.72399196925288,17.935480083366354,18.104211225938393,18.210961137157526,18.235546871212623,18.157605794735588,17.95763024613564,17.618242965076902,17.125655818441267,16.471205190295326,15.652808931330148,14.676152215087379,13.555394774898186,12.313210458576956,10.980028033457824,9.592438123314869,8.190853650735985,6.816639327459407,5.509032736072326,4.302238823055724,3.2230724821409407,2.2894460282907163,1.5098627634216597,0.8839127127064794,0.403608222109056,0.05527975519894979,-0.1783013276214399,-0.3158906095608963,-0.37607410770393584,-0.37604748572750124,-0.33090223097585103,-0.2533613689220067,-0.15385271596547825,-0.04078955523858185,0.07905996866732262,0.2002042967860462,0.3181155217067297,0.42899558534394944,0.5296223039407362,0.617262602495089,0.6896350226768926,0.7449036423682104,0.781688446168469,0.7990809916084805,0.7966577885238867,0.7744866631274724,0.7331234443255704,0.6735977193614533,0.5973873451917985,0.5063820361551092,0.40283679577816284,0.2893162941734552,0.1686315521722345,0.04377049785176659,-0.08217588237667699,-0.20608996577528033,-0.32490459256077814,-0.43567893048976825
0.32206913036834933,0.2401767224864309,0.152339333294696,0.06073045792075993,-0.03238321818993094,-0.12469797114753386,-0.2139301245338229,-0.2978726611736142,-0.37444996484640314,-0.441769341936481,-0.4981680496368296,-0.5422546583219449,-0.5729436884116315,-0.5894825618082863,-0.5914699486626687,-0.5788644902973528,-0.5519825056798726,-0.5114824474275604,-0.45833232093951654,-0.39375378887255585,-0.31913318486574643,-0.23588548969407175,-0.14525352488366106,-0.048023208130915436,0.05586032179205918,0.16777812172678155,0.29100252529748727,0.4312841086847824,0.5973596488336654,0.8012398764908158,1.058113136325546,1.3857121672869286,1.8030479411763172,2.3285179779515017,2.9775328496978615,3.7599449007277226,4.677669991609999,5.72293083237254,6.8774979270785375,8.11316309056919,9.393477529984274,10.676566527157004,11.918646260877917,13.07775670621825,14.11720901905825,15.008322894554537,15.732174264484504,16.280249209974148,16.6540677133102,16.863970732019848,16.927339665147798,16.86653669746263,16.7068273069509,16.474488400374014,16.195234411971803,15.893023981853093,15.58925154385623,15.302286215446713,15.04729541385683,14.836280338985803,14.678251136454282,14.579477201480023,14.543759253038921,14.572681961866207,14.66581751787547,14.82086092424056,15.033687043389588,15.298327983088893,15.606878008664692,15.94934250937192,16.313458118990486,16.684522925380445,17.045288146918388,17.375974160948267,17.654481796006806,17.8568708833635,17.958168212014865,17.933542505879835,17.759842547416046,17.417436716572848,16.892222904992263,16.177607013167275,15.276190753781115,14.200882570464666,12.97516512660136,11.632328572664125,10.213608760546624,8.765337351935035,7.335386240848137,5.969333479260533,4.706854801628775,3.5788290794403244,2.605534143308639,1.7961225723266099,1.1493467126818018,0.6552988071131917,0.2977906222875878,0.05694397491284009,-0.08839912753570206,-0.15873166585040696,-0.172547134884504,-0.14562452528139402,-0.09083872354031866,-0.018345851648950022,0.0640178068498804,0.15026179354358865,0.23579047131540812,0.3170299865837981,0.3911522934827585,0.4558911585202335,0.5094324599704064,0.5503573715800334,0.577618725326345,0.590534989094385,0.5887908488745962,0.5724372969501446,0.5418870527910608,0.49790313920263407,0.44157971972933796,0.3743151064566199,0.2977773540078835,0.21386318854991862,0.12465125225892107,0.03235081190082641,-0.06075279735469842,-0.15235463789232057,-0.24018714275392067,-0.32207618124521836
0.20049403104716723,0.149512941457484,0.0948304993016892,0.037799570283367556,-0.02016903996994936,-0.07764156757337165,-0.13319686135246225,-0.18546166820895016,-0.23314476529490902,-0.27506909834749094,-0.3102011280878351,-0.3376766356465185,-0.35682227425580604,-0.36717213925459447,-0.3684784890051663,-0.36071535920259457,-0.3440729736656114,-0.31893929342450617,-0.28586246018986866,-0.24548407742112402,-0.1984283799506272,-0.145127235675006,-0.08555756944549507,-0.018869466832820675,0.057105861170964965,0.14645485697695532,0.25583448837673506,0.3950753957690631,0.5775784827427006,0.8203103412674926,1.1432013001982906,1.5678026386420367,2.1151735109058465,2.8031317619435865,3.6431838001427046,4.637599734735259,5.7771717928380735,7.040152000854094,8.392703391768828,9.790945946394586,11.184390535709628,12.520299694140089,13.748353039105075,14.824961678480761,15.716670015056007,16.402273693172962,16.873518383612982,17.134471533428346,17.199834790844974,17.09256466108802,16.84119020934868,16.477173259670764,16.03257190305328,15.538167306647269,15.022117771302195,14.50912648521184,14.020056589439005,13.571898858229416,13.177989302566512,12.8483803143968,12.590283504610175,12.408520095599194,12.305932042055815,12.283721908778704,12.341701135267835,12.478434803015542,12.691277148072782,12.976296939995914,13.328096748557208,13.739536310988651,14.20137880474073,14.701890576559265,15.226439913769546,15.75715796716273,16.272742878776466,16.74850295931461,17.156741338038216,17.467576789260328,17.650267402293757,17.675051198320404,17.51544055309381,17.150811474760545,16.569028173896857,15.768758905658219,14.761095839424677,13.570113075721581,12.232096838481645,10.793357473680995,9.306760292061924,7.827348177652945,6.407619111794922,5.093115683097619,3.9189499984386686,2.907726183488924,2.069067986646536,1.4006708027249464,0.890544109647472,0.5199483122877497,0.2664876819289898,0.10689261948147644,0.019175256958096326,-0.015976834189238925,-0.014540634843107275,0.010910651509036744,0.05087888344274792,0.09840815011705005,0.14850291530759227,0.19759919729226738,0.2431397035659222,0.2832646535410927,0.316605918076373,0.3421613298618046,0.35922453446012736,0.36734931869776816,0.3663326989761635,0.3562062017864912,0.3372288516701146,0.30987824365371014,0.27483791364470567,0.23298032716614991,0.1853454501275616,0.13311523740552458,0.07758459650658972,0.020129522179753053,-0.03782681210009556,-0.0948491624975963,-0.14952564845758287,-0.20050262924272044
0.07395669357459159,0.055148528533909426,0.03497419147209173,0.013932414845445712,-0.0074568217932489056,-0.028665240440017663,-0.04916944407732767,-0.0684640069394173,-0.08607415739214715,-0.10156774128608784,-0.1145661578365289,-0.12475394809804546,-0.13188665713722378,-0.1357964233401645,-0.13639435781333276,-0.13366797177598255,-0.12767040423985307,-0.11849563612270995,-0.10622991828971927,-0.09086422218805583,-0.07214623636148251,-0.04934503735141785,-0.020900386944977204,0.016063507906633936,0.06635759983319173,0.13743824195669677,0.24010758651188632,0.3890377049176367,0.6028961898739074,0.9038308298875309,1.3161120536379007,1.8638494208627014,2.5678864594093063,3.4422035372020576,4.490364725084741,5.702666239612903,7.05462809681897,8.507297688639573,10.009529925952414,11.502040625140744,12.922687718445,14.212203424162315,15.319533636084557,16.206046671116457,16.848115398457164,17.23788772504182,17.382365399511972,17.301148129888446,17.023333763872053,16.584090514415564,16.02135324519777,15.372975900803999,14.67453208539278,13.957825222737796,13.25006762524378,12.573621848250728,11.946166535560913,11.381145572674857,10.888374509362638,10.474702960064112,10.144658908951456,9.901025743031228,9.74532282819445,9.67817468643854,9.69956266489987,9.80895743595553,10.005332097467127,10.287055548950825,10.651665734193097,11.095523794519266,11.613354664673484,12.197688529105712,12.838231866166229,13.521216876954217,14.228803079226871,14.938632159476832,15.623662022424751,16.25242122403893,16.789821686406448,17.19863652148061,17.44168393349333,17.484656151218562,17.29940184756503,16.867330488718565,16.18248717795209,15.253782629583817,14.105888165360572,12.778439386503132,11.323429198717282,9.800975830378569,8.273962395527018,6.8022863836328895,5.437563270637716,4.219061490862361,3.1714144776370765,2.3043132891808162,1.6140152697706018,1.0862000267175365,0.6995309827422873,0.4292647064085079,0.25037176265972383,0.1398390064597391,0.0780485549958948,0.049316631729706954,0.04179300282645494,0.04696279588593935,0.05897229844454263,0.07394452415861658,0.08938438643048612,0.10371559473845661,0.11595087373770026,0.12547482366384186,0.13191092383067016,0.13504543632309335,0.13478644972218423,0.13114268304839174,0.12421218857279168,0.11417515263283656,0.10128766125069752,0.08587490163353804,0.06832316909813048,0.0490705252554041,0.02859619706121662,0.007408929812492664,-0.013965429528679053,-0.03499680963942234,-0.055163928314912104,-0.07396711384208132
-0.05441126913481679,-0.040581164614440356,-0.02574830119653315,-0.010280448218294548,0.00543864357039411,0.021018643463714518,0.03607217480832508,0.05022423881718026,0.06312129005979203,0.07443974257507821,0.08389372525397953,0.09124199077871736,0.09629406368826957,0.09891608775155256,0.09903757591918826,0.0966616593122625,0.09188386782053501,0.08492839270214325,0.076216466009717,0.06648868126801098,0.05701038772618298,0.04989359178694701,0.04856495113896323,0.05839089333566044,0.08743167728671236,0.14723452229779835,0.25349832589499516,0.4263670512163869,0.690064558233351,1.0716039655121543,1.598415420887379,2.2949410450893803,3.1785152430539045,4.255119422550461,5.515789619361124,6.934487185303018,8.468076002248822,10.058700712334138,11.638403761321076,13.13536782131586,14.480841045434387,15.615678549803595,16.495538661338106,17.09406798037172,17.403810072150016,17.434976774116702,17.212540717251027,16.772289971733915,16.156520201578417,15.409951493090542,14.57629213746505,13.695680492882923,12.803060396284234,11.927411704062418,11.091675312668922,10.31317832060238,9.604368883294221,8.973698031225279,8.426524453122381,7.965958162507864,7.593593827254805,7.310111326156114,7.1157391656739275,7.010586578498105,6.994853981308723,7.068930737611433,7.233385521442977,7.488849520433954,7.835787653503452,8.274149310827857,8.802889363415396,9.419354006088088,10.118536137299914,10.892222991212964,11.728085457727712,12.608793318132722,13.51128046744068,14.406322851165037,15.258619488334517,16.027570769698748,16.668914461383604,17.137297552231555,17.389728135360794,17.38967581090664,17.111397903188468,16.543903872755482,15.693882067019436,14.586947422237815,13.266751048132814,11.791812255900926,10.230337792633401,8.65369384990156,7.129491974191123,5.715355207474751,4.454306793396642,3.372394740577724,2.478714376935091,1.7675344105605728,1.2218831144649007,0.817784632091418,0.5283671265098066,0.327254019242253,0.19092046596222892,0.09996669490765961,0.03946475778752362,-0.0013539377078005815,-0.02978261584463527,-0.050451245102209365,-0.0660988261707601,-0.07821552924229187,-0.08752607786686514,-0.09432503023981803,-0.09869321231033829,-0.10062846311474462,-0.1001196161571638,-0.09718540262084155,-0.09189284588293464,-0.08436410727994334,-0.0747768999220676,-0.06336122382693371,-0.05039385116091459,-0.036191310410879605,-0.021101799677773512,-0.005496325452198544,0.010240684659396045,0.025721059379805792,0.04056261677243952,0.05439871872886711
-0.18143294244977518,-0.1353070033234208,-0.08583426160361292,-0.03423991595137801,0.018198009245369143,0.07018017890766581,0.12041795402704045,0.16766509111768393,0.21074834751080215,0.248596248986733,0.28026536767683646,0.3049636357599648,0.3220705635349306,0.3311548902947996,0.3319914340429193,0.32458111909026416,0.3091818583951847,0.28636362539513543,0.25710875849845316,0.22298740365983138,0.18644535961528216,0.15124240157609775,0.12306610213496723,0.11031123600903384,0.12495289922391511,0.1833553223792883,0.3067637729220155,0.5211543883214036,0.8561067955361431,1.3424550434830738,2.008681236184436,2.876323202873628,3.9550079301267766,5.237997682524101,6.699241882768737,8.292794347864678,9.955078229112504,11.609934251719201,13.175807160529512,14.573965610049349,15.736435465088878,16.61240739280489,17.172223108246968,17.408547772913508,17.33486419604377,16.98185438838257,16.392486724289487,15.616681337485357,14.706312630672493,13.711087751862864,12.675583427055384,11.637489230415863,10.626929975871752,9.66663673276122,8.772699644903344,7.955649891812852,7.22166282281048,6.573731416747405,6.0127153814225816,5.538218402956122,5.149280924513396,4.844898284257904,4.62438583665376,4.4876163015747395,4.435152492240295,4.468292826990158,4.589039194938657,4.799987970796478,5.10413617971175,5.504586919451657,6.004132305248119,6.604689978153327,7.306572675235257,8.107581963555731,9.001939476664662,9.979103630010737,11.022566744343594,12.108783418015955,13.206437861692299,14.276302357957594,15.271952936981332,16.14157182347667,16.830962839596502,17.287730389843205,17.466338216251877,17.33350755478029,16.873194239827434,16.090270541063536,15.012091907856089,13.68738156321957,12.182295887064363,10.574061811485981,8.943080752606203,7.364737276725419,5.902231827726531,4.601541803047161,3.489155841162743,2.5726457439032546,1.843593954159587,1.2820175032477055,0.8612960977846448,0.5527183719320138,0.329035720308296,0.1667536754436938,0.04719786986339603,-0.043399423875669044,-0.11445545589502007,-0.1719091159751715,-0.21915483303911376,-0.2578787325375044,-0.28872377777763897,-0.31177271170012183,-0.3268727136106772,-0.3338389356248266,-0.3325734881105957,-0.323129317221056,-0.3057397997539089,-0.28082742195132887,-0.24899949997070303,-0.2110354439901254,-0.16786808402579553,-0.12056054842527522,-0.07027971283536635,-0.018267052624170187,0.03419231997649333,0.08580165377247247,0.13528480196542467,0.18141791988694414
-0.30396473499386045,-0.22668470330184287,-0.14379673510043228,-0.057353169789677555,0.03050527762610443,0.11760236087459437,0.2017799846617859,0.2809513901463021,0.35315253059279134,0.4165903984042601,0.46968721949917247,0.5111197274175581,0.5398532913195739,0.5551717270689513,0.5567055445384876,0.5444647137071463,0.5188873813329345,0.48092375391018616,0.43218423155860985,0.3751908601403817,0.31377674377159787,0.25367171511756226,0.20328471222032823,0.1746354327321225,0.1842979844104182,0.25410868911015444,0.4112880258901694,0.6875782345236369,1.117053699014607,1.73245593636329,2.560235087855686,3.614887011128412,4.893550094983979,6.372036292210488,8.00340744516002,9.719832926578222,11.437839078427661,13.06633660850429,14.516185972907309,15.709709159337436,16.588574711897873,17.11885580230682,17.29267266582137,17.126508775983282,16.65686520225684,15.934272201347333,15.01677051457011,13.963839245999191,12.831462670974275,11.668690004569054,10.515731858193085,9.40340686204942,8.35362063993791,7.380519198803296,6.491986329175212,5.69122144551508,4.978215122342891,4.351016222429259,3.806746704620016,3.342364310655664,2.9552002147526455,2.6433115801493607,2.4056917136522236,2.2423767315332075,2.1544801283934323,2.1441772430610273,2.214651421481979,2.3700032090098873,2.615113403972228,2.95544051217089,3.3967235836110663,3.9445536714721436,4.603773102812783,5.3776641779570316,6.266901417929378,7.268267975920591,8.373180532591244,9.566128768250259,10.823211727570754,12.111033812179357,13.386289582821794,14.596393730299502,15.681472133089866,16.57789835805253,17.223329493499296,17.562884744764915,17.55577180759896,17.181381479923733,16.4437354111852,15.373265411479341,14.025257513268567,12.474869270861607,10.80930711402023,9.118362406990345,7.484878188241371,5.976737380951702,4.6416120599219015,3.5050876471481125,2.572052002840934,1.8306142452962861,1.2574434659517806,0.8233544399351556,0.4981781206755002,0.25432999857284067,0.06889681848940207,-0.07560762254966245,-0.19147207885194487,-0.2866017175700706,-0.3655635990472571,-0.4306134130610991,-0.48256383665206704,-0.5214449564804254,-0.5469653544333029,-0.5588106275339133,-0.5568228194460618,-0.5410990562905817,-0.5120381063049397,-0.47035413243821145,-0.4170695402276851,-0.3534938796213966,-0.28119281382884465,-0.20194959700552026,-0.11772076030577198,-0.030587409166464193,0.057296550839177667,0.14375794553994548,0.22665829302408086,0.30394686445602337
-0.4189741788267644,-0.31245284886471597,-0.19820132977142635,-0.07904834695192038,0.04205562123638345,0.16211120451560873,0.27814416445850465,0.38727874529267625,0.4868085500610972,0.5742632526769192,0.6474696917586859,0.7046063464057285,0.744251054952348,0.7654234377231838,0.767626344510454,0.7508954543034322,0.7158735785937856,0.6639364393141604,0.5974085489672842,0.5199176897048224,0.43693732068659974,0.3565476580976219,0.29039675231341655,0.25475546893345213,0.27143971323725624,0.36824389112997125,0.5784378098855567,0.9388854810780721,1.4865029127273917,2.2531022969468495,3.2591304138290376,4.507289213515134,5.977369020372506,7.623675990785479,9.376108907725657,11.145265694630401,12.831091305970011,14.33375275549752,15.564884424010879,16.4572466165041,16.971205277191117,17.09715355246437,16.85384656585147,16.283382198078225,15.444060641502908,14.402519593755489,13.226396995080755,11.978418185326058,10.71236606268154,9.470984726603927,8.285563582232601,7.176778380437666,6.15631847078038,5.228873176477,4.394145089360647,3.6486691154187527,2.9873185467882926,2.4044599923308865,1.8947737650042695,1.453787545452788,1.0781840647646832,0.76594407458668,0.5163791540252465,0.33009875245877496,0.20894469434179797,0.15591540188169167,0.17509168757197202,0.27156595313079035,0.4513665705052635,0.7213586814735714,1.0890914605103013,1.5625504099249583,2.14976272990742,2.8581966471320555,3.6938956173380455,4.660300706309278,5.756745112549814,6.976658984815543,8.305602668036748,9.719348395220742,11.182340942764553,12.646962164458703,14.05406751406663,15.335215096962006,16.416836989479084,17.226298842126305,17.699385552411222,17.788312458356366,17.46900652529525,16.746257177932844,15.655500751158351,14.260502815802848,12.646964444153149,10.912929597241883,9.157584093381097,7.470402092276495,5.922496420486168,4.561487021381346,3.4103764918444557,2.470053502921606,1.724370731941506,1.1464178738690431,0.7046619214083722,0.36796975434010293,0.10900851447152174,-0.09402012988817396,-0.25702528054292006,-0.39060645688009105,-0.5011161795576107,-0.5918460097466511,-0.664106139946134,-0.7180895100136101,-0.7534992228813878,-0.7699679004772625,-0.7673167035539773,-0.745701444529177,-0.705683917627938,-0.6482552909675908,-0.574828760517217,-0.48721180104506717,-0.3875640714453381,-0.2783446582446931,-0.1622511722012338,-0.04215271744558934,0.07898141096801746,0.19815547180726822,0.31242162593670025,0.4189530517923113
-0.5236149793634595,-0.3904888601372514,-0.24770171566078406,-0.09878869292124241,0.05256292755451362,0.20260480103802272,0.3476200465139728,0.48401494457557587,0.6084075676795363,0.7177112659855385,0.8092112732015188,0.8806333643539765,0.9302047675299125,0.9567098735308271,0.9595473934814396,0.9388023124287859,0.8953558957570433,0.8310697882717575,0.7490934250337421,0.654351575343479,0.5542606535074222,0.4596851431660172,0.3860670665000451,0.3545391443463034,0.3926825263757118,0.5344552136269018,0.81876363264042,1.2862496267053358,1.974165583343896,2.909697623572228,4.102673234942094,5.539083387838131,7.17706177291142,8.946746945470826,10.75478206346698,12.493215355921029,14.051517415818507,15.329639121476598,16.249740640673355,16.7645160999086,16.860823461334814,16.55836430258609,15.904149878416263,14.964191715900979,13.814138284476249,12.530451675476005,11.183294285650565,9.831739522165662,8.521388129172532,7.284069861135615,6.1390834095900475,5.0953661606571075,4.1540464730508555,3.3109605178734043,2.5588648723319722,1.8892111761738328,1.2934526435238287,0.7639197378679989,0.2943379997349529,-0.11992710945726703,-0.48181684929955304,-0.7926472234677053,-1.0522425648492943,-1.259092940228655,-1.4105060311154578,-1.5027345393897826,-1.531068928577773,-1.4898932055190215,-1.3727093979384324,-1.1721453145840284,-0.8799708437078431,-0.487160822937344,0.01594293978420025,0.6393030788998745,1.392612092047619,2.28438831004135,3.3206701282271514,4.503271173077832,5.827625873256055,7.280357686838765,8.83683668726021,10.45914174767081,12.094971368570512,13.678107840392544,15.130977730118893,16.369624590820436,17.31100775473403,17.882008602046962,18.028969783148053,17.72616910655331,16.981502480467125,15.837933968568153,14.369973367828038,12.675433953755022,10.863758810860157,9.042989796510353,7.30774801850094,5.730302077518303,4.3560087548411275,3.203364482823252,2.267915049454906,1.5286004997372624,0.9548958871478896,0.51332158802976,0.1723909174902799,-0.0943604918324362,-0.3071317226327593,-0.479967693053884,-0.6216923017495108,-0.7371853788692789,-0.8286602684873217,-0.8967490228747126,-0.9413249530258794,-0.9620712529081421,-0.9588423244234027,-0.9318732901707623,-0.8818862841313302,-0.8101296520889004,-0.7183741292149592,-0.6088808520384273,-0.48435002525863996,-0.34785556527357897,-0.20276923916678183,-0.052677004449823935,0.09871004934662439,0.24764783642019408,0.39045217573459595,0.5235901567926418
-0.6152974576277271,-0.45886152409853664,-0.29107294436802333,-0.11608584474236582,0.06176688110733474,0.2380805904749329,0.40848762874120303,0.568765104781904,0.7149390988983905,0.8433829226955364,0.9509075333996263,1.0348431620736256,1.0931130405636091,1.1243034450678655,1.1277399955060683,1.1035891798794542,1.0530167940179023,0.9784501429492276,0.8840039946605462,0.7761323299679357,0.6645450548233094,0.5633653209679643,0.49238856679824106,0.4781448592090426,0.5542951072093982,0.7607742964196952,1.1411166075588215,1.7376341162069815,2.584596025507458,3.7002010796211886,5.078782644649923,6.685099836106611,8.45253140715418,10.286399006283336,12.072584840834272,13.690343912195253,15.027117354728954,15.992578059415298,16.52927079737432,16.618004780771326,16.277365668282254,15.557974613399224,14.533093527389287,13.287647512639186,11.907672954968383,10.471722680138432,9.045072677631877,7.67688782051867,6.399970385300734,5.232406284748786,4.1803351029923475,3.2411469957802455,2.406579570131237,1.6653845550522002,1.0054107730574326,0.4150826782055208,-0.11566273547166483,-0.5948770071442866,-1.0284257556659453,-1.4200341971765655,-1.7714661036961796,-2.082769808696006,-2.352543261123912,-2.5781850897137977,-2.756109915250506,-2.8819143049772262,-2.950485752441256,-2.956051985653515,-2.8921728927674986,-2.7516835421922528,-2.5266052561038546,-2.208053416573804,-1.786186196176417,-1.2502574469293855,-0.58885784225045,0.20955287634658037,1.1557098641464032,2.258099680099883,3.5209456644699846,4.941641229976521,6.50778208276665,8.194124366443,9.959991777763838,11.747824206821717,13.483636989558795,15.080070717480325,16.442402466568694,17.4773556225044,18.103858478572274,18.264215085682334,17.933675082384053,17.126327215793694,15.89571360571017,14.329534028614402,12.53907081757469,10.64517483130233,8.763449495310716,6.991401799029312,5.399754626779147,4.029021989331705,2.891184631919746,1.9752426398458842,1.2548321948921848,0.6960575127715158,0.2641033169925401,-0.07215964365496688,-0.3377176452852824,-0.5507719105017631,-0.7233409512339594,-0.8625153804775882,-0.9718910003252541,-1.0528774395884455,-1.1057397079570637,-1.1303452229151096,-1.1266531177452288,-1.0950063063944029,-1.0362855568838023,-0.9519725275598993,-0.8441544091187104,-0.7154909150301582,-0.5691561099855964,-0.40876255859461985,-0.2382725766001137,-0.061900078147631855,0.11599401741433696,0.2910100321929978,0.45881868933712633,0.6152684733657542
-0.6917526414738177,-0.5158787893791306,-0.32724176438597086,-0.13051191637980852,0.06943940757365742,0.26766017639246964,0.4592399261733948,0.6394309500073347,0.8037655354174965,0.9481666703775018,1.0690503135695375,1.163418672566837,1.2289465009996021,1.2640670526920899,1.2680720818314672,1.241252065591509,1.185118510239028,1.1027670663284779,0.9994510457717759,0.883426893170074,0.7670886552850077,0.6683107594147782,0.6117622465509707,0.6297612841020359,0.7620627474862888,1.0539042243456902,1.551777436828791,2.2968082556361766,3.3162969538294713,4.6147477616579495,6.166352922717881,7.91110846702729,9.75632728124705,11.584273179204592,13.26519942657698,14.67365248460729,15.70495301404378,16.288613472582636,16.396154904246014,16.042120365747977,15.278631519919085,14.185148242557121,12.855842775306998,11.387078904810936,9.866995622760616,8.368375315616047,6.945103797567148,5.6318217634587535,4.445938826094878,3.3910417959842274,2.4608143789516506,1.6428009232029,0.9216018560673462,0.28131821656356193,-0.29276639249783254,-0.8131734248245757,-1.2897458469382344,-1.7295454378299358,-2.1369993262914764,-2.5141907230373546,-2.8612165857022305,-3.176559086412369,-3.457436368380058,-3.7001111617716322,-3.9001442892014353,-4.052585163121526,-4.152094307112952,-4.192994868818939,-4.169252103039833,-4.074382956522994,-3.901303323882538,-3.6421295038185653,-3.287964089523899,-2.8287158707503206,-2.2530282713821315,-1.5484195098596645,-0.7017651610442419,0.2997288635512154,1.4669212056471117,2.806402910397825,4.317447131851119,5.988419695420301,7.793058563185983,9.687284641389333,11.607421332537369,13.47078539299192,15.17947193472236,16.627727930177354,17.71260092503868,18.346677159135762,18.470904262964847,18.065003177777832,17.153053521545115,15.80258904109522,14.11685392574354,12.221420728143574,10.247706414892019,8.316627286503735,6.525481748592697,4.940202117220853,3.5936948289979234,2.4895489839171994,1.609351988673882,0.9214400420882275,0.38912370606696944,-0.022934703586295124,-0.3447375505647272,-0.5992392456088237,-0.802365570200144,-0.9640845748015797,-1.0899164856569228,-1.182446602240213,-1.2426001209813498,-1.2705947224285608,-1.2665853147328672,-1.2310607230702446,-1.1650610868653932,-1.070274811911714,-0.9490580093100738,-0.8044045914462853,-0.6398842814228192,-0.45955884388160007,-0.2678829299935148,-0.06959396534035071,0.1304053586583791,0.3271687591254182,0.5158290823035236,0.6917190069747484
-0.7510884195940872,-0.5601296419484859,-0.35531318191400174,-0.1417100870415112,0.07539032040927286,0.29061106839364315,0.4986202724747161,0.694262751455085,0.872687443007003,1.0294679707187078,1.160714646791772,1.2631780645058828,1.3343479740647108,1.372557407890538,1.3771122393616817,1.3484812540522015,1.2886003237879426,1.2013615508629905,1.0933635612388277,0.9749751808160646,0.861690731106073,0.7756157430641276,0.7467217450155637,0.813288755744864,1.0207986176295436,1.41856641103174,2.0537063379815015,2.9626575807615865,4.16135240219478,5.63595680672142,7.33662476582824,9.176578568112676,11.037930631183103,12.784140169699738,14.277264010563188,15.396765773947482,16.05607282182523,16.213531854610274,15.875772497977607,15.093306056310425,13.949902940022842,12.548432944090163,10.996183522479415,9.392240364994136,7.81858407856189,6.33547368981151,4.980755933331926,3.7721394385674034,2.7112451772072985,1.7883214461805161,0.9867731601090568,0.28697984743751226,-0.3308259339718347,-0.8846265695073663,-1.389506795161323,-1.8571755577841194,-2.295932578698281,-2.710915301841342,-3.104499261611794,-3.4767623200506614,-3.8259545730108884,-4.148938990940557,-4.441583433329307,-4.699094039047108,-4.916284880822064,-5.087780737606377,-5.208150125053487,-5.271965291756613,-5.273785537807959,-5.208060741140571,-5.068954339993622,-4.850090448348067,-4.544239818535002,-4.1429757278195165,-3.6363550163842113,-3.0127118123800227,-2.2586899022560756,-1.3596780915827436,-0.30083936463816996,0.9310791105867606,2.3450251584755226,3.9420128604831093,5.710809508667966,7.623458502004932,9.631482524388144,11.663872452280069,13.628044118863883,15.414717237256639,16.907071023657494,17.993599559342513,18.583007250265318,18.61855478808055,18.088835858684842,17.03229660625984,15.533951419823149,13.714465901438631,11.713596719590951,9.671337546248317,7.710582786740702,5.9245469986670285,4.370783775528616,3.071914643384365,2.021657354249598,1.1938463983605514,0.5520106424260396,0.05758406745420136,-0.3243261417137248,-0.6218330769185739,-0.8554150594492298,-1.0385930789786582,-1.1793980389151246,-1.2820411811639694,-1.348421774850551,-1.379307096214957,-1.375160057626242,-1.3366648058344666,-1.26502556608779,-1.1621097313685065,-1.03048994981208,-0.8734224541821779,-0.6947849306961908,-0.4989878780056003,-0.2908679075003133,-0.07556855168355962,0.14158720139916714,0.3552289882458214,0.5600723165758065,0.7510496300336005
-0.7918363685710261,-0.5905190253247818,-0.37459260980788767,-0.14940343043504375,0.07947203022111989,0.3063648142721919,0.5256534273899033,0.7319026427795272,0.9199980177699256,1.085273559134482,1.2236312500109772,1.331653705585037,1.4067160090552246,1.447111086451684,1.4522160881824424,1.422745449638294,1.3611570977911598,1.27229389306934,1.1643377662199934,1.0501072446474267,0.9486174062896656,0.8866343330484541,0.8997144302488769,1.03199032452351,1.333864957570513,1.856938849674838,2.6460167265699344,3.7288984307022632,5.10566871614216,6.7400225650911345,8.555407930880921,10.438162365365585,12.248365080060747,13.837164573127572,15.067475406875527,15.83380856900656,16.077031046963963,15.79106358536988,15.020528180562167,13.850501722780805,12.391174218218199,10.760938219945134,9.071186211423342,7.415111211085755,5.861506670626247,4.453354202428012,3.210148891425551,2.1325388751822927,1.2078913110070437,0.4156966050021689,-0.26787316087848034,-0.8665533244762658,-1.401735965534519,-1.8912172514782395,-2.3487061107989122,-2.7838538384801415,-3.2026001113723357,-3.6076815094316346,-3.9991980838516366,-4.375173871317253,-4.732076267282652,-5.065277801619896,-5.369454411489688,-5.638919260263391,-5.867892595335702,-6.050707592636105,-6.181950603942115,-6.256532336036167,-6.269684689589278,-6.216876709529698,-6.093642972557596,-5.895319753395167,-5.6166899760888,-5.251549340174147,-4.792225574598937,-4.229112796177951,-3.550324370329101,-2.741618205990319,-1.7868001229730543,-0.6688478642064707,0.6280043673205732,2.115054532336981,3.7948023054522926,5.655795630247997,7.667332136602996,9.775096927906166,11.89911775481435,13.935453950080719,15.762662522088807,17.253246288674532,18.289081822607887,18.77852636362232,18.671922094020694,17.97196712721806,16.7361516925408,15.070101034765909,13.112812468176458,11.016777698592612,8.927195955048727,6.9645157275370755,5.213414759215642,3.7194623174664008,2.492747171480518,1.5163004928676076,0.7565380057282223,0.17319138228946662,-0.27297884255805316,-0.6153868178596477,-0.8795807402244917,-1.083276443250063,-1.2376207001146573,-1.3489404084104668,-1.4204632043173993,-1.453737601977063,-1.449668661599175,-1.4091978629853836,-1.3337036930421908,-1.2252051756322297,-1.0864360365274035,-0.9208374580483567,-0.7325001734598158,-0.5260744606003352,-0.30665910191497253,-0.07967628431815259,0.1492625925937595,0.3744961136456967,0.5904533227800752,0.7917919103720252
-0.8129880940673077,-0.6062949410855674,-0.38460305652493937,-0.15340176647236953,0.08158320029030726,0.31453107297624505,0.5396697200613833,0.7514182384712204,0.9445253517700539,1.1142013190691769,1.2562427840917598,1.3671534274015815,1.4442696242464732,1.4859110594120681,1.4915926176688417,1.4623553533395064,1.4012963590650445,1.314388390934182,1.2116600847006649,1.108730339934247,1.028533476902089,1.0028344144845003,1.0728584073624985,1.2881482396602755,1.7027597979097377,2.368259022363628,3.323751039645094,4.5842529518445705,6.129814902680943,7.898462355894791,9.785861826159262,11.653417130940507,13.34447778296843,14.706058712072128,15.611698917414735,15.980484518450929,15.788094236742875,15.067740579220816,13.901408735419391,12.404025814785092,10.704487100202453,8.927571807905332,7.179865908551472,5.541327049283341,4.062602341970942,2.767052109977307,1.655833306201305,0.7143340741851852,-0.08143416280902327,-0.7593929441757654,-1.3473205219824347,-1.8701832741496025,-2.34868098020386,-2.7987107007687317,-3.2314476055109216,-3.6537880913670806,-4.068967134980657,-4.4772263130252465,-4.876460681108584,-5.26280896552253,-5.6311739360687305,-5.975671779768374,-6.290014286490567,-6.567828537132849,-6.802917541431999,-6.989463119608019,-7.122169895555378,-7.196346837917241,-7.207920442196812,-7.153371482977795,-7.029585542573859,-6.833606866065487,-6.562286702014267,-6.211823133582079,-5.777202313910556,-5.251574470769211,-4.625635400211276,-3.8871370441186963,-3.020716353682433,-2.008299332025427,-0.8303851800250178,0.5314899742126903,2.0909108916540227,3.851396947069416,5.800284565993889,7.902577439137287,10.09615108147696,12.29001313714587,14.367258687412905,16.193760710600497,17.63247860833649,18.561744032739703,18.894401470714453,18.593766966145452,17.68247513699641,16.24157973493701,14.399504701879085,12.312972538507637,10.144053154982144,8.038310024679651,6.108419359368948,4.425867384561273,3.0210492053393305,1.8900680201891222,1.0053388403167844,0.32693059052206813,-0.1877509728463702,-0.5772438755516841,-0.8724978534198302,-1.0959858531377664,-1.262563734959385,-1.3811853831227328,-1.456792814118873,-1.4919764487610707,-1.4882390372712637,-1.4468547425324372,-1.3693932396885622,-1.257999832037072,-1.115512661861525,-0.9454771629419926,-0.7520974431860231,-0.5401488618848082,-0.31486615365930914,-0.08181582077522397,0.1532413540012641,0.3844931444489002,0.6062201027867757,0.8129374538098112
-0.8140201867642116,-0.6070670589918447,-0.3850969296863241,-0.15360636589548737,0.0816712577002695,0.3149072799525532,0.5403216303886531,0.7523257225161046,0.9456614600600629,1.1155345316539012,1.257742477095751,1.3688025461710922,1.4460926032840735,1.4880319209879576,1.4943485863922046,1.466504669243079,1.408371872682852,1.3272530236478732,1.2353029994834561,1.151287035759117,1.102405891344353,1.1256309270264184,1.2677000344833456,1.5827644828732983,2.126820624644563,2.9486468691208727,4.0779982070622856,5.513076057812794,7.210365314049727,9.080296565260834,10.991462462916102,12.784264514008418,14.292330439778263,15.367631502944832,15.903822113105688,15.852495133086785,15.22880194779426,14.105646102262499,12.598496665618843,10.844889974486795,8.98337392490652,7.135992273953407,5.396838113537445,3.8273570394366625,2.4575226355777606,1.2910754729362344,0.3127691222785721,-0.5041515554478893,-1.191451800720353,-1.7809911182886675,-2.301496268294921,-2.776810517951801,-3.2252611037169867,-3.6597699515967053,-4.088389872420613,-4.515033744766674,-4.940247499832797,-5.36194416813525,-5.776061987604593,-6.177136945981373,-6.558793883928758,-6.914165260613101,-7.2362467514815885,-7.518196650166881,-7.753583143912874,-7.936580690421324,-8.062114193256857,-8.125947407636525,-8.124709831427069,-8.055854068149426,-7.917533237963329,-7.7083856980057615,-7.427212866314006,-7.072536866834383,-6.642030647112519,-6.131828012277065,-5.535749484800566,-4.844526758751426,-4.04517608166611,-3.120755289223708,-2.0508255487911877,-0.8129969911663381,0.6140786430218093,2.24604997434327,4.086642249603696,6.120464187336809,8.306050306613423,10.57090633924344,12.810607187303317,14.893749459249968,16.673629636202413,18.005961612515108,18.7700994528002,18.889663769950968,18.347814384230894,17.19309848093596,15.533827075514496,13.521771065230327,11.328729009650356,9.121275509266528,7.039171196214332,5.181509206665884,3.6022631145107558,2.31436587297968,1.29959720710754,0.5208282957683944,-0.06646106666127949,-0.5054034651912778,-0.8324482696611726,-1.0752631102941328,-1.2529600631943372,-1.377630914467467,-1.4563374854189186,-1.492995987590001,-1.4898817641700053,-1.4486902884487955,-1.3712070381094235,-1.259681745281885,-1.1170010035250924,-0.9467327267095998,-0.7530925579027894,-0.5408633899139068,-0.31528640687200493,-0.08193453392238123,0.1534247909840178,0.38497251120607084,0.6069823417542567,0.8139628613915322
-0.7949071754340538,-0.5928163761707634,-0.37606216216869737,-0.15001239144657044,0.07973369782447978,0.3074836654772728,0.5275923976503459,0.7346018349284658,0.9233773482800067,1.0892396470583794,1.2280941406300165,1.3365655674245496,1.412156180495024,1.4534625679915463,1.460509672005383,1.4352872124837484,1.3825925351554786,1.311273503387065,1.2358946256883312,1.1786880980512089,1.171387752991427,1.2562148986214123,1.4849983163573282,1.9153408835982821,2.603083740179109,3.591175685123674,4.896346218530228,6.4963627109627815,8.321577731671441,10.254382002639861,12.138776718441921,13.79976228790115,15.069329188123127,15.813548149764076,15.95449287860437,15.481866429338242,14.451903138390348,12.97445633929291,11.192037136235598,9.256081061281025,7.30559233513446,5.451851991957414,3.7707623978195293,2.302383552888507,1.0558301704019541,0.017139951281903765,-0.8421138247141607,-1.5570878025638244,-2.1636942476550614,-2.6946224407599324,-3.177153170052244,-3.6323477600091176,-4.075151215759793,-4.515012160624327,-4.956728242496989,-5.401332290090225,-5.846920109343787,-6.28937933240654,-6.723012998848444,-7.1410679381531414,-7.536183111320403,-7.900772089493053,-8.227350321312636,-8.508813808834535,-8.738672249729127,-8.911236914584924,-9.021761436353552,-9.066532027561342,-9.042902065731463,-8.949264152253013,-8.784950381575726,-8.550048569634367,-8.245118872029778,-7.870792531488973,-7.427234450456352,-6.913457387559032,-6.326493032964015,-5.660460578142193,-4.905633010213127,-4.047688035159399,-3.0674381503018866,-1.9414413159832593,-0.6439576050742177,0.8493239455560896,2.5555794487428227,4.477394110060786,6.594431206522072,8.85584154366758,11.175633396621256,13.43338590781094,15.48213076852921,17.16384119604685,18.330950798640842,18.870212030873127,18.723741422842767,17.90197267894669,16.48475136043449,14.609661011989132,12.450010001083552,10.187610192463778,7.98661749825882,5.973941257405453,4.2294417500866865,2.7862244875238495,1.6388237925619396,0.7556668637443023,0.09211919070170127,-0.39866219366278294,-0.758459174907939,-1.0204078287357394,-1.2083432676472758,-1.3379809641609517,-1.418911981190398,-1.456677101384665,-1.454514801040196,-1.4146427221645463,-1.3390948795958135,-1.230208362700659,-1.0908647811582184,-0.9245739526058345,-0.7354616904865126,-0.5282009876469155,-0.3079099198123837,-0.08002981105504459,0.14980813734954038,0.3759221944830723,0.5927210690050326,0.7948426836029434
-0.7561221565922377,-0.5638956863320482,-0.35772250915520276,-0.14270901523585602,0.0758181497701291,0.2924435015469765,0.5017964428436361,0.6986844583598733,0.8782237451862471,1.0359671313006111,1.1680330695266095,1.2712470075304771,1.343319496449706,1.3831056726605548,1.3910177116550788,1.3696895669813272,1.3250064069118912,1.2675824397693563,1.2146646326736246,1.1922261476979443,1.2366940156590964,1.395396097577029,1.724560448202643,2.283765684353372,3.1263190516824766,4.286186659037917,5.763618700685825,7.513014235038392,9.43720104877123,11.391615504180292,13.199723749207426,14.677908027393542,15.664957776959595,16.049420894462138,15.788201141973286,14.912002828777155,13.516782555525783,11.74402793212377,9.755231031187986,7.70665813839147,5.729462178709741,3.917972952850336,2.3265271935714544,0.973241501592823,-0.15189943481022924,-1.0773591272484424,-1.8409181493502218,-2.482384045444498,-3.038605615024781,-3.540653489259096,-4.01270360885985,-4.472068621279351,-4.929880925031653,-5.392057631020826,-5.8603124458065565,-6.333090129129872,-6.806375285474422,-7.274371490989777,-7.730067325328319,-8.165711569714448,-8.573217707520865,-8.944512652238416,-9.271839032902314,-9.548015655021786,-9.76665731365349,-9.922352881717668,-10.01079922910789,-10.028887658251914,-9.974738753914258,-9.847680421530994,-9.648162034856844,-9.377594718410192,-9.038103756865102,-8.632174323164358,-8.162167396296233,-7.629681579258503,-7.034743234319757,-6.374828960811437,-5.643769721475939,-4.83066304371268,-3.9190313308746343,-2.8865999399994835,-1.7061960134489893,-0.3483284340775455,1.2140817788211573,2.9986762301910774,5.004795840964698,7.204061314277708,9.532538905683408,11.887205002133388,14.129331227415687,16.096381689343815,17.622055718989014,18.561637127509297,18.817600656268397,18.359372081413934,17.231873250258236,15.550032217870218,13.480099814130334,11.21217363929414,8.93054659630443,6.788628553341258,4.893306199867999,3.300522777274029,2.0207422548508447,1.0308193879615402,0.2881066919974925,-0.2567396086841235,-0.6503909479600507,-0.9315333015422751,-1.129080427128932,-1.262806770646275,-1.3452285510631528,-1.3838142770686022,-1.382966318231098,-1.3455354278695304,-1.273844814179253,-1.1703075833327115,-1.0377511377369113,-0.8795500216756651,-0.6996419474043336,-0.5024756475584389,-0.29291970580525084,-0.07614911510076833,0.1424806756568841,0.35756602392431114,0.5637891286106166,0.7560500509481406
-0.6986250851670927,-0.5210208474376372,-0.33053200884314543,-0.131877209480516,0.07002120102454058,0.27015857096627127,0.46357159375775936,0.6454617890814416,0.811317479299779,0.9570353616592515,1.0790477904091058,1.1744712888648907,1.241307775438988,1.2787539159041548,1.2877040803384816,1.2715595827811927,1.2374607570263685,1.198005690718324,1.1733707457685942,1.1934776939120788,1.2994809057587124,1.543475802242137,1.985147056946544,2.6843206124895445,3.689238015180613,5.021811834789722,6.662809429991227,8.541214600740652,10.532203896649834,12.466767831503512,14.153109945556416,15.406369207191311,16.080205296337386,16.09258752323506,15.439345466684085,14.192341762207613,12.483355350486859,10.478430226281729,8.349370459208677,6.24882456605609,4.293407224218346,2.556497819709996,1.0697558947007038,-0.16928762366890923,-1.186743360056371,-2.021756359652626,-2.7176293479787783,-3.3155096455071584,-3.8506596929257024,-4.350843174860121,-4.836177734641651,-5.319838875341433,-5.8091416454417395,-6.306693600075137,-6.811455449932977,-7.319646253771772,-7.8254889737776745,-8.321819608256607,-8.800590495692031,-9.253295270789023,-9.671335773735478,-10.046343624280423,-10.370462862209754,-10.636595534758914,-10.838609284047973,-10.971504504438643,-11.031538076966335,-11.016300618563827,-10.92474419014443,-10.757157070354339,-10.515081088225866,-10.201164685089394,-9.818940982125795,-9.37251455395163,-8.866133841827772,-8.303619851958333,-7.687619608564966,-7.018661171808957,-6.294015386046415,-5.506429423068344,-4.642898517106258,-3.683786028340354,-2.602769593213096,-1.3682337441827173,0.05323651782906441,1.6907873478021622,3.56066677733293,5.655861671091526,7.93584533722923,10.319205750217195,12.682328901808871,14.866773478334109,16.696292512259085,18.001858966433435,18.650244540146716,18.56970679018477,17.7661029077751,16.324675184823924,14.396420892245555,12.17218810707358,9.85094225662299,7.609866293212106,5.582759348073696,3.8501933791634277,2.441300368876337,1.3441656744775048,0.5203968255775245,-0.0803756488246039,-0.5090065916879024,-0.8096067623636204,-1.0163886500214012,-1.1535467285999703,-1.2368863898265101,-1.2760992552076045,-1.2769556281070205,-1.2430571345028274,-1.1770638412933065,-1.0814597970074704,-0.9589746298453856,-0.8127758946161097,-0.6465205427675671,-0.46432463406141455,-0.27068719901704485,-0.07038880655542475,0.13162352993198997,0.33035814034049266,0.5209024480064597,0.6985449652601207
-0.623839016002344,-0.465253063973436,-0.295163743951136,-0.1177852653731605,0.06248601025440726,0.2411799705120813,0.4138633046948025,0.5762503592889668,0.7243138346480885,0.8543979649739826,0.963343103381367,1.0486421958817445,1.1086687584007442,1.1430435912777588,1.1532399843289427,1.143551858279554,1.1225400117499862,1.1049891418320645,1.1142112143968412,1.184201820513854,1.3607403693480808,1.7001625499685402,2.264457287842858,3.111807778348165,4.282851335933945,5.784645878652812,7.5761087973396615,9.559764896294476,11.584245625201763,13.459784456629423,14.985351492494377,15.982201459816423,16.325954788062134,15.96906752678109,14.947959594925027,13.37336812562266,11.407123095696534,9.231882167169207,7.021400170128204,4.9176013223437485,3.017875571632299,1.372830637966891,-0.007750307850363736,-1.1442171432906107,-2.0750734985744472,-2.8462860522635434,-3.5032741721135805,-4.085904995459982,-4.6261022453325165,-5.147347614496635,-5.665324906820167,-6.189099869163712,-6.7224284151760685,-7.264969050887793,-7.813309131602014,-8.36179534687558,-8.903197401399078,-9.429244992994226,-9.931074687874704,-10.399613998918557,-10.825919960083018,-11.201481108825012,-11.518485752244326,-11.770055595871712,-11.950441830179836,-12.055180105403936,-12.081201019012775,-12.026893381393279,-11.892118234209404,-11.678171990996697,-11.387696735101185,-11.02453417678659,-10.593516534470721,-10.100182224350863,-9.550396596147632,-8.949848735925393,-8.303386899807187,-7.614152499278411,-6.882484549589741,-6.104605899430011,-5.271184120534064,-4.3659944866238805,-3.365096230550927,-2.237133591369623,-0.9455163515438463,0.5467937546509367,2.269493649827168,4.234466164860404,6.424010292933507,8.780345645883093,11.199832290733061,13.53537338745709,15.609246863007442,17.236131376352137,18.25290275857157,18.548931201103244,18.089302970066626,16.9244297851574,15.182849596370636,13.048653751303222,10.729273608673077,8.421774113850523,6.285538565026423,4.426574880013158,2.8948051893644675,1.6920991278061392,0.7866140184957241,0.12861073142671575,-0.33601514654368764,-0.6564694777269657,-0.8723329850282,-1.0124871240392754,-1.0963408448483913,-1.1360835435662546,-1.139052663318489,-1.109720991449394,-1.0511384797669183,-0.9658613654221443,-0.8564847273209606,-0.7259047218436449,-0.5774128366818881,-0.4146927067354479,-0.24176305753483057,-0.0628917554455077,0.11750518533777221,0.2949717578259552,0.46512232069475057,0.6237505414986596
-0.5336148842100366,-0.3979726223503009,-0.25249318221687006,-0.10078215106319692,0.05339876720697144,0.20622447555903017,0.35390126097364544,0.4927624539207642,0.6193655685495775,0.7305954056112127,0.8237853311205319,0.8968829022263356,0.9487085009622166,0.9793868278286859,0.9910651630779962,0.9890521636711862,0.9834843918631736,0.9915100309204748,1.039729200692112,1.166243470363806,1.4212186370993871,1.8645383828021787,2.559194243057102,3.5597815574725535,4.896936237476297,6.560492799650309,8.485913455209584,10.54924428896846,12.574764613876319,14.356481311442671,15.69042056168484,16.410746137157776,16.42069840759424,15.710210511632727,14.355685255999582,12.502527145209475,10.335745499519222,8.046645151326185,5.803585965623283,3.7324183257044585,1.9086727330272426,0.36025819171793705,-0.9227179342382389,-1.9750345630331716,-2.843774098770255,-3.5782441386140276,-4.223245293867578,-4.815511731948922,-5.382592917030915,-5.943293521597695,-6.508900381497999,-7.084650613507144,-7.6711248445884666,-8.265427875232895,-8.86213180509191,-9.454013294156537,-10.032635203240606,-10.588820371468024,-11.113054011658019,-11.595838364188001,-12.028012265103373,-12.401040244629106,-12.707270597940854,-12.940159033868703,-13.094453403431128,-13.166335100207847,-13.153513566413073,-13.055271565753635,-12.87246016926485,-12.607443414393519,-12.263992970008267,-11.847132421630988,-11.362928433938874,-10.818221433928233,-10.220281046978439,-9.576361213975197,-8.893117793491166,-8.17584091006728,-7.42745255696714,-6.64723924705546,-5.829346828957615,-4.961177916867458,-4.022011312359037,-2.9823931011845266,-1.8050747348250362,-0.4483855837326466,1.1272238898244091,2.9492902686040967,5.020933623514313,7.308109768768388,9.729942243314479,12.156156232620578,14.414998468345704,16.312885725425478,17.663701689189285,18.322133655787535,18.213067142278117,17.349021972408746,15.830314669465121,13.827354255572406,11.54959007569846,9.209257990740902,6.988934146956408,5.019870970883396,3.3741671851282558,2.0696245050696245,1.0831295615087104,0.3673096931523504,-0.13408257408139346,-0.47483238509348086,-0.6998034562528673,-0.8427229524986967,-0.9268525274055697,-0.9671204591001102,-0.9726169059054722,-0.9488035193408794,-0.899176186269117,-0.8263704494064956,-0.7328176281793948,-0.6210869458003313,-0.49402978215221,-0.35480873522494777,-0.20686353158781884,-0.05384380254904435,0.10047484560147335,0.252282503978613,0.3978291414836968,0.5335177880008306
-0.43018569604066187,-0.32084472948452775,-0.20357650823680487,-0.08128887320579872,0.04298408721595118,0.16615680345927422,0.2851689469987355,0.39706372816422747,0.4990696058949705,0.5886920233075926,0.6638311387741109,0.7229580795562381,0.7654081976540588,0.7918842858545574,0.8052971567628222,0.8120834708356649,0.8240927134678371,0.8609774276448523,0.9527149708594549,1.1414480142502113,1.4813647110486348,2.035076957871519,2.8652019843133134,4.0208592586506136,5.5205630396840215,7.335111065132599,9.37572324906512,11.492902336967374,13.489623280334266,15.148651504017716,16.269146554818633,16.703973511180315,16.387965614486607,15.349486991703994,13.702412134682213,11.621317189964422,9.307171251539696,6.952619077182769,4.714743834312305,2.6998512074800143,0.9608264199073226,-0.49559590284792826,-1.6959364153410594,-2.6857350612228412,-3.5171378871523276,-4.239936150533832,-4.896325306713943,-5.5187695392501315,-6.129993463908968,-6.744145684032279,-7.368405978085178,-8.004585017686857,-8.650500332751108,-9.30107050398511,-9.949154800013927,-10.58619776976838,-11.202739676576694,-11.78884112746401,-12.334454298826794,-12.829758966650974,-13.265470910594425,-13.633123226618832,-13.925317020059689,-14.135936100525303,-14.260319998921748,-14.29539035824647,-14.239727119348332,-14.093592616144976,-13.85890343474589,-13.539151399321893,-13.139276006482934,-12.665490639511766,-12.12506342939994,-11.526050018792953,-10.876968956948335,-10.186400363731359,-9.46247488499938,-8.712204600980403,-7.940595607532998,-7.149483942189611,-6.336069367200476,-5.491207262957343,-4.597677597660615,-3.6288851398940287,-2.5487225048782998,-1.31355495152774,0.12269097137424151,1.7997168225955433,3.738583575612216,5.927610748355574,8.309603489865358,10.774689374903637,13.163049655106935,15.280202853947873,16.924287477532705,17.920801384122402,18.156908659847318,17.606222625298393,16.336777416696492,14.499394298985258,12.299327801816192,9.95884506659034,7.680497647697404,5.619666470566611,3.871226843053933,2.4705369507122628,1.4051468074098257,0.6317594832313347,0.09319445157511563,-0.26824386863527927,-0.502469375642346,-0.6480983289929994,-0.7324167925763673,-0.773287740152895,-0.7817171020303969,-0.7642648747254157,-0.7249290456252239,-0.6664365147084368,-0.5910335792744011,-0.5009171074768778,-0.398435586413419,-0.28615528479083796,-0.16685273444842294,-0.043469157566314365,0.08095379252273602,0.20334675048477377,0.3206882442536361,0.43007979681064185
-0.31611126401218254,-0.23577830004130904,-0.149624482950489,-0.05978805592837954,0.03149945421622662,0.1219682145606671,0.20936693106323853,0.2915220750059167,0.366402731066811,0.43220008532225207,0.4874417040125953,0.5311800617859739,0.5633242003810671,0.5852207267561159,0.6006238706847955,0.6171968129272482,0.6486132596449746,0.7171265592248216,0.8561111109074118,1.1115918398952198,1.5413107587396289,2.209708927886938,3.1776577815373583,4.487077370835308,6.142628350896327,8.094888465120533,10.230853887910653,12.377232032029028,14.31931176763327,15.833668977976647,16.728061251436124,16.878557037241144,16.253807105703284,14.919751305941928,13.023814239389147,10.763609227633026,8.34914062495846,5.968217773784278,3.7624216556072745,1.8168074205025029,0.1623170276905676,-1.2130081116068157,-2.348922387433251,-3.2982465286121814,-4.115225057192208,-4.847989378866525,-5.534851601760939,-6.203460573195528,-6.871691673772195,-7.549319170595945,-8.239830320221138,-8.942040203727428,-9.651386546941634,-10.360912773428934,-11.062003822039667,-11.744949862379812,-12.399401188944301,-13.0147586035043,-13.58052556693692,-14.086634420415068,-14.523749458356374,-14.883543884091168,-15.15894474299604,-15.344338966600512,-15.435734036828423,-15.430868031854983,-15.329265606044535,-15.132238518530523,-14.842831421383872,-14.465715511315253,-14.007034068394224,-13.474204509204403,-12.875680904311569,-12.220678305798124,-11.518854851442672,-10.77993849783065,-10.013271677618865,-9.227229582465103,-8.428449236402367,-7.620795095198711,-6.803997910710876,-5.9719602538381755,-5.1108514141066195,-4.1973349455601685,-3.19757214574871,-2.0679553073721206,-0.7587019432117481,0.7787187344680835,2.580049439424137,4.653614633276976,6.965305719203173,9.427446769682184,11.89644674712644,14.183146720934456,16.076886617286824,17.380107492005695,17.946147872236352,17.71052090205798,16.70668270908495,15.061273503464779,12.969779081475261,10.659321399792942,8.348672366222242,6.215447784457352,4.377130140461144,2.8876649534664587,1.7468474877620603,0.917035989549885,0.3413538170283808,-0.04102766926928619,-0.2847098355574046,-0.4331264626923831,-0.5176744353725479,-0.559292158434082,-0.5710335088049145,-0.560652292382252,-0.5327015755805944,-0.4900152432238298,-0.4346412477415351,-0.3683696717429191,-0.29299663408252924,-0.21043192522351148,-0.1227212548643223,-0.03202484820692127,0.05942496134626314,0.14937547032072726,0.23560868769757468,0.3159964778049838
-0.19421485405460712,-0.1448787123312051,-0.09197247774785057,-0.03681199516161282,0.019228849763892313,0.07475198049609433,0.12837077584192785,0.17874900944879082,0.2246478726817784,0.2649927427116931,0.2989843876391432,0.3263014494474465,0.3474738431329505,0.36454632207222826,0.38218262145995463,0.40935057167304945,0.46162678721073325,0.5639113709572219,0.7529248779402599,1.0783313881329357,1.6008826600399746,2.3859251061168245,3.491298510539288,4.950258145686796,6.752346853380894,8.827393947996654,11.03892406656237,13.19221697378305,15.05876325188242,16.41371908515961,17.077994619961867,16.953936651028563,16.044592242831797,14.4511659314253,12.349835801422161,9.955063722377973,7.479740637155072,5.102052233689418,2.9454858663974663,1.0736350650814037,-0.5027377192103963,-1.8113098294841674,-2.9017239245788473,-3.8310500431608454,-4.653324358179566,-5.413565755000201,-6.14552254388906,-6.871924625923328,-7.606050113030164,-8.353716649196949,-9.115168889839909,-9.886631849475915,-10.661492600600555,-11.431168937982003,-12.18575296484528,-12.914510643956547,-13.60629740104028,-14.249927545485656,-14.834517062386032,-15.349806505019949,-15.78646265717642,-16.136353181441173,-16.392786542596202,-16.550709276650046,-16.606853596884633,-16.559829996590697,-16.410161637744775,-16.16025967454804,-15.814341041477523,-15.378292427749662,-14.859485931105171,-14.266552944926893,-13.60912278834354,-12.897530866011744,-12.142496919666264,-11.354766121525492,-10.544693195296361,-9.72173180664255,-8.893769409366714,-8.066227038071293,-7.240836871476739,-6.414039960401096,-5.5750428483186285,-4.703764757814486,-3.7692054078122297,-2.7291248371336185,-1.5322279168676898,-0.12407993458191455,1.5424973813964202,3.492948916694748,5.71456694340023,8.142147978703417,10.650969883504542,13.062017912994795,15.161998313444313,16.736482619536105,17.609761539285834,17.681523115585616,16.950014558934207,15.514553013785969,13.556220756648049,11.302133199585075,8.983294310875163,6.7970800932258495,4.882717166773601,3.3131548736412983,2.10158765931788,1.217388424865571,0.6051714014415737,0.20180929978592899,-0.05152032826963754,-0.2028898134104544,-0.28780491637115635,-0.33035796548515706,-0.3457448119250159,-0.3429889574151769,-0.3272448653708386,-0.30147092930866554,-0.2675110047524703,-0.22672545609860775,-0.18032293507004357,-0.1295131708819352,-0.07556164030610685,-0.01979435760419002,0.0364209899579211,0.09170426854409879,0.14469600901901467,0.19409120436679259
-0.06751331259031997,-0.05039570211113551,-0.032047424838930645,-0.012929483991575803,0.006475725753385462,0.025676327023660465,0.0441846168155194,0.061535021887476685,0.07731281066573466,0.09120805833820876,0.1031243705954103,0.11339688454876151,0.12321004933809203,0.135346927955047,0.15542916321745198,0.19378196964129837,0.2679256294805283,0.4053991050731818,0.6461504342821242,1.0431707603911544,1.6596358309716064,2.5609047326311325,3.8006584959926437,5.40235392317889,7.339663793523287,9.52177388334528,11.790106304444357,13.931282866919759,15.706867424467086,16.894802610403836,17.33261263887769,16.95057107952399,15.785276650724931,13.969845562516308,11.704045550094937,9.213412137899144,6.708652945309519,4.3549931736941625,2.256694280782442,0.4568239483988108,-1.0516262884862708,-2.3089661447851086,-3.371701146990572,-4.29869865981306,-5.14213901455369,-5.943075415086906,-6.7304721702612325,-7.522335218932544,-8.32775203136938,-9.14904957308699,-9.983662308593592,-10.825581330517736,-11.666414240516284,-12.496149301882424,-13.30372381967652,-14.077476848162865,-14.805539908877074,-15.47619605106857,-16.078220386469226,-16.601204004030475,-17.035856604398177,-17.37427990537944,-17.610202780819822,-17.73916946825404,-17.758673531786037,-17.668232268499064,-17.46939865479219,-17.1657105369852,-16.76257938579693,-16.26712336416798,-15.687951495428887,-15.034907118623485,-14.318779251284186,-13.550989461989314,-12.743258645960093,-11.907251617131983,-11.054186294353862,-10.194377152339845,-9.336659349124337,-8.48761361566604,-7.650492222970361,-6.823752857055825,-5.9991711959937755,-5.159661584155539,-4.277214354866232,-3.3117416790866003,-2.2120154411064648,-0.9200837663322929,0.6197027644029396,2.4468783291385883,4.5677756201208775,6.938767671423146,9.455164071526765,11.951451611695193,14.216782739448359,16.0256335346988,17.178399116856838,17.542273350287694,17.081107136822826,15.865204945275169,14.057734712399798,11.88154293830556,9.575932355111231,7.355203743927574,5.378890756500019,3.738772898351397,2.4621283006836054,1.5264131666710543,0.878798969929238,0.4546975285406069,0.19160332107988956,0.0370781645468211,-0.04840396962520513,-0.0921014297051204,-0.11140222397716106,-0.11665090671411858,-0.11363959558060673,-0.10546874445061241,-0.09377925432619917,-0.07949047850753298,-0.06320354452832636,-0.04540209221876634,-0.026541357643295512,-0.007080607506134533,0.012511037657648565,0.0317603283596074,0.05020011486332985,0.06738093854078119
0.06085759717097704,0.04533231613577588,0.028667498169322663,0.011268264919221548,-0.0064445051854738694,-0.02404447869788892,-0.04110844169306546,-0.05721949712829755,-0.07195667632390343,-0.08485350310950786,-0.09529102611582256,-0.10226300419798894,-0.10391202929856365,-0.09669320275446368,-0.07399964280108644,-0.024125462882496576,0.0723925382418032,0.2456698868362689,0.5387023081408888,1.0074460494017556,1.7169093316976274,2.7316549318359797,4.100297516389371,5.83574294322774,7.895563605568976,10.16898114179028,12.477157067043668,14.591009047933968,16.265783619536542,17.285652739575617,17.507050420674705,16.888507932896736,15.49820045045217,13.497176969321444,11.103695652447438,8.549333490935863,6.03876173431314,3.7222788358668715,1.6849848695491356,-0.048855464033529195,-1.5013269991512208,-2.722451300211155,-3.773045686076654,-4.711931501023254,-5.588377831464941,-6.4390973054539735,-7.288375700269135,-8.149869989173384,-9.02895075045942,-9.924914785573499,-10.832776497868023,-11.74459562664815,-12.650421521934081,-13.538969122210801,-14.398130141677957,-15.215394391231749,-15.978227133532272,-16.67442553585452,-17.292461712469073,-17.82181031310595,-18.253253405409186,-18.579153080745602,-18.79368178691052,-18.893001223723086,-18.875382327635744,-18.74126114586076,-18.493228044708264,-18.135950519216763,-17.67603268693415,-17.121817173232206,-16.483137337680166,-15.771029437127293,-14.997415098903955,-14.174763987710474,-13.315744159455035,-12.432862308922944,-11.538086501189635,-10.642428320938857,-9.755438453446644,-8.884540605493457,-8.034100014711223,-7.2041110687017795,-6.388423468531996,-5.5725489077900585,-4.731339238069749,-3.8272097648964056,-2.810031222769684,-1.6201552640969321,-0.1959912098384236,1.5131830816827112,3.530062900625816,5.830888772819095,8.330948117523231,10.880202651434448,13.274107532876553,15.281075288012754,16.682700640023334,17.31765448880279,17.117355498019112,16.122750229532027,14.476779419738277,12.394558251266938,10.12005736317726,7.8815256708111,5.856938274903977,4.156201554660963,2.820884116693137,1.8372553444626134,1.1559304660510379,0.7116503118400208,0.43880121538790673,0.2809274156031982,0.19465196730543266,0.1496058529453168,0.126206382268001,0.11276513918799026,0.10282923952206557,0.09314049803821293,0.08225384013536753,0.06969077337627386,0.05546244918298518,0.039819253948039715,0.023126099810507228,0.005801539164876812,-0.011713300261294649,-0.028972909498937566,-0.04554040088480601,-0.06099843501226386
0.18772080188326243,0.1399361224602593,0.08866957548275524,0.0351822514705846,-0.0192122756511014,-0.07318018052003347,-0.1253978843058955,-0.1745760487213993,-0.21946706734811608,-0.25883557128152235,-0.2913524432226293,-0.31534230049660034,-0.3282729208140686,-0.3258326725974829,-0.30042582981041166,-0.23897484497452806,-0.12011755849913286,0.08872344713741176,0.4333601734710658,0.9723231367147093,1.7718903304603548,2.89514812600985,4.385001537871642,6.243458991917262,8.412264240753839,10.761843978403245,13.095260930017758,15.17066877895859,16.74015346232694,17.5966807291006,17.61674499788686,16.786330630207825,15.202400006136774,13.049704527400703,10.560287664680045,7.967670231591366,5.4678552915475995,3.19544452055668,1.217344922680056,-0.4587973245773168,-1.8674396619155373,-3.065736164437508,-4.1167983435299735,-5.078127666644823,-5.995517640279007,-6.901320249134553,-7.815459192086856,-8.747709508234351,-9.700209886115987,-10.669654913013943,-11.648980750249967,-12.628571560233906,-13.597102448565028,-14.542145405251667,-15.45063969376603,-16.30929429260912,-17.104960373036263,-17.824990357700695,-18.457586363335423,-18.992132869983504,-19.419504395156682,-19.73233740146222,-19.92525574957208,-19.995040194829674,-19.94073438633527,-19.76368232976816,-19.467495124807296,-19.057947800360534,-18.542810062787776,-17.931617561290516,-17.23539267769853,-16.466325672787704,-15.637428039115342,-14.762169796369674,-13.854110694195395,-12.926530983735065,-11.99205920645747,-11.062280448918353,-10.147286815081468,-9.255101995230314,-8.390877727663216,-7.555734693908117,-6.745130912985456,-5.94672897080168,-5.137947126736531,-4.2837454710389675,-3.335679211881613,-2.233697852432937,-0.9123061933935793,0.6878091932779771,2.602987324769478,4.827139256780246,7.294552335456774,9.87142679322225,12.362149187016254,14.533166392844613,16.151981498563654,17.03297975204695,17.07794688080518,16.299289071766655,14.81858472769731,12.840670889347834,10.61104875610269,8.368995843412769,6.30878826210985,4.557311652046274,3.1701746089939573,2.142826596267347,1.4299889436407245,0.9664288244135008,0.6840021121912281,0.5226386651741384,0.4353514673997707,0.38878177832255134,0.3611991435676793,0.3395798639806582,0.3168028722733545,0.28944025878832036,0.25623071523709606,0.21712551138130762,0.1727376630356845,0.12404134954806802,0.07221124413837768,0.01853307093629857,-0.035652633496549,-0.08899245991688025,-0.14015613436570593,-0.18786971836420666
0.3099365469929352,0.23107432696186872,0.1464737436773467,0.05822051274547198,-0.031511772475973136,-0.12051498129370819,-0.20659801929509303,-0.2876307550379555,-0.36156852025692787,-0.4264337045582901,-0.4802100089382089,-0.5205718616505932,-0.5443277953301553,-0.5464145478272558,-0.5182694181571826,-0.4454860151355703,-0.3048902493581601,-0.06160570060501941,0.33272408333690134,0.9388049685926614,1.823681211065827,3.048446394253579,4.6499441540954525,6.6193466041523905,8.883299731650306,11.29499596277271,13.641734590767062,15.671668732196995,17.13629917787776,17.839033474837994,17.676522566655795,16.660483017747673,14.913363237793739,12.639440056485842,10.080451562444196,7.468772166888143,4.9902354621214045,2.763952392820813,0.8402280486617555,-0.7875289889654423,-2.1636258497210714,-3.350198815789242,-4.411160718025724,-5.401911640030489,-6.3645870751105384,-7.3274040048561195,-8.30636324451875,-9.30785803673466,-10.331260655861659,-11.371049742481013,-12.418381295434102,-13.462184169425889,-14.489919098894374,-15.488131713485558,-16.44289569062107,-17.340205675570544,-18.16635064320493,-18.908278722373232,-19.5539525337389,-20.092687488018285,-20.51546234502928,-20.815190373448427,-20.986939919469656,-21.02809465267338,-20.938445937451213,-20.720212475370076,-20.37798539488569,-19.918600147371045,-19.350939717349032,-18.68567658577787,-17.934963418254128,-17.112084406113965,-16.231080370253423,-15.306360880038493,-14.352315314015003,-13.382931247072806,-12.411421528722807,-11.449849020654359,-10.508717882390581,-9.59647092232401,-8.71879562213241,-7.8776067593658645,-7.06956467412204,-6.284046122728024,-5.500662361015658,-4.686759146741779,-3.7958242112571057,-2.768249501035728,-1.5361871630800263,-0.03393622807527058,1.7859165638924308,3.9325333316936253,6.3575806340756795,8.943271326938113,11.504415008180782,13.80858392820453,15.613291451489005,16.71283551858811,16.982701079994307,16.408514668325594,15.090443929162495,13.221454132981957,11.046061303374735,8.811871714300212,6.7271929893097155,4.9343958690005465,3.5024635893780576,2.43602748821097,1.694325468692796,1.212720551617605,0.9210878454590488,0.7561798507085596,0.6677003864827348,0.6194832146358747,0.5877462600779692,0.558172025118408,0.522981381435029,0.47856992619632804,0.42384423293720797,0.35916402831859684,0.28571911123414867,0.20517942147929685,0.11949902063925907,0.030798722864954338,-0.05871461088624737,-0.14681299044749244,-0.23130551166465393,-0.31009303222382684
0.42448010198219527,0.31649131641654676,0.20064934521330322,0.0798127732830766,-0.043038752901340495,-0.1648776325715158,-0.2826995967138604,-0.39358622442674174,-0.49474519101466463,-0.5835018861694673,-0.6571932669800054,-0.7128794515902797,-0.7467430174513855,-0.7530048118226478,-0.722183228534511,-0.6386197727078092,-0.4774567008905733,-0.20172398952532544,0.23917869717636797,0.9077442559691496,1.8713627753350268,3.188805012562942,4.890802732446485,6.958142366065872,9.303503900517391,11.764697252579806,14.115639932056157,16.096951094708253,17.46147297455863,18.023811849244908,17.699952061620106,16.52493078022496,14.64313033212086,12.274452221029591,9.66697155215021,7.0498140958973785,4.598125566506921,2.4164803321094,0.5405535839005181,-1.0481016020063607,-2.401411691323713,-3.584795304624179,-4.661947746522596,-5.685786919678636,-6.6948886731850825,-7.7137189076842825,-8.75485538650211,-9.821807567300935,-10.911614055951212,-12.016883625930603,-13.127255666704418,-14.230400222361705,-15.312710525967244,-16.359817748922662,-17.357017340463003,-18.289658914789495,-19.143524024907514,-19.90519835028352,-20.562434426954198,-21.104495553378822,-21.52246906846377,-21.809536679709176,-21.961190277094172,-21.97538334204431,-21.85261042166131,-21.59591000311318,-21.21078931460629,-20.70507291402793,-20.0886802149553,-19.373340154210737,-18.57225384523369,-17.699718115719847,-16.77072412060973,-15.800545533071684,-14.804329797574802,-13.796702950623592,-12.791392449536813,-11.800861467242527,-10.835929715545689,-9.9053276721442,-9.015093129181539,-8.167678139344511,-7.3606108062979905,-6.584588732913501,-5.821024935920477,-5.039376735466634,-4.1950743372107855,-3.229437070388761,-2.0733806612417807,-0.6566046897403622,1.0770711207317731,3.1496142395333875,5.528049626098165,8.109615842490465,10.72004801631875,13.130147330849285,15.09081355421224,16.380193346357654,16.851074139920474,16.46478016724072,15.300970178632264,13.540070510293598,11.423783999745163,9.20568402361781,7.105836793428284,5.280356198553648,3.8105765216290846,2.7099642047526555,1.9424211944689662,1.444324092398141,1.1440639137682815,0.9756670231185285,0.8858766477776695,0.8359563728560558,0.8002158252538106,0.7631182487447357,0.7162551312228665,0.6558452115901643,0.5809443110219764,0.4922900340235139,0.39161005316608877,0.2812250376372479,0.1638188788853904,0.04229477881250846,-0.08032858053370154,-0.20100358164530432,-0.3167327400990893,-0.4246435243367485
0.5285166188286218,0.39407307792974955,0.24985553533834612,0.09942455849277268,-0.05350807436118802,-0.20517042111246225,-0.35181953202848454,-0.489820773057629,-0.6157022146578104,-0.7261550448320566,-0.8179265389593507,-0.8875147338130748,-0.9305269446469149,-0.9405243404737428,-0.9071803318293159,-0.8136937554508945,-0.633689511987236,-0.3283452914989007,0.15486481493955473,0.8798580318815766,1.9140487890846598,3.3137510891442337,5.103829044845027,7.2554901667003024,9.668915226526536,12.168581494276717,14.517352650324211,16.45040935184887,17.723199999704224,18.161467822590208,17.698944589028063,16.39109403675205,14.400633867344759,11.95960598325408,9.319831101477115,6.705988902347512,4.282829383769989,2.141883109081932,0.30635833951346514,-1.2517919096334271,-2.5902239211535507,-3.7763655151055717,-4.873078086634473,-5.9307269181995474,-6.984622594257983,-8.055957503898277,-9.154406900606062,-10.281074391204363,-11.431062646919033,-12.595423074615004,-13.762517553289372,-14.918940106177326,-16.05015868124344,-17.141003366950816,-18.176083410323166,-19.140178167943905,-20.0186210908277,-20.79767972948848,-21.464925659991668,-22.009583606718888,-22.422847134786903,-22.698148093169728,-22.831367964447033,-22.82098111880413,-22.668122480428313,-22.376575123060718,-21.952676643315634,-21.40514662891872,-20.744840950208847,-19.98444176447934,-19.138094851676456,-18.22100802868907,-17.249025756682034,-16.238195475378113,-15.204340383686398,-14.162650808892264,-13.127300972074842,-12.111088144859314,-11.125074351436533,-10.178184031952368,-9.276673174842006,-8.42334084625325,-7.616319647203182,-6.847293461496042,-6.099105245886839,-5.342996706746861,-4.536194487646793,-3.6211583616609193,-2.528317388224771,-1.1841656543625407,0.4742493373958946,2.4793578330209014,4.811313398526753,7.380842662473122,10.024292320627824,12.516891746210405,14.605543886476699,16.055776701758592,16.70134869485354,16.482265883855966,15.459371925802907,13.800738939198675,11.744126855012551,9.547124418404401,7.439377370750559,5.588843266368477,4.087888789544559,2.958150959505484,2.168084356420828,1.655333188452281,1.347230281667906,1.1755247117251297,1.0843831683304694,1.0327840929395637,0.9933157192077202,0.9493284547941273,0.8918317678675948,0.816874305910701,0.723640721280794,0.6132077115509391,0.4877892200595532,0.35029581624686273,0.2040737430195277,0.05273658793801395,-0.09995971302026663,-0.2502231408692303,-0.3943236366212791,-0.528686231172356
0.6194712910404354,0.4618995180733925,0.2928744661430056,0.11657042197991344,-0.06266075143795478,-0.2403963347125208,-0.4122475046212193,-0.5739532901540482,-0.7214471968092792,-0.8508650680517214,-0.9584368816312011,-1.040166071008309,-1.0911518292170765,-1.1043713382001885,-1.0687513886587519,-0.9664878266640805,-0.7698882139009101,-0.43854833536750104,0.08165661391804979,0.8557413614942018,1.9509291929219648,3.4211367706641242,5.285879035953625,7.5079034958842215,9.976626657322655,12.50536239727973,14.848126227850095,16.736354256420764,17.928735992029722,18.261374115555245,17.68355749793355,16.2679755650208,14.192178937292026,11.697347524842359,9.037189636399308,6.431525051310857,4.035637831580596,1.9298702246027628,0.12718223462039635,-1.408013857398052,-2.7375568770048346,-3.9299869149127336,-5.047040124811029,-6.136688968305368,-7.231403183072335,-8.34962854480653,-9.49865607476428,-10.677634846066766,-11.88009789443089,-13.095826323232329,-14.31212802960796,-15.514697674877647,-16.688221044260356,-17.816845622887882,-18.88459329358754,-19.8757545678376,-20.77527929262677,-21.569164110467625,-22.244828909253172,-22.79147053370258,-23.200380519718028,-23.465213659097053,-23.58219533931785,-23.550257576639154,-23.371096294011664,-23.049145525068923,-22.59146767694545,-22.007562567789734,-21.3091014707456,-20.50959564767456,-19.62401165786649,-18.668347912740543,-17.659188364933673,-16.61324970645256,-15.546937766939525,-14.475926502237117,-13.414768166921284,-12.376534371788901,-11.37247221022052,-10.41163433869707,-9.500404614866685,-8.641794248864421,-7.834341459078077,-7.070443594336113,-6.334040439413976,-5.5978184360955,-4.820560942945885,-3.9458859490723537,-2.904193232546009,-1.6198187420160925,-0.024716108644717294,1.9218398830472878,4.21082953135704,6.764556179612008,9.42902116941485,11.984298125661985,14.175182782629694,15.757646935183972,16.550009821761943,16.474272245565004,15.57478734552296,14.008203584302528,12.007871130866699,9.833879099008328,7.723432481923123,5.854350474297034,4.328481653542273,3.1746917884439236,2.36563496692792,1.8403131164023434,1.5253463585639861,1.350640559038161,1.2581944013316895,1.2050259934135108,1.1622278489332776,1.1121734659489386,1.0453555904896425,0.9576669075921499,0.8483995058356386,0.7189233373825766,0.5718757067372188,0.41068201827684603,0.23926716440512275,0.06186560946714874,-0.11712223811168326,-0.29325359306245735,-0.46215795161952694,-0.6196462401384899
0.6950930769342145,0.5182919826995812,0.32864142654337314,0.13082595947350992,-0.07027036530057892,-0.26968373509675375,-0.4624882783235166,-0.6439021430216895,-0.8093642034774423,-0.954547944047672,-1.0752519971647796,-1.1670663091667868,-1.2246639522173774,-1.240531490645597,-1.2029694951721288,-1.0933372309195142,-0.8828536038622443,-0.529825350952448,0.021143282729698343,0.8358785289904834,1.981301308567267,3.5091695028918677,5.4344099432229385,7.712690922080511,10.224604988609768,12.774530779041887,15.10968232052669,16.959052364213612,18.084643330724845,18.3315436224297,17.661951688835998,16.162410171823723,14.021978730645174,11.488457531846679,8.816238392033052,6.220512398404838,3.8485068631073798,1.7714575856896149,-0.005734170149579332,-1.524356759618517,-2.8491962459237175,-4.049320726978368,-5.185300862144724,-6.303040189562508,-7.432673886711596,-8.590449348411365,-9.781778314174254,-11.004280278785311,-12.25025953536076,-13.508496160615705,-14.765458869638753,-16.006118521313358,-17.214525911639,-18.374271143638584,-19.468895024266594,-20.48228737563827,-21.399084042883374,-22.205060873072252,-22.887515691875702,-23.43562582225231,-23.84076745927658,-24.096783431350588,-24.200187134865057,-24.1502925043433,-23.94926261109769,-23.60207271147227,-23.116387115027464,-22.50235292003618,-21.772317265255452,-20.94047807182992,-20.02248110941944,-19.03497844951695,-17.99516481987894,-16.920308900359352,-15.827295997744795,-14.732196420085467,-13.649869455573524,-12.593604657100649,-11.574787670241301,-10.602553806115539,-9.683356113513993,-8.820327051598525,-8.012265790470384,-7.252067404853694,-6.52448058442347,-5.803307741174096,-5.048599137789135,-4.2050152085974535,-3.2031613297311785,-1.965975884668996,-0.4217075677941544,1.4766965606551383,3.7287564969050524,6.266204955655707,8.943256926055602,11.544601713960915,13.814168947719464,15.500962499921066,16.411288440952074,16.452646241882015,15.655703400247294,14.167237854341398,12.21631521644416,10.064433516357772,7.954527598059335,6.072269590616525,4.527265836356923,3.354437626458316,2.5300713024574635,1.9944632085821818,1.6737843513041064,1.496509094352643,1.4028920003104526,1.348347495188223,1.3027311269112136,1.2476014969729954,1.1730162735419076,1.0747333933504748,0.9521306132546822,0.8068194410924326,0.641787920951047,0.4608888694100458,0.26852798457442434,0.06945581142626774,-0.13139146731380988,-0.32903002703356765,-0.5185568931337768,-0.6952724158692027
0.7535104100998878,0.5618548014016215,0.35627119230074167,0.141838312061638,-0.0761486670097012,-0.2923079274537922,-0.5012986974228446,-0.6979366666139499,-0.8772784250337792,-1.0346398933689618,-1.1654857145909128,-1.2650850177918522,-1.3277794445906588,-1.345673446355005,-1.306580523090629,-1.1912121258647108,-0.9699503464850454,-0.6001222494769564,-0.025385848173089975,0.8206510261617515,2.0045900433921995,3.5764239943219103,5.547455064435306,7.867861861043761,10.411503008184972,12.976067892764249,15.303849700460948,17.122347602225737,18.196476839207563,18.378466831525696,17.640448985801893,16.07936883403885,13.892679130968636,11.332720969066227,8.653909949051338,6.067542849036149,3.7145430540408038,1.6592507229414144,-0.09937370254277522,-1.6066871295460334,-2.9294497423347066,-4.136918651162045,-5.288643955587377,-6.428896374630448,-7.586031514106879,-8.77465209227589,-9.99877888932938,-11.254904230933812,-12.534425613874845,-13.82537981990685,-15.113607122131164,-16.383531843135493,-17.618722244398157,-18.802343159842017,-19.917567619986006,-20.94797902031963,-21.877973353930013,-22.69315837756327,-23.380739897778213,-23.929882216185852,-24.332028733884865,-24.58116904796129,-24.67404021421548,-24.610251999574473,-24.392328752054794,-24.025663818895666,-23.518386067479707,-22.881141812493183,-22.12679911985665,-21.27008483870715,-20.32716761675219,-19.3152024144041,-18.25185350594989,-17.15481350546786,-16.041335400329615,-14.927792574787796,-13.829277647000197,-12.759243223835995,-11.72917399113533,-10.74825651396294,-9.822977470312944,-8.956532992016928,-8.147881433570722,-7.390247939763081,-6.66894530069331,-5.958584449974632,-5.220170464832002,-4.399203651190615,-3.42656843159123,-2.2243424495027044,-0.7182149607827677,1.143419947590521,3.366394630160427,5.889586898547753,8.573636871432129,11.20711811270334,13.533795410830763,15.297863142969584,16.29684484756122,16.427336440228334,15.709472958095418,14.282207817444462,12.370943220739992,10.237871679880396,8.130021050146452,6.238916635535764,4.680075076728412,3.4931165548022847,2.657213664471547,2.1137601250661593,1.7886656806589274,1.6093598140624046,1.5147853347147597,1.4591339436238855,1.411309806062254,1.3522404605088334,1.2716441604158255,1.165171636196783,1.032264567828809,0.8747196620494556,0.69579512879822,0.49967356332300544,0.2911318978889734,0.07531926496905579,-0.14241430469685956,-0.3566670511144757,-0.5621246752858174,-0.7536931134120782
0.7932775183046366,0.591509828473671,0.375079933979257,0.14933489881319453,-0.08015023606792746,-0.3077090931128643,-0.5277184436599655,-0.7347199666244177,-0.923509922713413,-1.0891606272118906,-1.2269089747610833,-1.3318050042172496,-1.3979636212448696,-1.4172276207885979,-1.3770773083819745,-1.2577824038009926,-1.0291574493110334,-0.647870587298021,-0.05695317190468252,0.8103424824889466,2.020359247081042,3.621841717553634,5.6235871002061435,7.972029001302358,10.5364846491866,13.110195239353121,15.43226598707461,17.229367592549607,18.26856357457887,18.40703282311045,17.623640540312753,16.022262907136415,13.805823674614642,11.229481863563892,8.547434391708927,5.968184459548984,3.6283362784304707,1.5876106279166906,-0.15893591649455918,-1.6592697401989804,-2.9813536892300836,-4.194474089251643,-5.3574340717111735,-6.513380440458047,-7.6894713463436615,-8.899216574806411,-10.14571903568515,-11.424729099300716,-12.727046358897713,-14.040215102990686,-15.349656595337432,-16.639428638508374,-17.89277450164053,-19.092571843776806,-20.221745041373097,-21.263670288812488,-22.202581538327063,-23.023973257575758,-23.71498966230113,-24.26478714392633,-24.66485569195386,-24.90928551674976,-24.994966473737115,-24.92171008823271,-24.692286833678192,-24.312374669128637,-23.790418516361388,-23.13740415438347,-22.36655372046045,-21.492953425206622,-20.533127022631593,-19.504570856512668,-18.42526779052775,-17.313197891398183,-16.18586320554209,-15.059842037546375,-13.950384136342644,-12.871050782968727,-11.833390595158015,-10.846619498750549,-9.917238267347681,-9.048472878934831,-8.239370661091153,-7.483356095559255,-6.7660969656405445,-6.062727932414619,-5.334890081684041,-4.528667842271501,-3.575187825902158,-2.396041187744518,-0.915316072009766,0.9215326782827653,3.1244942040949604,5.637235511576433,8.324798400586088,10.978543170456716,13.342357270143065,15.157434322055128,16.215561762776527,16.40606403532691,15.741934274520222,14.35671113710532,12.473137590629786,10.353690638517028,8.248022568119415,6.351537724321738,4.78373346659914,3.5874366499063006,2.7438221936712828,2.1950774706885228,1.8669758442321247,1.686265243189435,1.5910129922310083,1.5345864142544046,1.4852441334685997,1.4234833601896977,1.3387896689612468,1.2267392741291099,1.0868162533566883,0.9209426893266536,0.7325603172319308,0.526076029361409,0.3065193799405649,0.07931079578949646,-0.1499179858359464,-0.3754807058897418,-0.5917830626201551,-0.793462499457475
0.8134102045152493,0.6065231255451269,0.38460214067189086,0.15313016267232524,-0.08217607900177507,-0.3155061419309299,-0.5410937942705191,-0.7533419803407058,-0.9469151366648405,-1.1167621887958419,-1.2580046106690188,-1.3655813087653028,-1.43349205669762,-1.4534467110284772,-1.4127563971926778,-1.2914669831486738,-1.0591063374262635,-0.6720114695662288,-0.07290182701022307,0.8051412054951032,2.028316919986769,3.6447239883566787,5.661880349458572,8.024321699486453,10.599079590711135,13.177175646781368,15.49615023406143,17.282311139592256,18.303858387893282,18.420501662606448,17.614505021026133,15.993206389474569,13.762225562876196,11.178066318997365,8.494745613867549,5.9193115276097386,3.5861753544284314,1.5527433172370217,-0.1878614663372118,-1.6848784413590632,-3.006837640846701,-4.223011359897133,-5.391809916185727,-6.555808197354336,-7.741562804134362,-8.962038403696608,-10.219881908515564,-11.510475537541751,-12.824321832962674,-14.14871964052209,-15.468880605575135,-16.768678541878256,-18.03119317216238,-19.23915742729837,-20.37537028668007,-21.423103449292253,-22.366509191913792,-23.191024960901718,-23.88376409928572,-24.43387927449325,-24.832884308951783,-25.074920556663276,-25.156955390766992,-25.078902589622476,-24.843657287088195,-24.45704153114391,-23.927660194965995,-23.266670806489216,-22.487474596157575,-21.605339499946723,-20.636968802803903,-19.600031398210803,-18.51267113187269,-17.39301326467876,-16.25868557274172,-15.126369701372305,-14.011394461550672,-12.927375493871915,-11.88589279677774,-10.896175593088874,-9.964729281265136,-9.09479106015971,-8.285447654867061,-7.5302169899454,-6.8149378812105175,-6.115001939413366,-5.3923675599720395,-4.5934178101263665,-3.6494165636052402,-2.481737505006901,-1.0136998704364617,0.8106815054981955,3.003457266205314,5.51069494593928,8.199671032341046,10.863197481170342,13.245293090267108,15.085714166531176,16.173417889061326,16.394094408509204,15.757131394501338,14.393301150325192,12.523951458166763,10.411646837109434,8.307319123829785,6.408304094220663,4.8361009328910445,3.635161868804542,2.787686612603752,2.2362783424630166,1.9066539353915584,1.7252253295884306,1.6296219714087012,1.5727962863820033,1.5226807406252076,1.459554465638582,1.3727847433517795,1.2579095922903563,1.1144342109366463,0.9443439406768501,0.7511733093085633,0.5394427018934086,0.3143095376051022,0.08133157742375868,-0.15371682858075195,-0.38500539165586084,-0.6067980553985437,-0.8135963351944956
0.8134102045152493,0.6065231255451269,0.38460214067189086,0.15313016267232524,-0.08217607900177507,-0.3155061419309299,-0.5410937942705191,-0.7533419803407058,-0.9469151366648405,-1.1167621887958419,-1.2580046106690188,-1.3655813087653028,-1.43349205669762,-1.4534467110284772,-1.4127563971926778,-1.2914669831486738,-1.0591063374262635,-0.6720114695662288,-0.07290182701022307,0.8051412054951032,2.028316919986769,3.6447239883566787,5.661880349458572,8.024321699486453,10.599079590711135,13.177175646781368,15.49615023406143,17.282311139592256,18.303858387893282,18.420501662606448,17.614505021026133,15.993206389474569,13.762225562876196,11.178066318997365,8.494745613867549,5.9193115276097386,3.5861753544284314,1.5527433172370217,-0.1878614663372118,-1.6848784413590632,-3.006837640846701,-4.223011359897133,-5.391809916185727,-6.555808197354336,-7.741562804134362,-8.962038403696608,-10.219881908515564,-11.510475537541751,-12.824321832962674,-14.14871964052209,-15.468880605575135,-16.768678541878256,-18.03119317216238,-19.23915742729837,-20.37537028668007,-21.423103449292253,-22.366509191913792,-23.191024960901718,-23.88376409928572,-24.43387927449325,-24.832884308951783,-25.074920556663276,-25.156955390766992,-25.078902589622476,-24.843657287088195,-24.45704153114391,-23.927660194965995,-23.266670806489216,-22.487474596157575,-21.605339499946723,-20.636968802803903,-19.600031398210803,-18.51267113187269,-17.39301326467876,-16.25868557274172,-15.126369701372305,-14.011394461550672,-12.927375493871915,-11.88589279677774,-10.896175593088874,-9.964729281265136,-9.09479106015971,-8.285447654867061,-7.5302169899454,-6.8149378812105175,-6.115001939413366,-5.3923675599720395,-4.5934178101263665,-3.6494165636052402,-2.481737505006901,-1.0136998704364617,0.8106815054981955,3.003457266205314,5.51069494593928,8.199671032341046,10.863197481170342,13.245293090267108,15.085714166531176,16.173417889061326,16.394094408509204,15.757131394501338,14.393301150325192,12.523951458166763,10.411646837109434,8.307319123829785,6.408304094220663,4.8361009328910445,3.635161868804542,2.787686612603752,2.2362783424630166,1.9066539353915584,1.7252253295884306,1.6296219714087012,1.5727962863820033,1.5226807406252076,1.459554465638582,1.3727847433517795,1.2579095922903563,1.1144342109366463,0.9443439406768501,0.7511733093085633,0.5394427018934086,0.3143095376051022,0.08133157742375868,-0.15371682858075195,-0.38500539165586084,-0.6067980553985437,-0.8135963351944956
0.7932775183046366,0.591509828473671,0.375079933979257,0.14933489881319453,-0.08015023606792746,-0.3077090931128643,-0.5277184436599655,-0.7347199666244177,-0.923509922713413,-1.0891606272118906,-1.2269089747610833,-1.3318050042172496,-1.3979636212448696,-1.4172276207885979,-1.3770773083819745,-1.2577824038009926,-1.0291574493110334,-0.647870587298021,-0.05695317190468252,0.8103424824889466,2.020359247081042,3.621841717553634,5.6235871002061435,7.972029001302358,10.5364846491866,13.110195239353121,15.43226598707461,17.229367592549607,18.26856357457887,18.40703282311045,17.623640540312753,16.022262907136415,13.805823674614642,11.229481863563892,8.547434391708927,5.968184459548984,3.6283362784304707,1.5876106279166906,-0.15893591649455918,-1.6592697401989804,-2.9813536892300836,-4.194474089251643,-5.3574340717111735,-6.513380440458047,-7.6894713463436615,-8.899216574806411,-10.14571903568515,-11.424729099300716,-12.727046358897713,-14.040215102990686,-15.349656595337432,-16.639428638508374,-17.89277450164053,-19.092571843776806,-20.221745041373097,-21.263670288812488,-22.202581538327063,-23.023973257575758,-23.71498966230113,-24.26478714392633,-24.66485569195386,-24.90928551674976,-24.994966473737115,-24.92171008823271,-24.692286833678192,-24.312374669128637,-23.790418516361388,-23.13740415438347,-22.36655372046045,-21.492953425206622,-20.533127022631593,-19.504570856512668,-18.42526779052775,-17.313197891398183,-16.18586320554209,-15.059842037546375,-13.950384136342644,-12.871050782968727,-11.833390595158015,-10.846619498750549,-9.917238267347681,-9.048472878934831,-8.239370661091153,-7.483356095559255,-6.7660969656405445,-6.062727932414619,-5.334890081684041,-4.528667842271501,-3.575187825902158,-2.396041187744518,-0.915316072009766,0.9215326782827653,3.1244942040949604,5.637235511576433,8.324798400586088,10.978543170456716,13.342357270143065,15.157434322055128,16.215561762776527,16.40606403532691,15.741934274520222,14.35671113710532,12.473137590629786,10.353690638517028,8.248022568119415,6.351537724321738,4.78373346659914,3.5874366499063006,2.7438221936712828,2.1950774706885228,1.8669758442321247,1.686265243189435,1.5910129922310083,1.5345864142544046,1.4852441334685997,1.4234833601896977,1.3387896689612468,1.2267392741291099,1.0868162533566883,0.9209426893266536,0.7325603172319308,0.526076029361409,0.3065193799405649,0.07931079578949646,-0.1499179858359464,-0.3754807058897418,-0.5917830626201551,-0.793462499457475
0.7535104100998882,0.5618548014016218,0.35627119230074183,0.14183831206163805,-0.07614866700970123,-0.2923079274537923,-0.5012986974228448,-0.6979366666139503,-0.8772784250337796,-1.0346398933689622,-1.1654857145909132,-1.265085017791853,-1.3277794445906594,-1.3456734463550057,-1.3065805230906298,-1.1912121258647115,-0.9699503464850459,-0.6001222494769568,-0.02538584817309042,0.820651026161751,2.004590043392199,3.57642399432191,5.547455064435306,7.867861861043761,10.411503008184972,12.976067892764249,15.30384970046095,17.12234760222574,18.196476839207563,18.378466831525696,17.640448985801896,16.07936883403885,13.892679130968638,11.332720969066227,8.653909949051338,6.06754284903615,3.714543054040804,1.6592507229414148,-0.09937370254277478,-1.606687129546033,-2.9294497423347066,-4.136918651162045,-5.28864395558738,-6.428896374630448,-7.5860315141068835,-8.77465209227589,-9.99877888932938,-11.254904230933816,-12.534425613874848,-13.825379819906852,-15.11360712213117,-16.383531843135497,-17.618722244398164,-18.80234315984202,-19.91756761998601,-20.94797902031963,-21.87797335393002,-22.693158377563275,-23.380739897778213,-23.929882216185856,-24.33202873388487,-24.581169047961293,-24.674040214215484,-24.610251999574473,-24.392328752054794,-24.02566381889567,-23.51838606747971,-22.881141812493187,-22.126799119856653,-21.27008483870715,-20.327167616752195,-19.3152024144041,-18.25185350594989,-17.154813505467857,-16.04133540032962,-14.927792574787794,-13.829277647000202,-12.759243223836,-11.729173991135331,-10.748256513962943,-9.822977470312948,-8.956532992016928,-8.147881433570722,-7.390247939763086,-6.66894530069331,-5.958584449974635,-5.220170464832002,-4.399203651190615,-3.4265684315912304,-2.2243424495027044,-0.7182149607827684,1.1434199475905202,3.3663946301604266,5.889586898547753,8.573636871432129,11.207118112703338,13.533795410830763,15.297863142969584,16.296844847561218,16.427336440228334,15.709472958095418,14.28220781744446,12.370943220739992,10.237871679880396,8.130021050146452,6.238916635535764,4.680075076728412,3.4931165548022847,2.6572136644715476,2.1137601250661597,1.7886656806589278,1.609359814062405,1.5147853347147604,1.4591339436238862,1.4113098060622544,1.352240460508834,1.2716441604158262,1.1651716361967834,1.0322645678288094,0.8747196620494561,0.6957951287982204,0.49967356332300567,0.29113189788897353,0.07531926496905582,-0.14241430469685964,-0.3566670511144759,-0.5621246752858178,-0.7536931134120786
0.6950930769342151,0.5182919826995815,0.3286414265433733,0.13082595947351003,-0.07027036530057897,-0.2696837350967539,-0.4624882783235169,-0.6439021430216899,-0.8093642034774428,-0.9545479440476726,-1.0752519971647803,-1.1670663091667874,-1.2246639522173781,-1.2405314906455978,-1.2029694951721297,-1.093337230919515,-0.8828536038622452,-0.5298253509524486,0.021143282729697677,0.8358785289904882,1.9813013085672666,3.5091695028918677,5.434409943222952,7.712690922080526,10.224604988609768,12.774530779041903,15.109682320526693,16.959052364213623,18.084643330724845,18.331543622429702,17.661951688835998,16.16241017182371,14.021978730645175,11.48845753184668,8.816238392033053,6.220512398404839,3.8485068631073807,1.7714575856896155,-0.005734170149578666,-1.5243567596185166,-2.849196245923717,-4.049320726978368,-5.185300862144724,-6.303040189562508,-7.432673886711596,-8.59044934841137,-9.781778314174254,-11.004280278785316,-12.250259535360762,-13.50849616061571,-14.765458869638753,-16.00611852131336,-17.214525911639,-18.374271143638587,-19.468895024266597,-20.48228737563828,-21.39908404288338,-22.205060873072256,-22.88751569187571,-23.435625822252312,-23.840767459276588,-24.09678343135059,-24.200187134865057,-24.15029250434331,-23.949262611097698,-23.60207271147227,-23.116387115027468,-22.502352920036184,-21.772317265255456,-20.94047807182992,-20.022481109419445,-19.03497844951695,-17.995164819878944,-16.920308900359355,-15.827295997744802,-14.732196420085467,-13.64986945557353,-12.593604657100649,-11.574787670241303,-10.602553806115537,-9.683356113513995,-8.820327051598525,-8.012265790470389,-7.252067404853694,-6.52448058442347,-5.803307741174096,-5.048599137789135,-4.205015208597454,-3.203161329731179,-1.9659758846689965,-0.4217075677941553,1.4766965606551374,3.728756496905052,6.266204955655706,8.9432569260556,11.544601713960914,13.81416894771945,15.500962499921064,16.411288440952074,16.452646241882015,15.655703400247297,14.167237854341396,12.216315216444176,10.064433516357772,7.95452759805935,6.072269590616538,4.527265836356924,3.3544376264583162,2.53007130245747,1.9944632085821823,1.673784351304107,1.4965090943526438,1.402892000310453,1.348347495188224,1.3027311269112143,1.247601496972996,1.1730162735419083,1.0747333933504755,0.9521306132546828,0.8068194410924331,0.6417879209510474,0.46088886941004614,0.2685279845744245,0.06945581142626778,-0.13139146731380996,-0.3290300270335678,-0.5185568931337772,-0.6952724158692033
0.619471291040436,0.4618995180733929,0.29287446614300583,0.11657042197991353,-0.06266075143795484,-0.240396334712521,-0.4122475046212196,-0.5739532901540487,-0.7214471968092798,-0.8508650680517221,-0.958436881631202,-1.0401660710083098,-1.0911518292170774,-1.1043713382001894,-1.0687513886587527,-0.9664878266640814,-0.769888213900911,-0.43854833536750193,0.08165661391804901,0.8557413614942011,1.950929192921964,3.421136770664124,5.285879035953625,7.507903495884221,9.976626657322655,12.50536239727973,14.848126227850095,16.736354256420764,17.928735992029726,18.261374115555245,17.68355749793355,16.2679755650208,14.192178937292027,11.697347524842359,9.037189636399308,6.43152505131085,4.0356378315805905,1.9298702246027575,0.12718223462039313,-1.4080138573980556,-2.737556877004834,-3.929986914912736,-5.047040124811033,-6.1366889683053705,-7.231403183072335,-8.349628544806533,-9.498656074764288,-10.67763484606677,-11.880097894430891,-13.09582632323233,-14.312128029607964,-15.51469767487765,-16.68822104426036,-17.81684562288789,-18.88459329358754,-19.87575456783761,-20.775279292626774,-21.569164110467632,-22.244828909253176,-22.791470533702583,-23.20038051971803,-23.465213659097056,-23.582195339317856,-23.55025757663916,-23.37109629401167,-23.04914552506893,-22.591467676945452,-22.007562567789737,-21.309101470745603,-20.509595647674562,-19.624011657866497,-18.668347912740547,-17.659188364933676,-16.61324970645256,-15.546937766939523,-14.475926502237122,-13.414768166921284,-12.376534371788905,-11.372472210220522,-10.411634338697072,-9.500404614866689,-8.641794248864425,-7.834341459078082,-7.070443594336113,-6.3340404394139815,-5.597818436095504,-4.820560942945888,-3.945885949072354,-2.9041932325460134,-1.6198187420160974,-0.02471610864471807,1.9218398830472798,4.210829531357031,6.764556179612008,9.42902116941485,11.984298125661983,14.175182782629694,15.75764693518397,16.550009821761943,16.474272245565004,15.57478734552296,14.008203584302528,12.007871130866699,9.833879099008328,7.7234324819231235,5.854350474297034,4.328481653542273,3.1746917884439245,2.365634966927921,1.8403131164023443,1.525346358563987,1.3506405590381618,1.2581944013316904,1.2050259934135117,1.1622278489332785,1.1121734659489395,1.0453555904896434,0.9576669075921508,0.8483995058356394,0.7189233373825773,0.5718757067372193,0.41068201827684636,0.23926716440512294,0.061865609467148794,-0.11712223811168336,-0.2932535930624576,-0.46215795161952733,-0.6196462401384905
0.5285166188286218,0.39407307792974955,0.24985553533834612,0.09942455849277268,-0.05350807436118802,-0.20517042111246225,-0.35181953202848454,-0.489820773057629,-0.6157022146578104,-0.7261550448320566,-0.8179265389593507,-0.8875147338130748,-0.9305269446469149,-0.9405243404737428,-0.9071803318293159,-0.8136937554508945,-0.633689511987236,-0.3283452914989007,0.15486481493955473,0.8798580318815766,1.9140487890846598,3.3137510891442337,5.103829044845027,7.2554901667003024,9.668915226526536,12.168581494276717,14.517352650324211,16.45040935184887,17.723199999704224,18.161467822590208,17.698944589028063,16.39109403675205,14.400633867344759,11.95960598325408,9.319831101477115,6.705988902347512,4.282829383769989,2.141883109081932,0.30635833951346514,-1.2517919096334271,-2.5902239211535507,-3.7763655151055717,-4.873078086634473,-5.9307269181995474,-6.984622594257983,-8.055957503898277,-9.154406900606062,-10.281074391204363,-11.431062646919033,-12.595423074615004,-13.762517553289372,-14.918940106177326,-16.05015868124344,-17.141003366950816,-18.176083410323166,-19.140178167943905,-20.0186210908277,-20.79767972948848,-21.464925659991668,-22.009583606718888,-22.422847134786903,-22.698148093169728,-22.831367964447033,-22.82098111880413,-22.668122480428313,-22.376575123060718,-21.952676643315634,-21.40514662891872,-20.744840950208847,-19.98444176447934,-19.138094851676456,-18.22100802868907,-17.249025756682034,-16.238195475378113,-15.204340383686398,-14.162650808892264,-13.127300972074842,-12.111088144859314,-11.125074351436533,-10.178184031952368,-9.276673174842006,-8.42334084625325,-7.616319647203182,-6.847293461496042,-6.099105245886839,-5.342996706746861,-4.536194487646793,-3.6211583616609193,-2.528317388224771,-1.1841656543625407,0.4742493373958946,2.4793578330209014,4.811313398526753,7.380842662473122,10.024292320627824,12.516891746210405,14.605543886476699,16.055776701758592,16.70134869485354,16.482265883855966,15.459371925802907,13.800738939198675,11.744126855012551,9.547124418404401,7.439377370750559,5.588843266368477,4.087888789544559,2.958150959505484,2.168084356420828,1.655333188452281,1.347230281667906,1.1755247117251297,1.0843831683304694,1.0327840929395637,0.9933157192077202,0.9493284547941273,0.8918317678675948,0.816874305910701,0.723640721280794,0.6132077115509391,0.4877892200595532,0.35029581624686273,0.2040737430195277,0.05273658793801395,-0.09995971302026663,-0.2502231408692303,-0.3943236366212791,-0.528686231172356
0.42448010198219527,0.31649131641654676,0.20064934521330322,0.0798127732830766,-0.043038752901340495,-0.1648776325715158,-0.2826995967138604,-0.39358622442674174,-0.49474519101466463,-0.5835018861694673,-0.6571932669800054,-0.7128794515902797,-0.7467430174513855,-0.7530048118226478,-0.722183228534511,-0.6386197727078092,-0.4774567008905733,-0.20172398952532544,0.23917869717636797,0.9077442559691496,1.8713627753350268,3.188805012562942,4.890802732446485,6.958142366065872,9.303503900517391,11.764697252579806,14.115639932056157,16.096951094708253,17.46147297455863,18.023811849244908,17.699952061620106,16.52493078022496,14.64313033212086,12.274452221029591,9.66697155215021,7.0498140958973785,4.598125566506921,2.4164803321094,0.5405535839005181,-1.0481016020063607,-2.401411691323713,-3.584795304624179,-4.661947746522596,-5.685786919678636,-6.6948886731850825,-7.7137189076842825,-8.75485538650211,-9.821807567300935,-10.911614055951212,-12.016883625930603,-13.127255666704418,-14.230400222361705,-15.312710525967244,-16.359817748922662,-17.357017340463003,-18.289658914789495,-19.143524024907514,-19.90519835028352,-20.562434426954198,-21.104495553378822,-21.52246906846377,-21.809536679709176,-21.961190277094172,-21.97538334204431,-21.85261042166131,-21.59591000311318,-21.21078931460629,-20.70507291402793,-20.0886802149553,-19.373340154210737,-18.57225384523369,-17.699718115719847,-16.77072412060973,-15.800545533071684,-14.804329797574802,-13.796702950623592,-12.791392449536813,-11.800861467242527,-10.835929715545689,-9.9053276721442,-9.015093129181539,-8.167678139344511,-7.3606108062979905,-6.584588732913501,-5.821024935920477,-5.039376735466634,-4.1950743372107855,-3.229437070388761,-2.0733806612417807,-0.6566046897403622,1.0770711207317731,3.1496142395333875,5.528049626098165,8.109615842490465,10.72004801631875,13.130147330849285,15.09081355421224,16.380193346357654,16.851074139920474,16.46478016724072,15.300970178632264,13.540070510293598,11.423783999745163,9.20568402361781,7.105836793428284,5.280356198553648,3.8105765216290846,2.7099642047526555,1.9424211944689662,1.444324092398141,1.1440639137682815,0.9756670231185285,0.8858766477776695,0.8359563728560558,0.8002158252538106,0.7631182487447357,0.7162551312228665,0.6558452115901643,0.5809443110219764,0.4922900340235139,0.39161005316608877,0.2812250376372479,0.1638188788853904,0.04229477881250846,-0.08032858053370154,-0.20100358164530432,-0.3167327400990893,-0.4246435243367485
0.3099365469929352,0.23107432696186872,0.1464737436773467,0.05822051274547198,-0.031511772475973136,-0.12051498129370819,-0.20659801929509303,-0.2876307550379555,-0.36156852025692787,-0.4264337045582901,-0.4802100089382089,-0.5205718616505932,-0.5443277953301553,-0.5464145478272558,-0.5182694181571826,-0.4454860151355703,-0.3048902493581601,-0.06160570060501941,0.33272408333690134,0.9388049685926614,1.823681211065827,3.048446394253579,4.6499441540954525,6.6193466041523905,8.883299731650306,11.29499596277271,13.641734590767062,15.671668732196995,17.13629917787776,17.839033474837994,17.676522566655795,16.660483017747673,14.913363237793739,12.639440056485842,10.080451562444196,7.468772166888143,4.9902354621214045,2.763952392820813,0.8402280486617555,-0.7875289889654423,-2.1636258497210714,-3.350198815789242,-4.411160718025724,-5.401911640030489,-6.3645870751105384,-7.3274040048561195,-8.30636324451875,-9.30785803673466,-10.331260655861659,-11.371049742481013,-12.418381295434102,-13.462184169425889,-14.489919098894374,-15.488131713485558,-16.44289569062107,-17.340205675570544,-18.16635064320493,-18.908278722373232,-19.5539525337389,-20.092687488018285,-20.51546234502928,-20.815190373448427,-20.986939919469656,-21.02809465267338,-20.938445937451213,-20.720212475370076,-20.37798539488569,-19.918600147371045,-19.350939717349032,-18.68567658577787,-17.934963418254128,-17.112084406113965,-16.231080370253423,-15.306360880038493,-14.352315314015003,-13.382931247072806,-12.411421528722807,-11.449849020654359,-10.508717882390581,-9.59647092232401,-8.71879562213241,-7.8776067593658645,-7.06956467412204,-6.284046122728024,-5.500662361015658,-4.686759146741779,-3.7958242112571057,-2.768249501035728,-1.5361871630800263,-0.03393622807527058,1.7859165638924308,3.9325333316936253,6.3575806340756795,8.943271326938113,11.504415008180782,13.80858392820453,15.613291451489005,16.71283551858811,16.982701079994307,16.408514668325594,15.090443929162495,13.221454132981957,11.046061303374735,8.811871714300212,6.7271929893097155,4.9343958690005465,3.5024635893780576,2.43602748821097,1.694325468692796,1.212720551617605,0.9210878454590488,0.7561798507085596,0.6677003864827348,0.6194832146358747,0.5877462600779692,0.558172025118408,0.522981381435029,0.47856992619632804,0.42384423293720797,0.35916402831859684,0.28571911123414867,0.20517942147929685,0.11949902063925907,0.030798722864954338,-0.05871461088624737,-0.14681299044749244,-0.23130551166465393,-0.31009303222382684
0.18772080188326243,0.1399361224602593,0.08866957548275524,0.0351822514705846,-0.0192122756511014,-0.07318018052003347,-0.1253978843058955,-0.1745760487213993,-0.21946706734811608,-0.25883557128152235,-0.2913524432226293,-0.31534230049660034,-0.3282729208140686,-0.3258326725974829,-0.30042582981041166,-0.23897484497452806,-0.12011755849913286,0.08872344713741176,0.4333601734710658,0.9723231367147093,1.7718903304603548,2.89514812600985,4.385001537871642,6.243458991917262,8.412264240753839,10.761843978403245,13.095260930017758,15.17066877895859,16.74015346232694,17.5966807291006,17.61674499788686,16.786330630207825,15.202400006136774,13.049704527400703,10.560287664680045,7.967670231591366,5.4678552915475995,3.19544452055668,1.217344922680056,-0.4587973245773168,-1.8674396619155373,-3.065736164437508,-4.1167983435299735,-5.078127666644823,-5.995517640279007,-6.901320249134553,-7.815459192086856,-8.747709508234351,-9.700209886115987,-10.669654913013943,-11.648980750249967,-12.628571560233906,-13.597102448565028,-14.542145405251667,-15.45063969376603,-16.30929429260912,-17.104960373036263,-17.824990357700695,-18.457586363335423,-18.992132869983504,-19.419504395156682,-19.73233740146222,-19.92525574957208,-19.995040194829674,-19.94073438633527,-19.76368232976816,-19.467495124807296,-19.057947800360534,-18.542810062787776,-17.931617561290516,-17.23539267769853,-16.466325672787704,-15.637428039115342,-14.762169796369674,-13.854110694195395,-12.926530983735065,-11.99205920645747,-11.062280448918353,-10.147286815081468,-9.255101995230314,-8.390877727663216,-7.555734693908117,-6.745130912985456,-5.94672897080168,-5.137947126736531,-4.2837454710389675,-3.335679211881613,-2.233697852432937,-0.9123061933935793,0.6878091932779771,2.602987324769478,4.827139256780246,7.294552335456774,9.87142679322225,12.362149187016254,14.533166392844613,16.151981498563654,17.03297975204695,17.07794688080518,16.299289071766655,14.81858472769731,12.840670889347834,10.61104875610269,8.368995843412769,6.30878826210985,4.557311652046274,3.1701746089939573,2.142826596267347,1.4299889436407245,0.9664288244135008,0.6840021121912281,0.5226386651741384,0.4353514673997707,0.38878177832255134,0.3611991435676793,0.3395798639806582,0.3168028722733545,0.28944025878832036,0.25623071523709606,0.21712551138130762,0.1727376630356845,0.12404134954806802,0.07221124413837768,0.01853307093629857,-0.035652633496549,-0.08899245991688025,-0.14015613436570593,-0.18786971836420666
0.06085759717097704,0.04533231613577588,0.028667498169322663,0.011268264919221548,-0.0064445051854738694,-0.02404447869788892,-0.04110844169306546,-0.05721949712829755,-0.07195667632390343,-0.08485350310950786,-0.09529102611582256,-0.10226300419798894,-0.10391202929856365,-0.09669320275446368,-0.07399964280108644,-0.024125462882496576,0.0723925382418032,0.2456698868362689,0.5387023081408888,1.0074460494017556,1.7169093316976274,2.7316549318359797,4.100297516389371,5.83574294322774,7.895563605568976,10.16898114179028,12.477157067043668,14.591009047933968,16.265783619536542,17.285652739575617,17.507050420674705,16.888507932896736,15.49820045045217,13.497176969321444,11.103695652447438,8.549333490935863,6.03876173431314,3.7222788358668715,1.6849848695491356,-0.048855464033529195,-1.5013269991512208,-2.722451300211155,-3.773045686076654,-4.711931501023254,-5.588377831464941,-6.4390973054539735,-7.288375700269135,-8.149869989173384,-9.02895075045942,-9.924914785573499,-10.832776497868023,-11.74459562664815,-12.650421521934081,-13.538969122210801,-14.398130141677957,-15.215394391231749,-15.978227133532272,-16.67442553585452,-17.292461712469073,-17.82181031310595,-18.253253405409186,-18.579153080745602,-18.79368178691052,-18.893001223723086,-18.875382327635744,-18.74126114586076,-18.493228044708264,-18.135950519216763,-17.67603268693415,-17.121817173232206,-16.483137337680166,-15.771029437127293,-14.997415098903955,-14.174763987710474,-13.315744159455035,-12.432862308922944,-11.538086501189635,-10.642428320938857,-9.755438453446644,-8.884540605493457,-8.034100014711223,-7.2041110687017795,-6.388423468531996,-5.5725489077900585,-4.731339238069749,-3.8272097648964056,-2.810031222769684,-1.6201552640969321,-0.1959912098384236,1.5131830816827112,3.530062900625816,5.830888772819095,8.330948117523231,10.880202651434448,13.274107532876553,15.281075288012754,16.682700640023334,17.31765448880279,17.117355498019112,16.122750229532027,14.476779419738277,12.394558251266938,10.12005736317726,7.8815256708111,5.856938274903977,4.156201554660963,2.820884116693137,1.8372553444626134,1.1559304660510379,0.7116503118400208,0.43880121538790673,0.2809274156031982,0.19465196730543266,0.1496058529453168,0.126206382268001,0.11276513918799026,0.10282923952206557,0.09314049803821293,0.08225384013536753,0.06969077337627386,0.05546244918298518,0.039819253948039715,0.023126099810507228,0.005801539164876812,-0.011713300261294649,-0.028972909498937566,-0.04554040088480601,-0.06099843501226386
-0.06751331259031906,-0.050395702111134845,-0.03204742483893022,-0.012929483991575636,0.006475725753385372,0.025676327023660118,0.0441846168155188,0.06153502188747586,0.07731281066573362,0.09120805833820753,0.10312437059540891,0.11339688454876001,0.12321004933809043,0.13534692795504538,0.15542916321745034,0.19378196964129676,0.2679256294805268,0.40539910507318033,0.6461504342821228,1.0431707603911535,1.6596358309716055,2.5609047326311316,3.8006584959926535,5.40235392317889,7.339663793523287,9.52177388334528,11.790106304444373,13.931282866919759,15.706867424467095,16.894802610403836,17.33261263887769,16.950571079523982,15.785276650724933,13.96984556251631,11.70404555009494,9.213412137899137,6.70865294530951,4.354993173694154,2.256694280782436,0.4568239483988119,-1.0516262884862757,-2.3089661447851118,-3.371701146990575,-4.298698659813062,-5.142139014553694,-5.943075415086908,-6.730472170261234,-7.5223352189325485,-8.327752031369386,-9.149049573086996,-9.983662308593601,-10.82558133051774,-11.666414240516291,-12.496149301882431,-13.303723819676524,-14.077476848162878,-14.805539908877078,-15.476196051068579,-16.078220386469237,-16.60120400403049,-17.035856604398184,-17.374279905379446,-17.610202780819833,-17.73916946825405,-17.758673531786048,-17.668232268499075,-17.469398654792197,-17.16571053698521,-16.76257938579693,-16.267123364167983,-15.687951495428896,-15.034907118623485,-14.318779251284194,-13.550989461989314,-12.743258645960097,-11.907251617131987,-11.054186294353865,-10.19437715233985,-9.336659349124341,-8.487613615666042,-7.650492222970364,-6.823752857055825,-5.999171195993779,-5.1596615841555415,-4.277214354866236,-3.3117416790866043,-2.2120154411064696,-0.9200837663322995,0.6197027644029385,2.4468783291385803,4.567775620120865,6.938767671423136,9.455164071526763,11.951451611695191,14.216782739448357,16.0256335346988,17.17839911685683,17.542273350287694,17.081107136822826,15.865204945275169,14.057734712399798,11.881542938305573,9.575932355111231,7.355203743927574,5.378890756500019,3.7387728983514075,2.462128300683613,1.5264131666710552,0.8787989699292391,0.4546975285406082,0.19160332107989098,0.037078164546822626,-0.04840396962520352,-0.09210142970511875,-0.11140222397715942,-0.11665090671411699,-0.11363959558060523,-0.10546874445061102,-0.09377925432619794,-0.07949047850753194,-0.06320354452832554,-0.04540209221876575,-0.026541357643295165,-0.0070806075061344426,0.012511037657648397,0.031760328359606974,0.05020011486332918,0.06738093854078028
-0.19421485405460626,-0.14487871233120447,-0.09197247774785015,-0.03681199516161266,0.019228849763892226,0.074751980496094,0.1283707758419273,0.17874900944879002,0.2246478726817774,0.26499274271169193,0.29898438763914187,0.326301449447445,0.347473843132949,0.3645463220722267,0.3821826214599531,0.4093505716730479,0.4616267872107318,0.5639113709572205,0.7529248779402586,1.0783313881329346,1.6008826600399788,2.3859251061168236,3.491298510539288,4.950258145686796,6.752346853380894,8.827393947996654,11.038924066562371,13.192216973783053,15.058763251882436,16.41371908515961,17.07799461996187,16.953936651028563,16.044592242831786,14.451165931425301,12.349835801422163,9.955063722377966,7.479740637155066,5.1020522336894105,2.9454858663974592,1.0736350650813984,-0.5027377192104027,-1.8113098294841667,-2.901723924578851,-3.8310500431608485,-4.653324358179571,-5.4135657550002065,-6.14552254388906,-6.871924625923334,-7.606050113030169,-8.35371664919695,-9.115168889839916,-9.886631849475917,-10.66149260060056,-11.43116893798201,-12.185752964845284,-12.914510643956554,-13.606297401040287,-14.249927545485667,-14.834517062386041,-15.349806505019957,-15.78646265717643,-16.136353181441184,-16.39278654259621,-16.55070927665005,-16.606853596884637,-16.559829996590704,-16.41016163774478,-16.160259674548044,-15.81434104147753,-15.37829242774967,-14.859485931105178,-14.2665529449269,-13.609122788343544,-12.897530866011744,-12.142496919666268,-11.354766121525495,-10.544693195296363,-9.721731806642557,-8.893769409366712,-8.066227038071295,-7.240836871476743,-6.414039960401096,-5.57504284831863,-4.703764757814491,-3.7692054078122337,-2.729124837133623,-1.5322279168676904,-0.12407993458192249,1.5424973813964131,3.492948916694738,5.7145669434002295,8.142147978703415,10.650969883504532,13.062017912994794,15.161998313444311,16.736482619536094,17.609761539285834,17.681523115585613,16.950014558934207,15.514553013785978,13.556220756648047,11.302133199585073,8.983294310875163,6.7970800932258495,4.882717166773601,3.3131548736412983,2.101587659317881,1.217388424865572,0.6051714014415778,0.2018092997859302,-0.051520328269636206,-0.2028898134104529,-0.2878049163711548,-0.3303579654851555,-0.34574481192501433,-0.3429889574151754,-0.3272448653708371,-0.3014709293086642,-0.26751100475246914,-0.22672545609860675,-0.18032293507004277,-0.12951317088193465,-0.07556164030610651,-0.019794357604189933,0.03642098995792094,0.09170426854409837,0.14469600901901403,0.19409120436679173
-0.31611126401218337,-0.23577830004130965,-0.14962448295048938,-0.05978805592837969,0.031499454216226706,0.12196821456066742,0.20936693106323906,0.2915220750059175,0.3664027310668119,0.4322000853222532,0.48744170401259657,0.5311800617859752,0.5633242003810686,0.5852207267561175,0.6006238706847971,0.6171968129272496,0.6486132596449761,0.7171265592248229,0.856111110907413,1.111591839895221,1.5413107587396297,2.209708927886939,3.177657781537359,4.487077370835308,6.142628350896327,8.094888465120533,10.230853887910653,12.377232032029012,14.319311767633256,15.833668977976634,16.728061251436124,16.878557037241144,16.25380710570328,14.919751305941926,13.023814239389145,10.763609227633033,8.34914062495847,5.9682177737842865,3.762421655607281,1.8168074205025102,0.16231702769057305,-1.213008111606816,-2.3489223874332468,-3.2982465286121765,-4.115225057192205,-4.8479893788665205,-5.5348516017609315,-6.203460573195523,-6.871691673772188,-7.5493191705959415,-8.239830320221133,-8.942040203727423,-9.651386546941625,-10.360912773428929,-11.062003822039662,-11.744949862379805,-12.399401188944292,-13.014758603504292,-13.580525566936913,-14.08663442041506,-14.52374945835636,-14.883543884091157,-15.158944742996033,-15.344338966600503,-15.435734036828414,-15.430868031854976,-15.32926560604453,-15.132238518530514,-14.842831421383865,-14.46571551131525,-14.007034068394221,-13.474204509204394,-12.875680904311565,-12.220678305798119,-11.518854851442669,-10.779938497830647,-10.01327167761886,-9.227229582465101,-8.428449236402367,-7.620795095198706,-6.803997910710873,-5.97196025383817,-5.110851414106617,-4.197334945560163,-3.197572145748705,-2.067955307372116,-0.7587019432117476,0.7787187344680906,2.580049439424146,4.653614633276985,6.965305719203183,9.427446769682186,11.89644674712645,14.183146720934458,16.076886617286824,17.3801074920057,17.946147872236352,17.71052090205798,16.706682709084944,15.061273503464765,12.969779081475243,10.659321399792942,8.348672366222242,6.215447784457352,4.377130140461144,2.8876649534664582,1.7468474877620597,0.9170359895498841,0.3413538170283769,-0.04102766926928736,-0.2847098355574059,-0.43312646269238453,-0.5176744353725493,-0.5592921584340835,-0.5710335088049161,-0.5606522923822534,-0.5327015755805957,-0.49001524322383105,-0.43464124774153623,-0.36836967174292007,-0.29299663408253,-0.210431925223512,-0.12272125486432262,-0.03202484820692136,0.059424961346263294,0.14937547032072765,0.2356086876975753,0.31599647780498463
-0.43018569604066187,-0.32084472948452775,-0.20357650823680487,-0.08128887320579872,0.04298408721595118,0.16615680345927422,0.2851689469987355,0.39706372816422747,0.4990696058949705,0.5886920233075926,0.6638311387741109,0.7229580795562381,0.7654081976540588,0.7918842858545574,0.8052971567628222,0.8120834708356649,0.8240927134678371,0.8609774276448523,0.9527149708594549,1.1414480142502113,1.4813647110486348,2.035076957871519,2.8652019843133134,4.0208592586506136,5.5205630396840215,7.335111065132599,9.37572324906512,11.492902336967374,13.489623280334266,15.148651504017716,16.269146554818633,16.703973511180315,16.387965614486607,15.349486991703994,13.702412134682213,11.621317189964422,9.307171251539696,6.952619077182769,4.714743834312305,2.6998512074800143,0.9608264199073226,-0.49559590284792826,-1.6959364153410594,-2.6857350612228412,-3.5171378871523276,-4.239936150533832,-4.896325306713943,-5.5187695392501315,-6.129993463908968,-6.744145684032279,-7.368405978085178,-8.004585017686857,-8.650500332751108,-9.30107050398511,-9.949154800013927,-10.58619776976838,-11.202739676576694,-11.78884112746401,-12.334454298826794,-12.829758966650974,-13.265470910594425,-13.633123226618832,-13.925317020059689,-14.135936100525303,-14.260319998921748,-14.29539035824647,-14.239727119348332,-14.093592616144976,-13.85890343474589,-13.539151399321893,-13.139276006482934,-12.665490639511766,-12.12506342939994,-11.526050018792953,-10.876968956948335,-10.186400363731359,-9.46247488499938,-8.712204600980403,-7.940595607532998,-7.149483942189611,-6.336069367200476,-5.491207262957343,-4.597677597660615,-3.6288851398940287,-2.5487225048782998,-1.31355495152774,0.12269097137424151,1.7997168225955433,3.738583575612216,5.927610748355574,8.309603489865358,10.774689374903637,13.163049655106935,15.280202853947873,16.924287477532705,17.920801384122402,18.156908659847318,17.606222625298393,16.336777416696492,14.499394298985258,12.299327801816192,9.95884506659034,7.680497647697404,5.619666470566611,3.871226843053933,2.4705369507122628,1.4051468074098257,0.6317594832313347,0.09319445157511563,-0.26824386863527927,-0.502469375642346,-0.6480983289929994,-0.7324167925763673,-0.773287740152895,-0.7817171020303969,-0.7642648747254157,-0.7249290456252239,-0.6664365147084368,-0.5910335792744011,-0.5009171074768778,-0.398435586413419,-0.28615528479083796,-0.16685273444842294,-0.043469157566314365,0.08095379252273602,0.20334675048477377,0.3206882442536361,0.43007979681064185
-0.5336148842100366,-0.3979726223503009,-0.25249318221687006,-0.10078215106319692,0.05339876720697144,0.20622447555903017,0.35390126097364544,0.4927624539207642,0.6193655685495775,0.7305954056112127,0.8237853311205319,0.8968829022263356,0.9487085009622166,0.9793868278286859,0.9910651630779962,0.9890521636711862,0.9834843918631736,0.9915100309204748,1.039729200692112,1.166243470363806,1.4212186370993871,1.8645383828021787,2.559194243057102,3.5597815574725535,4.896936237476297,6.560492799650309,8.485913455209584,10.54924428896846,12.574764613876319,14.356481311442671,15.69042056168484,16.410746137157776,16.42069840759424,15.710210511632727,14.355685255999582,12.502527145209475,10.335745499519222,8.046645151326185,5.803585965623283,3.7324183257044585,1.9086727330272426,0.36025819171793705,-0.9227179342382389,-1.9750345630331716,-2.843774098770255,-3.5782441386140276,-4.223245293867578,-4.815511731948922,-5.382592917030915,-5.943293521597695,-6.508900381497999,-7.084650613507144,-7.6711248445884666,-8.265427875232895,-8.86213180509191,-9.454013294156537,-10.032635203240606,-10.588820371468024,-11.113054011658019,-11.595838364188001,-12.028012265103373,-12.401040244629106,-12.707270597940854,-12.940159033868703,-13.094453403431128,-13.166335100207847,-13.153513566413073,-13.055271565753635,-12.87246016926485,-12.607443414393519,-12.263992970008267,-11.847132421630988,-11.362928433938874,-10.818221433928233,-10.220281046978439,-9.576361213975197,-8.893117793491166,-8.17584091006728,-7.42745255696714,-6.64723924705546,-5.829346828957615,-4.961177916867458,-4.022011312359037,-2.9823931011845266,-1.8050747348250362,-0.4483855837326466,1.1272238898244091,2.9492902686040967,5.020933623514313,7.308109768768388,9.729942243314479,12.156156232620578,14.414998468345704,16.312885725425478,17.663701689189285,18.322133655787535,18.213067142278117,17.349021972408746,15.830314669465121,13.827354255572406,11.54959007569846,9.209257990740902,6.988934146956408,5.019870970883396,3.3741671851282558,2.0696245050696245,1.0831295615087104,0.3673096931523504,-0.13408257408139346,-0.47483238509348086,-0.6998034562528673,-0.8427229524986967,-0.9268525274055697,-0.9671204591001102,-0.9726169059054722,-0.9488035193408794,-0.899176186269117,-0.8263704494064956,-0.7328176281793948,-0.6210869458003313,-0.49402978215221,-0.35480873522494777,-0.20686353158781884,-0.05384380254904435,0.10047484560147335,0.252282503978613,0.3978291414836968,0.5335177880008306
-0.623839016002344,-0.465253063973436,-0.295163743951136,-0.1177852653731605,0.06248601025440726,0.2411799705120813,0.4138633046948025,0.5762503592889668,0.7243138346480885,0.8543979649739826,0.963343103381367,1.0486421958817445,1.1086687584007442,1.1430435912777588,1.1532399843289427,1.143551858279554,1.1225400117499862,1.1049891418320645,1.1142112143968412,1.184201820513854,1.3607403693480808,1.7001625499685402,2.264457287842858,3.111807778348165,4.282851335933945,5.784645878652812,7.5761087973396615,9.559764896294476,11.584245625201763,13.459784456629423,14.985351492494377,15.982201459816423,16.325954788062134,15.96906752678109,14.947959594925027,13.37336812562266,11.407123095696534,9.231882167169207,7.021400170128204,4.9176013223437485,3.017875571632299,1.372830637966891,-0.007750307850363736,-1.1442171432906107,-2.0750734985744472,-2.8462860522635434,-3.5032741721135805,-4.085904995459982,-4.6261022453325165,-5.147347614496635,-5.665324906820167,-6.189099869163712,-6.7224284151760685,-7.264969050887793,-7.813309131602014,-8.36179534687558,-8.903197401399078,-9.429244992994226,-9.931074687874704,-10.399613998918557,-10.825919960083018,-11.201481108825012,-11.518485752244326,-11.770055595871712,-11.950441830179836,-12.055180105403936,-12.081201019012775,-12.026893381393279,-11.892118234209404,-11.678171990996697,-11.387696735101185,-11.02453417678659,-10.593516534470721,-10.100182224350863,-9.550396596147632,-8.949848735925393,-8.303386899807187,-7.614152499278411,-6.882484549589741,-6.104605899430011,-5.271184120534064,-4.3659944866238805,-3.365096230550927,-2.237133591369623,-0.9455163515438463,0.5467937546509367,2.269493649827168,4.234466164860404,6.424010292933507,8.780345645883093,11.199832290733061,13.53537338745709,15.609246863007442,17.236131376352137,18.25290275857157,18.548931201103244,18.089302970066626,16.9244297851574,15.182849596370636,13.048653751303222,10.729273608673077,8.421774113850523,6.285538565026423,4.426574880013158,2.8948051893644675,1.6920991278061392,0.7866140184957241,0.12861073142671575,-0.33601514654368764,-0.6564694777269657,-0.8723329850282,-1.0124871240392754,-1.0963408448483913,-1.1360835435662546,-1.139052663318489,-1.109720991449394,-1.0511384797669183,-0.9658613654221443,-0.8564847273209606,-0.7259047218436449,-0.5774128366818881,-0.4146927067354479,-0.24176305753483057,-0.0628917554455077,0.11750518533777221,0.2949717578259552,0.46512232069475057,0.6237505414986596
-0.6986250851670927,-0.5210208474376372,-0.33053200884314543,-0.131877209480516,0.07002120102454058,0.27015857096627127,0.46357159375775936,0.6454617890814416,0.811317479299779,0.9570353616592515,1.0790477904091058,1.1744712888648907,1.241307775438988,1.2787539159041548,1.2877040803384816,1.2715595827811927,1.2374607570263685,1.198005690718324,1.1733707457685942,1.1934776939120788,1.2994809057587124,1.543475802242137,1.985147056946544,2.6843206124895445,3.689238015180613,5.021811834789722,6.662809429991227,8.541214600740652,10.532203896649834,12.466767831503512,14.153109945556416,15.406369207191311,16.080205296337386,16.09258752323506,15.439345466684085,14.192341762207613,12.483355350486859,10.478430226281729,8.349370459208677,6.24882456605609,4.293407224218346,2.556497819709996,1.0697558947007038,-0.16928762366890923,-1.186743360056371,-2.021756359652626,-2.7176293479787783,-3.3155096455071584,-3.8506596929257024,-4.350843174860121,-4.836177734641651,-5.319838875341433,-5.8091416454417395,-6.306693600075137,-6.811455449932977,-7.319646253771772,-7.8254889737776745,-8.321819608256607,-8.800590495692031,-9.253295270789023,-9.671335773735478,-10.046343624280423,-10.370462862209754,-10.636595534758914,-10.838609284047973,-10.971504504438643,-11.031538076966335,-11.016300618563827,-10.92474419014443,-10.757157070354339,-10.515081088225866,-10.201164685089394,-9.818940982125795,-9.37251455395163,-8.866133841827772,-8.303619851958333,-7.687619608564966,-7.018661171808957,-6.294015386046415,-5.506429423068344,-4.642898517106258,-3.683786028340354,-2.602769593213096,-1.3682337441827173,0.05323651782906441,1.6907873478021622,3.56066677733293,5.655861671091526,7.93584533722923,10.319205750217195,12.682328901808871,14.866773478334109,16.696292512259085,18.001858966433435,18.650244540146716,18.56970679018477,17.7661029077751,16.324675184823924,14.396420892245555,12.17218810707358,9.85094225662299,7.609866293212106,5.582759348073696,3.8501933791634277,2.441300368876337,1.3441656744775048,0.5203968255775245,-0.0803756488246039,-0.5090065916879024,-0.8096067623636204,-1.0163886500214012,-1.1535467285999703,-1.2368863898265101,-1.2760992552076045,-1.2769556281070205,-1.2430571345028274,-1.1770638412933065,-1.0814597970074704,-0.9589746298453856,-0.8127758946161097,-0.6465205427675671,-0.46432463406141455,-0.27068719901704485,-0.07038880655542475,0.13162352993198997,0.33035814034049266,0.5209024480064597,0.6985449652601207
-0.7561221565922377,-0.5638956863320482,-0.35772250915520276,-0.14270901523585602,0.0758181497701291,0.2924435015469765,0.5017964428436361,0.6986844583598733,0.8782237451862471,1.0359671313006111,1.1680330695266095,1.2712470075304771,1.343319496449706,1.3831056726605548,1.3910177116550788,1.3696895669813272,1.3250064069118912,1.2675824397693563,1.2146646326736246,1.1922261476979443,1.2366940156590964,1.395396097577029,1.724560448202643,2.283765684353372,3.1263190516824766,4.286186659037917,5.763618700685825,7.513014235038392,9.43720104877123,11.391615504180292,13.199723749207426,14.677908027393542,15.664957776959595,16.049420894462138,15.788201141973286,14.912002828777155,13.516782555525783,11.74402793212377,9.755231031187986,7.70665813839147,5.729462178709741,3.917972952850336,2.3265271935714544,0.973241501592823,-0.15189943481022924,-1.0773591272484424,-1.8409181493502218,-2.482384045444498,-3.038605615024781,-3.540653489259096,-4.01270360885985,-4.472068621279351,-4.929880925031653,-5.392057631020826,-5.8603124458065565,-6.333090129129872,-6.806375285474422,-7.274371490989777,-7.730067325328319,-8.165711569714448,-8.573217707520865,-8.944512652238416,-9.271839032902314,-9.548015655021786,-9.76665731365349,-9.922352881717668,-10.01079922910789,-10.028887658251914,-9.974738753914258,-9.847680421530994,-9.648162034856844,-9.377594718410192,-9.038103756865102,-8.632174323164358,-8.162167396296233,-7.629681579258503,-7.034743234319757,-6.374828960811437,-5.643769721475939,-4.83066304371268,-3.9190313308746343,-2.8865999399994835,-1.7061960134489893,-0.3483284340775455,1.2140817788211573,2.9986762301910774,5.004795840964698,7.204061314277708,9.532538905683408,11.887205002133388,14.129331227415687,16.096381689343815,17.622055718989014,18.561637127509297,18.817600656268397,18.359372081413934,17.231873250258236,15.550032217870218,13.480099814130334,11.21217363929414,8.93054659630443,6.788628553341258,4.893306199867999,3.300522777274029,2.0207422548508447,1.0308193879615402,0.2881066919974925,-0.2567396086841235,-0.6503909479600507,-0.9315333015422751,-1.129080427128932,-1.262806770646275,-1.3452285510631528,-1.3838142770686022,-1.382966318231098,-1.3455354278695304,-1.273844814179253,-1.1703075833327115,-1.0377511377369113,-0.8795500216756651,-0.6996419474043336,-0.5024756475584389,-0.29291970580525084,-0.07614911510076833,0.1424806756568841,0.35756602392431114,0.5637891286106166,0.7560500509481406
-0.7949071754340535,-0.5928163761707632,-0.3760621621686973,-0.15001239144657041,0.07973369782447975,0.30748366547727274,0.5275923976503458,0.7346018349284656,0.9233773482800065,1.0892396470583792,1.228094140630016,1.3365655674245491,1.4121561804950238,1.453462567991546,1.4605096720053827,1.4352872124837481,1.3825925351554782,1.311273503387065,1.235894625688331,1.1786880980512098,1.1713877529914267,1.256214898621415,1.4849983163573282,1.9153408835982886,2.603083740179117,3.5911756851236856,4.896346218530228,6.4963627109627975,8.321577731671457,10.254382002639861,12.138776718441939,13.799762287901162,15.069329188123127,15.813548149764081,15.95449287860437,15.481866429338233,14.451903138390348,12.97445633929291,11.192037136235578,9.256081061281016,7.305592335134451,5.4518519919574056,3.7707623978195195,2.3023835528884984,1.055830170401942,0.01713995128189122,-0.8421138247141713,-1.557087802563834,-2.163694247655071,-2.694622440759937,-3.1771531700522533,-3.632347760009125,-4.075151215759803,-4.515012160624332,-4.956728242496998,-5.401332290090232,-5.846920109343794,-6.289379332406548,-6.723012998848448,-7.141067938153148,-7.53618311132041,-7.90077208949306,-8.227350321312642,-8.508813808834544,-8.738672249729136,-8.91123691458493,-9.02176143635356,-9.06653202756135,-9.042902065731472,-8.949264152253017,-8.784950381575733,-8.550048569634374,-8.245118872029783,-7.8707925314889815,-7.427234450456358,-6.913457387559038,-6.326493032964022,-5.660460578142201,-4.905633010213131,-4.047688035159408,-3.0674381503018955,-1.9414413159832697,-0.6439576050742234,0.8493239455560817,2.555579448742808,4.477394110060776,6.594431206522063,8.855841543667571,11.175633396621244,13.433385907810921,15.482130768529192,17.16384119604684,18.33095079864084,18.870212030873127,18.72374142284277,17.90197267894669,16.484751360434505,14.609661011989147,12.450010001083552,10.187610192463778,7.986617498258836,5.973941257405453,4.229441750086698,2.7862244875238567,1.638823792561946,0.7556668637443023,0.09211919070170449,-0.3986621936627812,-0.7584591749079388,-1.0204078287357392,-1.2083432676472754,-1.3379809641609512,-1.4189119811903979,-1.4566771013846649,-1.4545148010401958,-1.4146427221645461,-1.339094879595813,-1.2302083627006586,-1.0908647811582182,-0.9245739526058343,-0.7354616904865124,-0.5282009876469154,-0.30790991981238364,-0.08002981105504456,0.14980813734954032,0.37592219448307224,0.5927210690050324,0.7948426836029432
-0.8140201867642116,-0.6070670589918445,-0.38509692968632403,-0.15360636589548735,0.08167125770026949,0.31490727995255313,0.5403216303886531,0.7523257225161045,0.9456614600600628,1.1155345316539012,1.2577424770957508,1.368802546171092,1.4460926032840733,1.4880319209879576,1.4943485863922048,1.4665046692430788,1.4083718726828518,1.3272530236478735,1.2353029994834568,1.1512870357591178,1.1024058913443529,1.1256309270264206,1.2677000344833453,1.5827644828732983,2.12682062464457,2.948646869120882,4.077998207062298,5.513076057812794,7.210365314049743,9.08029656526085,10.99146246291612,12.784264514008418,14.292330439778263,15.367631502944835,15.903822113105688,15.852495133086782,15.22880194779426,14.105646102262488,12.598496665618827,10.844889974486785,8.983373924906513,7.1359922739534,5.396838113537438,3.8273570394366456,2.457522635577745,1.2910754729362224,0.31276912227856457,-0.5041515554478996,-1.1914518007203614,-1.7809911182886706,-2.3014962682949287,-2.776810517951806,-3.225261103716992,-3.6597699515967137,-4.088389872420616,-4.515033744766681,-4.940247499832802,-5.361944168135255,-5.776061987604599,-6.177136945981379,-6.5587938839287645,-6.9141652606131085,-7.236246751481595,-7.518196650166888,-7.7535831439128815,-7.93658069042133,-8.062114193256864,-8.12594740763653,-8.124709831427074,-8.055854068149433,-7.917533237963334,-7.708385698005767,-7.427212866314013,-7.072536866834386,-6.642030647112526,-6.13182801227707,-5.535749484800569,-4.844526758751434,-4.0451760816661135,-3.1207552892237165,-2.050825548791198,-0.8129969911663456,0.6140786430218014,2.246049974343264,4.086642249603688,6.1204641873368,8.306050306613416,10.570906339243429,12.810607187303306,14.893749459249952,16.673629636202413,18.005961612515097,18.770099452800196,18.889663769950964,18.347814384230897,17.19309848093596,15.533827075514496,13.521771065230345,11.328729009650354,9.121275509266528,7.039171196214332,5.181509206665896,3.602263114510764,2.3143658729796868,1.29959720710754,0.5208282957683945,-0.06646106666127749,-0.5054034651912764,-0.8324482696611725,-1.0752631102941321,-1.252960063194337,-1.3776309144674668,-1.4563374854189184,-1.4929959875900007,-1.4898817641700053,-1.4486902884487953,-1.3712070381094232,-1.2596817452818847,-1.1170010035250924,-0.9467327267095997,-0.7530925579027893,-0.5408633899139068,-0.3152864068720049,-0.08193453392238122,0.15342479098401776,0.3849725112060708,0.6069823417542566,0.8139628613915322
-0.8129880940673077,-0.6062949410855674,-0.38460305652493937,-0.15340176647236953,0.08158320029030726,0.31453107297624505,0.5396697200613833,0.7514182384712204,0.9445253517700539,1.1142013190691769,1.2562427840917598,1.3671534274015815,1.4442696242464732,1.4859110594120681,1.4915926176688417,1.4623553533395064,1.4012963590650445,1.3143883909341822,1.2116600847006653,1.108730339934247,1.028533476902089,1.0028344144845023,1.0728584073625007,1.2881482396602755,1.7027597979097444,2.368259022363628,3.3237510396451047,4.584252951844584,6.129814902680943,7.898462355894791,9.78586182615928,11.653417130940523,13.34447778296843,14.706058712072139,15.611698917414738,15.980484518450929,15.788094236742872,15.067740579220816,13.901408735419377,12.404025814785077,10.704487100202435,8.927571807905322,7.179865908551464,5.54132704928333,4.062602341970925,2.7670521099772984,1.6558333062012913,0.7143340741851741,-0.0814341628090286,-0.7593929441757743,-1.3473205219824436,-1.8701832741496096,-2.3486809802038673,-2.798710700768738,-3.2314476055109242,-3.6537880913670877,-4.06896713498066,-4.4772263130252545,-4.876460681108593,-5.262808965522535,-5.631173936068738,-5.97567177976838,-6.290014286490574,-6.567828537132857,-6.802917541432007,-6.989463119608026,-7.122169895555384,-7.196346837917248,-7.207920442196819,-7.153371482977802,-7.029585542573867,-6.833606866065493,-6.562286702014274,-6.211823133582081,-5.777202313910563,-5.251574470769219,-4.625635400211283,-3.887137044118705,-3.0207163536824417,-2.0082993320254325,-0.8303851800250289,0.5314899742126765,2.090910891654008,3.851396947069408,5.800284565993872,7.902577439137279,10.096151081476949,12.290013137145852,14.36725868741289,16.193760710600483,17.63247860833648,18.5617440327397,18.894401470714456,18.593766966145456,17.68247513699642,16.24157973493701,14.399504701879101,12.312972538507655,10.144053154982144,8.038310024679665,6.108419359368962,4.425867384561283,3.0210492053393305,1.8900680201891285,1.0053388403167844,0.32693059052207046,-0.1877509728463685,-0.5772438755516841,-0.8724978534198302,-1.095985853137766,-1.2625637349593848,-1.3811853831227328,-1.456792814118873,-1.4919764487610707,-1.4882390372712637,-1.4468547425324372,-1.3693932396885622,-1.257999832037072,-1.115512661861525,-0.9454771629419926,-0.7520974431860231,-0.5401488618848082,-0.31486615365930914,-0.08181582077522397,0.1532413540012641,0.3844931444489002,0.6062201027867757,0.8129374538098112
-0.7918363685710261,-0.5905190253247818,-0.37459260980788767,-0.14940343043504375,0.07947203022111989,0.3063648142721919,0.5256534273899033,0.7319026427795272,0.9199980177699256,1.085273559134482,1.2236312500109772,1.331653705585037,1.4067160090552246,1.447111086451684,1.4522160881824424,1.422745449638294,1.3611570977911598,1.27229389306934,1.1643377662199934,1.0501072446474267,0.9486174062896656,0.8866343330484541,0.8997144302488769,1.03199032452351,1.333864957570513,1.856938849674838,2.6460167265699344,3.7288984307022632,5.10566871614216,6.7400225650911345,8.555407930880921,10.438162365365585,12.248365080060747,13.837164573127572,15.067475406875527,15.83380856900656,16.077031046963963,15.79106358536988,15.020528180562167,13.850501722780805,12.391174218218199,10.760938219945134,9.071186211423342,7.415111211085755,5.861506670626247,4.453354202428012,3.210148891425551,2.1325388751822927,1.2078913110070437,0.4156966050021689,-0.26787316087848034,-0.8665533244762658,-1.401735965534519,-1.8912172514782395,-2.3487061107989122,-2.7838538384801415,-3.2026001113723357,-3.6076815094316346,-3.9991980838516366,-4.375173871317253,-4.732076267282652,-5.065277801619896,-5.369454411489688,-5.638919260263391,-5.867892595335702,-6.050707592636105,-6.181950603942115,-6.256532336036167,-6.269684689589278,-6.216876709529698,-6.093642972557596,-5.895319753395167,-5.6166899760888,-5.251549340174147,-4.792225574598937,-4.229112796177951,-3.550324370329101,-2.741618205990319,-1.7868001229730543,-0.6688478642064707,0.6280043673205732,2.115054532336981,3.7948023054522926,5.655795630247997,7.667332136602996,9.775096927906166,11.89911775481435,13.935453950080719,15.762662522088807,17.253246288674532,18.289081822607887,18.77852636362232,18.671922094020694,17.97196712721806,16.7361516925408,15.070101034765909,13.112812468176458,11.016777698592612,8.927195955048727,6.9645157275370755,5.213414759215642,3.7194623174664008,2.492747171480518,1.5163004928676076,0.7565380057282223,0.17319138228946662,-0.27297884255805316,-0.6153868178596477,-0.8795807402244917,-1.083276443250063,-1.2376207001146573,-1.3489404084104668,-1.4204632043173993,-1.453737601977063,-1.449668661599175,-1.4091978629853836,-1.3337036930421908,-1.2252051756322297,-1.0864360365274035,-0.9208374580483567,-0.7325001734598158,-0.5260744606003352,-0.30665910191497253,-0.07967628431815259,0.1492625925937595,0.3744961136456967,0.5904533227800752,0.7917919103720252
-0.7510884195940872,-0.5601296419484859,-0.35531318191400174,-0.1417100870415112,0.07539032040927286,0.29061106839364315,0.4986202724747161,0.694262751455085,0.872687443007003,1.0294679707187078,1.160714646791772,1.2631780645058828,1.3343479740647108,1.372557407890538,1.3771122393616817,1.3484812540522015,1.2886003237879426,1.2013615508629905,1.0933635612388277,0.9749751808160646,0.861690731106073,0.7756157430641276,0.7467217450155637,0.813288755744864,1.0207986176295436,1.41856641103174,2.0537063379815015,2.9626575807615865,4.16135240219478,5.63595680672142,7.33662476582824,9.176578568112676,11.037930631183103,12.784140169699738,14.277264010563188,15.396765773947482,16.05607282182523,16.213531854610274,15.875772497977607,15.093306056310425,13.949902940022842,12.548432944090163,10.996183522479415,9.392240364994136,7.81858407856189,6.33547368981151,4.980755933331926,3.7721394385674034,2.7112451772072985,1.7883214461805161,0.9867731601090568,0.28697984743751226,-0.3308259339718347,-0.8846265695073663,-1.389506795161323,-1.8571755577841194,-2.295932578698281,-2.710915301841342,-3.104499261611794,-3.4767623200506614,-3.8259545730108884,-4.148938990940557,-4.441583433329307,-4.699094039047108,-4.916284880822064,-5.087780737606377,-5.208150125053487,-5.271965291756613,-5.273785537807959,-5.208060741140571,-5.068954339993622,-4.850090448348067,-4.544239818535002,-4.1429757278195165,-3.6363550163842113,-3.0127118123800227,-2.2586899022560756,-1.3596780915827436,-0.30083936463816996,0.9310791105867606,2.3450251584755226,3.9420128604831093,5.710809508667966,7.623458502004932,9.631482524388144,11.663872452280069,13.628044118863883,15.414717237256639,16.907071023657494,17.993599559342513,18.583007250265318,18.61855478808055,18.088835858684842,17.03229660625984,15.533951419823149,13.714465901438631,11.713596719590951,9.671337546248317,7.710582786740702,5.9245469986670285,4.370783775528616,3.071914643384365,2.021657354249598,1.1938463983605514,0.5520106424260396,0.05758406745420136,-0.3243261417137248,-0.6218330769185739,-0.8554150594492298,-1.0385930789786582,-1.1793980389151246,-1.2820411811639694,-1.348421774850551,-1.379307096214957,-1.375160057626242,-1.3366648058344666,-1.26502556608779,-1.1621097313685065,-1.03048994981208,-0.8734224541821779,-0.6947849306961908,-0.4989878780056003,-0.2908679075003133,-0.07556855168355962,0.14158720139916714,0.3552289882458214,0.5600723165758065,0.7510496300336005
-0.6917526414738177,-0.5158787893791306,-0.32724176438597086,-0.13051191637980852,0.06943940757365742,0.26766017639246964,0.4592399261733948,0.6394309500073347,0.8037655354174965,0.9481666703775018,1.0690503135695375,1.163418672566837,1.2289465009996021,1.2640670526920899,1.2680720818314672,1.241252065591509,1.185118510239028,1.1027670663284779,0.9994510457717759,0.883426893170074,0.7670886552850077,0.6683107594147782,0.6117622465509707,0.6297612841020359,0.7620627474862888,1.0539042243456902,1.551777436828791,2.2968082556361766,3.3162969538294713,4.6147477616579495,6.166352922717881,7.91110846702729,9.75632728124705,11.584273179204592,13.26519942657698,14.67365248460729,15.70495301404378,16.288613472582636,16.396154904246014,16.042120365747977,15.278631519919085,14.185148242557121,12.855842775306998,11.387078904810936,9.866995622760616,8.368375315616047,6.945103797567148,5.6318217634587535,4.445938826094878,3.3910417959842274,2.4608143789516506,1.6428009232029,0.9216018560673462,0.28131821656356193,-0.29276639249783254,-0.8131734248245757,-1.2897458469382344,-1.7295454378299358,-2.1369993262914764,-2.5141907230373546,-2.8612165857022305,-3.176559086412369,-3.457436368380058,-3.7001111617716322,-3.9001442892014353,-4.052585163121526,-4.152094307112952,-4.192994868818939,-4.169252103039833,-4.074382956522994,-3.901303323882538,-3.6421295038185653,-3.287964089523899,-2.8287158707503206,-2.2530282713821315,-1.5484195098596645,-0.7017651610442419,0.2997288635512154,1.4669212056471117,2.806402910397825,4.317447131851119,5.988419695420301,7.793058563185983,9.687284641389333,11.607421332537369,13.47078539299192,15.17947193472236,16.627727930177354,17.71260092503868,18.346677159135762,18.470904262964847,18.065003177777832,17.153053521545115,15.80258904109522,14.11685392574354,12.221420728143574,10.247706414892019,8.316627286503735,6.525481748592697,4.940202117220853,3.5936948289979234,2.4895489839171994,1.609351988673882,0.9214400420882275,0.38912370606696944,-0.022934703586295124,-0.3447375505647272,-0.5992392456088237,-0.802365570200144,-0.9640845748015797,-1.0899164856569228,-1.182446602240213,-1.2426001209813498,-1.2705947224285608,-1.2665853147328672,-1.2310607230702446,-1.1650610868653932,-1.070274811911714,-0.9490580093100738,-0.8044045914462853,-0.6398842814228192,-0.45955884388160007,-0.2678829299935148,-0.06959396534035071,0.1304053586583791,0.3271687591254182,0.5158290823035236,0.6917190069747484
-0.6152974576277271,-0.45886152409853664,-0.29107294436802333,-0.11608584474236582,0.06176688110733474,0.2380805904749329,0.40848762874120303,0.568765104781904,0.7149390988983905,0.8433829226955364,0.9509075333996263,1.0348431620736256,1.0931130405636091,1.1243034450678655,1.1277399955060683,1.1035891798794542,1.0530167940179023,0.9784501429492276,0.8840039946605462,0.7761323299679357,0.6645450548233094,0.5633653209679643,0.49238856679824106,0.4781448592090426,0.5542951072093982,0.7607742964196952,1.1411166075588215,1.7376341162069815,2.584596025507458,3.7002010796211886,5.078782644649923,6.685099836106611,8.45253140715418,10.286399006283336,12.072584840834272,13.690343912195253,15.027117354728954,15.992578059415298,16.52927079737432,16.618004780771326,16.277365668282254,15.557974613399224,14.533093527389287,13.287647512639186,11.907672954968383,10.471722680138432,9.045072677631877,7.67688782051867,6.399970385300734,5.232406284748786,4.1803351029923475,3.2411469957802455,2.406579570131237,1.6653845550522002,1.0054107730574326,0.4150826782055208,-0.11566273547166483,-0.5948770071442866,-1.0284257556659453,-1.4200341971765655,-1.7714661036961796,-2.082769808696006,-2.352543261123912,-2.5781850897137977,-2.756109915250506,-2.8819143049772262,-2.950485752441256,-2.956051985653515,-2.8921728927674986,-2.7516835421922528,-2.5266052561038546,-2.208053416573804,-1.786186196176417,-1.2502574469293855,-0.58885784225045,0.20955287634658037,1.1557098641464032,2.258099680099883,3.5209456644699846,4.941641229976521,6.50778208276665,8.194124366443,9.959991777763838,11.747824206821717,13.483636989558795,15.080070717480325,16.442402466568694,17.4773556225044,18.103858478572274,18.264215085682334,17.933675082384053,17.126327215793694,15.89571360571017,14.329534028614402,12.53907081757469,10.64517483130233,8.763449495310716,6.991401799029312,5.399754626779147,4.029021989331705,2.891184631919746,1.9752426398458842,1.2548321948921848,0.6960575127715158,0.2641033169925401,-0.07215964365496688,-0.3377176452852824,-0.5507719105017631,-0.7233409512339594,-0.8625153804775882,-0.9718910003252541,-1.0528774395884455,-1.1057397079570637,-1.1303452229151096,-1.1266531177452288,-1.0950063063944029,-1.0362855568838023,-0.9519725275598993,-0.8441544091187104,-0.7154909150301582,-0.5691561099855964,-0.40876255859461985,-0.2382725766001137,-0.061900078147631855,0.11599401741433696,0.2910100321929978,0.45881868933712633,0.6152684733657542
-0.5236149793634595,-0.3904888601372514,-0.24770171566078406,-0.09878869292124241,0.05256292755451362,0.20260480103802272,0.3476200465139728,0.48401494457557587,0.6084075676795363,0.7177112659855385,0.8092112732015188,0.8806333643539765,0.9302047675299125,0.9567098735308271,0.9595473934814396,0.9388023124287859,0.8953558957570433,0.8310697882717575,0.7490934250337421,0.654351575343479,0.5542606535074222,0.4596851431660172,0.3860670665000451,0.3545391443463034,0.3926825263757118,0.5344552136269018,0.81876363264042,1.2862496267053358,1.974165583343896,2.909697623572228,4.102673234942094,5.539083387838131,7.17706177291142,8.946746945470826,10.75478206346698,12.493215355921029,14.051517415818507,15.329639121476598,16.249740640673355,16.7645160999086,16.860823461334814,16.55836430258609,15.904149878416263,14.964191715900979,13.814138284476249,12.530451675476005,11.183294285650565,9.831739522165662,8.521388129172532,7.284069861135615,6.1390834095900475,5.0953661606571075,4.1540464730508555,3.3109605178734043,2.5588648723319722,1.8892111761738328,1.2934526435238287,0.7639197378679989,0.2943379997349529,-0.11992710945726703,-0.48181684929955304,-0.7926472234677053,-1.0522425648492943,-1.259092940228655,-1.4105060311154578,-1.5027345393897826,-1.531068928577773,-1.4898932055190215,-1.3727093979384324,-1.1721453145840284,-0.8799708437078431,-0.487160822937344,0.01594293978420025,0.6393030788998745,1.392612092047619,2.28438831004135,3.3206701282271514,4.503271173077832,5.827625873256055,7.280357686838765,8.83683668726021,10.45914174767081,12.094971368570512,13.678107840392544,15.130977730118893,16.369624590820436,17.31100775473403,17.882008602046962,18.028969783148053,17.72616910655331,16.981502480467125,15.837933968568153,14.369973367828038,12.675433953755022,10.863758810860157,9.042989796510353,7.30774801850094,5.730302077518303,4.3560087548411275,3.203364482823252,2.267915049454906,1.5286004997372624,0.9548958871478896,0.51332158802976,0.1723909174902799,-0.0943604918324362,-0.3071317226327593,-0.479967693053884,-0.6216923017495108,-0.7371853788692789,-0.8286602684873217,-0.8967490228747126,-0.9413249530258794,-0.9620712529081421,-0.9588423244234027,-0.9318732901707623,-0.8818862841313302,-0.8101296520889004,-0.7183741292149592,-0.6088808520384273,-0.48435002525863996,-0.34785556527357897,-0.20276923916678183,-0.052677004449823935,0.09871004934662439,0.24764783642019408,0.39045217573459595,0.5235901567926418
-0.41897417882676496,-0.31245284886471636,-0.1982013297714266,-0.07904834695192048,0.042055621236383504,0.16211120451560895,0.278144164458505,0.38727874529267675,0.4868085500610978,0.57426325267692,0.6474696917586867,0.7046063464057295,0.744251054952349,0.7654234377231848,0.767626344510455,0.7508954543034332,0.7158735785937865,0.6639364393141612,0.597408548967285,0.5199176897048232,0.43693732068660046,0.3565476580976227,0.2903967523134174,0.25475546893345224,0.2714397132372562,0.368243891129971,0.5784378098855599,0.9388854810780767,1.486502912727391,2.2531022969468566,3.2591304138290367,4.507289213515145,5.97736902037252,7.623675990785493,9.376108907725657,11.145265694630416,12.831091305970025,14.333752755497517,15.564884424010879,16.457246616504097,16.971205277191117,17.097153552464366,16.853846565851462,16.283382198078225,15.444060641502897,14.402519593755489,13.226396995080755,11.97841818532605,10.71236606268153,9.470984726603918,8.285563582232585,7.176778380437648,6.156318470780363,5.228873176476985,4.3941450893606335,3.6486691154187394,2.987318546788286,2.4044599923308723,1.8947737650042555,1.4537875454527764,1.0781840647646703,0.765944074586675,0.5163791540252326,0.3300987524587613,0.20894469434178412,0.1559154018816772,0.1750916875719663,0.27156595313077647,0.4513665705052571,0.721358681473556,1.0890914605102853,1.5625504099249499,2.1497627299074047,2.8581966471320395,3.693895617338028,4.660300706309268,5.756745112549793,6.976658984815525,8.305602668036736,9.71934839522073,11.182340942764544,12.646962164458703,14.054067514066613,15.335215096962006,16.416836989479073,17.226298842126297,17.699385552411226,17.788312458356366,17.469006525295253,16.746257177932847,15.655500751158367,14.260502815802864,12.646964444153149,10.912929597241883,9.157584093381114,7.470402092276511,5.922496420486182,4.561487021381347,3.4103764918444655,2.470053502921614,1.7243707319415116,1.1464178738690474,0.7046619214083725,0.367969754340103,0.10900851447152166,-0.09402012988817365,-0.25702528054292045,-0.39060645688009143,-0.5011161795576113,-0.5918460097466519,-0.6641061399461349,-0.718089510013611,-0.7534992228813888,-0.7699679004772635,-0.7673167035539783,-0.745701444529178,-0.705683917627939,-0.6482552909675917,-0.5748287605172178,-0.4872118010450678,-0.3875640714453386,-0.27834465824469345,-0.16225117220123403,-0.0421527174455894,0.07898141096801757,0.19815547180726847,0.31242162593670064,0.41895305179231185
-0.3039647349938612,-0.22668470330184337,-0.1437967351004326,-0.05735316978967768,0.030505277626104495,0.11760236087459464,0.20177998466178634,0.2809513901463027,0.3531525305927921,0.41659039840426104,0.4696872194991735,0.5111197274175592,0.5398532913195752,0.5551717270689526,0.5567055445384889,0.5444647137071476,0.5188873813329357,0.48092375391018727,0.43218423155861085,0.37519086014038255,0.31377674377159853,0.25367171511756276,0.20328471222032857,0.17463543273212262,0.18429798441041811,0.25410868911015577,0.41128802589017127,0.6875782345236396,1.117053699014606,1.732455936363289,2.5602350878556943,3.6148870111284204,4.89355009498399,6.372036292210487,8.003407445160034,9.719832926578237,11.43783907842766,13.066336608504306,14.516185972907317,15.709709159337446,16.58857471189788,17.11885580230682,17.29267266582137,17.12650877598328,16.65686520225684,15.934272201347333,15.016770514570098,13.963839245999177,12.831462670974268,11.668690004569045,10.515731858193078,9.403406862049414,8.353620639937892,7.3805191988032774,6.491986329175204,5.691221445515064,4.9782151223428865,4.351016222429243,3.806746704620001,3.3423643106556495,2.9552002147526317,2.643311580149346,2.4056917136522085,2.2423767315331937,2.1544801283934185,2.1441772430610113,2.214651421481963,2.370003209009872,2.6151134039722117,2.955440512170873,3.3967235836110485,3.9445536714721374,4.603773102812765,5.377664177957022,6.266901417929359,7.268267975920578,8.373180532591222,9.566128768250248,10.823211727570746,12.111033812179347,13.386289582821776,14.59639373029949,15.681472133089853,16.57789835805252,17.223329493499293,17.562884744764915,17.555771807598965,17.18138147992374,16.443735411185212,15.373265411479354,14.025257513268585,12.474869270861625,10.80930711402025,9.118362406990363,7.484878188241372,5.976737380951715,4.641612059921913,3.5050876471481227,2.572052002840935,1.830614245296287,1.2574434659517812,0.8233544399351584,0.4981781206755021,0.2543299985728407,0.06889681848940195,-0.07560762254966279,-0.19147207885194517,-0.28660171757007114,-0.3655635990472579,-0.4306134130611001,-0.48256383665206815,-0.5214449564804265,-0.5469653544333041,-0.5588106275339145,-0.556822819446063,-0.541099056290583,-0.5120381063049408,-0.4703541324382125,-0.41706954022768605,-0.3534938796213974,-0.28119281382884526,-0.2019495970055207,-0.11772076030577225,-0.03058740916646426,0.05729655083917779,0.14375794553994578,0.22665829302408136,0.3039468644560241
-0.18143294244977448,-0.13530700332342027,-0.08583426160361259,-0.034239915951377875,0.018198009245369073,0.07018017890766555,0.12041795402703998,0.1676650911176833,0.21074834751080135,0.24859624898673202,0.2802653676768354,0.3049636357599636,0.32207056353492935,0.33115489029479833,0.33199143404291803,0.3245811190902629,0.30918185839518353,0.2863636253951343,0.25710875849845216,0.22298740365983055,0.18644535961528147,0.15124240157609725,0.12306610213496667,0.11031123600903334,0.1249528992239145,0.1833553223792872,0.30676377292201407,0.5211543883214041,0.8561067955361399,1.3424550434830698,2.0086812361844304,2.8763232028736203,3.9550079301267673,5.237997682524089,6.699241882768723,8.29279434786468,9.955078229112486,11.609934251719203,13.175807160529496,14.573965610049335,15.736435465088867,16.61240739280489,17.172223108246964,17.408547772913504,17.334864196043775,16.981854388382573,16.392486724289498,15.616681337485362,14.706312630672505,13.711087751862879,12.6755834270554,11.637489230415879,10.626929975871768,9.666636732761237,8.772699644903362,7.955649891812881,7.2216628228104955,6.573731416747424,6.012715381422607,5.538218402956139,5.1492809245134135,4.84489828425792,4.624385836653786,4.487616301574757,4.435152492240313,4.468292826990185,4.589039194938674,4.799987970796496,5.104136179711768,5.504586919451684,6.004132305248139,6.604689978153344,7.306572675235289,8.107581963555752,9.001939476664692,9.979103630010757,11.022566744343614,12.108783418015975,13.206437861692317,14.27630235795761,15.271952936981341,16.14157182347668,16.830962839596513,17.287730389843208,17.466338216251877,17.333507554780287,16.873194239827434,16.090270541063525,15.012091907856075,13.687381563219555,12.182295887064345,10.574061811485965,8.943080752606186,7.364737276725403,5.902231827726515,4.60154180304715,3.4891558411627326,2.572645743903246,1.84359395415958,1.2820175032477046,0.861296097784641,0.5527183719320115,0.3290357203082943,0.16675367544369302,0.047197869863395775,-0.04339942387566896,-0.11445545589501965,-0.1719091159751708,-0.21915483303911293,-0.2578787325375034,-0.28872377777763786,-0.31177271170012066,-0.32687271361067594,-0.3338389356248253,-0.33257348811059445,-0.32312931722105476,-0.3057397997539077,-0.2808274219513278,-0.24899949997070206,-0.21103544399012458,-0.1678680840257949,-0.12056054842527475,-0.07027971283536609,-0.018267052624170117,0.0341923199764932,0.08580165377247213,0.13528480196542414,0.18141791988694345
-0.05441126913481679,-0.040581164614440356,-0.02574830119653315,-0.010280448218294548,0.00543864357039411,0.021018643463714518,0.03607217480832508,0.05022423881718026,0.06312129005979203,0.07443974257507821,0.08389372525397953,0.09124199077871736,0.09629406368826957,0.09891608775155256,0.09903757591918826,0.0966616593122625,0.09188386782053501,0.08492839270214325,0.076216466009717,0.06648868126801098,0.05701038772618298,0.04989359178694701,0.04856495113896323,0.05839089333566044,0.08743167728671236,0.14723452229779835,0.25349832589499516,0.4263670512163869,0.690064558233351,1.0716039655121543,1.598415420887379,2.2949410450893803,3.1785152430539045,4.255119422550461,5.515789619361124,6.934487185303018,8.468076002248822,10.058700712334138,11.638403761321076,13.13536782131586,14.480841045434387,15.615678549803595,16.495538661338106,17.09406798037172,17.403810072150016,17.434976774116702,17.212540717251027,16.772289971733915,16.156520201578417,15.409951493090542,14.57629213746505,13.695680492882923,12.803060396284234,11.927411704062418,11.091675312668922,10.31317832060238,9.604368883294221,8.973698031225279,8.426524453122381,7.965958162507864,7.593593827254805,7.310111326156114,7.1157391656739275,7.010586578498105,6.994853981308723,7.068930737611433,7.233385521442977,7.488849520433954,7.835787653503452,8.274149310827857,8.802889363415396,9.419354006088088,10.118536137299914,10.892222991212964,11.728085457727712,12.608793318132722,13.51128046744068,14.406322851165037,15.258619488334517,16.027570769698748,16.668914461383604,17.137297552231555,17.389728135360794,17.38967581090664,17.111397903188468,16.543903872755482,15.693882067019436,14.586947422237815,13.266751048132814,11.791812255900926,10.230337792633401,8.65369384990156,7.129491974191123,5.715355207474751,4.454306793396642,3.372394740577724,2.478714376935091,1.7675344105605728,1.2218831144649007,0.817784632091418,0.5283671265098066,0.327254019242253,0.19092046596222892,0.09996669490765961,0.03946475778752362,-0.0013539377078005815,-0.02978261584463527,-0.050451245102209365,-0.0660988261707601,-0.07821552924229187,-0.08752607786686514,-0.09432503023981803,-0.09869321231033829,-0.10062846311474462,-0.1001196161571638,-0.09718540262084155,-0.09189284588293464,-0.08436410727994334,-0.0747768999220676,-0.06336122382693371,-0.05039385116091459,-0.036191310410879605,-0.021101799677773512,-0.005496325452198544,0.010240684659396045,0.025721059379805792,0.04056261677243952,0.05439871872886711
0.07395669357459159,0.055148528533909426,0.03497419147209173,0.013932414845445712,-0.0074568217932489056,-0.028665240440017663,-0.04916944407732767,-0.0684640069394173,-0.08607415739214715,-0.10156774128608784,-0.1145661578365289,-0.12475394809804546,-0.13188665713722378,-0.1357964233401645,-0.13639435781333276,-0.13366797177598255,-0.12767040423985307,-0.11849563612270995,-0.10622991828971927,-0.09086422218805583,-0.07214623636148251,-0.04934503735141785,-0.020900386944977204,0.016063507906633936,0.06635759983319173,0.13743824195669677,0.24010758651188632,0.3890377049176367,0.6028961898739074,0.9038308298875309,1.3161120536379007,1.8638494208627014,2.5678864594093063,3.4422035372020576,4.490364725084741,5.702666239612903,7.05462809681897,8.507297688639573,10.009529925952414,11.502040625140744,12.922687718445,14.212203424162315,15.319533636084557,16.206046671116457,16.848115398457164,17.23788772504182,17.382365399511972,17.301148129888446,17.023333763872053,16.584090514415564,16.02135324519777,15.372975900803999,14.67453208539278,13.957825222737796,13.25006762524378,12.573621848250728,11.946166535560913,11.381145572674857,10.888374509362638,10.474702960064112,10.144658908951456,9.901025743031228,9.74532282819445,9.67817468643854,9.69956266489987,9.80895743595553,10.005332097467127,10.287055548950825,10.651665734193097,11.095523794519266,11.613354664673484,12.197688529105712,12.838231866166229,13.521216876954217,14.228803079226871,14.938632159476832,15.623662022424751,16.25242122403893,16.789821686406448,17.19863652148061,17.44168393349333,17.484656151218562,17.29940184756503,16.867330488718565,16.18248717795209,15.253782629583817,14.105888165360572,12.778439386503132,11.323429198717282,9.800975830378569,8.273962395527018,6.8022863836328895,5.437563270637716,4.219061490862361,3.1714144776370765,2.3043132891808162,1.6140152697706018,1.0862000267175365,0.6995309827422873,0.4292647064085079,0.25037176265972383,0.1398390064597391,0.0780485549958948,0.049316631729706954,0.04179300282645494,0.04696279588593935,0.05897229844454263,0.07394452415861658,0.08938438643048612,0.10371559473845661,0.11595087373770026,0.12547482366384186,0.13191092383067016,0.13504543632309335,0.13478644972218423,0.13114268304839174,0.12421218857279168,0.11417515263283656,0.10128766125069752,0.08587490163353804,0.06832316909813048,0.0490705252554041,0.02859619706121662,0.007408929812492664,-0.013965429528679053,-0.03499680963942234,-0.055163928314912104,-0.07396711384208132
0.20049403104716723,0.149512941457484,0.0948304993016892,0.037799570283367556,-0.02016903996994936,-0.07764156757337165,-0.13319686135246225,-0.18546166820895016,-0.23314476529490902,-0.27506909834749094,-0.3102011280878351,-0.3376766356465185,-0.35682227425580604,-0.36717213925459447,-0.3684784890051663,-0.36071535920259457,-0.3440729736656114,-0.31893929342450617,-0.28586246018986866,-0.24548407742112402,-0.1984283799506272,-0.145127235675006,-0.08555756944549507,-0.018869466832820675,0.057105861170964965,0.14645485697695532,0.25583448837673506,0.3950753957690631,0.5775784827427006,0.8203103412674926,1.1432013001982906,1.5678026386420367,2.1151735109058465,2.8031317619435865,3.6431838001427046,4.637599734735259,5.7771717928380735,7.040152000854094,8.392703391768828,9.790945946394586,11.184390535709628,12.520299694140089,13.748353039105075,14.824961678480761,15.716670015056007,16.402273693172962,16.873518383612982,17.134471533428346,17.199834790844974,17.09256466108802,16.84119020934868,16.477173259670764,16.03257190305328,15.538167306647269,15.022117771302195,14.50912648521184,14.020056589439005,13.571898858229416,13.177989302566512,12.8483803143968,12.590283504610175,12.408520095599194,12.305932042055815,12.283721908778704,12.341701135267835,12.478434803015542,12.691277148072782,12.976296939995914,13.328096748557208,13.739536310988651,14.20137880474073,14.701890576559265,15.226439913769546,15.75715796716273,16.272742878776466,16.74850295931461,17.156741338038216,17.467576789260328,17.650267402293757,17.675051198320404,17.51544055309381,17.150811474760545,16.569028173896857,15.768758905658219,14.761095839424677,13.570113075721581,12.232096838481645,10.793357473680995,9.306760292061924,7.827348177652945,6.407619111794922,5.093115683097619,3.9189499984386686,2.907726183488924,2.069067986646536,1.4006708027249464,0.890544109647472,0.5199483122877497,0.2664876819289898,0.10689261948147644,0.019175256958096326,-0.015976834189238925,-0.014540634843107275,0.010910651509036744,0.05087888344274792,0.09840815011705005,0.14850291530759227,0.19759919729226738,0.2431397035659222,0.2832646535410927,0.316605918076373,0.3421613298618046,0.35922453446012736,0.36734931869776816,0.3663326989761635,0.3562062017864912,0.3372288516701146,0.30987824365371014,0.27483791364470567,0.23298032716614991,0.1853454501275616,0.13311523740552458,0.07758459650658972,0.020129522179753053,-0.03782681210009556,-0.0948491624975963,-0.14952564845758287,-0.20050262924272044
0.32206913036834933,0.2401767224864309,0.152339333294696,0.06073045792075993,-0.03238321818993094,-0.12469797114753386,-0.2139301245338229,-0.2978726611736142,-0.37444996484640314,-0.441769341936481,-0.4981680496368296,-0.5422546583219449,-0.5729436884116315,-0.5894825618082863,-0.5914699486626687,-0.5788644902973528,-0.5519825056798726,-0.5114824474275604,-0.45833232093951654,-0.39375378887255585,-0.31913318486574643,-0.23588548969407175,-0.14525352488366106,-0.048023208130915436,0.05586032179205918,0.16777812172678155,0.29100252529748727,0.4312841086847824,0.5973596488336654,0.8012398764908158,1.058113136325546,1.3857121672869286,1.8030479411763172,2.3285179779515017,2.9775328496978615,3.7599449007277226,4.677669991609999,5.72293083237254,6.8774979270785375,8.11316309056919,9.393477529984274,10.676566527157004,11.918646260877917,13.07775670621825,14.11720901905825,15.008322894554537,15.732174264484504,16.280249209974148,16.6540677133102,16.863970732019848,16.927339665147798,16.86653669746263,16.7068273069509,16.474488400374014,16.195234411971803,15.893023981853093,15.58925154385623,15.302286215446713,15.04729541385683,14.836280338985803,14.678251136454282,14.579477201480023,14.543759253038921,14.572681961866207,14.66581751787547,14.82086092424056,15.033687043389588,15.298327983088893,15.606878008664692,15.94934250937192,16.313458118990486,16.684522925380445,17.045288146918388,17.375974160948267,17.654481796006806,17.8568708833635,17.958168212014865,17.933542505879835,17.759842547416046,17.417436716572848,16.892222904992263,16.177607013167275,15.276190753781115,14.200882570464666,12.97516512660136,11.632328572664125,10.213608760546624,8.765337351935035,7.335386240848137,5.969333479260533,4.706854801628775,3.5788290794403244,2.605534143308639,1.7961225723266099,1.1493467126818018,0.6552988071131917,0.2977906222875878,0.05694397491284009,-0.08839912753570206,-0.15873166585040696,-0.172547134884504,-0.14562452528139402,-0.09083872354031866,-0.018345851648950022,0.0640178068498804,0.15026179354358865,0.23579047131540812,0.3170299865837981,0.3911522934827585,0.4558911585202335,0.5094324599704064,0.5503573715800334,0.577618725326345,0.590534989094385,0.5887908488745962,0.5724372969501446,0.5418870527910608,0.49790313920263407,0.44157971972933796,0.3743151064566199,0.2977773540078835,0.21386318854991862,0.12465125225892107,0.03235081190082641,-0.06075279735469842,-0.15235463789232057,-0.24018714275392067,-0.32207618124521836
0.4356731842160765,0.3248961003247392,0.2060774929412451,0.08215767633611915,-0.043796908129528606,-0.1686696269223029,-0.2893708456565108,-0.40291447027208954,-0.5064919482311483,-0.5975419029584917,-0.6738136816758249,-0.7334232425590365,-0.774899982626119,-0.7972232963641844,-0.7998478269951652,-0.7827164751857689,-0.7462601771260379,-0.6913831225418838,-0.6194312735272315,-0.5321405659815128,-0.4315588807779487,-0.31993281718746736,-0.19954695964168342,-0.0725008260433492,0.059591065385794235,0.19598501623434963,0.33727539734840456,0.48591599547613634,0.646736898607077,0.8273637090543371,1.038416951554423,1.2933584388598258,1.6078698572870906,1.9987038582463812,2.4820371187414727,3.0714642166660235,3.775876706713092,4.597544953069444,5.530736489404672,6.561151707606909,7.666340881762209,8.817108661340573,9.979747506158665,11.118806331209095,12.200023069569491,13.193042955532885,14.073603751990264,14.824976199050193,15.43857608735645,15.913786715652323,16.257126215040124,16.480951907358463,16.601911940811895,16.639339117952762,16.61374377231997,16.545513523995417,16.453878001877552,16.35615343872488,16.267249362993066,16.199398462564105,16.162060056277173,16.161945331704402,16.20311611270439,16.287116149427032,16.413103038130277,16.57795874966349,16.776366797067077,17.00085413247989,17.241805970553415,17.48747192779359,17.72399196925288,17.935480083366354,18.104211225938393,18.210961137157526,18.235546871212623,18.157605794735588,17.95763024613564,17.618242965076902,17.125655818441267,16.471205190295326,15.652808931330148,14.676152215087379,13.555394774898186,12.313210458576956,10.980028033457824,9.592438123314869,8.190853650735985,6.816639327459407,5.509032736072326,4.302238823055724,3.2230724821409407,2.2894460282907163,1.5098627634216597,0.8839127127064794,0.403608222109056,0.05527975519894979,-0.1783013276214399,-0.3158906095608963,-0.37607410770393584,-0.37604748572750124,-0.33090223097585103,-0.2533613689220067,-0.15385271596547825,-0.04078955523858185,0.07905996866732262,0.2002042967860462,0.3181155217067297,0.42899558534394944,0.5296223039407362,0.617262602495089,0.6896350226768926,0.7449036423682104,0.781688446168469,0.7990809916084805,0.7966577885238867,0.7744866631274724,0.7331234443255704,0.6735977193614533,0.5973873451917985,0.5063820361551092,0.40283679577816284,0.2893162941734552,0.1686315521722345,0.04377049785176659,-0.08217588237667699,-0.20608996577528033,-0.32490459256077814,-0.43567893048976825
0.5384946554992562,0.40157441500837593,0.25471508910852386,0.10155102586718841,-0.05412749046579664,-0.20846808028038155,-0.357651657738118,-0.49798701060487555,-0.6260022337917622,-0.7385307579033976,-0.8327898476467436,-0.9064496292459208,-0.9576909335469839,-0.9852505000308163,-0.9884523560852844,-0.9672244313763141,-0.9220996326426514,-0.8542006017174664,-0.7652070832182173,-0.6573040813682672,-0.5331076353768305,-0.3955630227126626,-0.24780766448611927,-0.09298851101017692,0.06597765956670083,0.22671108917977464,0.38774667757446113,0.5489729277739227,0.7121023088577566,0.8811172062939296,1.0626090115886178,1.2659084335796176,1.502902145875976,1.7874525277416278,2.1343869459937457,2.5580966623404855,3.0708704756037033,3.6811655514094355,4.392066686529224,5.200189038665516,6.095231657170294,7.060296381999176,8.072967070140983,9.107022962548195,10.134562802351812,11.128262005422718,12.063481757674086,12.919992426365601,13.683150610596904,14.344460971664171,14.90154215994007,15.357586298826684,15.72044556423469,16.001495962049106,16.21442126568418,16.37403616432236,16.495234851942776,16.592116623209915,16.677308787220767,16.76148248299642,16.853039968332208,16.95794240391733,17.079643951511343,17.21909967971059,17.374819871957182,17.54295063437563,17.71736927516958,17.889792095049568,18.049901454320768,18.18550773022298,18.28276936595547,18.326499702889528,18.300591445583425,18.188586971910553,17.97441378517756,17.643288079859136,17.182765388234913,16.583886760774156,15.842335009243632,14.959483442403155,13.943196297383482,12.808233560636555,11.576129998300715,10.274462772559394,8.935492548328755,7.594251449998893,6.28624321146296,5.044997853080365,3.899766667734819,2.873639691884143,1.982313237381887,1.233637463600528,0.6279523353021748,0.15910013398331424,-0.18409071511180597,-0.41610412267949093,-0.5530676846245017,-0.611319410238216,-0.6063357351294498,-0.552062419668432,-0.4606169792617836,-0.34228223049847206,-0.20568945244791262,-0.058093104481445966,0.09434110981238074,0.2462861506914988,0.393066738827487,0.5305404019900695,0.6550381784206385,0.7633504524630595,0.8527421864011357,0.920983556670457,0.966384991097883,0.9878287123999713,0.9847915536435383,0.9573558528639197,0.9062067064319446,0.8326148985486891,0.7384055658543199,0.6259132091057574,0.49792409842985,0.3576074743229307,0.20843724212442477,0.05410609982518873,-0.1015657715925836,-0.25472519130277455,-0.40158129317364283,-0.5384993096114727
0.627988859834438,0.4683140080987441,0.2970484576847845,0.1184306310674693,-0.06311916846508418,-0.24310818291415717,-0.41708242812532803,-0.5807369745829061,-0.7300225542034962,-0.861245858287751,-0.971161048119795,-1.057050216484768,-1.116790808741413,-1.1489083258824768,-1.1526129739559134,-1.1278192705794647,-1.0751479326749265,-0.9959095920507182,-0.8920699320358204,-0.766195595664005,-0.6213795555869827,-0.46114345498632875,-0.289312728363983,-0.10985831411925191,0.07330294466724774,0.25655752490533945,0.4369000655514083,0.612293211789149,0.7820698295786938,0.9473476113920372,1.1114054556958792,1.2799514534421463,1.4612001805967965,1.6656791703554936,1.905706177090759,2.1945213347765495,2.545116953477185,2.968871975684376,3.474153542388231,4.0650799210198,4.740636529107223,5.494296907244626,6.3142293227955495,7.184081139771904,8.08424531683258,8.993443985165234,9.890425643633304,10.755570050617333,11.572225285423269,12.327655269798674,13.01354060118431,13.626038246708355,14.165456603527701,14.63563595057565,15.043139054758308,15.396354839431723,15.70460395184277,15.977313939189187,16.223308367145403,16.450232337932235,16.66411890311649,16.869087967608465,17.067161591683018,17.258176597244024,17.439776199158466,17.607466018222766,17.754725311827432,17.873170669490374,17.952775899662498,17.98215751641479,17.948939202610163,17.84020989436059,17.64308769466188,17.345394794310273,16.93643641916661,16.407859662140712,15.754547024389694,14.97547697813523,14.074463599650068,13.060674091081733,11.948821953106098,10.758949044432065,9.51574393897,8.247395506483691,6.984043787588703,5.755955120883685,4.591602493617195,3.5158625419431107,2.5485380938193716,1.7033765237789242,0.9876844399646296,0.4025509908337084,-0.056397035992701516,-0.39785698676598735,-0.6335182740730784,-0.7767290783726173,-0.8413234704588876,-0.8407160428163015,-0.7873077222027125,-0.6921886345458125,-0.565082198357987,-0.41445361684157217,-0.24770441501591278,-0.07138735551350575,0.10860394229954741,0.2868953975709932,0.45855005866399406,0.6190379996201724,0.7642471074619241,0.8905212398493684,0.9947129877248904,1.074240458423624,1.127140065864662,1.1521096835889926,1.1485384441256106,1.116520934857217,1.0568546292369623,0.9710202102785082,0.8611450826549117,0.7299508942026893,0.5806863343254096,0.41704686348423836,0.24308336034333952,0.06310195049865668,-0.11844250034004773,-0.2970565892404826,-0.4683195445377661,-0.6279926060672293
0.7019409437639836,0.5234631878728296,0.33202994937907143,0.13237881781165092,-0.0705492975755784,-0.27173247255330274,-0.4661920851219612,-0.6491160705273321,-0.8159780661630687,-0.9626495005981581,-1.0855018559275456,-1.1814965757749798,-1.2482603958166434,-1.2841442303498725,-1.288264144475464,-1.2605233589536544,-1.2016146475333411,-1.113002855623396,-0.9968875377258538,-0.8561458007016386,-0.6942552537685371,-0.515196406159861,-0.3233328617347289,-0.12326628939343348,0.0803383432028281,0.28296284313347064,0.4804864812897221,0.6694798921187001,0.8475385143234292,1.0136414848627229,1.1685078000846185,1.3149058065388761,1.4578583762506498,1.6046793237750432,1.7647815904567925,1.9492176427839847,2.1699472974806246,2.4388734401224044,2.766733522217674,3.1619736914847234,3.6297527606860185,4.171218187414985,4.783164667793239,5.4581329546274215,6.184942311306586,6.949587305824871,7.736380389005885,8.529194260962154,9.31265555221683,10.073161609818506,10.79962881604246,11.483925383674311,12.120985499891624,12.70863830214153,13.24721042503876,13.738973552923591,14.187509696827561,14.597059462149442,14.971905697751376,15.315829828812403,15.631663492614523,15.920945619329894,16.183685801900356,16.418228950857447,16.621213583236155,16.787616065169484,16.910874940991274,16.983092271846395,16.99531177313132,16.937875579900403,16.80086181119109,16.574602964531937,16.250279953732306,15.820578042633498,15.280379277178042,14.62745223053949,13.863085729829976,12.99260132274112,12.02567275484843,10.976382952750738,9.862962596401502,8.707180442336947,7.533392903396761,6.367304942720555,5.234539356586125,4.159148522124678,3.162223168875226,2.26075032394809,1.466845056642003,0.7874311539425731,0.2243827728971839,-0.22492559700520331,-0.566767156677937,-0.810047412730599,-0.9652698561976809,-1.04360772352349,-1.0561688327385972,-1.0134940355843316,-0.9252855363505837,-0.800327500892267,-0.6465423473630829,-0.47112196070573015,-0.2806805978125759,-0.08139057625147789,0.12092191553823137,0.3207290931567733,0.5127995134421226,0.692232925640812,0.8545206666018004,0.9956202094944081,1.1120339192417403,1.200884079373285,1.259978267215605,1.287860893491494,1.2838481171193075,1.2480444335022718,1.1813400905440883,1.0853891845414125,0.9625688824486132,0.8159207407903892,0.6490755604536932,0.46616363498280267,0.27171261561519794,0.07053552398341789,-0.13238831269010337,-0.3320364542536592,-0.5234676167720859,-0.7019439405797134
0.7585207000671691,0.5656571071601312,0.3587938583901738,0.14305045107084222,-0.0762338944245152,-0.2936323924387013,-0.5037650228536459,-0.7014317120713189,-0.8817410700754228,-1.0402314998586222,-1.1729816846280539,-1.2767077212731999,-1.3488444987247956,-1.3876093080186966,-1.3920461055410733,-1.3620493171277381,-1.298366548479298,-1.2025800291726125,-1.0770670246883813,-0.9249397499965512,-0.7499654404026573,-0.5564671020336818,-0.3492050066740772,-0.1332381929111481,0.08623582589542345,0.30406600280255724,0.5153607589096415,0.7157317838240038,0.9015686226402096,1.0703384821829436,1.2208970952025,1.3537855057790753,1.4714761072341418,1.578522125752293,1.6815615803575739,1.7891328358790006,1.9112759849344974,2.058921705397889,2.2431032079181623,2.4740611126086542,2.7603380434821796,3.1079725750724636,3.5198967293527725,3.9956172931388703,4.531222801924359,5.119712372497709,5.751598360907311,6.4157000859135636,7.100026118189688,7.792639934284654,8.482416600710387,9.15962241401921,9.816279501784123,10.446307681549134,11.04546184100867,11.611101894648316,12.141842958208237,12.637136277958662,13.09682822271585,13.520737356250995,13.908280337630837,14.258167909811688,14.568183798339794,14.835052677705322,15.0543987066813,15.220793325840136,15.32788960809372,15.36863983723725,15.335592455901626,15.221263366807037,15.018574164391092,14.721345765540782,14.324829924717276,13.826253477301936,13.225341561200798,12.524777764363321,11.730552873684385,10.852151714945073,9.902531511665831,8.897856793000496,7.85697563728977,6.800648893119773,5.750575103437974,4.728284611803825,3.7540011310675077,2.8455823146835626,2.017648406293403,1.280988377263811,0.6422981347960516,0.10426092445952007,-0.3340660216432848,-0.6766335191091694,-0.9296506910249736,-1.1008092352203258,-1.1985755327806675,-1.2316184530466459,-1.208407505762982,-1.1369830667761023,-1.0248740351069552,-0.8791221739303745,-0.7063672632400131,-0.5129512391252057,-0.30500941872594944,-0.0885291099382049,0.13063258610724884,0.34677099192459365,0.5543895186168502,0.7482793912956086,0.9236134735071343,1.076045045595009,1.2018038651786687,1.2977834614565489,1.361615111301722,1.3917252105524622,1.3873737892590907,1.3486727714648266,1.2765833027929467,1.1728921063394826,1.0401674066211337,0.8816954955461896,0.7013995060785878,0.5037424046863153,0.29361660596756256,0.07622294427849277,-0.14305799959537543,-0.35879902983123185,-0.5656606281797875,-0.7585230825659474
0.7963278635388934,0.5938515421325397,0.3766778482185292,0.1501814774777044,-0.0800321889255582,-0.3082658254542516,-0.5288711834946219,-0.7363889040235333,-0.9256836630304699,-1.0920713068999368,-1.2314348335177432,-1.34032635117697,-1.4160524944185156,-1.456741184746611,-1.461388083644408,-1.429881582029484,-1.3630056876566048,-1.262420688911707,-1.1306219622545082,-0.9708777144192449,-0.7871467614970288,-0.5839775873537392,-0.36638983342403325,-0.13973900741226405,0.09043543350568864,0.3185792659648059,0.5393113053368377,0.7476314002222721,0.9391493295138216,1.11033278703387,1.2587679967159382,1.3834197405841884,1.4848693962173627,1.5655014964192755,1.6296035852547837,1.6833432814236164,1.7345925846224872,1.7925834664077143,1.8673997186767348,1.9693349030730842,2.1081704614366523,2.292446413814578,2.528805103168616,2.821483617225701,3.172013023088353,3.5791553453451614,4.039077314960254,4.545729155639749,5.091372357727881,5.667186151295574,6.263879591241157,6.872243900342288,7.483595325101431,8.090078657310281,8.684822106420835,9.26195234584442,9.816492308675215,10.344172824971444,10.841192622677616,11.303960414383875,11.728848988392627,12.111985704029431,12.449097682997014,12.735424119401237,12.965702985546894,13.134235146985894,13.235025409474808,13.261997007093434,13.209273113762553,13.071515726611652,12.844308427353525,12.52456495747223,12.110940388661515,11.604216398546704,11.00762758114623,10.327092933770388,9.571316931000487,8.751729121588847,7.882240795311143,6.978812085951354,6.05884202722367,5.140415543945663,4.2414620898652124,3.3788969605432855,2.567824610477259,1.8208809179867398,1.1477773514667597,0.5550857515829201,0.04627158823879585,-0.37804861790194344,-0.7196776538693698,-0.9823057748368302,-1.170952238736034,-1.2914485969947562,-1.3500146994666837,-1.3529551740835148,-1.3064803423977256,-1.216635696447067,-1.0893111503020085,-0.9302962196243959,-0.7453491549013785,-0.5402547212602298,-0.32085422695762267,-0.09304028955011487,0.13728385042111327,0.36427561135339087,0.582247323341216,0.785774903247835,0.9698127202589729,1.1298074083801968,1.261804616442392,1.3625439082175084,1.4295381178306383,1.4611344040958796,1.4565550540673646,1.4159167976065032,1.34022804366112,1.2313640565591972,1.0920206666424401,0.9256476546457333,0.7363634581570132,0.5288533129567848,0.3082533526202164,0.08002353725549412,-0.15018744153893887,-0.37668193415487844,-0.5938543240770662,-0.7963297459423092
0.8144267662091126,0.6073487360480846,0.38523934433760737,0.1535954612343641,-0.08185010687864457,-0.3152705090281097,-0.5408890724468904,-0.7531222882056425,-0.9467180221979105,-1.1168855324161433,-1.2594140765087145,-1.3707771762378425,-1.448219960591938,-1.4898274279628112,-1.4945719391695846,-1.462338764534568,-1.3939290449302448,-1.2910400712539492,-1.156223317884762,-0.9928211567269498,-0.80488359588392,-0.5970666897305351,-0.3745144089374857,-0.1427256967978994,0.09259185081822184,0.3256807360399689,0.5509043829842235,0.76293014781131,0.9569246425213422,1.1287606400482886,1.275232684243201,1.394274861032466,1.4851691156335436,1.5487266627901763,1.5874196363310404,1.6054367947362478,1.6086375596881608,1.6043842182870895,1.601243133029101,1.6085613443003604,1.6359427502691264,1.6926648711233216,1.7870895524325878,1.9261259518772182,2.11480028486605,2.355974396101447,2.6502363725325027,2.9959644942556825,3.389544687579211,3.825704763584854,4.297918474905776,4.798829728001104,5.320651627345896,5.8555047581538435,6.395671973010151,6.933760586656344,7.462775304041944,7.976115028918292,8.46751324363068,8.930944866673395,9.36052279987495,9.750405451828863,10.094733121806469,10.38760692947666,10.623119498343907,10.795442165897159,10.898969236236503,10.928515705092588,10.879560889657586,10.748526401300257,10.53307289521691,10.232396141908573,9.847499497510263,9.381417303369926,8.839362779297018,8.228775319260848,7.559246407352574,6.842311035344856,6.0911024447748385,5.319881528367892,4.543466900088358,3.776605456424003,3.0333338316015204,2.3263862127582007,1.6667018662216495,1.0630758980055328,0.5219801448667735,0.04756003930538977,-0.3582087243194463,-0.695239018623629,-0.9649747507097295,-1.1700095767049015,-1.3137302200686398,-1.4000212641366683,-1.4330524312272774,-1.417152602953542,-1.3567603908893568,-1.2564311740959886,-1.1208760849630346,-0.9550090533676013,-0.763982380859961,-0.5531976670270049,-0.3282855920843952,-0.09505384843720095,0.14059324590532388,0.3727573609921733,0.5956637991412231,0.803786917790983,0.9919766551489346,1.1555803518641652,1.290555000903586,1.3935659503481275,1.462068890650372,1.4943726834109754,1.4896812545247051,1.448113402870506,1.3706999817979706,1.2593585009042125,1.1168457688572444,0.9466897479033994,0.7531023077720591,0.540875040268163,0.3152607151980851,0.08184331347617467,-0.15360014429177352,-0.38524255266723834,-0.6073509204666064,-0.8144282442964162
0.8123694943188169,0.60581466833445,0.38426648800836677,0.153207951582383,-0.08164259690780627,-0.31447299885227803,-0.5395211369492564,-0.7512175562815822,-0.9443233218551783,-1.114059701958733,-1.2562264692218872,-1.3673058931672704,-1.444549852356186,-1.4860479120621692,-1.4907746842244103,-1.4586152981185343,-1.3903683490741268,-1.2877262432963261,-1.153233401882819,-0.9902233059875171,-0.8027358333112063,-0.5954167244409033,-0.3734012923066757,-0.14218461413584296,0.09251960573638082,0.32492954967653603,0.5493536116973325,0.7603554084606607,0.9529246663623352,1.1226531078472288,1.2659137131970575,1.3800400463316627,1.463499596124164,1.516051466950961,1.538874788847993,1.5346508112867763,1.5075799377819556,1.4633160755868417,1.4088053814372659,1.3520248619918802,1.3016275375958135,1.2665133506069388,1.2553564784909923,1.2761278998817627,1.3356551387956361,1.4392582044483095,1.5904921634284412,1.791013964134811,2.0405763044567227,2.337136992694308,2.6770606357553905,3.05538214480031,3.4660991103173533,3.9024622906200657,4.357239289130247,4.8229345643089,5.291957732553291,5.756740383170016,6.209808376051041,6.6438213071494046,7.051593365724402,7.426110333663628,7.760556340067884,8.048361607119226,8.283279216197013,8.45949522935389,8.571772577526582,8.615625154415458,8.587514670657939,8.485059161399821,8.30723877632414,8.054581860908815,7.729312689718212,7.335441929001471,6.878782389058844,6.366876202143043,5.8088253664961425,5.2150254659491555,4.596811749906501,3.9660366632559096,3.3346070172310704,2.7140157757757755,2.1149064717119197,1.5467065511852034,1.0173591800952986,0.53317185176074,0.09878604756396492,-0.28274254742680816,-0.6097766857902976,-0.8818753196006824,-1.099552092181867,-1.2640476865604304,-1.377141705414347,-1.4410191377248087,-1.4581949562178722,-1.4314901795142365,-1.3640454476126975,-1.2593545705730842,-1.121300509045026,-0.9541790381820406,-0.762699782315864,-0.5519592185012319,-0.32738470666768676,-0.09465205662895637,0.1404185987050158,0.37198269449087956,0.5943006484687064,0.8018708026915691,0.9895604427580974,1.152730111515898,1.2873471163768742,1.3900847823942348,1.4584046198802771,1.4906191657077585,1.4859338351668587,1.4444666961421269,1.3672456528700123,1.2561831000103705,1.114028672013128,0.9443012577197076,0.7512019643542338,0.539510186803234,0.3144653561431267,0.08163729561120124,-0.15321160605100034,-0.384268991659057,-0.6058163729663187,-0.8123706477583694
0.7902069739378864,0.5892873216130263,0.3737833801286767,0.1490285737246291,-0.07941474417755216,-0.3058929596218384,-0.5248011275761038,-0.7307216997285072,-0.9185586180257816,-1.0836634562053946,-1.2219504885476424,-1.329997839291687,-1.4051322108174904,-1.4454950952233252,-1.4500888321717926,-1.4188013742850731,-1.3524091471495434,-1.2525579301761622,-1.1217222219367915,-0.9631440723881167,-0.7807528457722193,-0.5790678004710881,-0.36308571134229123,-0.13815598977239546,0.09015414815131442,0.31620197118444776,0.5344166911800164,0.7394501187468584,0.9263288904934229,1.0906068747542872,1.2285162948208956,1.3371155380733237,1.4144303895988333,1.4595835085673554,1.4729045264167067,1.4560106071848007,1.4118453188737181,1.3446629894043802,1.2599470692828838,1.164254820292019,1.0649868414130452,0.9700878989830461,0.8876940904703661,0.8257490632848363,0.7916173553333727,0.7917247954323985,0.831253799847909,0.9139155830551016,1.0418127230646128,1.2153956201618792,1.433506758278315,1.6934987461679154,1.9914068779804626,2.3221548418951494,2.679773088781009,3.0576126662725422,3.4485421711995965,3.8451209417972225,4.239746856110209,4.624781479597517,4.992658415842806,5.3359824032008305,5.647627007838916,5.920837866169132,6.149346577510103,6.3274978166889655,6.450389296770238,6.51402111799667,6.5154480306531415,6.452925455103296,6.326037989202909,6.1357978518964025,5.884700523645375,5.576725982269324,5.217276552448901,4.813046506200124,4.371823988835901,3.902232176747261,3.4134231279648475,2.9147436925843846,2.415397148368947,1.9241260363162742,1.4489403846692333,0.9969109749183683,0.5740399345997339,0.18521172206797742,-0.16578208651328113,-0.47615929844836974,-0.744025897148745,-0.9682404946152748,-1.148286366979136,-1.2841682292030516,-1.3763439289255033,-1.425693512985544,-1.4335210996263934,-1.4015798089272782,-1.332107269413396,-1.2278589576765326,-1.0921283885489086,-0.9287462212864137,-0.7420538873248153,-0.5368507059295001,-0.31831619325509014,-0.09191119609662679,0.13673739195659929,0.3619631044785164,0.578192333457488,0.7800777622080995,0.9626282651374943,1.1213312167330993,1.2522636425333817,1.352189135244097,1.41863795193052,1.4499682104754876,1.4454066207196405,1.4050677189863798,1.329951120403074,1.221916854048573,1.0836393913283635,0.9185415064805864,0.7307096076211675,0.5247926353400649,0.30588703242346504,0.07941063282965273,-0.14903140789764985,-0.3737853218006328,-0.5892886436168934,-0.790207868472112
0.7484877108635917,0.5581757420567715,0.35404948532752356,0.14116079143509852,-0.07522164334796241,-0.28974267663681474,-0.49709326048632946,-0.6921418433462029,-0.8700613819560244,-1.0264488204863613,-1.157434080792037,-1.2597758673737698,-1.3309419171075103,-1.3691717088985806,-1.3735200825770415,-1.343880688732996,-1.2809886899002538,-1.1864026457602883,-1.0624660273105526,-0.9122493028937267,-0.7394740073462576,-0.5484206278031619,-0.34382249793680525,-0.1307481673521008,0.08552511487794806,0.2996441105003569,0.5063158784479069,0.7004452126975467,0.8772710842540791,1.032500231749917,1.1624362457695185,1.2641024693502567,1.3353566598373272,1.3749945379263249,1.3828380968367808,1.359803008229487,1.3079379522085244,1.2304276608804603,1.131551396659794,1.016589915830037,0.8916769133822582,0.7635954032856156,0.6395249889707915,0.5267517353345272,0.43235740610148865,0.3629082502666798,0.3241646236855874,0.32083123746389364,0.356363927073321,0.4328431567671842,0.5509179225020804,0.7098172953281121,0.9074214520193373,1.1403803050227705,1.4042660602368893,1.6937461431140035,2.0027646036043265,2.324722823828135,2.652653532788135,2.979385243284005,3.297696841657407,3.6004639019546927,3.8807992342642077,4.1321902164082225,4.3486347048395135,4.52477594988858,4.65603516909564,4.738738497591398,4.770233180922404,4.74898634590067,4.674658710363903,4.54814538002732,4.371576591889814,4.148272988292237,3.8826527282919745,3.580091313415375,3.2467391203208846,2.889305842779268,2.5148247875437084,2.1304126413909463,1.7430413903557698,1.3593381658889347,0.9854258390564385,0.6268124542636533,0.28833170630360533,-0.025869498480392883,-0.312305801935214,-0.5681037045322093,-0.790942240147357,-0.9789979761265377,-1.1309052833257585,-1.2457383159429072,-1.3230160625484102,-1.3627271208944691,-1.3653672768332,-1.3319809802047404,-1.2641974877289193,-1.1642535412502548,-1.0349965156350915,-0.8798644805764128,-0.702842105415284,-0.5083934618647363,-0.30137437451287774,-0.08692800546725765,0.12963209137990647,0.3429470309232076,0.5477414230883568,0.7389518281051496,0.911850995010869,1.0621643695258864,1.1861757156300403,1.2808190775565194,1.3437547183091128,1.3734271096493462,1.3691035163235392,1.3308922100319036,1.2597398589890332,1.1574081572042205,1.0264302726443604,0.8700481933525209,0.6921325234405159,0.4970867151561584,0.28973810829115354,0.0752184745560571,-0.1411629758536227,-0.3540509818572535,-0.5581767609817672,-0.7484884003194281
0.6882442159820295,0.5132499163313674,0.3255532110438083,0.12979934721988765,-0.06916703393004102,-0.2664218003790148,-0.45708320119199847,-0.6364326912267945,-0.8000317188026619,-0.943831586516146,-1.0642736669177064,-1.158377493579162,-1.223814548265562,-1.2589659190371738,-1.2629624033641205,-1.2357060648148808,-1.1778727107375198,-1.0908952300431607,-0.9769282026639109,-0.8387946530459258,-0.67991625636314,-0.5042287048119776,-0.31608428868341704,-0.1201440287027237,0.07873810197017578,0.27563621898456003,0.46567617845474996,0.6441592854718706,0.8066836988755968,0.9492614275801552,1.0684290782663803,1.161350710646587,1.2259111953271167,1.2607982686883514,1.2655709943795732,1.2407115967062452,1.1876567465544365,1.1088035741803786,1.007485248369496,0.8879112087907903,0.7550683155064953,0.6145813870284116,0.47253472713969275,0.3352599559771586,0.2090992429896196,0.10015627909998509,0.014049450880853409,-0.044317717136509005,-0.07095485668691537,-0.06294039827005327,-0.018526921510191974,0.06280710464213834,0.1803582324316224,0.3322469593725115,0.5155073488017774,0.7262085398110989,0.9595990223310162,1.2102652189789247,1.4722972617045342,1.7394565316874997,2.0053412162000486,2.2635475601027677,2.5078254751325826,2.73222763646961,2.9312511523217206,3.0999704218547697,3.234159038091726,3.3303977188255445,3.3861644496783985,3.3999024868856185,3.3710617611087663,3.3001096769457883,3.1885083869166095,3.03865732735847,2.853802038270155,2.6379128524739337,2.3955396436473784,2.1316511157901603,1.8514687285217932,1.5603059574617137,1.2634229740706184,0.9659049560941216,0.6725692802286609,0.3879031831634572,0.11602964537324631,-0.139304138709677,-0.3747237328409141,-0.5872189058303129,-0.7741380644692455,-0.9331922879159594,-1.0624727103738698,-1.1604817203529094,-1.2261753530661352,-1.2590118517556,-1.258999980891217,-1.2267403779854757,-1.1634539089285343,-1.0709923737003784,-0.9518286609669153,-0.8090252548424062,-0.6461816135995948,-0.46736222756179646,-0.27700807723375154,-0.07983478006311034,0.11927899808308864,0.31540920511929965,0.5037065255708696,0.6795154844526532,0.8384892417163119,0.9766970179611257,1.090721361540508,1.1777427753012777,1.2356095686526898,1.2628911862528287,1.2589136843856625,1.2237764735154937,1.158349911861751,1.0642538099796015,0.9438173792549005,0.8000216166084112,0.6364255523745638,0.45707818760652114,0.26641830112218917,0.0691646067020036,-0.12980102043859126,-0.32555435735414473,-0.5132506968065101,-0.6882447440907171
0.6109674520464583,0.4556217156498332,0.28899982049450995,0.11522544337423668,-0.061400731826479864,-0.23650745414649166,-0.4057610930124978,-0.5649728959178559,-0.7102026621525455,-0.8378562671900097,-0.9447746246039298,-1.02831188438382,-1.0864009329931525,-1.117604574867389,-1.1211511294919914,-1.0969535639409465,-1.045611688208192,-0.9683973596615197,-0.8672230629534973,-0.7445946420105742,-0.6035493505116444,-0.447580745804926,-0.28055226777963355,-0.10660160813342173,0.06996182375463836,0.24476390443816196,0.41347478924385567,0.5719174537609394,0.7161734672929789,0.8426838776760596,0.9483433295308188,1.0305857864051855,1.087460427628708,1.1176963844653325,1.120754918358973,1.0968674064426682,1.0470571136341584,0.973142284566896,0.8777177293109589,0.7641119901894218,0.6363175490924105,0.49889250166609134,0.35683372372249644,0.21542369157951155,0.08005556186767342,-0.043956466727038096,-0.15157247519728018,-0.2382175321229214,-0.29995721485558874,-0.333648162195021,-0.3370556398472845,-0.30893258771314347,-0.24905748346617007,-0.15823122250470778,-0.03823574124750406,0.10824094797988981,0.27770741223654927,0.46599272858901286,0.6683853706470966,0.8797812691269696,1.094836045701038,1.3081172542132777,1.514253198971764,1.7080754378300316,1.8847523802688169,2.0399114771884577,2.169747436420013,2.271113785746907,2.3415950592951447,2.3795570176553014,2.3841727218490973,2.355423025048903,2.2940711323755396,2.2016122567002974,2.080200952825093,1.9325602730406766,1.7618782446367385,1.5716981056726094,1.3658090584774323,1.148143888825756,0.922688634347097,0.6934076749351739,0.4641853898703089,0.23878320423027244,0.02080879493490674,-0.18630721929956037,-0.37933238029925564,-0.55525622612248,-0.7113206114554447,-0.8450584557169901,-0.954340774419683,-1.037429852541033,-1.0930348358219506,-1.120365063261722,-1.119176220222902,-1.0898048014839103,-1.0331872817949834,-0.9508615915715961,-0.8449497806236898,-0.7181219554950614,-0.5735425878607796,-0.4148010657332735,-0.2458288985984349,-0.07080632533265474,0.10593874490400088,0.28003646052900993,0.4471824379220654,0.6032439391820278,0.7443620215256582,0.8670470265559681,0.968264985611981,1.0455127693862687,1.0968801046726875,1.1210969151720225,1.1175648113084902,1.0863719487311798,1.028290887931738,0.944759508611766,0.8378454519876467,0.7101949719113103,0.5649674615050149,0.4057572764475755,0.23650479035610322,0.06139888411222765,-0.1152267171029501,-0.2890006931170705,-0.45562230978232576,-0.6109678540663481
0.5185699342836135,0.38671737855091143,0.2452939786689882,0.09779978319416716,-0.05211492063107372,-0.20073994958008853,-0.3443970502545,-0.47953093563523563,-0.6027972795803437,-0.7111454918182794,-0.8018942252212721,-0.872797747075264,-0.9221015322357361,-0.9485857028718737,-0.9515952403461699,-0.9310562221977049,-0.8874776830735657,-0.8219390541885114,-0.7360634926124988,-0.6319777604192159,-0.5122596455751083,-0.37987422270206983,-0.23810052408269444,-0.09045042140122948,0.059418300972645596,0.20779257698590012,0.3509962297741979,0.48548152523113086,0.6079180270085071,0.7152768122941144,0.8049083017505103,0.8746121841103156,0.9226981464635198,0.9480363188012421,0.9500964687925543,0.9289750119922292,0.8854088264206825,0.8207747029347643,0.7370730852552279,0.6368946505828817,0.5233683666218011,0.40009004031389644,0.2710311178652586,0.14042861080922073,0.012658434705209234,-0.1079039972068931,-0.21703059336137492,-0.31078828960084925,-0.38568041816198445,-0.43877445340538196,-0.4678094567489065,-0.47127776069168714,-0.44847710495559523,-0.3995313563671362,-0.3253798805939261,-0.22773738288504108,-0.10902744404322906,0.02770603594189458,0.1789047225723277,0.3406141306286121,0.5086095107812318,0.6785248683097337,0.8459810604302533,1.0067093477634979,1.1566671676892955,1.292143238353587,1.4098494085833346,1.5069969805306473,1.5813555996917805,1.631293280819508,1.6557967536326146,1.6544720789977354,1.6275263807696077,1.5757325005748357,1.5003793191898673,1.4032112826817844,1.2863612023298123,1.1522805589730822,1.003671269004013,0.8434221548318599,0.6745522730058232,0.5001619244927245,0.32339079415948546,0.1473814544841156,-0.02475437924632086,-0.1899697948953282,-0.34531955805372677,-0.48800189565160484,-0.6154060363999238,-0.7251650390907647,-0.8152121637141306,-0.8838380079231714,-0.9297449860312808,-0.9520955320251291,-0.9505506423525046,-0.9252959531122957,-0.8770533465295987,-0.8070769727826528,-0.7171334430492727,-0.6094667191949598,-0.48674885346257746,-0.35201820886757035,-0.2086071308602113,-0.06006126699324266,0.08994713103430872,0.2377095188790021,0.379572564917402,0.5120284608723217,0.6318017240216874,0.7359302955722017,0.8218389013317482,0.887402844774774,0.9310006465932027,0.9515542248263972,0.9485556200936384,0.9220796044746494,0.8727818624238551,0.8018827893746349,0.7111373096902289,0.602791461609112,0.4795268242873362,0.34439416287244756,0.2007379343174889,0.05211352276229187,-0.09780074682022727,-0.24529463884240735,-0.386717828035599,-0.5185702384275325
0.4133383980445385,0.3082422134196402,0.19551736331453498,0.07795364456282054,-0.041539394475452504,-0.16000446360999243,-0.2745097226385373,-0.38222134403285335,-0.4804736508435566,-0.5668350942253919,-0.639168437993742,-0.6956836610407604,-0.7349822687149152,-0.7560919169372021,-0.7584904926241817,-0.7421190549724792,-0.707383317863508,-0.6551436372315702,-0.5866937516542313,-0.5037288025727189,-0.40830342543467757,-0.3027809479061932,-0.18977494969457295,-0.07208462443891869,0.047374467986458446,0.16564256555087248,0.2797890337843723,0.3869851034209311,0.4845743034616135,0.5701389735602751,0.6415613825079483,0.6970781592258277,0.7353269436664555,0.7553843666601272,0.7567946461959206,0.7395882202572083,0.7042899078776664,0.6519160995356476,0.5839604441940941,0.5023674637992529,0.40949354540354654,0.30805490250825623,0.20106241917789716,0.09174382615593535,-0.016545599247350364,-0.120421722647934,-0.21657659560008702,-0.3018859418405012,-0.3735145122654292,-0.42901439668788655,-0.4664114439542474,-0.48427542367103327,-0.48177041969203876,-0.45868308366163457,-0.4154276695198379,-0.353028080242719,-0.27307836183949286,-0.17768408189255258,-0.06938777478834046,0.04891789268403246,0.17408536553037562,0.30281198285797745,0.43174058747569954,0.5575575251332895,0.6770849406920402,0.7873646694584041,0.8857314483239926,0.9698736348212822,1.037880130512452,1.0882727649573458,1.1200240061355085,1.132560506693522,1.1257536395713588,1.0998987717440136,1.055685509814706,0.9941614623796233,0.91669214733845,0.8249194959567537,0.7207209713554941,0.6061706690692937,0.4835029825374242,0.3550786082405113,0.2233519583877241,0.09083855970088751,-0.039919170181137296,-0.16638922622321464,-0.2860913905603902,-0.39664296473199157,-0.4958083211752795,-0.5815509244096583,-0.6520858001676207,-0.7059299906195471,-0.7419483726397119,-0.7593923313606424,-0.7579291290451369,-0.7376603190145886,-0.6991281466829817,-0.6433094823729395,-0.5715973888766062,-0.4857709077874417,-0.3879540398025875,-0.2805651977783164,-0.1662586380201873,-0.04785953833682163,0.07170549751946692,0.18948066205179234,0.3025540177759439,0.40812955693202363,0.5035964285231808,0.5865935987974681,0.6550683335279694,0.7073270488531989,0.7420772694347948,0.7584596544682248,0.7560692987698715,0.7349657820253854,0.6956717179499761,0.6391598397981887,0.5668289423823154,0.48046927652366783,0.3822182528606791,0.27450755172153934,0.16000294840772605,0.04153834346902471,-0.0779543690780228,-0.19551785967479132,-0.30824255137074263,-0.4133386267192309
0.2978772049207956,0.2221383943220072,0.14090189501567987,0.05617820683044445,-0.029935870156320512,-0.11530913029540091,-0.19782870896443136,-0.2754523757894772,-0.3462590804374505,-0.40849650020404676,-0.4606244128572792,-0.5013528215529387,-0.5296738885565214,-0.5448868877695834,-0.5466155588717917,-0.5348174339731111,-0.5097849063639235,-0.47213801532922794,-0.4228091259847659,-0.3630198835997109,-0.29425101288342403,-0.21820570941866574,-0.13676752829213587,-0.05195380983371947,0.03413420953233424,0.11936337530038052,0.20162141056502972,0.2788692479789905,0.34919164260281516,0.41084487240718065,0.4623004295273504,0.502283731411089,0.5298070291172261,0.5441958492539243,0.5451084626826093,0.5325480123626651,0.5068670415544219,0.4687642345161236,0.4192732166070697,0.35974327309297083,0.29181186188429376,0.21736884989650024,0.13851253301291405,0.057497736169820894,-0.023323353352146813,-0.10156650021396468,-0.17488522564693407,-0.24104289707112517,-0.2979844158583756,-0.3439044797359262,-0.3773092694280188,-0.39706853100428596,-0.4024554015240833,-0.3931719268755802,-0.36935898913832765,-0.33159021973360664,-0.28085034172538736,-0.2184991841800133,-0.14622328393570455,-0.06597749741808634,0.0200806284726896,0.1096608282886736,0.20041154538848485,0.28999007283200556,0.3761289193301616,0.4566962484899165,0.529748639288685,0.5935748620177085,0.6467298425553368,0.6880584836735981,0.7167095064079685,0.7321399430757869,0.7341113264086121,0.722678942983329,0.6981757209029296,0.6611923753243625,0.6125553279568773,0.5533036539028565,0.48466591910040324,0.40803730356908613,0.32495692549752353,0.23708486191255054,0.14617807120849222,0.054064311567532386,-0.037386760227508746,-0.12629584363222118,-0.21080970727252685,-0.28913995388547864,-0.35960391866351415,-0.42066634372473893,-0.4709801659359477,-0.5094246167019125,-0.5351388656676025,-0.5475496251018923,-0.5463914298299355,-0.531718672921033,-0.5039088655109282,-0.4636569642851779,-0.4119609483793753,-0.3500991168541178,-0.27959981613904705,-0.202204497587779,-0.11982515473947702,-0.03449730411445167,0.05167024315382744,0.13654751638668924,0.2180360970749305,0.2941210774471812,0.3629209647777877,0.42273428768597426,0.47208174631891875,0.5097428609545505,0.5347862110450954,0.546592516069989,0.5448699870976117,0.5296615694309043,0.5013438974801746,0.46061798814525656,0.40849190344660075,0.34625581187433346,0.27545006601525185,0.19782708681987246,0.1153079981115755,0.02993508482719037,-0.0561787482000103,-0.14090226590415214,-0.2221386468445782,-0.2978773757902523
0.1750438879597024,0.13053689465888585,0.08279924889336117,0.03301239513779365,-0.017591509307895357,-0.06776008975370103,-0.1162517502263679,-0.1618664032179967,-0.20347517265809453,-0.24004833512447551,-0.27068080793469995,-0.2946145534984703,-0.31125734565867447,-0.32019743381404087,-0.321213742169095,-0.31428135198191925,-0.2995721314388307,-0.27745049788367915,-0.24846441758922416,-0.21333186608685245,-0.1729230843332918,-0.12823906987558892,-0.08038683504466514,-0.030552043655955253,0.020030298422417218,0.07010637701484461,0.11843457838459459,0.1638162163240873,0.2051252344703674,0.2413361752770742,0.27154976190519275,0.29501551248548463,0.311150894291183,0.31955662308609156,0.3200278132797442,0.31256077931175136,0.29735536962948417,0.27481277515345953,0.24552879150385518,0.21028253152471932,0.1700205917000662,0.12583668927395603,0.07894682674307071,0.030660127304507387,-0.01765436612636443,-0.0646044200750775,-0.10881408711616652,-0.148964844827169,-0.18383701331954608,-0.21234981922466992,-0.23359831981359674,-0.24688537580756842,-0.25174698468305917,-0.24796955773883395,-0.2355981241169702,-0.2149349373417553,-0.18652849842501015,-0.1511535446562775,-0.1097830389680724,-0.06355359432914598,-0.013726056145794807,0.03835686883480634,0.09131400645727675,0.14376827360775124,0.19438671465227603,0.241916581972739,0.28521634001524226,0.32328082553673265,0.3552601689967546,0.3804724518476472,0.3984104197261379,0.40874286977217456,0.41131155976699796,0.4061246285399063,0.39334755775492725,0.3732926399849524,0.3464077533622686,0.3132649980728945,0.2745494554902864,0.2310480267507087,0.18363803778185153,0.13327510303434112,0.08097965136842791,0.027821549950525173,-0.02509758808387398,-0.07666458142217603,-0.12577721007230525,-0.17136864708990715,-0.21243305960232894,-0.24805143210094857,-0.27741654373141494,-0.2998560103556405,-0.31485237383216447,-0.32205936627782,-0.32131367103140396,-0.3126417190336502,-0.29626127745649256,-0.2725777909224927,-0.24217561555550543,-0.2058044391851704,-0.16436130806213683,-0.11886878421061045,-0.07044984121369012,-0.02030017230661325,0.030341365417698194,0.08022341269011184,0.1281130994517052,0.1728265881711003,0.21325840681859373,0.24840884198472207,0.2774087123459946,0.299540908510815,0.3142581658710614,0.32119663062389964,0.32018488340809115,0.3112481975013335,0.29460792650075496,0.27067603695712894,0.24004492158213706,0.20347274543005714,0.16186468798455814,0.11625054562526098,0.06775924899639509,0.01759092612415002,-0.03301279715768415,-0.08279952431435354,-0.13053708218161114,-0.1750440148469983
0.04787843116086001,0.035704748227278864,0.022647402476623137,0.009029543025658776,-0.0048118109326902156,-0.01853411168115994,-0.031797761586803516,-0.044274518995529845,-0.05565562345555293,-0.0656594392754544,-0.07403842836147895,-0.0805852798980767,-0.08513804532376289,-0.08758415169336707,-0.08786319429681803,-0.0859684396348147,-0.08194700178299152,-0.07589868801570099,-0.0679735424920765,-0.05836814901040447,-0.04732078450671313,-0.035105543336634376,-0.022025577709213477,-0.008405621267425662,0.005416019874743124,0.019095811867924816,0.03229346973666917,0.04468036057436799,0.055947632697474936,0.06581388100567717,0.07403217578767206,0.08039630483110873,0.08474610585690794,0.08697179615414896,0.08701723614067686,0.08488208996525723,0.0806228653885151,0.07435282358552445,0.06624074512670591,0.05650852161462531,0.045427517053221775,0.03331361646645884,0.020520862147444047,0.007433582299398635,-0.005543046166620526,-0.01799398209211105,-0.029506715953282525,-0.03968479126061833,-0.048161998566913555,-0.05461662757126541,-0.058785031971995395,-0.06047368567131295,-0.05956890592017774,-0.056043498017023255,-0.0499597351683137,-0.041468313099851585,-0.03080319010565106,-0.018272512051688942,-0.004246099494383218,0.010859786114967775,0.026599499527388257,0.04251588716763871,0.05815794837445051,0.07309730060827198,0.08694258858105335,0.09935115749797935,0.11003753336561757,0.11877850048870581,0.12541481863979106,0.12984986060463105,0.13204565637323373,0.13201698658434316,0.12982426161199123,0.12556594531254406,0.11937123152935486,0.11139356189497532,0.1018053979220264,0.09079444858192265,0.07856133154915136,0.06531843932960157,0.05128961639149533,0.036710150539759207,0.02182655271282905,0.006895644968824445,-0.007817413391627781,-0.022042375942064502,-0.0355084733197343,-0.047950157650315184,-0.059113749023666846,-0.06876460455340841,-0.07669437955233288,-0.0827279483839407,-0.08672959154716448,-0.08860812333623322,-0.08832071764438834,-0.08587527616430603,-0.08133126439939241,-0.07479901117435676,-0.06643752469099022,-0.05645092306439576,-0.04508361155833807,-0.03261436472528032,-0.019349491416453184,-0.005615275633352234,0.008250102750773878,0.02190495601290853,0.03501257040893909,0.04724956739542125,0.058313934690435776,0.0679325269723038,0.07586784985974424,0.08192395898118895,0.0859513280896194,0.08785056583651392,0.0875748893924403,0.08513129391016917,0.08058038912064727,0.07403490734182264,0.06565692005387896,0.05565383214183038,0.04427325313952158,0.031796872581543775,0.01853349119553791,0.004811380538417791,-0.009029839719555849,-0.02264760573952024,-0.035704886620551234,-0.0478785248047001
-0.08047196649420409,-0.06001105708142747,-0.038064952348565294,-0.015176796579771426,0.008086949814694313,0.031150529008816052,0.05344313440104099,0.07441303649958175,0.09354123639549186,0.11035430884583766,0.12443611703210908,0.1354381089691885,0.1430879406273619,0.14719621222619902,0.14766115084091316,0.14447112327475925,0.13770491683889738,0.12752978091689118,0.11419727760971264,0.09803704399001628,0.07944862020323369,0.05889154556399818,0.036873967733659765,0.013940046982158248,-0.00934353245047915,-0.032401609468868074,-0.05466480296886362,-0.07558362369648419,-0.09464208879151534,-0.11137049724797903,-0.12535704287040725,-0.13625796694621228,-0.1438059852871128,-0.1478167631186759,-0.1481932563261082,-0.144927788855173,-0.13810179385597812,-0.12788321063154898,-0.11452160036061487,-0.09834111971038013,-0.07973157020313267,-0.059137818144459856,-0.03704794891775883,-0.013980573146756823,0.009528266890464002,0.03293814038318443,0.055716801061455275,0.07735193300829901,0.09736180062849711,0.11530463909386843,0.1307867294984478,0.1434691993759837,0.1530736608377532,0.15938683558781824,0.16226431395609645,0.16163355545404884,0.15749616865556637,0.14992942051228494,0.13908683429997554,0.1251976564993292,0.10856491961267117,0.08956181040141936,0.06862607701235217,0.046252274745253945,0.02298175485147661,-0.0006095643323499322,-0.023925450694170063,-0.04636528334705418,-0.06734114576623976,-0.08629545556599781,-0.10271840708112198,-0.11616445640485286,-0.12626708448385227,-0.13275113444255907,-0.13544213160993215,-0.1342721506905407,-0.12928198142478223,-0.1206195456742873,-0.10853471717065466,-0.0933708726692272,-0.0755536452111647,-0.05557744663199852,-0.03399037343183436,-0.01137811007251189,0.011652595287561239,0.03449037377026803,0.05653516840875586,0.0772133081623554,0.09599144703301683,0.11238914946803932,0.12598994480075532,0.13645070147886756,0.14350919103937684,0.14698972792049697,0.14680678950069562,0.14296654500868178,0.1355662540125221,0.12479153503010955,0.11091155086070106,0.09427220703464904,0.07528751046591951,0.054429284209257515,0.0322154787896218,0.009197359012372864,-0.014054123877468558,-0.03696244223734431,-0.05895973813903937,-0.07950085485474488,-0.09807680754891507,-0.114227360387948,-0.1275523990842218,-0.137721817510869,-0.1444836736807089,-0.14767041314183996,-0.14720300562866892,-0.14309289242811452,-0.135441696092803,-0.12443869951166264,-0.11035615656008987,-0.09354255022827501,-0.07441396493724248,-0.05344378643883856,-0.031150984101824753,-0.008087265485867684,0.015176578970670986,0.03806480326610453,0.06001095557736602,0.08047189781145718
-0.2068307804747164,-0.15424166437790582,-0.09783525254677626,-0.03900754083873312,0.020785549467212117,0.08006420364692117,0.13736133671843054,0.19125890142412014,0.2404229823850445,0.28363680783679013,0.31983086188390336,0.3481093519581228,0.3677723763589408,0.3783332431616434,0.37953051176503844,0.3713344589498076,0.3539478092975734,0.3278007117666723,0.2935400866216701,0.2520136062472541,0.20424870619701824,0.15142714584947561,0.0948557482268382,0.035934043156146414,-0.023880385314195125,-0.08310798936868194,-0.14028389207140632,-0.1939941587256823,-0.24291080595857592,-0.28582468005320716,-0.32167538776404614,-0.34957753444415074,-0.36884261403431867,-0.3789960012148857,-0.379788615461703,-0.37120295739000025,-0.3534533570351602,-0.32698041893909435,-0.2924397972483337,-0.25068558233161486,-0.20274872503539665,-0.14981106130473248,-0.0931756235036012,-0.03423402985102061,0.025568175675711815,0.08476730889592379,0.1419175135538505,0.19562598478972695,0.24458656966592685,0.28761094460610775,0.32365667027392614,0.351851539146593,0.3715137507657228,0.3821675660486517,0.3835541987529692,0.3756377956687549,0.3586064370047787,0.3328681573223339,0.29904205005260254,0.25794458104119294,0.21057130453904782,0.1580742532102913,0.10173536452886205,0.042936409182334226,-0.016874000241372082,-0.07621562558403401,-0.13361323729211616,-0.1876337597834294,-0.23692294430933045,-0.28024053990539,-0.3164929260289836,-0.34476220721652584,-0.36433085250216524,-0.37470108886354253,-0.37560842342467826,-0.3670288650479493,-0.3491796311477776,-0.3225133473452831,-0.2877059629847704,-0.24563880271457667,-0.19737534385356612,-0.1441334449736749,-0.08725385056544642,-0.028165860840434043,0.031648911565056476,0.09069376957344227,0.14749422953497665,0.20063450296475427,0.24879231650082126,0.290771274607484,0.32553002936226516,0.35220759206415203,0.37014420370387496,0.378897276529131,0.3782520271260537,0.36822654156500384,0.34907114298266395,0.3212620682653994,0.2854895993701433,0.24264093207438014,0.19377819641131094,0.14011216481143737,0.08297229255666977,0.023773827592763447,-0.03601719937020541,-0.09492024005794858,-0.1514768529250818,-0.20428678094708605,-0.2520425905092272,-0.29356201438275675,-0.3278171984562021,-0.35396012842319047,-0.3713436071071486,-0.3795372631786322,-0.37833819496239596,-0.36777598579185344,-0.34811196665985183,-0.31983274428731917,-0.2836381546600838,-0.24042394005509216,-0.19125957817457892,-0.1373618119973828,-0.08006453537021875,-0.020785779564094685,0.039007382220589616,0.09783514387860394,0.15424159039025642,0.20683073041095615
-0.32807077592090783,-0.24465497412474804,-0.15518425046644893,-0.061872903373933356,0.032969716986627894,0.12699636216675037,0.217879976740065,0.30337128973787214,0.3813544808640272,0.44989954377799674,0.5073100504715824,0.5521651345747141,0.5833546544924033,0.6001066660579897,0.6020065247104052,0.5890071443556243,0.5614301589286488,0.5199579578166456,0.46561679216514235,0.39975137007875816,0.323991569377824,0.24021209167055876,0.15048605622064556,0.057033682110471516,-0.03783267118800974,-0.13176574452358086,-0.22244148418223766,-0.30761657299214334,-0.3851839629909914,-0.45322503438384776,-0.5100570885915562,-0.5542749981004575,-0.5847859797241807,-0.6008366272480179,-0.6020315301462121,-0.5883430125947691,-0.5601117464738841,-0.5180382183725166,-0.46316525854124657,-0.39685206396137324,-0.320740362802606,-0.2367135680529425,-0.146849948512457,-0.05337100020677966,0.041413674571992715,0.13516358452869348,0.22556521688121647,0.31038910013007387,0.38754463952563556,0.4551313748462032,0.5114854183217629,0.5552199694187462,0.5852589661580063,0.6008631126002927,0.6016477122848343,0.5875919318383336,0.5590393131231258,0.5166895431092374,0.4615816764451932,0.3950691857481163,0.31878738863416267,0.23461396798187875,0.14462346166270404,0.05103674769094442,-0.04383331310446774,-0.1376387969187067,-0.22805482535790458,-0.31283742425904126,-0.38987966626678194,-0.4572646423906732,-0.5133138634766504,-0.55662979333869,-0.5861313600615794,-0.6010814769607575,-0.601105823632138,-0.5862023820813985,-0.5567414832133665,-0.5134563843907486,-0.4574246588889846,-0.39004092341080954,-0.3129816525584898,-0.22816302352999243,-0.13769289669995802,-0.04381816651032434,0.051131187919798336,0.14479996105530304,0.23486606647103528,0.3190979485040495,0.3954096691511965,0.4619123387638929,0.5169606471503068,0.5591933675865022,0.5875668486008252,0.6013806750419949,0.6002948677227642,0.5843381957477768,0.5539073925695734,0.5097572903580901,0.45298211156987184,0.3849883757431861,0.3074600877612522,0.22231706570198437,0.13166743700773098,0.03775547674813796,-0.057093922407729585,-0.15053277510925836,-0.24024810005529446,-0.32401915109523394,-0.39977236653084036,-0.46563267681655124,-0.5199699009074299,-0.5614390830014129,-0.5890137713533398,-0.6020114154878347,-0.6001102531816043,-0.5833572691941322,-0.5521670286853091,-0.5073114140994917,-0.4499005194274332,-0.3813551746077772,-0.30337177998125214,-0.21788032103589364,-0.12699660246972838,-0.03296988367062783,0.0618727884696974,0.1551841717463662,0.24465492052751017,0.3280707396543243
-0.4411914030146982,-0.3290133608030854,-0.2086926233717481,-0.08320699060964788,0.044337911880327,0.17078549320732112,0.2930063188853689,0.40797556035396226,0.512847855518582,0.605027727573131,0.6822338192884837,0.7425553530058652,0.784499418972706,0.8070279216405932,0.8095832694926177,0.7921021725468894,0.7550172060001283,0.6992461012466655,0.626169029241307,0.5375944383530548,0.43571429212662244,0.323049814720296,0.20238908673009923,0.07671803582794398,-0.05085346985532724,-0.17716859642678257,-0.29910168184521774,-0.41363560243377107,-0.517936453257724,-0.6094236936792654,-0.6858340214543404,-0.7452773937144941,-0.7862838072378101,-0.8078396787614606,-0.8094129231007553,-0.7909661062146075,-0.7529573452790741,-0.6963289311365378,-0.6224839528334803,-0.5332515019698173,-0.4308413189892875,-0.31778900730572135,-0.19689317759738412,-0.07114608750733864,0.056340494199896604,0.1824123499807566,0.30395088079179505,0.41795023405299914,0.5215915760012366,0.612312669886059,0.6878710464068846,0.7463992207231575,0.786450615690677,0.8070350870782342,0.8076432062191132,0.7882587315510917,0.7493589857613094,0.6919031432782637,0.6173087177970743,0.527416816169749,0.4244469886089512,0.3109427512890403,0.18970908169516315,0.06374338499181492,-0.06383840337047761,-0.18987878232713673,-0.31125682968316937,-0.42496559242325516,-0.5281867902087996,-0.6183609508457241,-0.6932511986681048,-0.7509990685031904,-0.7901709159854006,-0.8097937342967227,-0.8093794609334365,-0.7889371573601995,-0.7489727599343916,-0.6904764223412104,-0.6148977881720228,-0.5241098380420139,-0.42036224065136385,-0.30622539459789705,-0.18452657205139966,-0.05827976238603135,0.06938903956202555,0.19531925197613137,0.31639392272898703,0.429616820647111,0.5321865078095444,0.6215655739460987,0.6955433319276324,0.7522904323400349,0.7904040519401154,0.8089425410747916,0.8074486735577682,0.7859609228036851,0.7450124832802985,0.6856180591399688,0.6092487445812114,0.5177956154164377,0.4135229310476388,0.29901210355664626,0.17709781946823644,0.05079789425082515,-0.07676140503946077,-0.20242272122916852,-0.32307573830811126,-0.43573414906472596,-0.5376095543452191,-0.6261804650879442,-0.6992546994422189,-0.755023630712151,-0.7921069435244604,-0.809586790512274,-0.8070305041201468,-0.7845013013761218,-0.7425567166337744,-0.6822348010057496,-0.6050284299728771,-0.512848354965838,-0.4079759132951036,-0.2930065667544226,-0.17078566620875424,-0.04433803188121549,0.08320690788658928,0.20869256669876285,0.32901332221680135,0.44119137690528015
-0.5433930570535724,-0.4052290514729852,-0.2570360999258678,-0.10248180682604377,0.0546087872021326,0.2103478704928348,0.3608810789718299,0.5024828869412568,0.6316488091891997,0.7451821325098831,0.8402730301074111,0.9145681008667991,0.9662286124452734,0.9939760066999341,0.9971235412061349,0.9755932837329323,0.9299180390363609,0.8612281602371872,0.7712235711387059,0.6621316918543176,0.5366523089961874,0.3978907547913817,0.2492810488444372,0.09450090469465425,-0.06261929532518243,-0.21819130411710008,-0.368365246364846,-0.5094249057360869,-0.6378797043202722,-0.7505510976819124,-0.8446512470361563,-0.9178520210864557,-0.9683426192724227,-0.9948743896408224,-0.9967917313163649,-0.9740483157915137,-0.9272082244909636,-0.8574319733580796,-0.7664477693839049,-0.6565087098632894,-0.5303369837199917,-0.39105645688965357,-0.24211531246461782,-0.08720066382667774,0.06985274100464117,0.22515745832356346,0.3748695749445047,0.5152838342791212,0.6429253037395092,0.7546353132439861,0.8476495400181535,0.9196663133737856,0.9689034591945171,0.9941422906731431,0.9947576716642129,0.9707334234179964,0.922662705699979,0.8517333705869579,0.7596986529688933,0.6488339177220099,0.5218805218322813,0.38197816308728527,0.23258736844894376,0.07740401850269965,-0.0797319963618951,-0.23493174230414585,-0.3843534886274369,-0.5242978526252702,-0.6512994799380919,-0.7622129765201558,-0.8542909457344487,-0.9252521773210611,-0.9733382794624227,-0.9973573346383532,-0.9967134866611337,-0.9714217212352948,-0.9221074757930682,-0.849991095984962,-0.7568575358121682,-0.6450120660864872,-0.5172231024652553,-0.37665358138080485,-0.2267825924234034,-0.07131921287583345,0.08588932103432856,0.2409528350716964,0.39003447779628114,0.5294456447874197,0.6557372234401153,0.7657849061544841,0.8568664655177812,0.9267290826675383,0.9736450648075441,0.9964545739693754,0.994594309605432,0.9681114345696376,0.9176623988793128,0.8444966892694631,0.7504259056328353,0.6377789286874336,0.5093442875865427,0.36830115312735734,0.21814066385960357,0.06257953176628375,-0.09453193464025941,-0.24930511372146852,-0.3979093026333809,-0.5366665162574313,-0.6621425070566814,-0.7712317532667563,-0.8612343120802637,-0.929922635793807,-0.9755966972752707,-0.9971260604277102,-0.9939778544141864,-0.9662299592685669,-0.9145690765162356,-0.8402737325071572,-0.7451826350633375,-0.6316491665340666,-0.5024831394638278,-0.3608812563173513,-0.21034799427201942,-0.054608873060451,0.10248174763929355,0.2570360593774413,0.4052290238652441,0.543393038372788
-0.6321463653755142,-0.4714157956702498,-0.2990182342826789,-0.11922032131486249,0.06352815274384785,0.24470437406072884,0.4198244397135606,0.5845543289025401,0.7348171647004037,0.8668941117234804,0.9775164126073823,1.0639462854725104,1.1240446802391406,1.1563242168770813,1.1599859954018548,1.1349393665823135,1.0818041740251287,1.0018954121134287,0.8971906794639845,0.7702812333597864,0.6243078564750811,0.46288312309380886,0.2900019886276059,0.10994291523578197,-0.07283801941507426,-0.25381740953669374,-0.42851647521335023,-0.5926119121955902,-0.7420428939820107,-0.8731115778694266,-0.9825746273811236,-1.067723485771335,-1.126451413649644,-1.1573056312835903,-1.159523274718454,-1.1330502753844218,-1.0785426954422077,-0.997350485308346,-0.8914840648792891,-0.7635645551991033,-0.6167588921908645,-0.4547014285920964,-0.2814039651259301,-0.10115643887920582,0.08157927132524738,0.2622797919238992,0.4364722178061173,0.5998448180653061,0.7483537422808619,0.8783230852601385,0.9865358339465031,1.0703134475496352,1.1275821050167132,1.1569239854394544,1.1576123183756153,1.1296293429101534,1.0736667364994972,0.9911085067862853,0.8839967711159208,0.7549812690706744,0.6072538529788044,0.44446957062705533,0.2706562845851283,0.09011505576910593,-0.09268625175709634,-0.2732235179718879,-0.4470283336113776,-0.6097986153638131,-0.757505128497376,-0.8864912742227921,-0.9935636637774361,-1.0760712284378284,-1.131970898876962,-1.1598782213232448,-1.159101653281253,-1.129659688433543,-1.0722803882257428,-0.9883833355284104,-0.8800444625108923,-0.7499446294764183,-0.6013032333816367,-0.43779849429553513,-0.2634763962497279,-0.08265053797478526,0.10020462770726611,0.2805645248474991,0.45396641741692145,0.6161198361620758,0.7630127390673356,0.8910107805203981,0.9969472343243754,1.0782013464136018,1.132763178905099,1.1592833409513126,1.157106375524981,1.126286975520885,1.0675886273815516,0.9824647153050845,0.8730225531834225,0.7419712339812047,0.5925545868229117,0.428470900684117,0.253781401151957,0.07280974512056326,-0.10996497937125273,-0.29001910017280125,-0.4628963116973105,-0.62431795866933,-0.7702889236010224,-0.8971964974352161,-1.0018997864333172,-1.0818074425882458,-1.1349417938103508,-1.1599877867155775,-1.1563255307098643,-1.1240456379091883,-1.0639469792162604,-0.9775169120546383,-0.8668944690683472,-0.7348174187934814,-0.5845545084608412,-0.4198245658165874,-0.2447044620749607,-0.06352821379412835,0.11922027922962598,0.29901820545037866,0.471415776039533,0.6321463520923851
-0.7052547863626061,-0.5259355478675191,-0.333600016662849,-0.13300827423492168,0.07087526609330756,0.2730047225534127,0.4683776245487425,0.6521587178658258,0.8197996314368204,0.9671514440300572,1.0905673649624432,1.1869929875919678,1.2540418819057089,1.2900546553569894,1.2941400202448776,1.2661968512445827,1.2069166871675079,1.1177666150114745,1.000952959877097,0.8593666793598859,0.6965118138230388,0.5164187633071865,0.32354453736245337,0.12266244650125366,-0.08125603471186656,-0.28316430916146057,-0.47806555810383883,-0.6611364103058467,-0.8278463186605699,-0.9740696897548502,-1.0961879911970216,-1.191179309528349,-1.2566931421003935,-1.2911085717176631,-1.2935743840780431,-1.2640301349173149,-1.203207645223141,-1.1126128872661492,-0.9944887095219177,-0.8517593228264574,-0.6879579215917644,-0.5071392314407704,-0.313779147869734,-0.11266395026359506,0.09122816615999733,0.2928503075483346,0.4872117971254007,0.669501696714215,0.8352078759995276,0.9802286819722967,1.1009744446470506,1.1944563073408514,1.258360184222511,1.2911040165869943,1.2918769131299717,1.260659208035026,1.1982229427629942,1.1061127613469894,0.9866076928223246,0.8426647663021988,0.6778458526391448,0.4962295406845922,0.3023102258095287,0.1008869045670383,-0.10305557559918074,-0.3044698752020156,-0.49837107850032064,-0.6799600747097861,-0.8447423497190271,-0.9886392458204003,-1.1080889326076422,-1.2001345865668012,-1.2624975937207408,-1.2936339610752838,-1.2927725392278442,-1.259934109843764,-1.1959308664174633,-1.1023463028962421,-0.9814960102037424,-0.8363703533924489,-0.6705604504003405,-0.48816928616986094,-0.2937101631063825,-0.09199500154668319,0.11198474554879106,0.31318161718944554,0.5066170521996646,0.68750459017628,0.851368317622765,0.9941536288388535,1.1123275611134864,1.2029662215405978,1.2638271420092038,1.2934047717343087,1.290967733876376,1.2565769240190048,1.1910840023626184,1.096110316703095,0.9740067775798255,0.8277956784030743,0.6610959002322089,0.4780333521111077,0.2831388632949405,0.08123605427828322,-0.12267803842860212,-0.32355662946979313,-0.5164280832128714,-0.6965189526752675,-0.8593721137727279,-1.0009570712249964,-1.1177697061836487,-1.206918996941733,-1.266198566478021,-1.294141286100886,-1.29005558379465,-1.2540425586561676,-1.186993477835348,-1.0905677179035844,-0.9671516965526282,-0.8197998109951216,-0.6521588447531216,-0.4683777136611476,-0.273004784749857,-0.07087530923531189,0.13300824449482238,0.3335999962881151,0.5259355339952082,0.7052547769759038
-0.7609089712693856,-0.5674390071610779,-0.3599255875842523,-0.14350442898209997,0.07646829586855333,0.2945485168612616,0.5053390009044044,0.7036229270830225,0.8844929968023604,1.0434728835803109,1.1766280167394623,1.2806629572216532,1.3530029555758376,1.3918576736414485,1.3962654928757756,1.3661173127306174,1.3021592500798966,1.2059741728737954,1.0799425250232428,0.9271834120373348,0.7514774054613911,0.5571729766046335,0.3490788752067328,0.13234511654451972,-0.08766447758481753,-0.30550502952714137,-0.5157853626321587,-0.7133014291996247,-0.893165107275302,-1.0509251786630494,-1.1826774940112457,-1.2851615984252656,-1.3558414261307083,-1.3929680669725504,-1.3956230512266736,-1.363741081342403,-1.2981116478970396,-1.2003594896389893,-1.0729043810943886,-0.9189012428578966,-0.7421620567224607,-0.5470615181745453,-0.33842876134491423,-0.1214278362947244,0.09857010300852163,0.3161197364158716,0.5258363504764095,0.7225291104683199,0.9013295327463345,1.0578119774564683,1.188103179333669,1.288978105836958,1.3579397705414455,1.3932810270737876,1.3941268150633597,1.3604558134950548,1.2931009664786381,1.1937288691660932,1.0647985244277631,0.9095004910396155,0.7316779289750256,0.5357314950111033,0.326510441247779,0.10919261047100624,-0.11084370284811672,-0.3281528555463355,-0.537356629110941,-0.733277337888495,-0.9110659773839875,-1.0663222402093848,-1.1952034282427058,-1.2945195642944343,-1.361812348252882,-1.3954160028083853,-1.3944985024770349,-1.3590821655814536,-1.2900430999972305,-1.1890895171257714,-1.0587194517077707,-0.90215893478698,-0.723282150771975,-0.5265155551912123,-0.3167283264124423,-0.09911186253377667,0.12094869447129818,0.3380077281344824,0.5466939126436612,0.7418431390142555,0.9186263130044798,1.0726688623347826,1.2001589958528,1.2979420355533045,1.3635984869441684,1.395503915624119,1.392869148150627,1.3557598021837705,1.2850946624413615,1.18262294252819,1.0508809952478626,0.8931295426342132,0.7132729790604673,0.5157627444648281,0.3054871589893043,0.08765044540609014,-0.13235606669054215,-0.34908736744277175,-0.5571795219348025,-0.7514824190468664,-0.9271872286022581,-1.0799454124052954,-1.205976343790793,-1.3021608722244553,-1.3661185173317243,-1.3962663818810352,-1.391858325679246,-1.3530034308547898,-1.280663301517482,-1.176628264608516,-1.0434730609258323,-0.8844931229053873,-0.7036230161954276,-0.5053390634876654,-0.2945485605415584,-0.07646832616699842,0.14350440809575638,0.35992557327516383,0.5674389974186133,0.7609089646771446
-0.7977315434826976,-0.5948990108715104,-0.37734341934684257,-0.1504490173359233,0.08016882192469847,0.3088025743187363,0.529793819395542,0.7376732796422127,0.9272961786692095,1.0939695683469286,1.2335684736889077,1.3426379810241573,1.4184787428873287,1.4592137834713952,1.4638349512758253,1.4322278692906274,1.365174765216932,1.2643351116677506,1.1322045554697455,0.9720531525068973,0.7878444367119481,0.584137326146024,0.365973293871938,0.1387515960097948,-0.09190435506062931,-0.3202861652327643,-0.5407417365163635,-0.7478151517032766,-0.936381703839088,-1.101774728635116,-1.2399011008137462,-1.3473425359257798,-1.4214401904685952,-1.460360466475016,-1.4631403919057286,-1.4297114536511597,-1.3609012932228997,-1.2584132230927534,-1.1247840705610772,-0.963321392420923,-0.7780216142567917,-0.5734711203411743,-0.3547327420839176,-0.12722045440388635,0.10343461871807888,0.3315235731100449,0.5514010182575373,0.7576247990178034,0.9450906869949041,1.1091587078939638,1.2457679782329931,1.351537209260185,1.423848390754363,1.4609115837800852,1.461809219103061,1.4265188052536981,1.3559134845862457,1.2517404238847318,1.1165775745483733,0.9537698725860216,0.7673464573371939,0.5619209574539535,0.34257731162866106,0.11474394949147235,-0.11594055381730003,-0.3437670248009605,-0.5630969870187708,-0.768502207859522,-0.9548990428934185,-1.117674252641308,-1.2527991775708573,-1.3569294452406948,-1.4274877416353537,-1.4627275979904428,-1.4617766143997204,-1.4246580505643762,-1.3522902495638394,-1.246463909222142,-1.1097977639227525,-0.9456737740176533,-0.7581534270685769,-0.5518772225158117,-0.33194982744515705,-0.10381374563753196,0.12688537372082095,0.354438454441137,0.5732142812345041,0.7777988606557464,0.9631294062957423,1.1246196324323183,1.2582732554071272,1.3607828937917215,1.4296119197234598,1.4630572356916696,1.4602914230962152,1.4213832194018132,1.347295817037167,1.2398630260636778,1.1017438904791599,0.9363568812682713,0.7477952947651731,0.5407259500452247,0.32027369239872916,0.09189456123060467,-0.13875923871894613,-0.36597922107031133,-0.584141894491683,-0.7878479359687715,-0.9720558162972869,-1.132206570732345,-1.264336626870017,-1.3651758974007573,-1.4322287100479334,-1.4638355717614473,-1.4592142385644038,-1.4184790746106264,-1.3426382213271353,-1.2335686466903408,-1.0939696921261133,-0.9272962666834415,-0.737673341838657,-0.5297938630758388,-0.30880260480561567,-0.08016884307164822,0.15044900275819723,0.3773434093597434,0.594899004071709,0.7977315388816103
-0.814811186977387,-0.6076359556039118,-0.38542244055269387,-0.15367016837204542,0.08188526116314535,0.3154141244589788,0.5411368529573536,0.7534670707017882,0.9471498505979413,1.1173917676837195,1.2599795307377324,1.371384256227035,1.4488488039297915,1.4904560127716795,1.495176148111638,1.4628923862044376,1.3944037051214224,1.2914051105743811,1.1564456860223165,0.9928655052644827,0.8047129688527975,0.5966446101458164,0.37380985068452083,0.14172355705967413,-0.09387044665715731,-0.3271415330032204,-0.5523165735744878,-0.7638228185005091,-0.9564258168198181,-1.1253589643572393,-1.2664414729077749,-1.376181841085154,-1.4518642660049481,-1.4916158571626918,-1.4944529889884315,-1.460305644852125,-1.3900191499822576,-1.285333250362717,-1.1488390553413426,-0.9839149095419267,-0.7946427811611598,-0.5857072359468367,-0.36227949715901353,-0.12988946094416703,0.10571116533304159,0.3386912145350393,0.5632843778216614,0.7739319175073632,0.9654202425893406,1.1330099419806905,1.2725530819154682,1.3805958644744951,1.4544641065203174,1.4923294235543352,1.4932544805882575,1.4572161902288527,1.3851062839802746,1.2787092427594948,1.1406581329373555,0.974369440995993,0.7839585196071666,0.5741377377318256,0.3500998553544749,0.1173895091118548,-0.11823401068987119,-0.3509392956329059,-0.5749671397724694,-0.7847730734814764,-0.9751645829667979,-1.1414296193605296,-1.279453216848327,-1.3858193335912932,-1.4578953949436555,-1.4938974466088544,-1.4929343053070845,-1.4550296143606156,-1.3811212584651893,-1.2730381522658314,-1.1334549773227633,-0.9658259877804409,-0.7742995230382473,-0.5636153431523006,-0.33898732776560536,-0.10597444155515465,0.12965684045924897,0.3620752430619808,0.5855290046725499,0.7944882233944666,0.9837817125016296,1.148724978446032,1.2852361541535104,1.389937018441897,1.4602366014733246,1.4943953071066272,1.4915679651819356,1.451824748214752,1.3761494347960495,1.2664150626300128,1.125337573716632,0.9564085988533916,0.7638090449083498,0.5523056234284655,0.32713288133315627,0.09386365325468742,-0.14172885835627916,-0.3738139620324203,-0.5966477789377193,-0.8047153960808326,-0.992867352978736,-1.1564470838910985,-1.2914061615808088,-1.3944044904505526,-1.462892969388183,-1.4951765785059101,-1.4904563284428527,-1.448849034026674,-1.371384422911035,-1.2599796507386207,-1.1173918535420377,-0.9471499116482219,-0.7534671138437926,-0.5411368832557987,-0.31541414560592856,-0.08188527583153687,0.15367015826033767,0.3854224336252324,0.6076359508872907,0.8148111837858841
-0.8117252003173079,-0.6053346166246988,-0.3839627045962367,-0.15308816202983308,0.08157513416223487,0.3142195397528767,0.5390873756263806,0.7506134236191714,0.9435626591667235,1.1131598120313613,1.2552075486307575,1.3661903510886446,1.4433615221182514,1.4848111624645557,1.4895134385379907,1.457351970415536,1.3891227118802774,1.28651425121621,1.1520660202851305,0.9891054461570747,0.8016656007136657,0.5943853862971736,0.3723947276921094,0.14118761180387024,-0.09351388284329797,-0.3259012016722681,-0.5502230698540872,-0.7609278305430824,-0.9528008428239724,-1.1210935389110566,-1.2616409465591036,-1.3709647681142376,-1.446359465086075,-1.4859592177133787,-1.4887841023157882,-1.4547643435597393,-1.3847420413887772,-1.2804503298477765,-1.1444704835705037,-0.9801680334771827,-0.7916094727359174,-0.5834616144216443,-0.3608760916695199,-0.12936185883959742,0.10535115081507203,0.3374538366049604,0.5612017012469664,0.7710570228544168,0.9618259094005577,1.1287868436363193,1.2678075370524688,1.3754472008280445,1.4490417026393365,1.4867695017821545,1.4876967307991746,1.4518003079268318,1.3799685084063067,1.2739789805816193,1.136454750926721,0.9707993068876586,0.781112364215036,0.5720884034840417,0.34890048692682424,0.11707223098422904,-0.11765889689265306,-0.3494835739495736,-0.5726643961192591,-0.7816778720553325,-0.9713511230194251,-1.1369899054542134,-1.274494787832243,-1.380462606547081,-1.4522706899527955,-1.4881417661412475,-1.4871879481160821,-1.4494327078430291,-1.3758102954101612,-1.2681426177355328,-1.1290941490980448,-0.962105989435948,-0.7713107024029452,-0.5614300408259408,-0.33765809070199443,-0.10553272572654561,0.129201446368488,0.36073525382823307,0.5833387287792978,0.7915029150144858,0.9800762061491519,1.1443918399958841,1.2803833938638716,1.3846854224382759,1.4547167475848544,1.4887443387568893,1.4859262030301457,1.4463322232693476,1.3709424286803003,1.2616227405185472,1.1210787931856638,0.9527889735513969,0.7609183356646335,0.5502155213295564,0.3258952376110362,0.09350919978589119,-0.1411912662724849,-0.37239756186512757,-0.594387570715693,-0.8016672739323648,-0.9891067198857872,-1.152066983911189,-1.2865149757314107,-1.389123253249842,-1.4573523724354258,-1.4895137352318877,-1.4848113800736562,-1.4433616807363958,-1.3661904659928819,-1.2552076313538174,-1.1131598712181132,-0.9435627012519622,-0.7506134533592729,-0.5390873965127269,-0.3142195543306054,-0.08157514427394529,0.1530881550592904,0.38396269982076525,0.6053346133732785,0.8117251981172335
-0.7885499580156138,-0.5880519492939333,-0.3730003380904097,-0.14871740206195394,0.07924611653610877,0.30524838526164066,0.5236961102698435,0.7291829638187394,0.9166233845747279,1.0813784393145396,1.2193706310908305,1.3271848124905363,1.4021527064975523,1.4424189431637668,1.4469869777543651,1.4157437539431939,1.3494625016690682,1.2497836004054967,1.119173981451826,0.9608660739882863,0.7787778059058809,0.577415639295004,0.3617630403501614,0.13715714393070214,-0.09084333481236775,-0.3165956727064029,-0.5345127899645613,-0.7392015245123724,-0.9255961070934621,-1.0890835337866998,-1.2256177330937543,-1.3318197020747473,-1.4050611332571363,-1.4435294626254018,-1.4462727288048947,-1.4132231332027123,-1.3451987179962877,-1.2438831204206873,-1.1117839043956,-0.9521705007241305,-0.7689932917661015,-0.5667858431484756,-0.35055270217511497,-0.1256455398143773,0.10236929836520935,0.32784855431412663,0.5452117231797327,0.749079165930575,0.9344052507483824,1.096603228041399,1.2316587485196204,1.336229214850461,1.407726508025881,1.4443810410410227,1.4452855546255694,1.4104175711435896,1.3406399509758884,1.2376795376472502,1.1040844202460909,0.9431608708845298,0.7588915179657743,0.5558367804143707,0.3390220022911582,0.11381308110690984,-0.11421633209087985,-0.339422774201643,-0.5562326392281032,-0.7592801184559674,-0.9435399978039803,-1.1044520257769752,-1.2380337740792515,-1.3409791977460344,-1.4107404555777148,-1.4455909659551842,-1.4446681375203463,-1.4079947172296332,-1.3364782274802223,-1.2318885062716514,-1.0968139062796562,-0.9345972368735631,-0.7492530344332279,-0.5453682084106244,-0.3279885219997529,-0.10249371684546393,0.1255356277383369,0.350456206012924,0.5667016494802952,0.7689202865055489,0.9521075885491049,1.11173002515501,1.2438372624565284,1.3451599284358002,1.4131905253715722,1.4462454869881674,1.4435068444580712,1.4050424700612294,1.3318043974771225,1.225605260259719,1.0890734315924502,0.925587975537765,0.7391950196377859,0.5345076185235033,0.3165915867700536,0.09084012648273673,-0.13715964758139235,-0.3617649820221175,-0.5774171358247314,-0.7787789522162151,-0.960866946610848,-1.119174641625245,-1.2497840967657532,-1.3494628725575406,-1.415744029364186,-1.4469871810172623,-1.4424190922462274,-1.4021528151657245,-1.3271848912106192,-1.219370687763816,-1.081378479862966,-0.9166234134070282,-0.7291829841934733,-0.5236961245789321,-0.3052483952487398,-0.0792461234635703,0.14871739728648511,0.3730003348187679,0.5880519470664083,0.7885499565083584
-0.7458590203472204,-0.5562156794759007,-0.352806646759653,-0.1406660595358965,0.07495584900457136,0.2887226869825854,0.4953439733205106,0.6897060709898876,0.8669987435701572,1.0228342029895936,1.1533557021538994,1.2553329849195798,1.3262422311344269,1.364328518196314,1.3686492532771108,1.3390975013122741,1.2764046314129687,1.1821222162024776,1.058583632044689,0.9088463105119062,0.7366160702988472,0.5461554022782584,0.3421779775353617,0.12973198918447504,-0.08592478487684721,-0.29945510622219546,-0.505574366731312,-0.6991813769054167,-0.8754846147964793,-1.0301208110266225,-1.159262935044704,-1.2597149100723941,-1.3289907126400096,-1.3653758990744518,-1.36797003621354,-1.3367089862192758,-1.2723664939511035,-1.1765350375995327,-1.051586416493359,-0.9006130514786673,-0.7273514506136041,-0.5360897343157133,-0.3315615086142217,-0.11882871303403397,0.09684365749097922,0.3101178561641711,0.5157154884416723,0.708548147261881,0.8838433462848329,1.0372626344061242,1.1650089683164222,1.263920685732422,1.3315497535487486,1.3662223543451113,1.3670803117966097,1.334102329758801,1.2681045193958154,1.1707202013242912,1.0443594826712752,0.8921496094957935,0.7178575708132099,0.5257968697135245,0.3207207689086899,0.10770465278235615,-0.107979582635773,-0.32099400305517417,-0.526066743597719,-0.7181224812474043,-0.8924080430419268,-1.044610041362805,-1.170961625006834,-1.2683357040986007,-1.3343223416642476,-1.36728839654564,-1.3664179415929172,-1.3317324568609394,-1.2640902980761557,-1.1651654535473137,-1.037406115272728,-0.8839740895635183,-0.7086665466930585,-0.5158220461631039,-0.31021316332990295,-0.09692837472856837,0.11875387473524107,0.33149580606951506,0.5360324089430338,0.7273017435379971,0.900570216717257,1.0515497320907035,1.1765038146715159,1.272340083673341,1.3366867848612802,1.3679514883715391,1.365360499293449,1.3289780056399108,1.2597044898049043,1.159254442808665,1.0301139328613567,0.8754790783574581,0.6991769480061616,0.5055708457116557,0.29945232427766894,0.08592260045832548,-0.12973369381634386,-0.34217929953922865,-0.5461564212032518,-0.7366168507739879,-0.9088469046443998,-1.0585840815293768,-1.1821225541535798,-1.2764048839355395,-1.3390976888349995,-1.3686493916703832,-1.3643286197003757,-1.3262423051220762,-1.2553330385168175,-1.1533557407401833,-1.0228342305973346,-0.866998763200874,-0.6897060848621984,-0.4953439830629752,-0.2887226937823868,-0.07495585372119246,0.1406660562844786,0.35280664453212784,0.5562156779592712,0.7458590193209926
-0.6847089383929192,-0.5106137178129403,-0.3238814009268137,-0.12913339570882518,0.06881051087670886,0.265051436998891,0.45473264758802123,0.6331597528778008,0.7959168890870646,0.9389760059034125,1.0587965560296295,1.1524131195914245,1.217508794803026,1.252472538555628,1.2564390378142483,1.2293101250506642,1.171757207703633,1.0852046515383158,0.971794529145688,0.8343336060139389,0.676223876203516,0.5013783667859293,0.3141242947879115,0.11909597339388528,-0.07887988214562236,-0.2749036103525499,-0.46412386471107686,-0.6418576791312396,-0.8037063662005604,-0.9456643798701865,-1.0642184483427486,-1.156434523729144,-1.2200303965611943,-1.253432178024508,-1.2558132520306728,-1.227114733099036,-1.1680469237286772,-1.080071735182873,-0.9653665067435909,-0.8267701188622008,-0.6677127338410449,-0.4921309028835274,-0.30437014051949457,-0.10907737758448395,0.08891404557072259,0.2847039993396659,0.4734468381072806,0.6504713250911762,0.811396240754081,0.9522388135909133,1.0695132897330693,1.1603172018677708,1.2224032024016402,1.2542346830705149,1.2550238044695186,1.2247509943172095,1.16416543190068,1.074766506723721,0.9587667102510247,0.8190368791540641,0.6590351452461174,0.4827213505349087,0.2944590455418659,0.09890749633434946,-0.09909362701359574,-0.2946440266947044,-0.4829040538470977,-0.6592144841811044,-0.8192118282521176,-0.9589363225947589,-1.0749299290782743,-1.1643219171315715,-1.2248999107981537,-1.2551646423108056,-1.2543670571200538,-1.2225268520894552,-1.1604319880749692,-1.0696191889630895,-0.9523359098001193,-0.8114847152577654,-0.6505514449981482,-0.4735189437513776,-0.2847684911707773,-0.08897137094340313,0.10902673732698631,0.3043256823204938,0.49209211332304065,0.6676790993419757,0.8267411346002278,0.9653416841727732,1.0800506081484194,1.1680290531908395,1.2270997105362054,1.2558007016247232,1.2534217577570181,1.220021798365641,1.156427472852275,1.064212702069057,0.9456597257579707,0.8037026199677698,0.6418546823155108,0.4641214822122986,0.2749017279491341,0.07887840405831859,-0.11909712683343782,-0.31412518932213696,-0.5013790562417636,-0.6762244043122017,-0.8343340080338297,-0.9717948332896069,-1.0852048802130083,-1.1717573785730897,-1.22931025193796,-1.2564391314580885,-1.252472607238375,-1.2175088448667863,-1.152413155858008,-1.0587965821390477,-0.9389760245841969,-0.7959169023701936,-0.6331597622645031,-0.4547326541802622,-0.2650514415999782,-0.06881051406821162,0.12913339350875308,0.3238813994195583,0.5106137167867125,0.684708937698522
