1.741228418191029,1.9145179331851168,2.222723554588006,2.6548716905525,3.1955760313295483,3.8255857390764922,4.522471521339368,5.261425354885252,6.016145683025265,6.759777000648217,7.465870963317981,8.109335551189416,8.667339363118263,9.120139722284394,9.451805791112534,9.65081112552005,9.710473842108225,9.629226662488467,9.41070346998082,9.063633746212915,8.601541594137974,8.042252369462835,7.407217613211107,6.720678205605929,6.008696248085427,5.298097340949031,4.615375219262761,3.9856181796080534,3.431519265263692,2.9725280783152024,2.624190683973282,2.3977062024944518,2.299706827233826,2.3322459459484945,2.4929610570586536,2.7753679467265373,3.1692421314246655,3.661052475255456,4.234427254174957,4.87064995289524,5.54919524159458,6.248320199180012,6.945719483784223,7.6192365822377415,8.247600744709656,8.811137758095766,9.292390528636005,9.676589529395386,9.951936673825212,10.109706246157502,10.144213573075707,10.05274141487741,9.835529725258407,9.495915210097099,9.040651829012507,8.480363779052698,7.830001518440473,7.109116546497118,6.341764440713527,5.555896536369099,4.782198590497821,4.052453595621863,3.397611837289983,2.8458146273538003,2.4206232442548252,2.139654321343933,2.013736098443145,2.0466035694968534,2.2350700356309314,2.5695641032149252,3.0349085453409934,3.611233637143444,4.274949450048396,4.99973542405929,5.757531218453306,6.519525748183314,7.257141965314995,7.943007250140296,8.551888384382194,9.0615606051437,9.453575226497193,9.713890937490229,9.833339684406795,9.807907475555934,9.638821495575723,9.332445660598175,8.899995756747927,8.357091852045365,7.723169726886997,7.020775139130066,6.274765607982499,5.511444840488948,4.757655480521927,4.039856735511421,3.3832144961014947,2.8107324355630454,2.3424527936992514,1.9947546991916258,1.7797757027222145,1.7049786164327676,1.7728809077245948,1.980958044140742,2.321725679628118,2.78299878300923,3.3483190897632804,3.9975359167338196,4.7075196711534675,5.4529825127946,6.207376746204241,6.943838742197543,7.636144589284992,8.259643294908983,8.792134194596688,9.214657247877758,9.51216802850614,9.674073341650796,9.694608376523382,9.573041953735409,9.313702552749989,8.925824189137398,8.423217627468105,7.823778635683166,7.148850789547128,6.422465514905108,5.670486426641586,4.919688430896015,4.1968043799284755,3.5275732243573574
2.011352055609619,2.2076894477457087,2.5374391000031133,2.988860372445336,3.5458808136657534,4.188668827381704,4.894340508195019,5.6377756998908914,6.392514557493236,7.131703180225588,7.829055315092906,8.459796740783307,9.001559693457,9.435196484214336,9.745484112858243,9.921694990323816,9.95801262381499,9.853775125845198,9.613533628013897,9.246917230104483,8.768301302029093,8.196282230010768,7.552969519814292,6.863115798098459,6.153116493678973,5.449922970918553,4.779924019685021,4.167858678823039,3.635826006166904,3.2024526908485433,2.882266576421497,2.685304171777226,2.616955871745894,2.6780281621245776,2.8649823756017487,3.170298745776356,3.582914820779763,4.088698263641618,4.670932356754662,5.310812661943912,5.987968997551601,6.681032835444837,7.368263598550278,8.028229020960111,8.640509518543166,9.186372372253032,9.649347743394824,10.015643061333982,10.274358730460978,10.417513159175208,10.43993795422355,10.339148023674738,10.115308299445001,9.771396058481038,9.313594086520148,8.751858574072646,8.100512758326992,7.3786542209756245,6.610155996479904,5.823098887259673,5.048583246225087,4.319003212503038,3.6659866215576895,3.1182758210346337,2.6998306310661624,2.4283779273444694,2.314534212380473,2.3615187160532765,2.5653838874222634,2.9156359767022964,3.3961050310091956,3.985942997968107,4.660665775538969,5.393194320499889,6.154879800034431,6.9165129630127,7.649319003261053,8.32593063958047,8.921319823870187,9.413657685728092,9.78506651293134,10.022228094184793,10.116819087126913,10.065754441323898,9.87123198608744,9.540582878331346,9.08594206682294,8.523759455053824,7.874176046667037,7.160290675544674,6.407342916731472,5.6418373914615625,4.890634592681101,4.180033830878319,3.5348747944092733,2.977685106643455,2.5279016004740615,2.201192327071995,2.0089042506437913,1.9576580605453646,2.0491066782386715,2.2798681334052975,2.641636906420846,3.1214709830767906,3.7022451166759183,4.363254464387765,5.080947118779015,5.829759291750115,6.58302317463917,7.313914898612488,7.9964086182981795,8.606202567024367,9.121583975804512,9.524201965340065,9.799720828765205,9.93833040470486,9.93509534431809,9.790130822399178,9.50859842838749,9.100522379396145,8.580432596985615,7.966847355169144,7.281613919913102,6.549130657019799,5.7954783058430275,5.04749135058391,4.3318025538235485,3.67389467254513
2.2860221555049045,2.5052126776055537,2.8561792840028244,3.3264259378875853,3.8992099998792447,4.554138808614615,5.2678965871464145,6.015076042805331,6.769085432578062,7.503099351316291,8.191020146613244,8.808416691852942,9.333408208000359,9.747462791943967,10.036083094607665,10.189354961708656,10.202338569469884,10.075285484565436,9.81366911473315,9.428020353032808,8.933565230718063,8.349667620135383,7.699088021817187,7.007079552574291,6.300354232781225,5.605965601531804,4.950165771955952,4.357303804064401,3.8488350442017154,3.4425056981728805,3.151762515448438,2.9854151298912037,2.947551485814786,3.037679692404838,3.2510480380214726,3.5790834279779133,4.009889695974974,4.528760505005226,5.118683104235127,5.7608328136219225,6.435076647319516,7.120511887033809,7.7960584909568125,8.441103935378194,9.036170853851026,9.563550668899516,10.00783082251304,10.356248196786478,10.598830934650763,10.728341465398218,10.740092813644651,10.631759290293294,10.403321065739863,10.057255469743831,9.599014705332712,9.03772521220154,8.386937784872568,7.665185247150086,6.896095026352631,6.1078683183173546,5.332062808178595,4.601768386875556,3.949401510298182,3.4044255478457344,2.991311507977704,2.7279895754337016,2.6249312195952217,2.684878960051977,2.9031388968138465,3.268290624477572,3.7631549532928776,4.365882787884557,5.051071537482296,5.790860761114375,6.555993270477015,7.316845613284076,8.044433399214205,8.71138737650368,9.29288221728103,9.767487644489538,10.11790481284679,10.33155127459414,10.400964811016998,10.324007846369437,10.103867417839723,9.748858218699006,9.27204620257898,8.690716731930147,8.025714331305768,7.300681560152119,6.5412235153850435,5.7740231580930965,5.025931851564122,4.323059534090752,3.689889683707193,3.148445171898851,2.717531613839518,2.412084321435633,2.2426430651100233,2.214975421749736,2.32986464750809,2.583072068324194,2.9654773339705356,3.463392964422193,4.059042830411883,4.731187890759832,5.4558769229137605,6.207295327814418,6.958681505978446,7.68327788172047,8.355282450076285,8.950766753425395,9.448527443952152,9.830841000209727,10.084094651657415,10.199270999862977,10.172269052745596,10.004050224738728,9.700604095241799,9.272735139632482,8.735678023917831,8.108555159527516,7.413695831886215,6.675841145525391,5.921263094261101,5.176829122694868,4.469045486159389,3.8231134711467982
2.561228162122292,2.8030543988856644,3.1748898379784483,3.6634954467319694,4.251475017274391,4.917895075087844,5.639031145373223,6.389214087687639,7.14174679539776,7.869859245534437,8.547668748602629,9.151112295299821,9.658819063159768,10.052893288822887,10.31958061924099,10.4497944720589,10.439482610783763,10.28981789836773,10.007201014133024,9.6030670094235,9.093492390037849,8.498605586797872,7.84181186279494,7.148854301833739,6.446745339539676,5.7626172898199925,5.122553479312868,4.550471158505985,4.067130303409195,3.6893363242648247,3.4293885948575884,3.294801805099519,3.288296974203729,3.408028961437549,3.6479935997032893,3.9985453999123117,4.44695893784261,4.977982860567256,5.574360623122383,6.217319523856061,6.887051281128288,7.563216401400011,8.225497308614093,8.854202706138521,9.430894033170603,9.938974322775714,10.36416214952505,10.694778833463092,10.9218102364357,11.038761221054724,11.041387253129217,10.927442327539381,10.696602383357636,10.350692348364085,9.894261317005563,9.335431351989548,8.68682453781278,7.966290391501133,7.1971443992168345,6.407700713762997,5.630023365421539,4.897992571344796,4.244936716652302,3.701173075492402,3.2918085501970933,3.0350797757215737,2.941387312790801,3.013040601597258,3.2446158275485324,3.6237613524547942,4.1322702763550785,4.747266593899379,5.442400974214523,6.189004246571553,6.957186334224431,7.716888824316576,8.438901338615741,9.09584113587,9.663079550684733,10.119584813515738,10.448643040671637,10.638419481579344,10.6823297636904,10.579203532220781,10.333237481970098,9.953748413621165,9.45474749555328,8.854363366733223,8.174144189908269,7.438268228227074,6.672690374878004,5.904249691388544,5.159761395550476,4.4651162993962625,3.844411276511011,3.3191353697846324,2.9074368925250282,2.623496639549655,2.4770306437784257,2.4729426170994553,2.6111414143870855,2.8865328808391104,3.289188725798981,3.804688078260329,4.414620549420787,5.097233311600465,5.8281991729006535,6.581478078656512,7.330241036087636,8.047823219459293,8.708672010790075,9.289255971320614,9.768902193181983,10.130532086354368,10.361269316068668,10.452898189770991,10.402156139247559,10.21084986458414,9.88579099380601,9.438553543315482,8.885061811969372,8.24502338070071,7.541227405523701,6.798733188501317,6.043977918195627,5.303835349253187,4.604658937673911,3.9713435017992342
2.8330088042864947,3.0972308879655546,3.4895663389347336,3.9960462672040027,4.598638165267026,5.275888535974328,6.003687789917608,6.756130495060206,7.506440834194089,8.227931023046173,8.894959526740953,9.483856181452198,9.973782700808702,10.347499360848047,10.592011678113039,10.699074344011386,10.665533286452943,10.493490317977642,10.190278399247582,9.768239355945909,9.244300474569469,8.639352517118807,7.9774401020055095,7.284786572442091,6.588689229711482,5.9163359922701515,5.293608914057069,4.743950449611115,4.287371513615386,3.9396735147475384,3.711938563600922,3.6103143053195845,3.6360863011929294,3.785997668421119,4.0527496607896225,4.425603919860202,4.891010380516903,5.433203481516409,6.034738521357914,6.676971724009348,7.340512719769516,8.00568892244453,8.653053593387744,9.263944413388481,9.821064006909081,10.309019531749401,10.714738553189335,11.027684425659785,11.239831491469662,11.345423930824678,11.34061640703138,11.223155635868757,10.992283741666732,10.64900838503195,10.196789387506756,9.642556416865483,8.997835103044261,8.279665108529706,7.510980271482753,6.720202006450547,5.939956277908441,5.205018628137901,4.549765469743067,4.0055143405963465,3.598145344282335,3.3463152385742463,3.2604355602039976,3.3424310884283552,3.5861665433516627,3.9783541669043663,4.49973878010352,5.126388230043469,5.830973966453773,6.583985988136993,7.354871732213233,8.113111922194546,8.829248792034532,9.475869994493126,10.028533534996093,10.466603042932391,10.77395376743693,10.939509855137146,10.9575819275089,10.827988027587018,10.555957137901146,10.151829349980225,9.630577969774164,9.011185246575529,8.315905192843017,7.569445293950997,6.7980954654951065,6.028829042852598,5.288398067137967,4.602444169846875,3.994646789366258,3.485931621878949,3.0937632490792746,2.8315459844365196,2.708155579226018,2.727621309171576,2.888973227706085,3.1862633705792756,3.6087629087694304,4.141330180928495,4.764937655361519,5.457339551356715,6.193856371069457,6.948248149564211,7.693644945288062,8.403501035904402,9.052538483314574,9.617646180221694,10.078702149546707,10.419289665646879,10.627281598038426,10.69527210753812,10.620840285156195,10.406636324142408,10.060287144386969,9.59412482274509,9.02474749526229,8.372428364019058,7.660393850594934,6.913996597760041,6.159812765246155,5.424695761130395,4.734820101560225,4.114749443058609
3.0975144879182848,3.3838703362706797,3.796316644808706,4.3201685292808705,4.936775083706929,5.62418409692085,6.357924834526333,7.111881371644825,7.859225926497901,8.573379754707505,9.22896847344966,9.802739177402714,10.274408287366807,10.627411553983801,10.849530763332716,10.933375154510614,10.876699074670597,10.682540782325956,10.359170589430631,9.919840023012203,9.38232802183309,8.76828623375729,8.102394135347083,7.411346517702393,6.72271069065409,6.063707276337686,5.459984195943813,4.934464922294222,4.506355490666659,4.190387062735047,3.996350803511059,3.9289509626869568,3.9879648256867277,4.168661444381273,4.462402483349575,4.857334716020224,5.339088172026772,5.891415749917224,6.496743740577748,7.13663914540636,7.7922286394520395,8.444616748742577,9.07534264939825,9.666887273255384,10.203202838881825,10.670198394297543,11.056092523804868,11.351550933819109,11.549568031594282,11.645122629006497,11.634720936264817,11.516007937499133,11.287651899129234,10.949665512829993,10.504219056747843,9.95684793773334,9.317801724576322,8.603175421373177,7.835448050389509,7.043144432348806,6.259514906182595,5.52034617900393,4.861212082505789,4.314590783834847,3.9072859969894678,3.6584992306313504,3.5787429616231115,3.669610716258931,3.9242762983079684,4.32851060838992,4.861987401484936,5.499685558927801,6.21326031718572,6.972323623586329,7.745625365282412,8.502153924892133,9.212177319714158,9.848232479270653,10.386049814276898,10.805381975667288,11.090695464011514,11.23168378829719,11.223570261115007,11.067184163034753,10.7688118874155,10.339840970320953,9.79622685741932,9.157818599911504,8.447580656430459,7.690745017226113,6.913922949042704,6.1442007285356555,5.4082401950621275,4.7314034206214455,4.136921085600467,3.6451255074126974,3.272770682378167,3.032462215662777,2.9322189630033044,2.9751853137953517,3.159508404293369,3.4783885367453666,3.920304220010562,4.469406095194721,5.1060670667677925,5.807569626177058,6.548905921387982,7.303661783641529,8.044952785824355,8.746378531759257,9.382960776705485,9.932031636741065,10.374040007975452,10.693247304576794,10.87828762521527,10.922572328023268,10.824524563622253,10.587635389209407,10.220339451052304,9.735714653942386,9.151016507056188,8.487063724213218,7.767496953801045,7.017937031501818,6.265072726792348,5.53571046474798,4.855819858638059,4.249609037985327
3.351067861434287,3.65927343770668,4.091421502071823,4.6321257498755175,5.262135392429024,5.959021310234329,6.697975956350601,7.452698929202113,8.196337295620577,8.902448071737291,9.545949806403883,10.10403093022267,10.55698431781208,10.888940155260471,11.088472422303262,11.149057758985546,11.06936888263671,10.853387868144104,10.51032755331244,10.054352462321436,9.504094693057294,8.881966194554858,8.213277796401822,7.525187899761035,6.8455197220650845,6.201503996658779,5.618521281901276,5.118930643772551,4.721075204278446,4.438546456360514,4.279766964148028,4.247916775630583,4.341187582871433,4.553308017051672,4.874252091905667,5.291028080215526,5.78845091932242,6.349826528910486,6.957514956230098,7.593380900638064,8.239173348448453,8.87689089976146,9.489180671138357,10.05978787711704,10.574028982606727,11.01921812610896,11.384951253191565,11.663159555318131,11.847889945622132,11.934849571794846,11.920844009345126,11.803314354563632,11.580204213232026,11.25034040256767,10.814388879243069,10.27627468500388,9.644779531371181,8.934910487494102,8.168615060527303,7.374519552755069,6.586568213547752,5.841685962850964,5.1768071812187975,4.625745507156902,4.216392221742237,3.968629550094811,3.8931692451741595,3.9913321678882148,4.255623939793919,4.670868549147462,5.215643569927905,5.863802321469171,6.585942040839814,7.350753934359234,8.126249405071249,8.880887004526613,9.584627830943244,10.209931556179068,10.732682104683636,11.133011247843907,11.395976670674722,11.512050975878424,11.47738854575882,11.293854647005052,10.968821030132464,10.514750177275982,9.948603141510421,9.291112184981948,8.565959499728212,7.798898862606359,7.016850480762264,6.246992817828287,5.515870513543994,4.848535349383642,4.267737372806296,3.7931848983290353,3.440893974892269,3.2226489278585806,3.145594959405428,3.2119811787289105,3.4190679186040893,3.7592061818324143,4.220090125593407,4.785176242999163,5.4342558836580555,6.144161397254666,6.889580787771633,7.643951520947104,8.38040113755163,9.072700632369747,9.696196162557081,10.228685515705553,10.651207835088297,10.948718276357392,11.110623436583161,11.13115840430261,11.009591952773809,10.750252539799403,10.362374171312247,9.859767607711081,9.260328615179818,8.585400768762717,7.859015494017514,7.107036405717077,6.356238409958607,5.633354358986684,4.964123203414111,4.372373533235991
3.5902215944557097,3.9199711891443965,4.371392365999408,4.928412670192364,5.57120054238521,6.276872235981793,7.0203080628371035,7.775049352803787,8.514244875799792,9.211614023253608,9.84239381409831,10.384237736372828,10.818036424921736,11.128632977910105,11.305409014702018,11.34272101568683,11.240169732874666,11.002688331403146,10.64043749633393,10.168498468556656,9.606358713519938,8.977190831920286,8.306934571041026,7.623205151764502,6.95406841522612,6.3267429599302245,5.766308386665108,5.294512654807502,4.928775642953822,4.681476452057223,4.5595872535588695,4.564678442397918,4.6932741022121895,4.937491869980006,5.28586684197603,5.724243421123339,6.236626302525773,6.8059109090613665,7.414457515612834,8.044520655796351,8.6785832143316,9.299661793714757,9.891640640014888,10.439657246076475,10.930513403968483,11.35303713341095,11.698292516464367,11.95954225350167,12.131919084519751,12.211850550364002,12.196384774193625,12.082648927900927,11.867700150240493,11.548974978305303,11.125405439786565,10.599075558123994,9.977094943202129,9.273230811927768,8.508818876870443,7.712587010683892,6.9192502122962605,6.167010179269996,5.494339082192955,4.936575745852572,4.522876902133782,4.2739531260557015,4.200822413268966,4.304596901083773,4.577139033418403,5.002319960677095,5.557593539040145,6.2156469705210675,6.945972649797437,7.716292543454588,8.493832363066591,9.246476882854015,9.943841252703418,10.558275508272075,11.06579320799237,11.446891556670405,11.6872170352339,11.778030341043271,11.716436126286919,11.505362559818423,11.153297865208835,10.673810715593124,10.084895108930942,9.408186520989812,8.668095174756003,7.8908961596395315,7.103807637229025,6.334080169113441,5.608114245565729,4.950620244363481,4.383835088647423,3.9268117906227813,3.594800492019874,3.39874123536134,3.344888588089759,3.4345859728948565,3.6642032038717818,4.025244727291372,4.504629051167738,5.085132489893839,5.74598324338544,6.463585434820121,7.212347362370561,7.965584066899175,8.69646147217495,9.378947843604834,9.988738118596247,10.50411773795625,10.906734878247821,11.182253348937806,11.320862747889803,11.31762760977308,11.172663054583602,10.891130646692194,10.48305459205707,9.962964807409634,9.349379564728931,8.6641461291474,7.931662866134594,7.178010514915063,6.430023559641006,5.714334762875566,5.056426881595464,4.479725330213577
3.811812454479869,4.162778988587928,4.633025518219919,5.205809389850163,5.860737962938481,6.574495598575345,7.321675453374985,8.075686963099312,8.809707470560793,9.497645226235807,10.11508099302928,10.640156661868417,11.054381478283254,11.343329435043692,11.497204756331481,11.511255794487903,11.386020730445523,11.127391024352686,10.746480716109538,10.259291957750886,9.686170553942002,9.051051112028032,8.380501003806204,7.702586595907157,7.045603943652283,6.436737647839987,5.9007323996422,5.4586770481091875,5.127005531874922,4.916808424490208,4.833521430951831,4.8770150275169115,5.042058799420366,5.319084430549481,5.695133489497842,6.154859309315059,6.6814611913958135,7.257462485770318,7.865293951734619,8.487697435360502,9.108007787877368,9.710390687689776,10.280104044379467,10.803812759668816,11.269931612477034,11.668917007409913,11.99339646091739,12.238033149822318,12.39907985395747,12.473674884432087,12.459047375847593,12.351892526141242,12.148208018393818,11.84382199058767,11.435687876055942,10.923803259923483,10.313388779740396,9.616811130983926,8.854710347817054,8.055918047351998,7.256004283869534,6.494597852844802,5.811900356041777,5.244980701309215,4.824453183008199,4.572016295911416,4.499110093660242,4.606707441189068,4.886054963909983,5.320064701443424,5.885036758512823,6.552447544768437,7.290632465716645,8.066289611874623,8.845805125693072,9.596439158370682,10.287415097448646,10.890934685643021,11.383111877889588,11.74479157172199,11.962204195954502,12.027406818927723,11.938474531507659,11.699427757862072,11.319905840477762,10.814619042967678,10.2026259353539,9.506489193843242,8.751360711670891,7.96403891490504,7.172030528188555,6.402638876702468,5.682093419886765,5.034731604056593,4.482244052087258,4.04299641144325,3.73144426468803,3.557659845387665,3.5269897987584704,3.6398613699274263,3.8917502488731897,4.273317325426316,4.770714508975317,5.366052285665134,6.038014472247886,6.762599177322158,7.513959628383345,8.265314454503836,8.989894310606022,9.661890400178788,10.257370464101228,10.755129089439375,11.137441665471307,11.390694863564676,11.505871007444217,11.478868970581848,11.310650104158146,11.007203958633184,10.579334996505988,10.04227787820777,9.41515501281921,8.72029568480192,7.982440998303043,7.22786294698935,6.483428975405858,5.775645338864512,5.129713323849975,4.568631933056227
4.013010824905007,4.384846174394883,4.873451624893967,5.461430941105376,6.1278506486394395,6.848986382152612,7.599169419003324,8.351703815879318,9.07982234759633,9.757648451217888,10.361131619800577,10.868925096503546,11.263177116368626,11.530210045132042,11.661065193041331,11.651894413237002,11.504182453958723,11.22478623076054,10.825778867768225,10.324088143813437,9.740921993499239,9.1009794531324,8.43145543370176,7.760862952875735,7.117716798016439,6.529146127761663,6.0195264240653845,5.609238095892393,5.313664021384923,5.142526606265131,5.099634610018103,5.183063365876352,5.385736043612908,5.696318885497217,6.100301858076642,6.581118110532989,7.12116636106888,7.70263826653919,8.308109174486656,8.920911164673054,9.525355732521255,10.106895993101109,10.652307540191622,11.149925079683264,11.589910725143397,11.964469566202691,12.26789242974245,12.496314907111628,12.64714492144714,12.7182202216602,12.706884642623203,12.609275264094801,12.420146039566818,12.133484758341341,11.744006415320673,11.249361859851176,10.652653174821888,9.964677067432955,9.205290409622638,8.403432881707808,7.595621478444919,6.823074326929774,6.127928691619358,5.549203849701936,5.11917820682889,4.86070987992822,4.785785814556961,4.8953146956105575,5.1799571254675625,5.621659432695131,6.195535386959659,6.871801674774285,7.617579037512767,8.3984806046703,9.179992015547885,9.92869061465339,10.613354970329839,11.205993160131095,11.682784566596888,12.02489971468109,12.219145534763175,12.258383026079231,12.14167900857711,11.874178230740533,11.466709701619003,10.935165253141033,10.299704376837772,9.583845322375078,8.813498975328176,8.01599188172877,7.219111706656184,6.4501960504236155,5.735276548921705,5.098285740212916,4.56033401520133,4.1390667397160605,3.848115494848798,3.696660560670412,3.6891229797310356,3.8250031684393635,4.0988791330847745,4.500571410532113,5.015474664377924,5.625048244351928,6.307450676111757,7.038296529071392,7.79150876068468,8.540235643703198,9.257798816743158,9.918637849732246,10.499216930476315,10.978860774936106,11.340489539570768,11.571226247281894,11.662854885694639,11.612112731816277,11.420806412905943,11.095747523665732,10.648510065666857,10.095018331344333,9.454979898925544,8.751183923315306,8.008689706133838,7.253934435771214,6.5137918668088854,5.814615455222847,5.181300019345927,4.636395336982831
4.1913648801132535,4.5837002212326095,5.090179951188019,5.692771518825007,6.370021401121534,7.097820080380118,7.850262495801601,8.600573954556927,9.322069485788257,9.989113859340055,10.578049973783873,11.068064957766865,11.441965927296284,11.686840584891641,11.794581320272805,11.762254717118754,11.592300985680355,11.292549634402773,10.87603885393943,10.360627327323552,9.76838977776868,9.124793215236867,8.45766127021573,7.795950351687294,7.1683834720926125,6.602013355259223,6.120811639364298,5.744399624026928,5.487041539767466,5.357008407281688,5.356387059012018,5.481357387071375,5.722899079351732,6.067828801359918,6.500023280091905,7.001664382791526,7.554354983206221,8.139997385713194,8.741389519064862,9.342562132924776,9.9289347457193,10.487393656473415,11.006383745962818,11.476059266175838,11.888470763076455,12.237698146748361,12.519800025016746,12.7324593095663,12.874275044095015,12.943771348687282,12.938335645715611,12.8534126341439,12.682316961508308,12.416950279831976,12.049514124011159,11.57503744347464,10.994261492298005,10.316234753120444,9.55993988824825,8.754431149587475,7.937271991444379,7.151444085455462,6.441241259146296,5.84786892670721,5.405490695300562,5.138308251813184,5.058989400319501,5.168459482905005,5.456825388897135,5.905060842672659,6.487058117302795,7.171720882709329,7.92489181633867,8.711031265092295,9.494656005367275,10.241594625190409,10.920120121058549,11.501994381846924,11.963421143293946,12.285869896302719,12.456713889909704,12.469624908394465,12.324684070438359,12.028195519150184,11.592220759646889,11.033878181210486,10.374469710154589,9.638502339065399,8.852667298546947,8.04482706313522,7.24304456179068,6.474674119931111,5.765522865720081,5.139085967237457,4.615858822440224,4.212732649935608,3.942484695531744,3.8133784246282874,3.828891114428627,3.987585463658026,4.28313821527944,4.704532904565977,5.236416557338224,5.859612379179495,6.551772985614088,7.2881521119366095,8.042467379870958,8.787822773457972,9.497657043299332,10.14668328830912,10.71178538263409,11.172838622100254,11.5134248422095,11.721416175078694,11.78940641431981,11.7149744732105,11.500770461363917,11.154421260396493,10.688258930127144,10.118881599224004,9.466562466658996,8.754527952736948,8.0081306997192,7.253946867139867,6.518829863001246,5.828954203423301,5.2088835449191055,4.680696072828852
4.344838718062088,4.757284893200088,5.281136532454062,5.897742666604737,6.585151026498868,7.318890901055277,8.07284667233463,8.820191615938214,9.534349774745131,10.189953191138425,10.763762510720092,11.235520844839161,11.588713578669982,11.811210189951268,11.895767648566405,11.84037810129766,11.648445880891236,11.328780220761477,10.895390639041924,10.367072595808876,9.766773170204344,9.120732058860973,8.457404106184427,7.806187135094843,7.196002893107053,6.653807159651729,6.203132775526905,5.862789918794944,5.645854093372385,5.559058093734405,5.602667274612137,5.770860634287672,6.052572075488467,6.4326798199799295,6.89338208068054,7.415576305973474,7.980074161654782,8.568532896994462,9.16405492379813,9.751483651207518,10.317484749564347,10.850530885922055,11.340895455436756,11.780709372149346,12.164059470130008,12.487032438847795,12.747563704258958,12.94496133583316,13.079052315190749,13.1490323136417,13.152256433511798,13.083334653186274,12.933935514323531,12.69361501731133,12.351771175563037,11.900521154236841,11.337990549802516,10.671292725407302,9.91844159478167,9.108614708084893,8.280529121618974,7.479116206079492,6.751061874042692,6.140008887411314,5.6822416724017595,5.40350169762164,5.317280775245123,5.424607558006633,5.715070119803134,6.168662444815029,6.758017570279739,7.450668420054461,8.21111031959897,9.002576016082713,9.788537291181264,10.53399984906575,11.206662224071515,11.777980012557792,12.224133753425715,12.526860376827667,12.674086394746862,12.660300537920037,12.486622233380418,12.160553379772223,11.695435474140673,11.109663900903083,10.4257301444183,9.66916832048508,8.867475739239556,8.049061906026047,7.242261461997006,6.47442893918106,5.771120402021301,5.1553606651401385,4.646994468440142,4.262123973171059,4.012640761621524,3.9058658067253598,3.944313884438511,4.125598769763896,4.442492275320155,4.883144377370058,5.4314642790250645,6.067654292669005,6.768880756252161,7.510059471429319,8.264727760075592,9.005971366928144,9.707372130053486,10.343941547617309,10.893005991588474,11.33501123622497,11.654217048316385,11.839256682149156,11.883541075319654,11.78549317487797,11.548603942214037,11.181307979747105,10.696683172748852,10.111985021942104,9.448032237583927,8.728465466600918,7.978905544092045,7.22604123930753,6.496678977236948,5.816788371118111,5.210577550462422,4.699631208352301
4.471843846668205,4.903991750378968,5.444695698360786,6.074704815263039,6.771589884485995,7.510543321719045,8.265264947360777,9.00890278549131,9.715016563069769,10.35853130329414,10.916649383491968,11.369691538911969,11.701840292739046,11.90176279954117,11.963093611258024,11.884760873028366,11.671141472603722,11.332031507911214,10.882418383655551,10.34204083098998,9.734724792196932,9.087488567374166,8.429422061194257,7.790363853258864,7.199425987961517,6.683447302623699,6.265486587725182,5.963489552617642,5.78927039839901,5.747933208963436,5.837817709702129,6.050991355959303,6.374234677422229,6.790393804436772,7.279919479192429,7.822389518272833,8.397828887278001,8.98769601922018,9.57548361419106,10.146967284161583,10.69020373121625,11.195412606147837,11.654862653232879,12.0628259046448,12.415580043954238,12.711356254207043,12.950080306509397,13.13276612424448,13.260506232048376,13.333151266203227,13.347943350616378,13.298507439237735,13.174648129440273,12.963302777530565,12.650761062196594,12.225924055889712,11.684034580650412,11.030075528302973,10.280994144712118,9.46610223359038,8.625385136182715,7.805921866160755,7.057040378096269,6.425087252477633,5.948717733699785,5.655421461063843,5.559666566020237,5.662677515884344,5.953561120897559,6.411324312743391,7.007300607461146,7.707589982250889,8.47526510975724,9.27224910123951,10.060884523290863,10.805271503419043,11.472456661704902,12.033521201622323,12.464568078360042,12.747565006315503,12.870975699548396,12.830111319291706,12.6271552124728,12.270848974551829,11.775866641178045,11.161936915615641,10.452794019164445,9.67504319578812,8.857018302171532,8.027690538632354,7.215665010165608,6.448281061305975,5.75081728441577,5.145794598444852,4.652370440916819,4.285821864890641,4.0571223631805315,3.972623821391888,4.033859113583717,4.237481488050666,4.575354004711964,5.034796557279169,5.598990499539447,6.247532718011945,6.957123119501765,7.702362633347027,8.45663338674212,9.193028885952783,9.885299850738335,10.508780730300261,11.041262754501577,11.463781501999717,11.76129024713973,11.923194622567106,11.9437292364324,11.82216262942011,11.562823149862822,11.174944753586086,10.672338178680112,10.072899181666294,9.39797133351664,8.671586058118661,7.919606969578467,7.168808973734164,6.44592492273226,5.77669376714949,5.184944096967986,4.691745702723964
4.571263525669972,5.022684510479962,5.5797044516250445,6.222491675345756,6.928162290863543,7.671596497896506,8.426335739418285,9.165529603730889,9.862900056979267,10.49369055497376,11.035568811711755,11.469454351484504,11.780245168550358,11.957421446885519,11.995507816047926,11.894378454909791,11.659391013289358,11.3013356081953,10.836184400489955,10.284626524368761,9.6713742528961,9.024231633797099,8.372928856048834,7.747745945732698,7.177977884779084,6.690327108613314,6.307342829104519,6.046051625720487,5.916931340306634,5.923363231096591,6.061652649005326,6.3216396632035705,6.687838554977632,7.140964927002191,7.659649399337363,8.22211285058489,8.807597903212766,9.397412327088778,9.975528785550612,10.528780148512624,11.046765727590747,11.521620137762858,11.947781830886294,12.321835651589916,12.642411281091547,12.9100277350152,13.12671901578249,13.29528834222057,13.418132102123963,13.49573753810368,13.525148471113168,13.49884675441166,13.404544465191059,13.226274239434833,12.946898308373905,12.551783378489741,12.033010500141943,11.393228585858704,10.648217067661353,9.827435176909702,8.972258601198481,8.13212345287291,7.359263781120031,6.703011374680948,6.204656386437735,5.893656989701398,5.7856190070067575,5.8820610670879905,6.171648980656466,6.6323952223499365,7.234291021435833,7.941936744521948,8.716901018132852,9.519707881167005,10.311478096947251,11.055314601409616,11.717525687542029,12.26874167235354,12.68492635687321,12.948236203294012,13.047652935215043,12.97931496861003,12.746496944826774,12.35922596416522,11.833566577655379,11.190643448065924,10.455493207407816,9.655842265284676,8.8208965701326,7.9802075075836285,7.162651877497051,6.395539658868689,5.70384573056174,5.109552978520663,4.63109384033428,4.2828829744416845,4.074942158424994,4.012626579205481,4.09646705277782,4.322144221398711,4.680608346858442,5.158352693339918,5.737840848154519,6.398079913199233,7.115323386508116,7.863880512549915,8.61700336594864,9.34781913643655,10.030273010185464,10.640046594854432,11.155417863835922,11.558030933927988,11.833547471631931,11.972155976089965,11.968920434614784,11.823955702170966,11.542423218366029,11.134347132043917,10.614257334504998,10.000672086712132,9.315438649154526,8.58295538539713,7.829303033904097,7.081316078532116,6.365627281732474,5.707719400440735,5.131017849054986,4.656056616018917
4.642469578955028,5.1127158805514945,5.685499316293527,6.340427098577415,7.054183388216055,7.801361138885977,8.555369763208944,9.289387238640147,9.977324184206992,10.594767658701848,11.119873915080184,11.534181935613871,11.823322966088885,11.977605010319326,11.99245475549089,11.868702044360976,11.612693268727684,11.23621973583839,10.756245547137677,10.194418016396057,9.576344184087523,8.930622227431304,8.28762923374582,7.6780887273070775,7.131472365438075,6.674327282784568,6.328657337702799,6.110514039879168,6.02896137718173,6.0855600840030135,6.274467849278176,6.58317636990653,6.993815562917964,7.484867316239132,8.033065805207602,8.615235576049198,9.209841097743375,9.798089503990212,10.364526901326286,10.89717389565519,11.387330571612383,11.829221718615702,12.21963722165609,12.55765349398234,12.844419757596373,13.082891626333154,13.27733339014185,13.432423593375745,13.551901427689304,13.636870612555466,13.684086804075937,13.684723182784555,13.624160418450312,13.483227819137571,13.241027385616956,12.879059855335665,12.385954188748455,11.76181406228195,11.021146920666682,10.193574783908645,9.321992878071407,8.45841496833928,7.658258842289404,6.974137292249389,6.450253113587042,6.118265021869321,5.995086774919699,6.082635298546484,6.369178428450524,6.831726787656759,7.438884175979642,8.153680277388377,8.936092157561442,9.745147814362014,10.540645017535404,11.284588657114604,11.942452959642864,12.484332099126478,12.885981642310508,13.129699142457499,13.20496189005093,13.108739739906696,12.84542792303803,12.426388997946509,11.869141806229269,11.196276346040609,10.43419825493865,9.611811573952568,8.759235302212192,7.906623583927541,7.083128795420819,6.3160186775943385,5.629938340572647,5.046297870000622,4.582765881271257,4.2528560242764515,4.065603436730958,4.025337882310623,4.131567118731249,4.378986548845507,4.757629301263876,5.253165383665354,5.847350760762605,6.518618522695716,7.242795919195489,7.993923788748626,8.745149300180975,9.469659139555006,10.141618306653623,10.737079405133697,11.23482854057012,11.617136490383098,11.87038749116356,11.98556261811277,11.958560122629791,11.790341054645316,11.48689482278806,11.059025824621404,10.521968691659543,9.894845820455528,9.199986490190108,8.462131802844057,7.707553751219154,6.963119779524228,6.255336142943959,5.609404127916179,5.048322737118036,4.592069788827171
4.6853314117419345,5.173936593120313,5.761915389927933,6.42833414259947,7.149468219273044,7.899648585422695,8.652179107104624,9.380292958460053,10.05811565752509,10.661602730118087,11.169421744887906,11.563751294514166,11.83097308683374,11.962237159597269,11.953883710927656,11.80770746390933,11.531051298662947,11.136714895314624,10.64266179061413,10.071505894472459,9.449758415719593,8.806821276365241,8.173726463600007,7.581644415094953,7.060218307390913,6.6358216559719905,6.329876978147369,6.157403546296928,6.125971630614787,6.235220246652846,6.4770416906625865,6.836453263444668,7.293077263259278,7.823054013307576,8.40114131379291,9.002725925538325,9.605498175381664,10.190616406981233,10.743297356387203,11.252885126535093,11.71254514731619,12.118774613635416,12.470903700297956,12.770685950000788,13.021963793202247,13.230283363108555,13.40226521168784,13.544551624044246,13.662264039322059,13.75710076352852,13.82543506480232,13.856958750585482,13.834472444391034,13.735291708559178,13.534412677980676,13.20912601053099,12.7443076587606,12.137297578066494,11.401224272525482,10.565890043010505,9.675845637387805,8.785913567815683,7.954985913795386,7.239265975033202,6.6861599508625496,6.329770286492625,6.188497508763574,6.264766659791341,6.546493421123514,7.009679300495419,7.621493291388129,8.343319022098898,9.133448389107492,9.949308772915561,10.749264976146765,11.494113479905835,12.148389054550025,12.681555376810469,13.0690828905934,13.293356743499125,13.344323992132653,13.219789495639581,12.925300442351297,12.473609213598742,11.88375886600588,11.17988124244003,10.389824907647581,9.543734805092335,8.672689677047913,7.807473327453427,6.977520404998889,6.2100449314452275,5.529336398361137,4.95619666155023,4.507490499946876,4.195790526509711,4.029108921511398,4.010720095497582,4.139086819003756,4.407905993455094,4.806288925334973,5.319085603857984,5.92735452862906,6.608970640856739,7.339355203047406,8.092303983586904,8.8408843648584,9.558368203098025,10.219165393674027,10.799722978790044,11.279356065845,11.640979585688768,11.871713801974995,11.963341287203143,11.912598613195986,11.721292065667296,11.396233078495158,10.94899557961039,10.395503828650687,9.755465389633134,9.051669411471725,8.309175193328802,7.554419922612959,6.814277353524139,6.115100941893918,5.481785506001964,4.936880823633879,4.499788726504017
4.700217090616537,5.206696504745911,5.80928745765959,6.486536196949094,7.214332860798443,7.966771947158135,8.717078369718227,9.438567262792692,10.105605095844952,10.694540394592376,11.184574371655458,11.55854484553139,11.803600608798401,11.9117473555205,11.880249708064449,11.711876060613099,11.414973282756023,11.003356609196182,10.495996802747264,9.916483409318815,9.292242152266413,8.653489526915076,8.031921790709582,7.459161060499617,6.9650179801930285,6.5756747241511375,6.311936308140531,6.187731440361903,6.209054539769969,6.3735183395788955,6.6706277208374,7.082794690394489,7.587005696048651,8.156947125900007,8.765316973498356,9.386020758946964,9.995978495597663,10.576353332241501,11.113133391890225,11.597127123422334,12.023536036200575,12.391318693591517,12.702541226738765,12.961826329472437,13.17588907834094,13.353024853831158,13.502340044436277,13.632531223772089,13.750141883133955,13.85744128297021,13.95032194553798,14.016814940018616,14.036883154117296,13.984007075591613,13.828719502392284,13.543745414557947,13.109897130549067,12.52152581176016,11.790271586607236,10.946136579190394,10.035469397076083,9.116142221349715,8.250824018048764,7.499630914150293,6.913475506473245,6.529157725223767,6.366751905123889,6.429306546550639,6.70443381589558,7.167119112648244,7.783047197920116,8.511876133545625,9.310113035258084,10.13347247066653,10.938767399038477,11.685465808787711,12.33704770123476,12.862242512662881,13.236150603007633,13.441185182023656,13.467733818631388,13.314439346345395,12.988034493516459,12.502720488082888,11.879141001740626,11.143053734975446,10.323831805326066,9.452931485494412,8.562443984613187,7.683814223947757,6.8467687881106825,6.07845797149722,5.402790022064689,4.839922445383921,4.405874916348344,4.112237488259234,3.965961586587095,3.969235048084211,4.119452719579887,4.409299040344269,4.826958391074411,5.35646379306218,5.978186406174743,6.669458934902065,7.405316979426191,8.159334596919162,8.904524443532313,9.61426905088724,10.263247999363513,10.828325792617548,11.289366869025189,11.62994715822956,11.8379356733925,11.905924608267057,11.831492078771483,11.617287808275458,11.270938496499884,10.804776119964103,10.235398770232461,9.583079630198835,8.871045113389048,8.124647859282906,7.370464026303683,6.635347022021845,5.945471362393874,5.325400703872654,4.797213231776748,4.379715546192565
4.687986470285321,5.211837740832694,5.828443151942099,6.51585015409524,7.249587601837444,8.003539283760688,8.750877839346337,9.465027055832635,10.120620186721705,10.69442293454276,11.166192012783249,11.519443523402966,11.742109360016755,11.827063886918936,11.77250650834881,11.582187638929199,11.26546537638241,10.83717767038325,10.317310571821997,9.73043889583286,9.104914137025247,8.471779368418984,7.863405820912977,7.311873378411292,6.847157191798032,6.495230980730014,6.276245971770314,6.202980909491108,6.279770089324262,6.502092203706907,6.856938611722143,7.323980481115892,7.877435426017089,8.48841920990063,9.1274832404185,9.767006424559083,10.383142110846252,10.957113510945609,11.475784289064237,11.931572922662873,12.321893575413851,12.648361500006962,12.915980848194298,13.13244151172777,13.307515977286428,13.452411976661747,13.578854521329037,13.697686849697082,13.816914503861465,13.939352353792525,14.060309962338339,14.165972194532298,14.233198310307296,14.2313025678718,14.125986345784069,13.885043085797136,13.48490220703301,12.916695180209242,12.190462192322771,11.336426675294584,10.402883250441395,9.451003644546475,8.54754728103304,7.7568771531291,7.133726496893253,6.717856286344543,6.531209415959343,6.577578488354132,6.844323617446223,7.3054075309576945,7.924979511587587,8.660888629391069,9.467751763397724,10.299450913270164,11.11111936690201,11.86076667025452,12.510692607843431,13.02877900503991,13.389662882293795,13.575719778250644,13.577744988177374,13.3952217190608,13.036104167343712,12.516106314506219,11.857555617002452,11.08792748275128,10.238209251418194,9.34124642367938,8.43020169951255,7.537217338695001,6.692324632774086,5.922601688604647,5.251550129772929,4.698646276680295,4.279022125892129,4.003242083512706,3.8771574658239873,3.901836947794129,4.073583437126045,4.384054187659633,4.820501079865875,5.3661429810961385,6.000673761387255,6.700899811134615,7.441491421169599,8.195824286050525,8.936881305544887,9.638180994070385,10.274697087023657,10.823734128634257,11.265725656029268,11.584924778464723,11.769961233704334,11.814244155263923,11.716195590914367,11.47930606636881,11.112009978842899,10.627385119622422,10.042686947561247,9.37873415477134,8.659167380527892,7.909607456790044,7.156743151553948,6.427380889321621,5.747490283146284,5.141279462471364,4.63033312035486,4.2328439706126995
4.649976477024499,5.190679996660739,5.8206882679480945,6.517571735467021,7.256522276248852,8.011238939563443,8.754868826211757,9.460970971662439,10.104471000212762,10.662575587427352,11.115618310213566,11.447812032848281,11.647887140585855,11.709599055195202,11.632091746490062,11.420105537587965,11.084016707156003,10.639693030064144,10.108144142507278,9.514940311422729,8.889370918671059,8.263318739502004,7.669841959704321,7.141485595091709,6.708387409770133,6.396296171224043,6.224672954306246,6.205086174401965,6.3401237577077065,6.623019624240872,7.038121687533918,7.56222037764323,8.166627034345524,8.819766051666157,9.489952327528655,10.147990982367602,10.769272178897044,11.335136008211235,11.833429010978255,12.258329892996791,12.609647487458748,12.891854951135556,13.113102410621305,13.284350495138018,13.418618655244675,13.530193938194458,13.633555516322698,13.741787140503572,13.864396403486982,14.004716766481785,14.157369097863693,14.306501160092736,14.425595491597964,14.479460416666853,14.428588638846996,14.235467376649154,13.871816497565398,13.325311953504949,12.604280698398565,11.739190762885155,10.780436108409464,9.792745799511945,8.84729299604982,8.01303200628277,7.348841015871297,6.897714480419348,6.683665713749877,6.711357082315718,6.967950921048873,7.426381329065082,8.049209319398537,8.79238791720418,9.608532697008515,10.44956591412106,11.26880443531644,12.022659479685199,12.672114891501344,13.184081711452873,13.532631899278709,13.700031258196745,13.677446431287809,13.465202852698594,13.07251457490007,12.516677316884634,11.82179251274661,11.017153251776062,10.135459101785791,9.211030435148384,8.27816699998688,7.369749559734754,6.516130114248383,5.744307738366271,5.077352314676464,4.534021411450665,4.128515422573173,3.870328396003697,3.764170562343283,3.809957414213837,4.002874764377911,4.333537139524243,4.788257824732624,5.349444066269619,5.996122378601189,6.704588734222442,7.449168461328215,8.203062197830242,8.939247936057356,9.63140525421758,10.254826166966321,10.78727737085925,11.209780687904574,11.507281906842298,11.669182705715887,11.68971566351317,11.568148309284958,11.308808501181751,10.92092996412103,10.418323330419991,9.8188843094741,9.143956451829522,8.41757117275963,7.66559208283523,6.914794086482262,6.19191003529815,5.522678879651727,4.930929209448557,4.437730815197343,4.0606444787270535
4.587978783175757,5.14499822896865,5.787784468929423,6.493453206783274,7.236883983825629,7.991617266060178,8.73080138181065,9.428157085926037,10.058927688419974,10.600784228763843,11.034657992493345,11.3454764849305,11.522783327782227,11.561226741062349,11.46090444893162,11.227554085547656,10.87257674765121,10.412877057470546,9.87049672099217,9.272012129967482,8.647663459913803,8.030187357943994,7.453342150238235,6.950146563693756,6.55090011107146,6.281110729602537,6.159512964273972,6.196403696857132,6.392536466465739,6.73878698840938,7.216726320809705,7.80012026868854,8.45723236548358,9.15367116554074,9.85542224429582,10.531668109759483,11.1570390667681,11.713050339413886,12.188641601967664,12.579906123339631,12.889234378948489,13.124163980267888,13.296204265349617,13.419795000422727,13.511396310209788,13.588544777711531,13.66861149049765,13.767015619607655,13.894806590715609,14.055807815232999,14.243842600963891,14.44082605156922,14.616584844734678,14.731074589388438,14.739194541636632,14.597743841068837,14.273400202444423,13.750144321612893,13.034475361447644,12.15713088361564,11.17076193661118,10.143919420104798,9.152521741494501,8.270467855660323,7.56111389589821,7.070968026487117,6.826322225033896,6.832838949491212,7.077539806620421,7.532325111871877,8.15811359364485,8.90887190445758,9.73509794606328,10.586619855334492,11.414792524406455,12.174279044328006,12.824601260739247,13.331566348854967,13.668570908374665,13.817692523466572,13.770429175260157,13.527949859475354,13.100769427349045,12.507839553542524,11.775133070217038,10.933869077358853,10.018565949835498,9.065112541261957,8.109017927995547,7.1839476341749995,6.320593702150972,5.545871004474613,4.882392850496096,4.3481597474966955,3.956395181132511,3.7154764627783115,3.6289300885367686,3.69548286414549,3.9091771617100415,4.259568374488523,4.732024533911301,5.308143477918189,5.966294147790965,6.682277933753264,7.430095509291296,8.182795687869902,8.9133762527362,9.595702672522753,10.205408993884157,10.720745687120559,11.123341444001454,11.398849535989227,11.537454026382125,11.534216626013677,11.389251054734471,11.10771820205482,10.699641957649332,10.179552094083338,9.565966819411798,8.880733371189123,8.148250103306882,7.394597750258754,6.646610794315258,5.9309219973108736,5.273014115947609,4.69631256453751,4.2213513314933575,3.865041847766633
4.504210227695941,5.076993093078869,5.7319197365174945,6.445673837650386,7.1928475549652955,7.946849087210613,8.680854760329778,9.368773368856102,9.986190925708927,10.51126579519672,10.92554727629737,11.214694772308262,11.36907921945921,11.384252708818657,11.2612752888271,11.006888792899847,10.633525420677493,10.159133528500833,9.606795503451442,9.004104951016142,8.382266449937799,7.7748856386205905,7.216435278553967,6.740417520206281,6.377293738967367,6.152315781726806,6.083455336175868,6.179675856108583,6.4398069424678415,6.85225029855224,7.395663627410294,8.040640671560272,8.752251976320508,9.493162459614435,10.226932983249753,10.921073147217873,11.54945660255137,12.093833256466201,12.544348791650295,12.899169059849191,13.163457540370754,13.348027530506785,13.467965388163393,13.541402540013243,13.588436919740465,13.63002742873802,13.686576430276673,13.775934017230561,13.91073076818408,14.095249843291755,14.322405440523937,14.571680673248192,14.808962486965136,14.989001586239038,15.0607133664667,14.974821733140057,14.692625323833097,14.194167084960888,13.484003078236913,12.59316677559945,11.576727619026334,10.507328163663574,9.465970120891948,8.531857558976938,7.773164659063125,7.2402000523680545,6.9617481658263145,6.944606121028777,7.175714568455359,7.625935898514905,8.254491684956697,9.01326902734066,9.850526880574733,10.713858007159542,11.552501181702457,12.31921176369502,12.971893239502243,13.475105909769598,13.80145209192728,13.932736207882218,13.860743921960538,13.58748863292359,13.124829559803832,12.493453898811804,11.721310674223563,10.841661846506591,9.890959918471438,8.90676395946236,7.925871514934045,6.982784328324306,6.10855722977107,5.330017441205408,4.669297171681957,4.143600815896803,3.7651282479424952,3.541091969829544,3.473790389472324,3.5607246022835115,3.7947659688860105,4.1643934438571115,4.654022550349072,5.244443578406825,5.913377495214977,6.636146852950311,7.3864479092193545,8.137200781823777,8.861447564049334,9.533264160076236,10.128650004747323,10.626360450892248,11.008649024764644,11.261890572216448,11.377061205578828,11.350056628860838,11.181836621587868,10.878389976631265,10.450520801407613,9.913463594485528,9.28634069317008,8.591481350955629,7.853626658987676,7.099048605620115,6.354614633284682,5.646830996474932,5.000898981366978,4.439817590541539,3.983564642241612,3.6483854417547605
4.401276452796045,4.989254595584445,5.655672035969853,6.3768035754252645,7.126979228882463,7.879501377547392,8.607601092132072,9.285401349665266,9.888855559634532,10.396631917670739,10.790917477514418,11.05812015354597,11.18945158599534,11.181378118586023,11.035930048188906,10.760859747767414,10.369636408714971,9.881258815666008,9.319858701530237,8.714058299674196,8.096040798514316,7.500296780705686,6.962028731533478,6.515232970847655,6.19053376487501,6.012912221836443,5.999540969210998,6.157987619869484,6.4850670300228295,6.966589089143228,7.578159020379788,8.287048031263177,9.054985366839023,9.841561655608963,10.607815443573955,11.319531875413588,11.949831064884599,12.480758289440935,12.903780382185689,13.21929696247572,13.435439607670395,13.566512457436657,13.631400453895353,13.65214249028018,13.652674036403017,13.657550872824512,13.69034691904418,13.771438764925774,13.915076729548689,14.125972034462299,14.396016040893873,14.702057755357648,15.005757257272542,15.25630461585318,15.39623740584791,15.369813931048968,15.132614315218454,14.66049978827842,13.95596781671977,13.050375384574604,12.0013742230817,10.885972131771148,9.790596830689202,8.800123135004405,7.987888685325966,7.408294441206192,7.092835638996579,7.049582386654045,7.265456790209435,7.710280414630013,8.341522369673138,9.10889466157576,9.95829160033439,10.834922850392601,11.685748655643117,12.461447458830929,13.118137859333519,13.618980417125547,13.935655653774635,14.04960344010683,13.952849837775872,13.64825302314733,13.149062822400635,12.477786929752153,11.664462807756873,10.744520735981576,9.756471499412466,8.739654330192847,7.732241322882507,6.769627165654692,5.883255683186804,5.099864755684905,4.44108129149237,3.923273788082845,3.557570407163773,3.3499690674594857,3.301494018143776,3.40838208622101,3.6623048063661052,4.050646469509623,4.556862216893006,5.160936274462922,5.8399510253245035,6.56876580949383,7.3207926107465795,8.068845848707607,8.786036239160401,9.44667435920939,10.027147967241962,10.506737873193568,10.868339764194154,11.09906342641272,11.190685894109066,11.139940895880912,10.948633299263602,10.623573850643997,10.176336153956047,9.622844320360445,8.982805847695579,8.279009856180569,7.536515632871924,6.7817603602081835,6.041617790403355,5.342441378516577,4.709125942534984,4.164221260136376,3.727129162996379,3.413412716695556
4.2821293342811115,4.884719540192922,5.561966773946253,6.28976051091859,7.042194122934796,7.7924907306572,8.513962846889351,9.180973569893062,9.769868050185897,10.259846342355669,10.633752409589619,10.878758624249508,10.986930008674115,10.955656824569076,10.787946865542157,10.492568797954132,10.084034246919693,9.582398859738205,9.012852346647787,8.405057201002766,7.792189898424541,7.209642614570545,6.6933637030123165,6.277855312674421,5.993906464759193,5.866213481058004,5.911113931797596,6.134716851689136,6.53173060772022,7.0852539158629195,7.767698303772649,8.542859529867902,9.368974695558304,10.202427173980242,11.001633807618814,11.730602741099398,12.361703625613758,12.877338754026827,13.270413121490773,13.543723873917884,13.708568767672126,13.782961010750888,13.789808527738533,13.75527582027168,13.707337281480932,13.674321035777659,13.683112998699144,13.75671133189132,13.911023655492242,14.15115616634924,14.467862047073185,14.835152391968531,15.210171641389154,15.536192014005119,15.74897806505609,15.785931214771193,15.596573116935552,15.152339252971622,14.453553436592193,13.5319247341957,12.447852573730938,11.28298563282313,10.129522888792815,9.078378517653473,8.208402348464983,7.578383036509493,7.222748472321525,7.150983255847581,7.3500558924201,7.788745703025354,8.422714046711578,9.199400499912386,10.062205177658265,10.953800972724384,11.818699346216688,12.60532339359057,13.267830380344373,13.76781857659401,14.075910719637193,14.173084369314262,14.051555112795674,13.715025836943356,13.178185897252268,12.465453877988622,11.609075379769628,10.646783069764036,9.619279005608321,8.567800748208722,7.5319879709273385,6.548190313809012,5.648270282856563,4.858876503831378,4.201106732844877,3.690453074182219,3.3369224984437125,3.1452468820755715,3.1151285395804282,3.2414999430121725,3.51480274353657,3.9213074186652737,4.443500224672449,5.060560415367821,5.748940951481571,6.483053446000813,7.2360456295116435,7.980649063820738,8.690067166994423,9.338869093495624,9.903853416349058,10.364846422165764,10.705402629610955,10.913379391984051,10.981362738624599,10.906927620185545,10.69272218095594,10.346372355040291,9.880209758087009,9.310832316260997,8.658513138724524,7.946478607029362,7.2000813471643355,6.4458975120133255,5.7107805069331015,5.020904847019028,4.400834188397839,3.872646716267891,3.4551490306724033,3.163206520169035
4.150018881622094,4.7666234427431515,5.45402872481833,6.1877628119347,6.941708169055695,7.689035294031301,8.403164762365208,9.058725501725863,9.632478373390429,10.104176815396919,10.45734024525012,10.679920751234949,10.764848680827994,10.710447135864339,10.520707945920947,10.205421194660554,9.780145877743005,9.266000602239089,8.689241553856748,8.080583211948587,7.474210342380995,6.906433898850176,6.413964944134549,6.031823890655464,5.790967122166344,5.715792710596371,5.82176746677366,6.113479003224242,6.583436873092642,7.211908194813726,7.967968099203147,8.81178221241619,9.697942797558444,10.579491310810528,11.41212220233863,12.158013365511621,12.788787077236407,13.287265050693431,13.647908879491455,13.87607890697279,13.986439300953059,14.000932675949848,13.946716143044133,13.854299237862573,13.755897292775566,13.68378618213203,13.668303583052348,13.735163178088943,13.901966104224565,14.174179148796393,14.541300977536382,14.974300477528814,15.425517809793622,15.83195088610133,16.122197317747943,16.22641194640682,16.087719647105242,15.67288758564677,14.979951972217387,14.041003210914072,12.919354163613558,11.70157017674701,10.485966972213944,9.369867283164323,8.437982981183058,7.753787527633833,7.354865584636624,7.252260290464854,7.433053888632949,7.864983771759601,8.501848790740679,9.288717594910668,10.166363366646825,11.074763229677917,11.955802322088454,12.75546117692726,13.425749730150107,13.926532015982076,14.227228734237618,14.308251143969738,14.161949979190656,13.79287235236056,13.21719873017022,12.461354334618406,11.55991997294513,10.553073281485961,9.483849321012368,8.395510281242162,7.329263328290423,6.322480301269471,5.407475537318955,4.610810278770321,3.9530296500506834,3.448708190185359,3.106680863286299,2.9303604012234623,2.9180777403749145,3.0634194136708692,3.355565910112342,3.7796538317523796,4.3171914207719135,4.946553654060985,5.643572991511369,6.382228646171157,7.135423973516386,7.875830337269452,8.57676768047683,9.213087282419048,9.76202055508829,10.203958706368184,10.523131084788712,10.708154485921678,10.75243119956794,10.65437975877541,10.417488935531518,10.050192276617295,9.565567172405434,8.980868897970064,8.316916063486278,7.597349272692128,6.847789342550418,6.094925034899049,5.365562771778739,4.68567216528516,4.079461344499033,3.568515002344655,3.1710258525899175,2.9011468614934453
4.008440371492997,4.638447679113513,5.335329189220281,6.074275888348689,6.828985280992046,7.57260193398664,8.278681002557777,8.922142695015005,9.4801871530268,9.93314219527868,10.265220605457138,10.465168733660486,10.526793435813332,10.449358804101267,10.237846497826983,9.903072463412327,9.461647433116662,8.935758645927333,8.3527370141857,7.744360682257081,7.145837869407934,6.594415847377839,6.1275857438749,5.780899285061134,5.585483461534219,5.565425194949393,5.735285226141805,6.09806703535139,6.643988855212572,7.350365268596798,8.182791498073462,9.097647337278781,10.045726425767565,10.976592636894196,11.843116582067498,12.605592273577447,13.234897781077626,13.71433718517614,14.04004804725571,14.220120757797668,14.272787355893344,14.224141255860896,14.105815632572966,13.95288461011686,13.80200597716689,13.68957765776323,13.649527278731078,13.710376193017144,13.891453586392547,14.198551266273222,14.61979671919877,15.122913137517495,15.655149807917837,16.146877056011583,16.519135606548847,16.694448306971516,16.60920892313753,16.225276846593722,15.538288556789203,14.580745424219213,13.419038530540398,12.144923794899485,10.86317691326311,9.677896354354068,8.680004629082017,7.9379569349761585,7.492719764450992,7.357040664733371,7.518185184298307,7.942851098298846,8.58292107035813,9.380993870293938,10.27508058033696,11.202298972134312,12.101723708442632,12.91669735347266,13.596887471261383,14.100242925002602,14.394830170517071,14.46038416007486,14.289333004920675,13.887067162375367,13.271312389227935,12.470601516676727,11.52198481561989,10.468235781209366,9.354872742096582,8.227316765478319,7.128449159066081,6.096736344257871,5.164981045868913,4.359660765457545,3.700744912599847,3.2018486630667997,2.8705828876487205,2.708986498232262,2.713968009144072,2.8777249905077116,3.188144315190341,3.6292077675714975,4.181435839192261,4.8223995350310975,5.527319491886063,6.2697576803508515,7.022392799037866,7.757858471806338,8.449614709660365,9.07281808443218,9.605154383160862,10.027598585544228,10.325070180221811,10.486956516790503,10.507482595949918,10.385912054030882,10.12657080650057,9.738691636049838,9.236084730738158,8.636645596280642,7.961717692400745,7.235332394975282,6.483353297947893,5.732555298915686,5.009671246746441,4.340440090746924,3.7486904204203575,3.2554920261271136,2.8784056896428662,2.6308579163169763
3.861077554101697,4.503862705335795,5.209529224144401,5.952955628018405,6.707680591643212,7.446849469957423,8.14417838451181,8.774903992319098,9.31668885979872,9.750455632190974,10.061127715035852,10.238259530666275,10.276544841507572,10.176196077838522,9.943189737439974,9.589371343061227,9.132407085938718,8.595557986333148,8.007237560436652,7.4002990920875895,6.810989392218545,6.277509742686429,5.838149003201722,5.529003701271578,5.381375194540022,5.419026890652296,5.655578645593508,6.092387494776007,6.7172880994857405,7.504521661597261,8.416059919508129,9.40434094728646,10.416205725731789,11.39760463982553,12.298482859987649,13.07719687332995,13.703883863038742,14.162393530203913,14.450659168269823,14.579668440871586,14.571422934592572,14.456388157305794,14.270899664376067,14.054814597616527,13.849433000482831,13.695446911601877,13.630509549793771,13.686039569333087,13.883126694810786,14.227851123926252,14.706852900746897,15.284408231413053,15.902393021615783,16.484202488772233,16.942937396591546,17.193110330392976,17.16405607650111,16.812491649856778,16.1315442543262,15.15415589030355,13.949958320137497,12.616167863880998,11.264358488534942,10.00576676985713,8.937870636631907,8.13440169736239,7.639932828895308,7.4690628929121505,7.609312338412754,8.02634389632366,8.670072030558932,9.480526997949005,10.392821034547453,11.341045243740206,12.26127385498606,13.094008598652271,13.786371219715134,14.294206023728508,14.584065483167706,14.634892512983715,14.439131596525044,14.003015278824153,13.345871276602569,12.49844601512494,11.50040039001081,10.397262630040473,9.237192805593036,8.067912763429906,6.934091095747937,5.875366153420226,4.925068913086462,4.109598518742085,3.4483260036094574,2.953864822807127,2.6325484868902502,2.484985940487064,2.5066107304026803,2.6881870886985446,3.0162747145967526,3.473678805891686,4.03992179490923,4.691770648592176,5.40384262000733,6.149297419901741,6.9006086354401575,7.630394389311526,8.312278003059998,8.92174410772741,9.436953892827324,9.839484348209474,10.114959709901633,10.253548219031716,10.25030321637925,10.105334121529346,9.823799677524676,9.415722732793167,8.8956325688733,8.282047168661821,7.596813669298244,6.8643303811105225,6.110678020203969,5.362691061295964,4.647002263201442,3.989094381447403,3.4123928299007296,2.9374315968100526,2.5811221130678756,2.356151105095143
3.7117428339323126,4.3666682515189805,5.080419846175951,5.8275886051203765,6.581580662089648,7.315568879750039,8.003456575403423,8.620821713591681,9.145811979617948,9.559964716090413,9.848930526736272,10.003084957373925,10.018018263336153,9.894897725970166,9.640698862725191,9.268299696114289,8.796424875051901,8.249413719937554,7.6567697140963205,7.052432376933964,6.473702020285542,5.9597515563059735,5.549685330373498,5.280158398750617,5.182650627661388,5.280590052390614,5.586621436444489,6.100393741376347,6.807266538759184,7.678287557987126,8.671662226463793,9.735731731573557,10.813231028712286,11.846361705286089,12.782042391505016,13.576638790939409,14.199550759573697,14.63523692369251,14.883545885621764,14.958529314923645,14.8861591436381,14.701492919281641,14.445793003261377,14.163915511099216,13.901999514749795,13.705199794038165,13.615027228194384,13.665884125979892,13.880650824627331,14.26565836216292,14.805944245834738,15.462140071717512,16.170472106860686,16.847021421021708,17.396575656715108,17.725269042538528,17.755058590782955,17.43729103396646,16.762478133527566,15.764031854532222,14.51498331860669,13.118272678925207,11.692602701696249,10.356702673069833,9.21494417528113,8.34662543171088,7.8001481994618445,7.592109734973831,7.710358779982265,8.119530126450154,8.76752031661162,9.591693619113155,10.524126042689234,11.49571194119314,12.439330287517683,13.292432532580799,13.999383539316764,14.513725892523457,14.800331345189388,14.837229694352576,14.616817752063099,14.146168533809124,13.44627072395995,12.550195045053703,11.500360685889145,10.345217018920934,9.13573208548894,7.922077654087764,6.750828899002781,5.662878166480543,4.692127711541595,3.864905392857092,3.1999616541039666,2.708865397078187,2.3966184446761334,2.2623422898234304,2.2999415980871936,2.4987016567264955,2.843820430073304,3.316904010289864,3.896465943359567,4.558468753570054,5.276934526424981,6.024635522103557,6.773859580549037,7.497231327547764,8.168560318816702,8.763681590344692,9.261252233653142,9.643468857710506,9.89667433626903,10.011827355269332,9.984814398056724,9.816590505924552,9.513142106218579,9.085272158638574,8.548214620425636,7.921091580621436,7.226232181984118,6.4883774676108,5.733799405571137,4.989365429963882,4.281581791950857,3.6356497764115296,3.0745683854353123,2.618315437084017,2.283136236580102,2.0809651471984374
3.564315374513532,4.230731439184362,4.951860157459736,5.702030210497358,6.454541611898861,7.182621425354422,7.860386209501955,8.463779760137243,8.971457100648268,9.365589543149603,9.63257076348618,9.763609699109857,9.755201845856678,9.609474980429017,9.334406948136602,8.943910341732751,8.457770456043763,7.901408682809674,7.305425169350858,6.704856198949898,6.138070042028398,5.645228545125237,5.266269134310629,5.038419145903543,4.99334132974303,5.154116959711843,5.532382224897888,6.126017374802278,6.917816619211952,7.875515591402739,8.953412209003908,10.095597305583123,11.240548106307267,12.326583592725225,13.297495972139117,14.107607726282582,14.725585275897826,15.136559257540304,15.34241234709206,15.360425526456849,15.220739819060075,14.963222074274743,14.634282572935719,14.283988451781338,13.963510174891786,13.722629180643704,13.60684142240746,13.653615144871782,13.887648568242252,14.315485252717666,14.920447055168296,15.65932854979117,16.46243861919542,17.23821647918895,17.88277658886439,18.293520058683413,18.384719138496745,18.102130987804323,17.433549963008574,16.41288661380786,15.116724786633473,13.653983069110819,12.150812808367405,10.733779723670613,9.514477873131295,8.578055485732008,7.976961983418932,7.729939345237511,7.825239528548352,8.226479292374183,8.879490480267961,9.718875956095143,10.67353851796071,11.671004007081368,12.640757527671493,13.516985252466743,14.241077425139553,14.764070788569796,15.048983300619657,15.07280567124646,14.827820200587254,14.321938409806709,13.577871093297842,12.631128307188916,11.527041193309959,10.317153628050725,9.055415017889423,7.794602896343143,6.583324028046856,5.463811216118515,4.470583988721092,3.629907607221565,2.9598901888801596,2.471012877106712,2.166890568785865,2.0450986538367455,2.0979578045058545,2.3132276793448185,2.674709072487419,3.1627858024402906,3.7549512559250298,4.426362818566095,5.150455426910295,5.899628535359579,6.6460034162780115,7.36223295683532,8.02233553531894,8.602518499243192,9.081954795758575,9.443477616406284,9.67416163301423,9.765764736313468,9.71501052344954,9.523698654626406,9.19863727600626,8.751398729702133,8.197906531625751,7.557867906577584,6.854071852970894,6.111577605002791,5.356822322793367,4.616679749386721,3.9175033361751628,3.2841878997185847,2.7392832171539405,2.3021911199573717,1.9884746736377537,1.8093040403902503
3.4226781097700743,4.099923804556748,4.827714376934754,5.580141686549879,6.330426153241996,7.051875681851232,7.718845907560484,8.307670620406855,8.797533901711308,9.17125968324078,9.415999861549967,9.523808226673086,9.49209339588996,9.323948381446307,9.028355743602066,8.62026379575574,8.120519763250984,7.555630006628864,6.957297203396246,6.361664157108772,5.808180863049282,5.338014826835925,4.991953727052366,4.807810722010395,4.817435893335517,5.0435527931383515,5.496756404816487,6.173098945885236,7.052720787360658,8.099929073968273,9.264975583274325,10.48755007699551,11.701723070762885,12.841799602091042,13.84834755430408,14.673595035833904,15.285479360167098,15.669865752553962,15.83078825100806,15.78892003765775,15.578766674152984,15.245217472772438,14.840046931407755,14.41873983326401,14.037684532474952,13.75144700435898,13.609629910009692,13.652844817590989,13.90763190055064,14.380708319181409,15.053569995240856,15.87898888665638,16.781099604530183,17.660386090259625,18.40394594991926,18.90010901563565,19.05517041433196,18.809089038098136,18.146844929646967,17.102874722719655,15.757461449230334,14.225745371689353,12.64163235800541,11.139854163021568,9.839543736072615,8.831973437159052,8.173853685030881,7.886215766938972,7.957791009233353,8.351191108705255,9.010140057931729,9.86638691389132,10.84552579696609,11.871541787327544,12.870324932529162,13.772576754789224,14.516489565385033,15.05038415273108,15.335246047385109,15.346896566279126,15.077434146234648,14.53560651007055,13.745909583091716,12.746411644362626,11.585514798531817,10.318037009437536,9.001088873738095,7.690215563447593,6.436185598401422,5.2826626908020975,4.264832359249568,3.408907475548224,2.7323325994397596,2.2444576610755615,1.9474546631702765,1.8372932822141088,1.9046540950240338,2.1357235606898968,2.512869154856837,3.0152287324165825,3.6192638951782152,4.299325965056964,5.028270587332686,5.778138907470537,6.520904627166311,7.229270399253292,7.877485663865235,8.442151530915988,8.902976194159402,9.24344573057338,9.451379028344565,9.519341141502402,9.444895917310566,9.230685791968481,8.88433384874008,8.41817031957505,7.848792477778515,7.196473132998335,6.484438533147424,5.7380412462112265,4.983857400579696,4.248740391544461,3.5588647301755363,2.9387940710326697,2.410606598720346,1.9931089130627129,1.7011664025386963,1.54517394835643
3.2906546618811503,3.978058227723887,4.71178877674133,5.465727066572979,6.213040528723777,6.927144469324525,7.582659198557599,8.156332277576421,8.627898042027812,8.98085104847301,9.203115814682642,9.287601612845762,9.232637167569415,9.04228452601506,8.726532378875618,8.301364919519225,7.788691585792022,7.216105596500252,6.616417019777642,6.026883946254001,5.488050915094706,5.042106955383753,4.730706464426152,4.592261505813652,4.658813842293707,4.952718727604372,5.483498289767099,6.245319058512231,7.215581465160772,8.355050813552682,9.609797676486163,10.914963887623614,12.200068127854507,13.395273651318062,14.437828910610301,15.277818272975235,15.882454820588592,16.23840013801839,16.351954738334264,16.24734342761129,15.963627140386185,15.550925221910752,15.06658629236453,14.571712402221094,14.128088912477091,13.795216796635799,13.626920116155578,13.667025413298838,13.943935283215108,14.464501136264474,15.208286380717297,16.12386323396305,17.12894841766267,18.11577449255349,18.962098310851776,19.54686021385461,19.768103360637745,19.559792302759597,18.904001779779062,17.835720466338554,16.43906849685389,14.835637085465088,13.167375532831478,11.577493772672618,10.192964561176744,9.111446707047495,8.394117688045753,8.064439896521582,8.111701077246511,8.497524155203942,9.163486443123116,10.03839480832473,11.044401940845434,12.101780732226397,13.132623757556313,14.063925474789457,14.83045263096889,15.377595073947687,15.664122629892946,15.664553224401017,15.370729901612293,14.79223394615749,13.955411002366692,12.901009736004168,11.680666802567925,10.3526591858455,8.977444045454618,7.613501287696451,6.313895840834526,5.123816279353286,4.07916525304194,3.206114851876002,2.521425383691383,2.0332720037362026,1.7423273364535445,1.6428950219575729,1.7239586977651475,1.970083393589647,2.36216659901522,2.8780761473520737,3.493229991274201,4.1811723131067655,4.914187211743172,5.663971897159153,6.402371321886051,7.102159150358729,7.737837763329776,8.286423013502397,8.7281771541592,9.047254776009817,9.232230648713703,9.276484139398626,9.1784216440802,8.941525693923378,8.574226718164429,8.089600593736272,7.504901881508018,6.840948863940007,6.121381998524756,5.3718220387400635,4.6189577196110925,3.8895954521589906,3.2097048440717804,2.6034940227141488,2.0925476803599565,1.695058530537123,1.4251795394180249,1.2925199963331293
3.1719471670852726,3.8688267690923177,4.607769525221954,5.362471019956824,6.1060723543468916,6.81212268920857,7.4555323452327915,8.013486020370935,8.466288953789016,8.798123664324141,8.99770092089087,9.058795251868567,8.980661551205664,8.768333721732665,8.432806975874584,7.991100480780685,7.466185062003659,6.886741536541032,6.286691033085516,5.7044144767276475,5.181562552103775,4.761360519105434,4.486344955904736,4.39553919230644,4.521180740236957,4.885246313430885,5.496154652595277,6.346130970339536,7.409752643151675,8.644133671365612,9.991032971675974,11.380902625008016,12.738569393102642,13.98993148830693,15.068826475434227,15.923147919962357,16.519390216519138,16.84507195840528,16.90887234026551,16.738722659279222,16.378424074837525,15.883526391997462,15.317154227524515,14.74621787671423,14.238069879883911,13.857287837789926,13.662023778301315,13.699384275782625,13.999650811308637,14.569769454223795,15.387269126799156,16.396355336555615,17.50809901794903,18.606205633895907,19.55879057527624,20.23510981983477,20.524700154394047,20.355350387161238,19.706145756267205,18.612650957156085,17.162950929980433,15.485300502921849,13.729961047032077,12.04891195213543,10.577248034028806,9.419262449581783,8.640796649865777,8.267882044476014,8.29044037401615,8.66912564368297,9.343334691633626,10.238848878104431,11.274250695642786,12.365931650626521,13.431984681691103,14.395473210693849,15.187507886023036,15.750329025360738,16.040303870165882,16.030510002191086,15.712461745246678,15.096570968166576,14.211098821656643,13.099599116702102,11.817110320771526,10.425557693908317,8.988934843393224,7.568827779777856,6.2207361962188745,4.991470407017546,3.9177034035794582,3.025579357797207,2.3311542004018158,1.8413848073047632,1.5553876720312507,1.4657396492462134,1.5596701407067917,1.8200741236635274,2.2263421419212523,2.755047762730914,3.3805533226374656,4.075594732132058,4.811892235670499,5.56081339059351,6.2940930593205415,6.984596904948195,7.60710175832015,8.139058711876674,8.561302299276432,8.858670565834403,9.02050506452791,9.04100581037574,8.919423207230142,8.660076364947422,8.27219466582623,7.769586646848626,7.17014703442631,6.495218930633879,5.768833551717334,5.016854422313636,4.266056410743918,3.5431723538422855,2.8739411961015575,2.2821915251504907,1.7889931306388824,1.4119067940802097,1.164359020729588,1.0551639763934633
3.0700759965107762,3.775740400208516,4.519162423578372,5.273878590311989,6.01303035467461,6.710327052140978,7.340994060501858,7.882676144242862,8.316269524697951,8.626661330554056,8.803361419058305,8.841018469248233,8.739818653507713,8.505769533841576,8.150872157260594,7.693178615697892,7.156719082289979,6.57126141484056,5.971840088951495,5.397964951865207,4.892402935283585,4.499428769782715,4.262475360142602,4.22118866473806,4.408005539887812,4.84451420040001,5.538000726059457,6.478695785907039,7.638274206686957,8.970093996997232,10.411477670920828,11.888051982268045,13.319817966838105,14.628291245826112,15.743811581162,16.612037530429145,17.198751139254654,17.492387214375555,17.504112175267622,17.265712989378407,16.825908492219604,16.245870629164635,15.59469216923587,14.945272304807018,14.370690386039186,13.940731998895352,13.717974378125966,13.752861736167077,14.077566501734355,14.699089767851378,15.592829517268656,16.69846943347818,17.920224952814262,19.133022201790983,20.195061033050266,20.965644929701142,21.32557327366135,21.196294448427686,20.553827652941578,19.434335163885596,17.929982532388014,16.175881577584033,14.330850830613532,12.555906107973998,10.994524672437853,9.757864856454937,8.916617928219498,8.499517204635008,8.497196126800855,8.869363418130241,9.55320739673784,10.471406741941749,11.53885030222192,12.667882740229839,13.772397051535947,14.771301722577046,15.591819438820934,16.172820215740074,16.468079397815742,16.44909514802132,16.106978370243624,15.452968194373543,14.517307838572007,13.346482830432638,11.999103343523355,10.540935316536789,9.039702010920038,7.560270095708406,6.160715185346469,4.889568471336355,3.784328157723619,2.8711244495784016,2.165289378522515,1.6725182790516957,1.3903147738644082,1.3094680835978219,1.4153959557153044,1.6892746034464876,2.108950633889082,2.6496791266178867,3.284754889974137,3.9861044849434775,4.724892012359629,5.472169610346139,6.19958056648434,6.88010327404385,7.488810147967836,8.00360752284034,8.405919828836954,8.681282807625015,8.819814924991258,8.816542358279385,8.671560137754554,8.390019604182072,7.981939906680359,7.461848530204847,6.848262609507715,6.163028892415164,5.43054551546136,4.676893119283415,3.928906146715035,3.2132173434636515,2.5553094598119994,1.9786079075846503,1.5036466742559425,1.1473371904326264,0.9223661824329286,0.8367439495918187
2.9883223291036534,3.702071586007133,4.449235493241109,5.203217783574495,5.9371869472505585,6.625038654390018,7.242338071835086,7.76721250000943,8.18116862761729,8.46981412908238,8.623469972688408,8.637666979258597,8.513526726693069,8.258031183272367,7.8841854094998,7.411071150772092,6.863774560331738,6.273148529302834,5.675341583142862,5.11099687042972,4.624005878839196,4.259704260398645,4.0624337520630185,4.072473018011687,4.322461182190448,4.833588229048252,5.6119797062334404,6.645821303473053,7.903810077599214,9.335449044851273,10.87350640207728,12.438655510738693,13.945945429248583,15.312398513110793,16.464775270688122,17.34645846642818,17.9225250633852,18.182383510559813,18.139791555072655,17.83053416413309,17.308416445671913,16.640413778700285,15.901767798923755,15.171535212280315,14.528669650249709,14.048284322106943,13.797468384563953,13.830052988528806,14.180108780560056,14.85465240345064,15.826860883590124,17.03175451910242,18.36650417958112,19.69703096504405,20.871375154962887,21.73864972174909,22.17071188589897,22.08252367626915,21.446970231976763,20.300830106019035,18.740451688026106,16.90797521725759,14.970994661710083,13.09980149134304,11.446490729825802,10.129296970422292,9.22393412314086,8.761964111006895,8.734809475775245,9.101261285565952,9.796277753517801,10.739364948263557,11.841601337142787,13.011124612721268,14.157431101800888,15.19505230009377,16.047091460549744,16.648826910582414,16.951251651920373,16.924144155188934,16.558136304903908,15.865290809346904,14.877899805925821,13.645508039278754,12.230468741696459,10.702582749346146,9.133498162330179,7.591538815580442,6.137499180154679,4.8217319700075185,3.6826166692820337,2.7462843620672768,2.0273242975799466,1.530127455370601,1.2505281751489372,1.1774674621044126,1.294494240475795,1.5810175026907096,2.0133031916030206,2.5652639374962467,3.209115342856329,3.915973723413639,4.656454849752813,5.401309674263445,6.122108305574574,6.791962350294779,7.386260562495318,7.883384017545918,8.265364042361641,8.518447607038024,8.633539439250134,8.60649656834365,8.438258429012059,8.134803418237292,7.706930481635391,7.1698716265869,6.542748021447087,5.84788838628388,5.110033575467337,4.355455475100487,3.61102148464741,2.903237841029302,2.2573058234271723,1.696224431710939,1.2399714831008337,0.9047922825086872,0.7026211930976975,0.6406567021551126
2.9296744885444905,3.6508006303689147,4.400965325829119,5.153465917967957,5.881524588157406,6.559249314747493,7.1625694455049524,7.670116801877906,8.064027409284591,8.330644690837403,8.461111912839716,8.451849102315176,8.304916358831818,8.028269708296108,7.635915213423815,7.147959698425758,6.590540487323242,5.995591890537617,5.400375398121754,4.846669875496011,4.379497582243234,4.045264423395739,3.8892315010624285,3.9523186829378596,4.267369406896705,4.855165865484174,5.72064675187909,6.84990552760941,8.208591203539818,9.7422594249609,11.37901414232137,13.034456057364887,14.618564863325826,16.043767044222115,17.233168813727843,18.127840359882217,18.69216189557666,18.916570828891583,18.817515105889946,18.434911991194014,17.827811128402438,17.06916057204477,16.240518355776345,15.42725355708594,14.714327780595706,14.182288333786637,13.902811297679797,13.933154918976355,14.309290166348624,15.038210132903812,16.090788221064383,17.397255011028918,18.84757079512648,20.29845551948902,21.58757924249779,22.55365982937681,23.05943670143699,23.013260338657837,22.3848231502357,21.211535350980636,19.594015163344945,17.681578106066603,15.650781829530189,13.681401546033179,11.934357103135335,10.535148040582722,9.564668761061192,9.057429110858624,9.005717367443197,9.36743873491528,10.075306895812783,11.045593734060745,12.185458739339937,13.398679510168037,14.590164390964466,15.669849578879692,16.556489688183817,17.18155106867485,17.493054221083643,17.45891746419033,17.069217680008038,16.336837092527517,15.296183361310904,13.999987893714085,12.514518485573154,10.913805427225764,9.273617325477211,7.665912272299037,6.154347173279464,4.791197580210829,3.6157810030628204,2.6542449284603666,1.9204176155882866,1.4173435508668222,1.1391320546316237,1.072816008239836,1.200019005370704,1.4983349966533828,1.9424131241316118,2.50480013153427,3.1566211731470357,3.868181749061207,4.609557310904073,5.351211916581391,6.064660802287614,6.723169033819576,7.302462079534089,7.78141474310792,8.142681622705918,8.373233729877489,8.464770615823687,8.413984023370562,8.22265672994817,7.897588192607785,7.450346409110532,6.896852784626872,6.256813547104603,5.5530172372109465,4.810522884726728,4.0557675609760535,3.315624971476464,2.6164485521881793,1.9831331134949455,1.4382284301278183,1.001136332650562,0.6874198862352445,0.5082492529559284,0.4700039677284815
2.89677889641027,3.624566637235592,4.376988047942633,5.127260588066273,5.848686730963069,6.515612524145952,7.104355522977846,7.594073547155803,7.967550190423321,8.211879073949188,8.319036092692322,8.28633659476208,8.116781278119895,7.819298742728577,7.40889179562447,6.906686380158227,6.339864624117329,5.74143687808969,5.149774515425735,4.607792311096681,4.161647114466965,3.8588219604152734,3.7455055386094616,3.8632655389207398,4.245150673683652,4.911525892530785,5.866118408467022,7.092885793937011,8.554364360357042,10.192077573049355,11.92936436241687,13.676643608348005,15.338718442194818,16.82332615105897,18.049850981875977,18.957018355548463,19.508521275033864,19.695878974120262,19.538322439646013,19.080026307434927,18.385431198610803,17.53361336165979,16.612599831958335,15.714211440400325,14.929536069929036,14.34464701596224,14.03586941254986,14.063918805501066,14.466663069571267,15.251033242161215,16.385524680551523,17.795468777526768,19.363474642241677,20.936897423214333,22.342862933405534,23.409525947771044,23.990364314077485,23.98701441804875,23.365927418801352,22.16515683171115,20.48966086253052,18.49605004974576,16.370000808563887,14.30094573485915,12.45880520323518,10.976507372136302,9.940268074566738,9.387655815468966,9.311899991332798,9.670056044181214,10.392586536831775,11.392477061176228,12.572869133238083,13.833035868750898,15.07311365432986,16.19823085189526,17.122568497001676,17.773563611440345,18.096075861012775,18.056023864107367,17.64285369118877,16.870262612046638,15.774839568151538,14.412628940363078,12.853983311957464,11.177355700174347,9.4628297307976,7.78617392514683,6.214050596536875,4.800759199863576,3.586612124781606,2.5977892216408036,1.8473402659482137,1.3369220347214847,1.058864148067654,0.9982325717231504,1.1346701738105285,1.4439090952529279,1.8989464909732092,2.4709405957473396,3.1299155300697605,3.845365892307504,4.586835130942212,5.324514824022712,6.029883587920378,6.67637997089368,7.2400861525412825,7.700389135728346,8.040582530278384,8.248373474952947,8.316264112676821,8.241783930550069,8.027557149097216,7.681197474142392,7.215030448043428,6.645651065126124,5.993331058507555,5.281296181670001,4.534898781759209,3.780714891218029,3.0455978647825384,2.355722196842373,1.7356515352805264,1.2074640621001977,0.7899663761389242,0.49802386551137,0.3420314112946832,0.32754326804490397
2.891896420690137,3.6256238663830054,4.379555679886991,5.126856022055666,5.840934178159001,6.496399787115544,7.0699822485812245,7.541386326799886,7.894060756434197,8.11586303251444,8.199611133035283,8.143520870454662,7.951534550609952,7.633550690442666,7.205563280797485,6.689709957953903,6.114209612811645,5.513141332829272,4.92598108858466,4.396777274048794,3.972822441352735,3.702680839782974,3.6334743181820404,3.8074228265305323,4.257780015767585,5.004484191727763,6.050028305910375,7.376194371267132,8.942347650150431,10.685903140317869,12.525344309641946,14.365810473052296,16.10683252854725,17.65137573918588,18.91504304701526,19.8341881020754,20.371827589602404,20.520612648447102,20.302643321323938,19.766466274765712,18.982046243829686,18.03472780291363,17.01914293659249,16.033686440706987,15.175673819630482,14.536780277471035,14.198028136406625,14.223609717152167,14.653280535402622,15.493871883475405,16.711435769991667,18.226313365918465,19.91364964274816,21.611306580507083,23.135731430995346,24.304387549514587,24.961381909026343,25.00155872063456,24.388090277565908,23.15968086326221,21.42568042889259,19.350084711030675,17.127807804631633,14.95807570021443,13.019950641786338,11.453925526942605,10.351659741891032,9.753881406674608,9.654834659065859,10.010765703112975,10.749887875607318,11.781858933291375,13.00571449738689,14.316089327559526,15.608173221280463,16.782082069259207,17.74720477782155,18.42673659369839,18.7621914814835,18.717350896204113,18.280955057869143,17.467511370901846,16.31585432929174,14.88546529238451,13.250949021285976,11.495371492171373,9.703322930552483,7.954555912678059,6.318879176259027,4.852715896474058,3.5974296855338954,2.579248894577211,1.8104280752967323,1.2911962660736007,1.012050171022853,0.9560316440487018,1.100749032227176,1.4200274033873574,1.8851780783743592,2.4659492905973095,3.1312544387153607,3.8497777910960367,4.590539530598488,5.323473366492625,6.020039534646187,6.653869884749587,7.201422930524219,7.64261582452409,7.961396287525311,8.146218936923805,8.19039547715146,8.092295338156926,7.8553814486217,7.488074143845398,7.003444251646744,6.418743878647015,5.754790147736612,5.035222983731774,4.28566290214255,3.5327985345867132,2.803436248368955,2.1235456331938956,1.5173348092267709,1.0063884659360935,0.608899315785628,0.33902032455479514,0.2063607814327515,0.21564415123934744
2.9168648132661725,3.655804177456373,4.410498581928544,5.154085525798956,5.8601075186998575,6.503463048700987,7.0613165820830215,7.513940220462972,7.845464732355763,8.044524369662762,8.10478775246244,8.025375308010842,7.811170865403619,7.473038990396725,7.027957939562288,6.49906806896697,5.9156152035610035,5.312737782430428,4.731008675175005,4.215604861955073,3.8149527004491537,3.5786986105615357,3.554900182271419,3.7864315822200587,4.306749557572845,5.1353563588740005,6.273489885548528,7.700721311020059,9.373193480245224,11.22414610399471,13.167128245847508,15.101914638870767,16.92268112901401,18.527549838549398,19.828292360840454,20.758869350657775,21.281633564674266,21.390415006204492,21.110261173629404,20.49419383273386,19.617820199076153,18.572876281972228,17.460716611956475,16.386413339461008,15.45359244607576,14.75958966789226,14.390157592347828,14.41297333819535,14.869664650037757,15.766926427966132,17.06831198046723,18.689101146199555,20.49689157222656,22.31996159058376,23.963988174698382,25.235657428102606,25.969633058286064,26.053915179485042,25.448371206032057,24.19235907960511,22.39965241373234,20.241690457154327,17.92270489666057,15.651810486511843,13.617315468931402,11.967383619592912,10.799219345801076,10.156800379202208,10.035456932121283,10.390670990309106,11.148417647026294,12.214996915681596,13.48526314933374,14.849091204307822,16.19656106985871,17.422581648349833,18.431539783864782,19.14218347555785,19.492501326497365,19.44400349517811,18.98465071254944,18.129755124432506,16.920458865117702,15.419800717337067,13.706800514772588,11.869322503449176,9.99665025699826,8.172689742649496,6.470533735027849,4.948826629436834,3.650038428460608,2.6004620151249904,1.811540771252865,1.2820374364535683,1.0005644849850972,0.9480845696606925,1.100119841021801,1.42854501758901,1.9029534949056917,2.49166348022328,3.162469118372347,3.8832457641224134,4.622499620849979,5.34992141651187,6.036971277869764,6.657493992268931,7.188343662791113,7.609985019751728,7.907034347375527,8.068704352836043,8.089122469479387,7.967499435868368,7.708133322154295,7.320242673795454,6.817630605717827,6.218189208197458,5.543260337529391,4.816874637562567,4.064895377171235,3.314097313515778,2.5912132364277345,1.921982071061474,1.3302323973025834,0.8370340017831843,0.45994766487188876,0.21239989140099702,0.1032048470248812,0.1362505215277814
2.9730678334759792,3.7164861593780527,4.47119458519093,5.2103306108127425,5.907596248762236,6.53820380396805,7.07977559332919,7.513170873206379,7.823218639290603,7.999341972158726,8.036067779563624,7.933424241094024,7.697235504782016,7.339327069831287,6.877653129683076,6.336346161829772,5.745667195607795,5.141802399895889,4.566411229385955,4.065791220776342,3.689497329518063,3.4882556431812946,3.5110587514577407,3.8014342165532016,4.393038325683538,5.30492779173911,6.537066805876219,8.066785205532963,9.846959697692874,11.806598286598838,13.854249341651588,15.884252010080921,17.785358426764567,19.4507893601771,20.78844525139991,21.72987889865014,22.236793160255292,22.304240418611386,21.96028564073748,21.262516018986975,20.29228341746669,19.147819774892987,17.937299773254505,16.772555896026038,15.763587514398504,15.013430966551468,14.612586130456686,14.632210827479,15.11578321081961,16.06982640941279,17.455350418754833,19.182523943324867,21.111345841810667,23.060460619332193,24.824728503962948,26.200017616679414,27.011515147831293,27.14035289494225,26.54307961497031,25.259704838875223,23.408436566792645,21.168181881710417,18.752528346889484,16.380531410047485,14.249809562840692,12.516271328621293,11.282745193763883,10.596536387245429,10.454129698221648,10.810292441438632,11.588782094186573,12.692523683396486,14.01212892307042,15.432605367068174,16.83877350035189,18.12015312558028,19.17593002263348,19.920208606275395,20.287279482977766,20.236252015261393,19.75423586596684,18.857341999557363,17.58907935932507,16.016159707932047,14.222174591484768,12.29996492563333,10.34368753651154,8.441564984230684,6.670106756148803,5.090272517744628,3.74569195078202,2.6627380956257976,1.8520280536555447,1.3108214716338447,1.0257976428368547,0.9757875766549757,1.1341782215317924,1.4708531678700432,1.953657990896989,2.549462672073083,3.224935000615222,3.947143877453884,4.684091496751586,5.40524085504228,6.082070323079321,6.688657103857277,7.202269785957475,7.6039375826362985,7.878959142851285,8.017315129568106,8.013954067111158,7.868928535957538,7.5873673537185375,7.1792780654784405,6.659182348816001,6.045594514338248,5.36035997494318,4.627876253676705,3.8742237169974407,3.126236688551669,2.4105478636411646,1.7526399718064907,1.1759384165656313,0.7009771821551638,0.3446676979532981,0.11969668982447068,0.03407445694041833,0.09084965747472662
3.0614115489131106,3.808571436278079,4.562545298340578,5.296497297309504,5.984315066882077,6.601549381271175,7.126302730127643,7.54004074508769,7.828306123534067,7.981322017811573,7.99448033842938,7.8687191231105,7.610800490752089,7.233504477254448,6.7557514225304125,6.202653626760437,5.60547358521734,5.001431188579721,4.43325934966726,3.948364888141957,3.5974225470996157,3.43223179803598,3.5027158408845915,3.85305174629458,4.517089869631372,5.513431773916754,6.840751559568434,8.474112397372224,10.363089431670511,12.432413846828368,14.58558079998346,16.7114381133976,18.693260983137648,20.419324675824072,21.793629837408307,22.745313480029527,23.2354443764744,23.260337044623203,22.8511348004955,22.0700667383482,21.00431396391525,19.758688697372662,18.448261819618786,17.191687207402143,16.10537922272598,15.29809515719959,14.86508224397731,14.880962197077118,15.39103512983085,16.401618513548463,17.87114588435999,19.704647579289862,21.754505691322038,23.829723182347788,25.714344689647334,27.193427044978304,28.08268879225396,28.256398265261048,27.667784574191796,26.357501459540696,24.448179622624433,22.12618239110233,19.614447488992585,17.14197700785958,14.91572162721864,13.099374105874597,11.801442011950499,11.072622740467228,10.910620777790323,11.269542830405912,12.070959529574697,13.214417313035248,14.586239306029707,16.066474322417367,17.534549301192868,18.874427573003345,19.979908159948874,20.76026692263367,21.145932745028933,21.09349068002499,20.58913048533418,19.64975543799158,18.321296767316092,16.674248493115602,14.796922417481149,12.787305531666625,10.744598869365563,8.761496720628418,6.918051420307904,5.277627318382293,3.8850644478313376,2.766830911296674,1.9327032966001712,1.3784034390632902,1.0886313436112776,1.040037144813427,1.2038268280422155,1.547855107600597,2.0381925003392523,2.6402447617235913,3.319547941112782,4.042368197350719,4.776214512566331,5.490337855399248,6.156253328654578,6.7482898978346615,7.2441491844807535,7.62544126805434,7.878160309094916,7.993064043447219,7.965926641140078,7.797642226662106,7.4941651490485395,7.066281960874406,6.529218465665403,5.902092814085906,5.207232299460902,4.469377120334377,3.714798869648909,2.97036481940462,2.2625811526067996,1.6166491262458784,1.0555677313036487,0.5993147815353508,0.26413558053785735,0.06196449098857837,0.0,0.08044841010981152
3.1823081908734445,3.932468527350518,4.684959967463843,5.412999969710726,6.090687720885035,6.693936776709028,7.201351636821965,7.595022911088056,7.861221735895214,7.990981733213446,7.980565585029755,7.8318222439341385,7.552448285694413,7.156170573007754,6.662864292733998,6.098607497660491,5.495648299070918,4.8922237727989435,4.332124161335482,3.8638508133946754,3.5391855676876816,3.4109909066984176,3.530112291548569,3.9413690712955103,4.6787980878024875,5.760535955303579,7.183952708297963,8.921825052852672,10.920400064174338,13.100099169857419,15.359326643986078,17.5813997118891,19.644080055645993,21.430668472225715,22.841249214637255,23.802543057791517,24.275002421449745,24.256239658726148,23.780527471131393,22.9147984202529,21.752128564120326,20.403973168797396,18.99235233055489,17.64277905665566,16.478101729480166,15.612798168334677,15.146845256189948,15.1582985594201,15.694244901296582,16.76076392180343,18.313691676284805,20.25291658491776,22.423221027778666,24.624003048374387,26.62854251979382,28.21114110359875,29.178099394319982,29.396857360450024,28.817336732666153,27.480822454660572,25.514332767929744,23.11163806435552,20.504974431097025,17.933248333945453,15.612720098699128,13.714869921121132,12.35391388676579,11.583991961453327,11.404089513087072,11.76771115943705,12.594282027537483,13.779980910127493,15.206813179562463,16.749795216926803,18.282844156277847,19.6842165777973,20.84215477729345,21.660934737616287,22.066970733452983,22.014207367148234,21.48784909533027,20.505584358513392,19.115817655756384,17.392926821416204,15.4300824547771,13.330575879335614,11.198812163075736,9.132102399781198,7.21415970460397,5.510836662530594,4.0682309485555015,2.912919585059531,2.0538253329119924,1.4850998919162155,1.189421211728134,1.1412131143554713,1.3094586996675401,1.6599496402180378,2.156957289925029,2.7644097648128865,3.446708005299706,4.169320608312636,4.899275116533025,5.605626723186271,6.259945942337221,6.836832746926598,7.31444000224999,7.674974517577123,7.905138455317473,7.996474989554314,7.945587682357264,7.754211075284468,7.4291190168848455,6.981866303895291,6.428367731397355,5.788326311239311,5.084529063179225,4.342034317730402,3.5872788335715833,2.8471361802571735,2.147959736225463,1.5146442881811701,0.9697396013694117,0.5326475026552995,0.21893105580704653,0.03976042238001298,0.0015151371034303196,0.10555695840324386
3.335667822123704,4.088084518307474,4.838347146807603,5.559753042307365,6.226638664294797,6.815304297465698,7.304877781269226,7.678092669113499,7.921962518967996,8.028340959591528,7.994366252284329,7.822798256514233,7.522263305017475,7.107426035383534,6.599103629090525,6.024323984401338,5.416302771513594,4.814275052721975,4.263069093247397,3.8122623140762757,3.514726812050388,3.4243733274100503,3.592956979527193,4.065928561172804,4.877501525774975,6.045337499285541,7.565491008631345,9.408438376623783,11.517081609701378,13.807512441676053,16.173022457764837,18.491376619294527,20.634804327419438,22.48161917731747,23.92798531314312,24.898214817424375,25.35216353997296,25.288773032387155,24.74548590640511,23.793983854742752,22.533283494358713,21.081522970460878,19.567700220923953,18.124200514962027,16.880301578626987,15.956179621607593,15.45650500494021,15.462723450739265,16.023666317438433,17.145145166817883,18.780390255802324,20.824169173857126,23.113717966905995,25.438912286938564,27.562369433241326,29.247743084762067,30.29201080248391,30.555850486075094,29.985902382013514,28.62406372988261,26.601680779444667,24.11984280735047,21.419984631787045,18.75082470149093,16.33786410518888,14.360335726068675,12.938166681383914,12.128974675664177,11.933082655354106,12.30345601903484,13.157426656435756,14.387832029907367,15.872348671628409,17.48090631217262,19.08181590415507,20.547496442050793,21.760481681105496,22.61989235111238,23.04798802508681,22.9959654937574,22.447982665954523,21.422505288509036,19.970456798270924,18.170191206720226,16.119864498275817,13.928217229964007,11.705004972446368,9.552288588431459,7.5575500041017305,5.789206468749467,4.294656425818477,3.1005982918716732,2.2150886493653257,1.6306794584565871,1.3279876943425268,1.2791698178001862,1.4509485663529116,1.807022551281091,2.309843479813762,2.9218513980561225,3.6063110881902753,4.327900455563914,5.053178503834811,5.751021550431619,6.393074449327344,6.9542273547044955,7.413102263025471,7.752518060650556,7.959896744447493,8.0275745385083,7.9529873347467355,7.738708138852907,7.392323458096296,6.926144810042444,6.356760164518111,5.7044378360296735,4.9924019609884045,4.246004142889447,3.4918200816141636,2.756702987244589,2.0668272929596023,1.4467566214399739,0.9185691445909807,0.5010714573122206,0.2091289462234478,0.053136491849370415,0.038648348547231315,0.16618037987557255
3.5208979508501836,4.274824678285174,5.0221143142384665,5.736170568927825,6.391592656088789,6.965091147920102,7.436338024120899,7.788727089988511,8.01002753629246,8.0929216607368,8.035427137810052,7.841213647376936,7.519831375852421,7.0868723163506155,6.564081200805755,5.979417969400705,5.367045499780618,4.76717485768254,4.225649682718546,3.7931011030687287,3.5234702469585883,3.4716967091702102,3.6904281375537233,4.225732086295046,5.111986281734346,6.366367031439608,7.983604563999311,9.931867102530939,12.15070463935738,14.551873043148401,17.02354621589092,19.437933850865228,21.661733184388567,23.568275094852396,25.049813561821047,26.02826799791565,26.462919639307085,26.35406600512157,25.742349014576213,24.704228341412875,23.344685544906504,21.788557328283506,20.171822480950986,18.63372591795916,17.309945335094397,16.326310688526277,15.79213060862729,15.79218329304137,16.376995467719016,17.5520825016469,19.26807372899242,21.414662400569625,23.821628955771608,26.269456295742565,28.51025399837853,30.297187266099375,31.418050812504628,31.726858675114723,31.16700940668439,29.780987506703728,27.70438262365432,25.14547463181841,22.35474822503454,19.590589796453635,17.087624451351616,15.032763664598058,13.5516200035684,12.705307958332021,12.495539721672596,12.874808536514061,13.758416516615831,15.035902205809894,16.580621484846816,18.25738434509868,19.928821108113013,21.461404105729226,22.7318273052828,23.633919054639836,24.085658885134364,24.035398605761316,23.466193189316368,22.39727705404108,20.88213209318694,19.00317017019681,16.863645315532963,14.577876634082754,12.26110105335059,10.020247992391704,7.946664596966853,6.111400816316782,4.5631940315515696,3.3288748046103844,2.4156221918162384,1.8143618577546414,1.5036152439117014,1.4532353916516287,1.6276522581768855,1.988446089747363,2.4962325763693474,3.111956647174568,3.7977485045985273,4.5175041472571085,5.2373282224481885,5.9259358182534045,6.555065366133397,7.099916335998638,7.5395974337035465,7.857554457871699,8.041940414443179,8.085891434706488,7.9876778704159035,7.7507084163594735,7.383374596664005,6.898732378338877,6.314026422673282,5.650070228178246,4.930502004837603,4.180941479366661,3.42807693055445,2.6987145722035484,2.0188239290507,1.412613094506911,0.9016667473189743,0.5041775957687253,0.23429860404779923,0.1016390607584885,0.11092243050943296,0.2618181702961415
3.7369110987040464,4.491600030115553,5.235175439335437,5.941173804534,6.584482311731552,7.142244966467209,7.594698138366828,7.925912517420284,8.12442535140356,8.183755381025396,8.102802542377962,7.886144159059797,7.544247149824418,7.093619054902028,6.556916087032184,5.963010476353368,5.346989584904263,4.750015605365618,4.218921415750282,3.8053653929001916,3.5643318600566967,3.5517649691098594,3.821182992244594,4.419251494625701,5.380497518348662,6.7216013865429725,8.43596299654324,10.489441251221685,12.818237736290662,15.329780747023918,17.907139181311745,20.416984087081367,22.720500513740593,24.68605921879116,26.202028330305584,27.187959529835467,27.602583682037956,27.4475762162837,26.76679607401591,25.64149212609188,24.182613033588908,22.521684497428357,20.801642477972322,19.1685521899636,17.764436397237652,16.720711011028776,16.151248252168863,16.14408690938278,16.751392905207133,17.97835962803647,19.773033949515074,22.02010725300902,24.542033175212932,27.11007945560315,29.46605633897646,31.35285320250475,32.54926805364774,32.90278163859608,32.35360465768359,30.944777529467625,28.816023112149626,26.182642699127324,23.303971787772884,20.447867913924135,17.85791444136494,15.728586896816896,14.191128647318909,13.310153112848624,13.088807845453111,13.479184984515138,14.394631701974465,15.721446749334794,17.32869390905592,19.076053027589865,20.82042323392957,22.422245129189665,23.752264577776582,24.698900928541367,25.175745019933434,25.12821809781496,24.53822137080584,23.42574844246302,21.846872196541486,19.888131842890196,17.65797621922713,15.276414475551572,12.86427788178697,10.533466955117014,8.379277128058646,6.475449419812239,4.872092568292997,3.596177968090002,2.6539968464164723,2.0348253917534596,1.7150598235513659,1.6622192962090772,1.8384142395400627,2.203086515327904,2.715004030484393,3.3336133331957583,4.019914559827063,4.737032725580259,5.450633740523052,6.129289956389848,6.744852988336935,7.272850749354044,7.692895938436351,7.989075594380564,8.150284249292309,8.170464044060115,8.048721114019372,7.789296250653091,7.40137756062608,6.898752453653378,6.299305149341866,5.6243736715072465,4.897986850239846,4.1460071199124,3.395208864326298,2.672324710843786,2.0030935158419627,1.4113438308779092,0.9181454312290276,0.5410590928343222,0.29351131884398374,0.18431627429055908,0.21736194873445935,0.39147172048012546
3.9821402047906367,4.736842755808524,5.475966385963329,6.173206600599034,6.8037634873496815,7.345237194928569,7.778448161035857,8.088159899844607,8.263689338695464,8.29939853547409,8.195071541026493,7.956190046419424,7.5941293518093715,7.126299329863905,6.576249951412018,5.973743992605568,5.354768139436356,4.761407847455272,4.241455482344647,3.8475659558290745,3.6357361468623184,3.6628853579339524,3.9833755888709463,4.644447402629412,5.680759444759929,7.108485012108257,8.919690490773588,11.077930999431562,13.516074319881305,16.137244547624515,18.819436693857398,21.423820265489937,23.806108832967453,25.829754532261994,27.37927895019917,28.371900281545862,28.76582564800168,28.56412530232382,27.81388075433324,26.601122939126036,25.04274668849538,23.27693097229247,21.45351764606537,19.72532534187232,18.24064080753837,17.136374496770188,16.530867786404855,16.51533386036468,17.14351471361006,18.420258474119578,20.291061880878537,22.635713262261365,25.269506744524776,27.954720876775795,30.42312891802438,32.40761059432923,33.678199599339024,34.07600650352104,33.538122085298994,32.10810491633296,29.929675013340695,27.224944582403165,24.261850064781303,21.317469897211296,18.644130184678268,16.443714746175836,14.853013277139286,13.94012270438905,13.709665994870093,14.113408970743652,15.06283015062629,16.44106482919345,18.11293456729354,19.933002773682553,21.75241256112443,23.425513895320055,24.817021441016617,25.8098516450136,26.313116579752897,26.269234301373494,25.658907671132972,24.502879064380718,22.85983707949131,20.820504113744654,18.498602727675387,16.01992359685807,13.510985227021692,11.088743489899905,8.852510134666442,6.8787646999330505,5.219013167003735,3.90037404989172,2.928241528249461,2.290222831288582,1.9605646422270393,1.9044279426713366,2.0815831617008334,2.449319601359802,2.9645507081794635,3.585225561980479,4.27122198449454,4.984907289692909,5.691525857766274,6.359526741802508,6.960894774333173,7.471505463515673,7.871492505561657,8.145598005316389,8.28346788165733,8.279855633198427,8.134703698669178,7.8530805620016,7.444961695016785,6.9248522214682495,6.311258153527022,5.626020862183033,4.893535957103651,4.139882924191888,3.3918956930374837,2.6762067874280477,2.018298864282611,1.4415972972012518,0.9666360584264719,0.6103265726566018,0.3853555639786279,0.2997333309071024,0.35650853137901883,0.5536596321220983
4.254561623252298,5.008529194892951,5.7424679069777405,6.430258391924523,7.047438254716775,7.572086038234433,7.985625334751289,8.273527711867999,8.425900583830444,8.437955289567675,8.310360844566167,8.049498924522997,7.667643622327052,7.183092509699161,6.620269918951068,6.009805402152946,5.388557318417089,4.7995034573341675,4.291362201251493,3.917749892261639,3.7356403599560717,3.802893360118448,4.174682545926862,4.898796036845692,6.010003498321333,7.523959749737144,9.43139742069937,11.693580361871554,14.240068528097371,16.9697208007988,19.755508515378338,22.45315795605075,24.912973395804798,26.993549430458238,28.57561595069205,29.574101547205075,29.946718700520485,29.697944199054763,28.878075089140427,27.577898289514692,25.920210062805857,24.04977999292111,22.1232762407576,20.300175822635563,18.734921739036338,17.56980365751693,16.927517791959648,16.902351225958967,17.549552061890438,18.873602561020128,20.817495701110122,23.256242048616965,25.998182081091688,28.796879523742806,31.374386907352054,33.453893911857605,34.796948450300626,35.238486473301904,34.71256077373394,33.26320382470335,31.03797083610242,28.265533021288967,25.22212699289531,22.193748193596228,19.4411998706067,17.173576724055724,15.533099972515089,14.591316523263702,14.354358284472143,14.773742979523863,15.759178196320361,17.19072967919751,18.929048779979,20.823621572332154,22.719837776407196,24.465926007779718,25.92051402651509,26.96094629622306,27.491786443836972,27.452390979341445,26.822226737010112,25.62277344510398,23.91535152632746,21.794907320018655,19.38049628711036,16.80375995355092,14.19697469998173,11.682215740396213,9.36286248411215,7.318168297591682,5.601054998380714,4.238791778472409,3.2358676741543246,2.578205481970948,2.237883897347336,2.1776881988767403,2.3550352004877255,2.725053856848021,3.2428020349520663,3.8647368170025844,4.549624992590875,5.259092028992256,5.957979718973983,6.614634294290804,7.201194322872793,7.693902115713293,8.073429105092691,8.325185791088119,8.439578684926845,8.412177237920059,8.24375991113041,7.940217671142509,7.5123033646397275,6.975225392947993,6.3480931803157175,5.653229768474944,4.915373342782104,4.160794569453631,3.4163603056710055,2.708576553847262,2.062644494490919,1.5015630870690133,1.0453101327000658,0.7101309300494005,0.507959839921063,0.44599534873477076,0.5264437587787727,0.746440630403101
4.551725351736044,5.3042100729068276,6.032235868355593,6.7098944121987625,7.313085104361164,7.820386651704256,8.213844276483655,8.479652102663893,8.608718011062123,8.597107666231906,8.446374888837159,8.163795845444687,7.76253259080352,7.26175433637351,6.686738692004479,6.068956165571602,5.4461066091553105,4.862026094263913,4.366321746896574,4.013531737839898,3.861566147336924,3.9691850512886457,4.392336355946567,5.179323734970324,6.3650043255209425,7.96450258249602,9.967220135647617,12.332149246463072,14.985579703247394,17.822160203437928,20.70990824522996,23.499187019350746,26.03497576217209,28.1710927452446,29.784546980553753,30.788031246690817,31.138795029227367,30.842728027113836,29.95332288769062,28.566077013391894,26.809618992485568,24.83521887041415,22.80626269109776,20.888762262405358,19.24318219564585,18.017052021191954,17.33728862110187,17.301138318400938,17.965278692795966,19.33380835375995,21.347276983999446,23.876069069284615,26.721815607372537,29.62968783922792,32.312387198971706,34.48378577964817,35.89726985879081,36.38182836523604,35.86857184046229,34.40195592394748,32.133183327207846,29.297191274953843,26.178165203446483,23.070660283138672,20.243641345012815,17.913174837581998,16.226768104057918,15.259366007232606,15.018635959052853,15.45592888696439,16.479290479184815,17.96582862558958,19.772119266532233,21.742636750628144,23.717049017264838,25.537462673618386,27.056392289125167,28.14556806647646,28.70495761586923,28.670813059965706,28.02133505267091,26.778728172501047,25.006951390322683,22.80519928393344,20.29789784339846,17.622584567565504,14.917340028017035,12.309400602190399,9.906246438540041,7.78992673083825,6.014789703408431,4.608255742630459,3.573901804277595,2.895955086913821,2.54431417592867,2.4793784205113374,2.6562048228765613,3.0277611091491434,3.5472544538306856,4.169660334327013,4.8526496010530344,5.557124504594006,6.247545067351207,6.892176306615784,7.4633315818287365,7.937639299136686,8.296325114150479,8.525480759848266,8.616281892077556,8.565117758315022,8.373601763746601,8.0484413492878,7.601155984160048,7.0476422178112745,6.407593909823876,5.703793619557119,4.961297564873299,4.206541531682891,3.466398654004095,2.7672221206189063,2.133906637893564,1.589001937962319,1.151909834410887,0.8381933858241437,0.6590227517880729,0.6207774663035108,0.7248192875340909,0.9674437107468874
4.870792013426685,5.621047482717195,6.342438225435932,7.0092926609888755,7.597895899500931,8.087348078644343,8.460333896234928,8.703783794071356,8.809415260231226,8.774152402709062,8.600432674455671,8.296420126646215,7.876152702266014,7.3596537656345005,6.773031427361245,6.148569268274698,5.524775900276641,4.9463084630763285,4.463621695413163,4.132131423098643,4.010638089628641,4.158756416763608,4.633165729067738,5.4826485934014375,6.742123037267587,8.426170809404855,10.522868349588371,12.988963309594059,15.747524888352377,18.689062999800882,21.67673117382296,24.55563189741002,27.16552616648204,29.35555769413678,30.999101731909974,32.00667915054872,32.33511068532746,31.991699883945238,31.033101920192724,29.559459426020712,27.705139461809406,25.627794511793386,23.497390942856807,21.486323010155186,19.76091533178164,18.473774017134467,17.755882800902924,17.707318681269697,18.38610565947312,19.795943857035873,21.87501415258317,24.489252690013885,27.433862849809135,30.445992835427315,33.22941495675795,35.48910796328576,36.97066529902098,37.49738781493312,36.99755299898621,35.5159825060462,33.20731356538814,30.312416023975114,27.123023031258743,23.941839590641557,21.045627179749193,18.657143446520465,16.929005874191013,15.9394865131634,15.697807488035213,16.15523692700597,17.218278724538184,18.761212467958437,20.636656739297965,22.684167199487312,24.737751952084526,26.633426668657727,28.217597709085567,29.356367364029495,29.945083350459846,29.916867233031844,29.248631435133888,27.96329172149166,26.127442222690508,23.844532303965835,21.244372863302345,18.470416370332195,15.666567637336154,12.9652420772357,10.478033909783505,8.289795749377255,6.456304090813914,5.0051276939873945,3.9389256890970574,3.240223099151223,2.8767330441811003,2.806466535395759,2.9821225084179606,3.354513972136643,3.8750087211881934,4.4971162833179,5.1774307340566175,5.876152702014295,6.557383260481881,7.189329031928804,7.744499810952327,8.199929502356891,8.537414233099856,8.743739319945206,8.810857464140565,8.735980803372488,8.521555815931858,8.175099617940944,7.708886798393265,7.139486247900759,6.487156707435382,5.775117646271694,5.028718456696497,4.2745338201661855,3.5394164906681658,2.849540702724743,2.229469994846433,1.7012825042408837,1.28378481188905,0.9918422989767626,0.8358498439637652,0.8213617004434095,0.9488937316990986,1.21390504248705
5.208576008279482,5.955858034304497,6.669898166910551,7.325287037815232,7.898718996466711,8.369836353937535,8.721980481344247,8.94283114409974,9.024923729144435,8.9660439730411,8.769510772724153,8.44436834654447,8.00551721293015,7.473815978905628,6.876178789191351,6.245672351145162,5.621578742969367,5.049335780600177,4.580200798482973,4.270418490784662,4.1796285361972245,4.3682490245165395,4.893642363646396,5.805028634159347,7.137357097374243,8.904653989048978,11.093679456531076,13.658970912288435,16.520438611792052,19.564541668439283,22.64967980469757,25.615819746038614,28.297633874934203,30.53971393028984,32.211905033784944,33.22263029520519,33.528318577843834,33.13768271984686,32.110494068178085,30.551455286042174,28.600553104685506,26.42167639142189,24.191205056789038,22.087734741954193,20.28326167279925,18.93528161219284,18.17867206016846,18.116198609221684,18.80714250287227,20.254793593216608,22.39505227473524,25.089609573850268,28.12755984156569,31.238443484086574,34.11757646730206,36.46151865850533,38.00848274431337,38.57637079226839,38.090749438666194,36.596742921213846,34.25218539358721,31.30350663335209,28.0495379232793,24.800672858541095,21.84105629549692,19.399815806394976,17.6344727265835,16.62653669829885,16.386796075438667,16.866522447723852,17.97080875433234,19.57125359606144,21.51665978411274,23.64178546396182,25.775072303798208,27.74650929550629,29.39643247336025,30.58533282493404,31.203939423529054,31.182234821498614,30.49582978651885,29.168336368639594,27.268969688280553,24.905421514595677,22.212877219305184,19.340695349904934,16.438596957575946,13.644168775845092,11.073111319183695,8.813072801729678,6.9212505166253555,5.42535516780693,4.327123537333899,3.6073767392342515,3.231644241051293,3.1555545964199476,3.3294588411053585,3.7020296154505337,4.222813455925239,4.843875168692936,5.520755527644881,6.212978270681123,6.884310464586916,7.502924444154889,8.041548714283515,8.477642216376116,8.793587568091947,8.976875538078668,9.020243124019741,8.921727700845208,8.684606161023343,8.317197714341138,7.832519828625099,7.24779726730173,6.5838335411990565,5.864261989726869,5.114700031322739,4.361834881346477,3.632472277225906,2.952581536156434,2.3463706635936865,1.8354243020184011,1.4379351451615365,1.1680561515328298,1.0353966075749685,1.044679977097541,1.1955757168082046,1.482711045156897
5.561594151301043,6.305161490861423,7.011142744420024,7.654415961172978,8.212107849489646,8.664423091516975,8.995376264322196,9.193408693758624,9.25188109926078,9.169443094074662,8.950291815581478,8.604342825055365,8.147344672300164,7.600970884115688,6.992915494667605,6.356996339531512,5.733231119120769,5.167794761547541,4.712698294804536,4.424961876489045,4.3650080400250255,4.594001344542594,5.169933425599067,6.142415759711907,7.546396096538508,9.395331885207007,11.674678982459312,14.336806362756942,17.29853911889085,20.442390220860617,23.62213614934887,26.672755488173298,29.42398459006434,31.716006735645053,33.41525714758277,34.42814561747112,34.7107486637193,34.273178341385474,33.178262499280635,31.535158651557037,29.48932944385285,27.210726093634843,24.881946206882184,22.687577300263367,20.805072404694712,19.396606864386467,18.600760133223776,18.52283131418623,19.22326395396355,20.70492899045574,22.901548159860262,25.670795267461557,28.79600962597974,31.999583119689937,34.96889692921954,37.39261466126405,39.00202178892687,39.60993995023536,39.139359552261766,37.635637903361186,35.259544810181225,32.26265946980285,28.950415022527874,25.640382842516253,22.623631083470656,20.135296319702185,18.33756771200834,17.31508415223314,17.080203767202157,17.584289668296854,18.731164959690158,20.389912080328756,22.40568326784364,24.608588936220173,26.82163004978576,28.868867560131978,30.58463935521573,31.82387340179058,32.47270775510299,32.45799613502049,31.75404331038109,30.385141406950595,28.423100983699783,25.979823837851963,23.19583317055961,20.22635524487856,17.226889701879948,14.340159830074906,11.685942336081183,9.354656897719561,7.404904236341988,5.8645267192671,4.7343355072655235,3.993451144787315,3.6052287857801835,3.5229291156220084,3.694574285943093,4.066719150330041,4.587114258369423,5.206406770834221,5.879112151973047,6.564105267788488,7.224846344733082,7.829498889089665,8.351033060038235,8.767352527175012,9.061442197917447,9.221509681093014,9.24108287362408,9.11902599035798,8.859442896505126,8.471446540567387,7.968784303014062,7.369319707077406,6.6943803844641945,5.967990095819192,5.2160088722538,4.465209990063036,3.7423255803552955,3.073094283250411,2.4813445586341585,1.9881461439770698,1.6110598000457639,1.3635120240646241,1.2543169788134412,1.2873626530189552,1.4614724246852306,1.7704469553251814
5.926119028752378,6.665234122082214,7.362456218637314,7.992975703392986,8.534374330759817,8.967438786644099,9.276872705148456,9.451890428159416,9.48668457563494,9.380769945923115,9.139217700482597,8.77280481990304,8.29811212237949,7.73760633572085,7.119733581947042,6.479028799364015,5.856204943647206,5.298127348953543,4.857507981021573,4.592084469749272,4.563000601984872,4.832104916465347,5.45795892672957,6.490514671215919,7.964682569118966,9.893337550020256,12.260646284167105,15.016858527644256,18.075800102685733,21.316159133287055,24.587239785964815,27.71920275153282,30.5370238421491,32.87664227874921,34.60122017483399,35.615248715145356,35.87449424292427,35.390452465087904,34.22893480744983,32.503428591914,30.36470385736173,27.988572441817286,25.563625117354334,23.280203821536222,21.320977801195635,19.852569462905038,19.017050397511916,18.922085769019475,19.62918115074299,21.140783115046393,23.388549621744843,26.226388771006622,29.4322725623698,32.72194547390418,35.775421723181225,38.274036899566894,39.94264205415473,40.58932422946776,40.134643943220496,38.624116251909584,36.22116284197037,33.18206586893512,29.81831960572069,26.4541150941402,23.38693887324797,20.857537417323748,19.03250279593205,17.999476314530998,17.772381226338723,18.302761529233955,19.493321337301104,21.210808839035273,23.29691436840783,25.577279233858537,27.869622364741367,29.992210616782128,31.773491325883242,33.062910557942814,33.742070395702186,33.73472531205499,33.01387919962579,31.604486674673232,29.580916282853256,27.059226567039882,24.185214498895714,21.119904864577066,18.024507223327134,15.046818340427553,12.31063763681182,9.909115026169694,7.902226905381226,6.317932964177584,5.15611674131925,4.394206820523486,3.993401214591189,3.904616399457052,4.073573873828114,4.444741858152149,4.964107626729641,5.580933853338262,6.24874338089314,6.925793636690321,7.575267481484719,8.16534645688495,8.669266018762817,9.065394424621877,9.33733445608698,9.47402147236351,9.46978022530109,9.324302630774714,9.04251530864251,8.634315827363434,8.114167802156798,7.500555775716687,6.815310334862463,6.0828218267959375,5.329167241869188,4.581179359295257,3.8654901872549328,3.2075821579173103,2.6308805495874616,2.1559192951972967,1.7996098036657822,1.5746387929157226,1.4890165591178297,1.5457917593415456,1.7429428600019525,2.07345011492256
6.298236228363378,7.032165930734479,7.719937277937934,8.337077597451604,8.861645921877955,9.275029989128745,9.56263764418539,9.714466908051902,9.725547997281863,9.596261263032188,9.332546666301685,8.946031594675958,8.454112169760572,7.880025229313544,7.252939555276389,6.608071174136768,5.986785453168018,5.4365883388953495,5.010836188260499,4.767921596642408,4.769642858393157,5.078464489597982,5.753453113565354,6.8448458455289325,8.387476928091502,10.393624596211916,12.846184518913251,15.693343805131402,18.846026894057637,22.179234837823515,25.53797057527874,28.74776955328285,31.629045204127515,34.01367775407718,35.76170938177634,36.775817534442254,37.01150316408116,36.48162463986032,35.25489095700089,33.44897461883136,31.219760164242498,28.74869113461656,26.230098885615604,23.85981512079199,21.825459770496586,20.297848239809397,19.42231732073611,19.308719180258482,20.019516282239977,21.556728605703412,23.8500776972909,26.749979803108566,30.029459062198047,33.39815288639042,36.52931963238929,39.09757773564051,40.82187324627384,41.505930069194136,41.06803607257601,39.553783263906624,37.12894034855872,34.05401227376423,30.645971977517252,27.235027517742612,24.12453651450907,21.56041990973405,19.71338000674765,18.67391562161675,18.457502149040593,19.015954623830908,20.251018079354786,22.02730486249212,24.183255189751396,26.540248702293994,28.91091421843228,31.107894365969713,32.95388975796482,34.29297940611151,35.00231270087872,35.002594468172205,34.26554261483821,32.816755226307365,30.733109054993125,28.134744450964476,25.172639696215207,22.013516962868398,18.824194907324944,15.757451347332857,12.94103070573194,10.470754176603009,8.407935300441343,6.78063251691518,5.587801033173616,4.805191510972558,4.391870078765252,4.296442024967244,4.4623659398530435,4.832063410580327,5.349798822607515,5.963489791036917,6.625704063233855,7.294116574900286,7.931664669506484,8.506576231702464,8.992376375701165,9.367917983793397,9.617437084255997,9.730607218940728,9.702555303772698,9.533801078055427,9.230088927783694,8.8020911689624,8.26497327611379,7.637822461607271,6.942950605960634,6.205090446189481,5.450510063976193,4.706075124744061,3.998291096598699,3.352358927084254,2.791277476864569,2.3350245062905426,1.9998452976595287,1.7976742053800656,1.7357097134395705,1.8161581232258177,2.036154994764276,2.3878671372154874
6.673904538238,7.4019208471962745,8.079559224346909,8.682708210430693,9.189925871415852,9.583219442222099,9.848715420452782,9.97720536655102,9.964561912717652,9.812030390583143,9.52641333493439,9.120176453182694,8.611513024916288,8.02440556473593,7.3887145004607575,6.740298994898183,6.121131571449345,5.579305987309848,5.168762748250813,4.94848250233044,4.9808462826247,5.3288611958544525,6.052028913455791,7.200811600360696,8.80992552608716,10.891037640591158,13.425793837467479,16.360382379403063,19.60293599528554,23.024922620685427,26.467234845591218,29.750997510967064,32.69228208131349,35.11911513281721,36.88858815755337,37.901679696906555,38.11367265843836,37.538761769928556,36.248454783830645,34.36444561745053,32.047516640628466,29.484487731939108,26.875151063075116,24.42053722919563,22.312927433903862,20.727055571368975,19.811280628323644,19.677451979078043,20.388879511585444,21.94715760969772,24.2802105554926,27.235257419518877,30.580823332925444,34.021015188587285,37.22298643657943,39.85528840187217,41.63152518968559,42.351452531473285,41.93125286105925,40.41650926511822,37.97501316079523,34.87098101683672,31.42624337229837,27.97638133326201,24.830036781200548,22.23783558386309,20.374271254678902,19.332537751736744,19.129641213174196,19.717758109293392,20.99784260828237,22.832585366390003,25.057410805506972,27.489672850299574,29.93713539971669,32.20702293941696,34.116469920344244,35.50433746326033,36.24343434620327,36.251485793489735,35.498948597517895,34.01204380278271,31.870093934759044,29.19722398913055,26.14947195113816,22.899123454890248,19.618472432311805,16.465155202264892,13.570758593266898,11.033697916351974,8.916574245013258,7.2475218356946165,6.024568159454568,5.221805545405305,4.796201766945366,4.694093529653381,4.856723995040134,5.224517166405616,5.740062774119074,6.349979209353758,7.005921588139307,7.665020885010494,8.290003192018332,8.849172512795446,9.316368711851755,9.670949513316788,9.897799351688072,9.987339904203225,9.935504913364644,9.743641328426058,9.41830554917799,8.970934023782686,8.417379027785598,7.77731150243912,7.073502486500027,6.331002572046288,5.576244875388032,4.836101299173958,4.136924479956513,3.5036088832563346,2.9587041390351088,2.5216120187102056,2.2078955639321607,2.028724927668675,1.9904796414030246,2.0945214623666155,2.3371458854904525,2.709714045170583
7.049018162068059,7.770398939580565,8.437232174392927,9.025791531269984,9.515155366241848,9.887968234854425,10.131089002950205,10.23611181874998,10.199755668371125,10.024129353904339,9.716890766207037,9.291330787584046,8.766420555924784,8.166862524501004,7.523176216780922,6.871824108176023,6.255338294730589,5.722344639269352,5.327303985326347,5.129713864034208,5.192461423157882,5.579017766910329,6.349244434926073,7.553764226202373,9.227130798480998,11.380384847709424,13.99394669809517,17.01207661911254,20.340236782221695,23.846531714239244,27.36795379612732,30.72145329423706,33.71900176088616,36.184997187600715,37.97376525460537,38.98471011005127,39.17294645191275,38.55397390280558,37.20198774113145,35.24252099360203,32.84101421525794,30.18938277323134,27.492573807853734,24.956500925282402,22.777794595758536,21.134813536669007,20.178681054416334,20.023044174900782,20.731946988710387,22.306562482703853,24.673167796627542,27.676098613504326,31.079856680199544,34.583627734046814,37.84914728286138,40.53958491674443,42.36379614309119,43.117984630691964,42.71640354664818,41.2045365717467,38.75185593622926,35.62575019490194,32.15225138673324,28.671632044297024,25.497195268668083,22.883770777665575,21.009299601268182,19.969491779821624,19.782854386103065,20.40201542317579,21.727313865696797,23.619747654697708,25.911981472878534,28.417607414829874,30.939782614653915,33.28055567231853,35.25171232201877,36.68707954404904,37.45526668066687,37.4711100854531,36.70384040633422,35.18027960440342,32.98212067578184,30.237353508006056,27.106924551451396,23.768515644708884,20.39972862030809,17.16290511286868,14.193346455242619,11.591966392587775,9.42259264811732,7.71340791766629,6.461513845827945,5.6393696463804055,5.201886659704798,5.093185335462363,5.252350760884286,5.617867580765894,6.1307070566288155,6.736240677872183,7.385258389207084,8.034389354448749,8.646185117751724,9.189057054110329,9.637185601073151,9.970453718252962,10.174409188375659,10.240231293702228,10.164664618258247,9.949881974624013,9.603245267100792,9.136943728807639,8.56750071047044,7.915151369383517,7.203103315078267,6.45670014631219,5.702513794393418,4.967395744376359,4.277519661534743,3.657448836039817,3.129261299719194,2.7117635900505936,2.4198210707452033,2.2638286134317527,2.249340469104551,2.376872500084399,2.6418838107804237,3.03493842988758
7.419469966306611,8.133499655102943,8.788866290534397,9.362252188488887,9.83327673230335,10.185238982925437,10.405743150749336,10.487194199951313,10.42716052559509,10.22861195659479,9.900053541729779,9.455587155801085,8.9149413718719,8.303511582319171,7.652442379410329,6.9987579346832245,6.385500107895648,5.8617683888172305,5.4824767381908135,5.307564332273197,5.400343167466655,5.824664773638481,6.640670485350764,7.899075129034966,9.634222408991489,11.85651146598224,14.54516416126673,17.64259044337133,21.051714159738694,24.637461327579878,28.233152824418653,31.651820987103413,34.701600360196906,37.20350440684629,39.00929291248586,40.01692945845812,40.18141275765869,39.51951090014725,38.10798353125463,36.07600270914938,33.59340555038311,30.85689776937108,28.076250884195144,25.461922063283918,23.214557929127174,21.51583066881778,20.519356510223762,20.340371890119297,21.043538741137613,22.629615996530646,25.023393828836262,28.066655518430803,31.5203789168095,35.079467051855524,38.400956244261195,41.143350838220414,43.01137772018875,43.79812317488114,43.41609511168424,41.910583226075204,39.45238312249941,36.311491088162114,32.817453463698214,29.314519001454325,26.11999643836055,23.492389641394162,21.612720728950524,20.579021016018807,20.411260372685042,21.062607576159955,22.43296860119617,24.381891399132268,26.739557674816016,29.316088657509397,31.910325202645968,34.3194180499058,36.35005834054101,37.831257186796954,38.62759478339984,38.65113006788221,37.869912629531484,36.31134173799457,34.059392592403405,31.245777468504436,28.036170207528272,24.61344803003134,21.160319506807205,17.843647554154003,14.802294624630289,12.13955856398674,9.920421507835085,8.17308273498332,6.893721290972919,6.053194151009814,5.604406585144472,5.489324890319325,5.644943360751411,6.007874728261447,6.517535957727395,7.118110468151185,7.75957549966928,8.398104177714012,8.996112634909396,9.522152337433683,9.95077083857631,10.262396893046308,10.443256347458059,10.48529506991055,10.386071851525898,10.148583291016731,9.780989538110472,9.296220543496762,8.711454355468952,8.047470281927431,7.327889486162709,6.5783234362686605,5.825456522013244,5.096093176646466,4.416202132120912,3.809991138500022,3.299044729861525,2.9015555551734304,2.6316765549603525,2.4990170086327534,2.5083003773240256,2.6591961167504374,2.946331445004385,3.359482644808236
7.781214758586038,8.487185091983338,9.13043504245773,9.688078697190836,10.140296664194764,10.471059038991882,10.668727601215565,10.726525531884274,10.642872805642615,10.42159690669835,10.072040876963541,9.609102387327727,9.05324593479783,8.430531640139764,7.772693729977498,7.117274755217811,6.507774425975589,5.9937047609260246,5.630362398697907,5.478049081440927,5.600416004222049,6.061606848638565,6.9219580514740375,8.23220390985978,10.026428299771139,12.314373229488925,15.074092005057906,18.24622845816924,21.73131093361914,25.391286338006783,29.056050460174514,32.534994006411026,35.6326972882366,38.16705138917909,39.987464440814605,40.99060214647088,41.13140172616377,40.4278585842859,38.959162240914196,36.857906853635384,34.29804369148732,31.480740788082002,28.620240263385174,25.931181483729702,23.61787468551535,21.864978120354348,20.828317492926157,20.624502887510964,21.318695228994642,22.911249801900816,25.325639018301608,28.401439848614405,31.896626449205005,35.502482628594265,38.87209151162536,41.660035251540705,43.56755477900299,44.38506946924906,44.02353263670197,42.52794188953166,40.07004545515085,36.92186160563179,33.41573697047143,29.89915216564624,26.692737471122093,24.058115792734736,22.17900335011674,21.15554328329237,21.009121957545332,21.693536756867918,23.108448362468344,25.11220998875386,27.53281658557324,30.17723542260148,32.84031293263652,35.31461502464467,37.40202847244369,38.927000901412924,39.75028247990211,39.78128673644579,38.98693731613261,37.3951856017914,35.09218779086571,32.21321335811486,28.92845271297608,25.425744169835443,21.892668188245448,18.50039417544963,15.391166912864009,12.670535420395595,10.404552691508684,8.62139826890736,7.316333142445641,6.45864856820414,5.999302521248071,5.878178989682223,6.0302586427383185,6.390358923108358,6.896414615435541,7.491486368660783,8.124796154010426,8.752110418078155,9.335751420101039,9.844444877652549,10.253132699727376,10.542810143676302,10.700395596199225,10.718609995218024,10.59582905234544,10.335870347026134,9.94768427289873,9.444928722712463,8.845419429237882,8.170459252878356,7.444059486959848,6.692074067549134,5.941273375573642,5.2183882052987025,4.549156596749268,3.9574067478581325,3.4642082848762046,3.0871219226316673,2.83957413988676,2.7303790922007907,2.763424765552022,2.9375345369261336,3.246509067468686,3.679347035038963
8.130331596160762,8.827542300667977,9.458037497044234,9.99938573416012,10.43234848233659,10.741582729194622,10.916219285216009,10.950306115774959,10.843116061471306,10.599329969764426,10.229118760267049,9.74815971607144,9.17763069854744,8.544227191606266,7.880236292403099,7.22367401964541,6.61844405493208,6.114407406584424,5.767169954312747,5.6373133501637245,5.788738255590179,6.2857878519316,7.188904687461221,8.548766306131206,10.39914454685778,12.749108497373848,15.575575499713901,18.81751366440928,22.37320866009174,26.101841363542757,29.83014558564379,33.36416521955357,36.50522783172603,39.06838130536174,40.90090983396945,41.898332260488175,42.01558092680766,41.2718329503122,39.74856259423916,37.58155339811724,34.94856896735547,32.05489035158926,29.118855080709682,26.358903292486005,23.982638739593835,22.177364069568117,21.100820566588453,20.8707699142933,21.552751367859326,23.146729917079984,25.57503733995482,28.67540325299141,32.20333565892069,35.84718337868702,39.25684472599788,42.0837444555105,44.02629871483593,44.87272330469116,44.53261300952248,43.05057234472493,40.59892047896557,37.45109429355573,33.9415044611802,30.42009471399221,27.210108618788084,24.575711092426996,22.702907305536947,21.693729391232225,21.57092598895295,22.28900896919258,23.747585864451043,25.80408157097406,28.284618513809164,30.993351436713095,33.72148428347573,36.25734503472482,38.398341470562755,39.96464345086089,40.81339849234955,40.85152688728664,40.044891285393874,38.42196839068259,36.070981414517775,33.130569449992834,29.775199294516113,26.19740304413815,22.589364956555748,19.126315791887958,15.953678804342783,13.179102921999885,10.869617283473469,9.053340982957787,7.7246228064172895,6.851230386334315,6.382241484356042,6.2555392360621935,6.404177605393431,6.761264417199003,7.263332216984337,7.85239054850264,8.476968430485748,9.092478504985763,9.661193039578066,10.152047558111121,10.540406227536913,10.807851637619619,10.94200893427337,10.936382102007393,10.790165830283373,10.50799514778792,10.099601955692489,9.579358617642958,8.96570091909078,8.280434162550502,7.547935964159977,6.7942770877585605,6.0462873536181645,5.330597403238663,4.672689055096125,4.095987319522929,3.621026015641969,3.2647165053511595,3.0397454876711025,2.954123251378073,3.0108984507261622,3.2080495510870493,3.5385568059077883,3.990652200615922
8.463084138517894,9.150843628521883,9.767958651166829,10.292474455226404,10.705752431957102,10.993151631633655,11.14458258353755,11.154923766502069,11.024301290605495,10.758244162998333,10.367740133058007,9.869228954214643,9.284578288254782,8.64108852519915,7.971561626523142,7.314440690246505,6.713977681082596,6.220316817459154,5.889297036402599,5.781693967431443,5.961564267038174,6.493353955628629,7.437518771053399,8.84459993624949,10.748002938168973,13.156108019367794,16.04473169677029,19.35126255602463,22.971905751891025,26.763301954712638,30.54930164093359,34.13291392326721,37.312532496427686,39.90065703454624,41.74268800964336,42.73315613844359,42.82704745437037,42.04467105301849,40.46963095747387,38.24065279621925,35.53899284110635,32.57367638438433,29.56674172249913,26.74003031470775,24.304053801640247,22.448405218347485,21.332438773631612,21.074840718184127,21.741406860056372,23.331728057017738,25.767179307486717,28.88401231684132,32.435820266144425,36.10871744188551,39.55020304558239,42.40932590487671,44.382352689685405,45.25576875362276,44.938010516671355,43.47318615270922,41.033795670374616,37.894077524188,34.38975278439616,30.8724401917696,27.667268794313955,25.04035030747676,23.179558132954497,22.188578585170482,22.091460765114096,22.843514428034513,24.344489412869194,26.451158395132826,28.988101859659395,31.757026305318636,34.545873580267696,37.139113015646075,39.33003258861062,40.93484232860715,41.80734184628085,41.85212993174282,41.034082720381576,39.38217385272682,36.986567079335046,33.989061667811384,30.568131965312503,26.920704303676665,23.24326620545979,19.714835030851994,16.48378419553971,13.659693382889749,11.310462289457817,9.464104578497782,8.114063979028206,7.226632054171147,6.749081553594619,6.617385606456255,6.762767910807989,7.116721170828672,7.614463259945289,8.197030476360023,8.81232594401217,9.415464778537991,9.96871539533415,10.441260009343825,10.808913562539793,11.053866895577531,11.164465853462179,11.135004924005571,10.965499170900442,10.661396816339682,10.233201805530692,9.695986819067109,9.06878946180841,8.373895876507458,7.636025834939986,6.881441075082388,6.137004246544033,5.42921942397091,4.783286928974578,4.222205348813521,3.765952327687069,3.4307730998899317,3.228602000528625,3.166637506037785,3.2470859149288516,3.467082786161044,3.8187949285101186,4.289699307900781
8.775978089287488,9.453604153131348,10.056726852467442,10.563889900062449,10.957073069058946,11.222351941390702,11.350426669730147,11.337011133063449,11.183084234278908,10.895017035698165,10.484602156218251,9.969023752088876,9.370814765198661,8.717849011358057,8.043404163046903,7.386302661779108,6.791087429646342,6.3081180977707545,5.993388007808839,5.907777891952312,6.115403573745598,6.680713655369985,7.66408062078025,9.115826821159551,11.068935224734076,13.53108125020585,16.47701812324456,19.842656462727838,23.522291656831058,27.370261681971925,31.207826551959503,34.83528838550822,38.048441775256535,40.65754762325864,42.50637430538515,43.488630176185794,43.559415295973636,42.740117219651125,41.116305770213955,38.829388137869515,36.06377745258585,33.03185698824878,29.95895385638666,27.06989556955434,24.577702670785474,22.673894274517412,21.51912788087408,21.23278364077778,21.880791730922788,23.462387680988382,25.89817903351103,29.023317028592118,32.59004145465279,36.282944048601095,39.747922652366995,42.6324430846134,44.63130745402894,45.52975042046528,45.23525296799524,43.7913221313555,41.37024285129239,38.246428586072824,34.756144790288275,31.25188299637426,28.059915212131152,25.44769048991366,23.604516937618705,22.635489791620145,22.565889617390912,23.35190446550005,24.893624076642123,27.0474530823591,29.63677512844689,32.46123366139284,35.305915353046274,37.95184068606358,40.18856913823838,41.8286995758303,42.72296463486572,42.773832077824665,41.94527512940341,40.26673440717519,37.83017565800726,34.780327780788056,31.29937618599172,27.588310802190374,23.847590593149544,20.259716208831716,16.97575933989496,14.107044037970617,11.722224504596731,9.849159897139366,8.480397310683951,7.580805083604729,7.0959340083159,6.95994712603692,7.102343498838726,7.453103720699471,7.946225907747049,8.52185693165869,9.127345629619526,9.717569123273826,10.254840259534529,10.708626075402488,11.055221359731807,11.277446169898893,11.364380683850563,11.311116814092461,11.118490727922472,10.79275886262175,10.345187024729647,9.79153338829695,9.151418560511253,8.447587452225298,7.705077487595421,6.950315337258661,6.210169838334218,5.51099221040809,4.8776762822836695,4.332771405714053,3.8956792338874666,3.5819627595787704,3.402792116097117,3.364546827231467,3.4685886472822616,3.7112130700937436,4.083781229669686,4.573027494279831
9.065814818706507,9.732635295478843,10.321167399389697,10.810474575704799,11.183172824677667,11.426068013524304,11.530659030716407,11.493499196704832,11.316418854207871,11.00662412730438,10.576699654005527,10.04455503519285,9.433363067916131,8.77153856404431,8.092794709599275,7.436284346859875,6.846782579222328,6.374794877476746,6.076388169786648,6.012456839076985,6.247076109971951,6.844593764072393,7.865199515567996,9.358911706300702,11.358233046066673,13.870118187133682,16.868296824222327,20.287308046307718,24.019715980917812,27.91780395292283,31.80054717812568,35.465882713385966,38.70735507705352,41.33330877882075,43.186141931160435,44.15891256459463,44.20689665783986,43.352503302704775,41.68309614041006,39.34249162237762,36.51790965249065,33.42468988055047,30.291021275986065,27.344288669375022,24.799611460599362,22.850062371740094,21.657287427268713,21.34112776119501,21.96752604039887,23.535383718403722,25.9647343617365,29.090011630177422,32.6626696497444,36.36649631696575,39.846592536383255,42.749640132670535,44.76966656284068,45.6911389421946,45.42078715218631,44.00141146304638,41.6046827197045,38.504557522398585,35.037072506173004,31.55478108202719,28.384345981606455,25.79393397924564,23.973844466703657,23.03032754233515,22.989819538459802,23.809463746338405,25.389888344408558,27.58742048085058,30.224604574273084,33.09942494756973,35.9945443061944,38.687972407504276,40.9659615791915,42.63787709511071,43.55169025322874,43.60794596957628,42.76980676958466,41.067148745759226,38.593589584149015,35.49653716904629,31.961565156290405,28.193366825959675,24.39601097137988,20.755151042867425,17.42428269157282,14.51627156694827,12.100400389304784,10.204320873774574,8.819693155782842,7.910020265186103,7.419221599203237,7.2797586908303344,7.4195203611816165,7.767086215173777,8.255336517252513,8.823618190740813,9.418801702589121,9.995588779476925,10.516386986798341,10.950987458084368,11.276194383334456,11.475478000743706,11.538666117727713,11.461654439871936,11.246100293342954,10.899062630698879,10.43255822597457,9.86301526725747,9.210617981269731,8.498547526162954,7.752134163294997,6.9979432924082285,6.262823290877706,5.572946386966745,4.952875224886359,4.424687554120049,4.007189792120215,3.715247252964746,3.559254788313368,3.5447666413424437,3.6722986713939494,3.937309981772235,4.330364600773388,4.837467457457533
9.329740318415698,9.9850937647787,10.558451472267983,11.029417370614322,11.38126089926682,11.601531235890377,11.682534317036962,11.621666098591625,11.421606138875795,11.090387754921611,10.641373887272625,10.093179770032442,9.469591781023404,8.799532427793709,8.117109278230014,7.46175557597001,6.878418579824646,6.417678511836665,6.135593229627179,6.092977131219682,6.353762589807915,6.982090506267085,8.037865721704154,9.57071527189696,11.612602596708761,14.169745772477606,17.21489276685898,20.681321931219117,24.460051502140754,28.401567469920487,32.322877155594426,36.0199068910023,39.284312632571215,41.92285619297712,43.77683616088942,44.738837736463964,44.76437603613488,43.876821771006846,42.1651534230631,39.77531419855782,36.896968407856654,33.74799740939066,30.55901250739598,27.55951612251265,24.966307804137685,22.973635456977444,21.74381562018754,21.396916647180078,21.998772830820602,23.547975031095913,25.964179121346977,29.08148688868503,32.65113697159497,36.35683398763172,39.84368754795071,42.75839518840104,44.7948999538996,45.7373847027895,45.49203258806112,44.10083140233944,41.73443847707449,38.66572070873595,35.2297107825795,31.778209895175262,28.63751466579367,26.07588403495766,24.284158377826394,23.36948153901025,23.359363775996016,24.2119766581046,25.828685062354296,28.06603382374787,30.746096101547995,33.66561736535543,36.605289336838744,39.34057496544875,41.65486840946144,43.3547056623959,44.285625259562266,44.34647391930699,43.49970367076753,41.77559308333824,39.26925089334743,36.1304944457729,32.54793810795349,28.729590484473125,24.88274064180235,21.195838853138863,17.824509395029157,14.882941404331401,12.440910853645915,10.525805501427463,9.128409418565543,8.210923046379403,7.715732033037478,7.573713141825463,7.71126759399509,8.055692746917122,8.53885947636695,9.099409531237432,9.683814941846359,10.246667480711494,10.750521554355519,11.165532689878386,11.46904443067772,11.645198101555131,11.684582062925507,11.583901608836165,11.345634597350983,10.977636076138054,10.492662190002052,9.907795019689772,9.243762481453768,8.524159033251854,7.774582670975302,7.021711183741948,6.292345862893442,5.612453986957621,5.0062426524124035,4.495296107557275,4.097806879834637,3.8279278594996544,3.6952683057318656,3.704551671741961,3.855447410226674,4.142582738158244,4.555733937854523,5.080190381156723
9.565288714337221,10.20852506073111,10.766139621243816,11.218297025063837,11.548936713015244,11.746363457612677,11.803697748573452,11.719180522877783,11.496337465184778,11.144020356150584,10.676355881779191,10.112644284456387,9.477258457208755,8.799594515358113,8.114112458876214,7.460475035585032,6.88374059643154,6.434491786975787,6.168693245130115,6.146983983003473,6.43304926365852,7.090714908073712,8.179496709987497,9.748541398853185,11.829213181993689,14.426977986350149,17.513645704318662,21.021348538393138,24.83975011214245,28.81780433268315,32.77087710890463,36.49324893060839,39.77505929605314,42.42183059505872,44.27404015055458,45.22398240716343,45.22747592073783,44.30879054081569,42.55833470431719,40.12388731926808,37.19718455589046,33.99822415425185,30.75959021807164,27.712454610722897,25.074872137101053,23.041883768008372,21.776157222141226,21.39775487019804,21.972283477449018,23.498048784227013,25.89452667755923,28.995872962006608,32.55367953327797,36.25228526081464,39.73760987732939,42.65716162149967,44.705485039785884,45.666958911079604,45.4474227207925,44.08794673376764,41.757777704270566,38.72806332288323,35.33206056167673,31.920006688029186,28.817075943208277,26.290992219929183,24.532682796781305,23.64991891754095,23.671197403031623,24.55578682730661,26.205985532861224,28.47885398677961,31.196370131040172,34.1544746025897,37.1323601176907,39.90342969635476,42.248693199410184,43.97228591617058,44.91766309695396,44.98221294489784,44.1277844750978,42.38502430108774,39.850361294683225,36.67573529933223,33.05243104593631,29.191358802231377,25.302612576199856,21.577059988785944,18.172139242577188,15.203130739377345,12.740159925593916,10.810290843686797,9.403443580186593,8.480583196698557,7.982665825310825,7.839107767077833,7.974952921841448,8.316342187105274,8.794251563658815,9.346717271820125,9.9198965171594,10.468339140269784,10.95480015407528,11.34984066042049,11.631373810463167,11.784232799379742,11.799779051297975,11.675532648925854,11.414790663949304,11.026197099448424,10.523235179808314,9.92362412943339,9.248615095792395,8.522192484785364,7.770196661361227,7.0193913541307795,6.296504189439743,5.6272717412439235,5.035521547947322,4.542322947318494,4.1652365314679916,3.9176887283791224,3.808493673169007,3.841539343808172,4.015649114229523,4.3246236444458415,4.757461611907238,5.2987514230022414
9.770419649620473,10.400900845192393,10.942219123021463,11.375119469881612,11.684227224144067,11.858614285270185,11.892222387834051,11.784138947270206,11.538731827576562,11.165661699318473,10.679803623639295,10.1011214544325,9.45454680415666,8.769914607368818,8.081994649664757,7.430627554433817,6.860920886676462,6.423386437986785,6.173810349387179,6.172559520180061,6.482966343369264,7.168431767418577,8.287976836770337,9.890177750076736,12.005738905699477,14.639358851663271,17.761954698134574,21.304630294347703,25.15589082953778,29.163429900607284,33.14130631722044,36.88252819717903,40.176099280178676,42.82665355546584,44.67413139319768,45.61072221622122,45.59261314342632,44.644908569977886,42.85925723194238,40.384975874465454,37.41549199702017,34.17248623187727,30.89005857720652,27.800596418997873,25.122981263758575,23.052663630058277,21.75234367859999,21.34184655397026,21.886434727280903,23.38415602511141,25.754504089358818,28.83207217947521,32.36936891290402,36.05207707207613,39.52771830387837,42.445396487609045,44.50093466207302,45.47938139096793,45.28643291046235,43.962138323268036,41.67394182311733,38.690650034699615,35.34298108339945,31.978804509027366,28.921421649940385,26.43739678455478,24.71728937941086,23.869228383292125,23.922604983280518,24.837848816356633,26.5183857550627,28.822090743744223,31.5712282382596,34.561379052645904,37.57072486359594,40.37111549065982,42.74167222092089,44.48457971120196,45.44157801926319,45.50884993425751,44.64775541743802,42.8892733345255,40.33097267429707,37.12661302481253,33.46975848932506,29.573784153892028,25.651150337228593,21.894741306772243,18.46347701776749,15.47348420363207,12.995086370639308,11.054961221136317,9.642178081616503,8.716537972502191,8.217677762776482,8.07368449575228,8.208381972719511,8.54688681210977,9.019400128533366,9.563456650950908,10.124985667056514,10.658565395525851,11.127206646645828,11.501918007513952,11.761212686924495,11.890636341824859,11.882335514291306,11.734649656532934,11.451693034369978,11.042890747731418,10.522440123559665,9.908680167984445,9.223364292354258,8.490843116927916,7.737173772336288,6.98917939276257,6.273487434228174,5.615578240377445,5.038876157804447,4.563914715198825,4.207605150867202,3.9826341126727014,3.8970118687905555,3.953787065402501,4.150938164801949,4.481445419293411,4.933540813891624,5.491127076600323
9.943548946787168,10.56064959240362,11.085134615619467,11.498348442724916,11.78561752437702,11.936791656014947,11.946639690033862,11.815096170335678,11.547366343876188,11.153909370351599,10.650332531111957,10.057241166388707,9.40009714536857,8.709138822706608,8.019402552268858,7.370854645340815,6.808589418947023,6.382973884033324,6.149529657685194,6.168253930329535,6.502019488707115,7.21369159005119,8.361689865049659,9.993929031410612,12.140392838998242,14.804997683186672,17.957814610312347,21.529039504164565,25.406219149053097,29.43606365390516,33.43166504983816,37.18513909847135,40.48474099720255,43.13457319766316,44.97432795999457,45.896278116299655,45.857045020733295,44.88250137543392,43.065342968097056,40.5561214988178,37.549569546685746,34.26861155243977,30.948401839098366,27.822086315609308,25.108943529056173,23.004450919500567,21.671024858321196,21.22802535039728,21.74025684203292,23.205537907457437,25.543576333321777,28.589781217444077,32.098132300072905,35.75635332572894,39.21434474978149,42.123575758277596,44.18181146349869,45.17523464263327,45.00959476866416,43.723818310321576,41.483162676480646,38.553483429552145,35.26221051894531,31.954055331541646,28.94970663062905,26.513951442447716,24.83652922523726,24.025655515145683,24.111519571756443,25.055771175897487,26.76315390766015,29.0926550381927,31.867210494482443,34.88249436435523,37.91617802998421,40.73908133423325,43.12895125829738,44.88649036257448,45.852107704595,45.92104540011688,45.05429391270103,43.28312729841153,40.706066570120726,37.478374349010906,33.795484894284186,29.8727808118247,25.924629558948244,22.145512652140678,18.69548425703085,15.691261354805215,13.203207438190105,11.257548803574405,9.842518340219213,8.916828095762867,8.418911318263909,8.275663147321197,8.409830682531545,8.745644111652354,9.212654488237767,9.748002945763496,10.29748063174386,10.815766416468033,11.266183285406651,11.620229780959104,11.857049698572066,11.962921479600379,11.930788334706506,11.75981302114147,11.454924267542616,11.026319693835257,10.488897075526733,9.861597240670617,9.166654407803579,8.428761319206732,7.674166055029246,6.929724563250881,6.221937724101692,5.576004379562682,5.014922450716658,4.558669290149472,4.223490008016911,4.021318888023677,3.9593543858982714,4.0398027920361255,4.259799662300654,4.611511804318245,5.0824161835982276,5.6557458169655455
10.083572064714584,10.686680033428319,11.193811526784005,11.586928897567427,11.852074227287675,11.979885203344576,11.96596284571406,11.811088631310454,11.521299553627372,11.107842052055208,10.587038718472005,9.98011357079038,9.313029670422855,8.616392874891176,7.92546244724439,7.280277816951516,6.725857244213735,6.312348692293957,6.094922866181373,6.1331092518630275,6.489213857363942,7.225454987638543,8.399543814156935,10.058642410883223,12.2319531372526,14.922596032674118,18.09984400041329,21.69310730486052,25.58917712295642,29.634060429440208,33.64022692669365,37.399284477765704,40.69913132767495,43.343699128048854,45.172723829379535,46.078751809326945,46.01890459439676,45.019755785326694,43.17485258860411,40.63567559494547,37.597872806714705,34.28517040861616,30.93331355507499,27.775749311513014,25.031725049941343,22.896365671895538,21.53149190830336,21.055775370889087,21.53345240068621,22.962142145489917,25.261960208658145,28.269502316637194,31.740760995082653,35.36618079427417,38.79879787318285,41.69319608104948,43.74972844757542,44.75616394929642,44.6184966136491,43.374431698060846,41.18666596246851,38.31750987201322,35.09037470340324,31.846041953003517,28.90186398703703,26.520244079488332,24.889655133865475,24.11812867413652,24.236552425954077,25.207850161108897,26.938268309458845,29.28820142752159,32.081642582609504,35.1148173084347,38.165396843536385,41.00370720817048,43.406650349880394,45.173930471923725,46.14502320886879,46.21450445862544,45.343119386253846,43.562399008853916,40.97162132201028,37.72722331360876,34.02608459680769,30.0851205247689,26.120128989968066,22.32675342555699,18.865821593913104,15.854375192461687,13.362654032460643,11.416365958265832,10.002922793198007,9.080025974017918,8.585025471093436,8.443767208731764,8.578070315905903,8.91142127528049,9.372850045347958,9.899215339254658,10.436262352140135,10.938844491384714,11.37065422395592,11.70372289400968,11.9178553667526,12.000082840121296,11.94415619027667,11.75006474231766,11.423548233382393,10.97556750881877,10.421706470873605,9.781489227292834,9.077608877794066,8.335075858856236,7.580303196489926,6.840153029066859,6.140973381541826,5.50765660230332,4.962751376288107,4.525659064672802,4.211942535876899,4.0327718716998495,3.994526575174098,4.098568392461766,4.341192814301866,4.713760973544973,5.203007238043963,5.7915115449508985
10.18987998027972,10.778397024634323,11.267671925914955,11.640302837269896,11.883061279413443,11.98738204544043,11.949702545831165,11.771650152361579,11.460087138880581,11.027035225762486,10.489514681906314,9.869344756851572,9.192960104474762,8.491297744115862,7.799795878675669,7.1585142841906695,6.612332249686918,6.211104397705605,6.009564167632302,6.066675424208135,6.444070338021401,7.203209152960811,8.400987747144736,10.083724697827119,12.279780696896818,14.991465911163294,18.187303995861793,21.796043253063726,25.703923713324624,29.756531554029845,33.76606081122029,37.52399820243538,40.8182787977826,43.4530260555366,45.268312770414084,46.15714969431825,46.07722443641045,45.055743399208765,43.18690841236703,40.62282156915026,37.55965556885387,34.22149592775477,30.844215963257266,27.66110886876178,24.89096659729176,22.728187449235303,21.33369086403366,20.82524274253478,21.266405463287906,22.654629435617956,24.91062770048568,27.872543359994584,31.298907121977265,34.88354258559479,38.283353638613136,41.156763036401045,43.20733571134559,44.224863522575134,44.11577003182444,42.91644431159364,40.78666146426052,37.98461271329836,34.82898382591732,31.6558784728558,28.778609479437268,26.456605096085024,24.876633846831883,24.146275099953815,24.297012948506616,25.293093566735195,27.04244524183048,29.40716000885403,32.2126719190377,35.25621811192924,38.31598573826274,41.162352346704225,43.57191539555802,45.34387621915185,46.317185106942944,46.386033861905545,45.51105017995755,43.72398275709659,41.124665791553525,37.87037216566395,34.158989290599806,30.20847621627116,26.235570264154966,22.436628478390215,18.972880997252624,15.961421081381413,13.47219674009679,11.530328834109605,10.122424486728747,9.20525571115506,8.715213506427512,8.577241730538283,8.712384707160911,9.043531969952516,9.499324744689428,10.01645315884426,10.540710560751474,11.027200017112936,11.440041435985203,11.751841991539955,11.943097923485759,12.001612721856993,11.921955318879402,11.704944168951945,11.357125828853825,10.89021435771614,10.32046480431859,9.66796544726786,8.955845892546943,8.209409531068031,7.455208169009105,6.720083506346501,6.030204585250277,5.410132572765464,4.8819445527255905,4.464446650960674,4.172504057310523,4.016511571954897,4.00202341731848,4.129555444604189,4.394566754009912,4.787621372677745,5.294724229250548,5.8978194605162155
10.262367244536986,10.835709590105456,11.306642549406611,11.658417319155069,11.87854794407817,11.959274746035042,11.897874919301534,11.696819853304344,11.363789817453096,10.911569045379037,10.357857157455388,9.725044598372104,9.040007546925871,8.333977514740413,7.642527497743005,7.005684826739385,6.468127043076993,6.0793414265070425,5.8935382310366595,5.969018344406042,6.3666337094387355,7.146976152107225,8.366020231751374,10.069151012634212,12.283828076859916,15.01153900536655,18.220107843685188,21.837745245499182,25.75034510325104,29.803355552640724,33.809041902546845,37.559156605726,40.8420653145042,43.462445743827686,45.26100041957881,46.13139496497995,46.03194865851772,44.99043240071617,43.101505912396334,40.517585940489326,37.43498042268962,34.077694072516096,30.68126925641499,27.478395274981956,24.686990864691776,22.500361224926507,21.078226799812352,20.537237604968745,20.94018094839836,22.28436974019025,24.491298743110143,27.40100680369435,30.775068600374443,34.31131927335468,37.671233005316054,40.51776606828395,42.5582935519611,43.585048896481496,43.50506274941847,42.35331730682773,40.28632022263821,37.55759294318651,34.48041712374395,31.385499336288383,28.58143500590836,26.324105245174273,24.798148074971976,24.1104269330277,24.29291853616166,25.311234291397728,27.07515617724567,29.44875730203877,32.25929218616862,35.30546859407508,38.36650796091136,41.213390052313315,43.622955772371355,45.39440721620929,46.36658488641886,46.43358413448645,45.55604558584709,43.765895406157824,41.163318757550414,37.90607840943405,34.19262225204588,30.241453079071704,26.269745741838,22.474112744181923,19.01580737439198,16.011695610140116,13.531262291457494,11.598971800341012,10.200643863480254,9.292204588723227,8.809213493980721,8.675863057879583,8.812579448485675,9.14180514368972,9.591927610045662,10.099584230253942,10.610712010671051,11.080739641612812,11.474272796019637,11.76453748415689,11.93275130814538,11.967509059194386,11.86420745527196,11.624495910715872,11.255722866821664,10.77034486864719,10.185272482734618,9.52113849935652,8.801486227708722,8.051886985248135,7.299005056185358,6.569635094172844,5.889741208896826,5.2835290269378286,4.772582133914594,4.375092766822741,4.105213692130257,3.9725541177041546,3.98183747606359,4.132733211787113,4.419868538747491,4.833019738110839,5.3574761813018,5.974564114715902
10.301432087315108,10.859031011882351,11.311154873319321,11.641724507522571,11.839008831880449,11.896061321788295,11.81100151700275,11.587142112798563,11.23297328270178,10.76202825787663,10.192667025058942,9.547826644751558,8.854794353287021,8.145059252209231,7.454284939078721,6.822413669231355,6.293858840896649,5.917666996624119,5.7474401176503465,5.840719801746919,6.257472596035827,7.0573129025882695,8.29518934182154,10.015464811434198,12.244639545622944,14.983366745430818,18.198820996561732,21.81879962025591,25.729054809713187,29.775178268806084,33.769851859099774,37.505478608964125,40.771246281677435,43.372747116351164,45.15160436908086,46.002327674700354,45.883932944743265,44.824687543788016,42.9195136334704,40.32083815359307,37.22471840518686,33.85464303565527,30.445370583973247,27.228544052889543,24.420800009308095,22.213993692431035,20.766358451271007,20.193226512827316,20.55651422915965,21.853428485820622,24.00642348998464,26.857767627110604,30.17256260295314,33.65325797685264,36.966567072987274,39.78064047053729,41.80723235772345,42.84141599193761,42.79099822905455,41.68946861947343,39.689738999905,37.040137581404316,34.04789581259787,31.03763710855339,28.312591255060227,26.124542992958922,24.655588271880276,24.01161705875888,24.224994169559317,25.262733404650447,27.03663412644476,29.413025741015478,32.22135586511355,35.26225763191886,38.31650381488481,41.15622848235887,43.559067324617004,45.32473125099604,46.2923708957623,46.356276102485296,45.477232298026436,43.687302116900455,41.08681332285356,37.83366739535022,34.126418736529416,30.183606543367247,26.222333955242604,22.439004195336747,18.994509180280556,16.005205072962376,13.539940184868186,11.622452503936909,10.237792541177988,9.341125832984872,8.867310278633575,8.739940241767115,8.878982880161903,9.206585716708297,9.651019226579354,10.148985215637406,10.646660713590276,11.09987643099332,11.473782193957712,11.742265621619781,11.887295206630352,11.898275431630532,11.771439813269293,11.509269795720048,11.119910011719247,10.616548049334162,10.016733725772102,9.341624150075663,8.615153124596924,7.863134601394744,7.112318929852648,6.3894271564428,5.720192712134915,5.128441676677964,4.635242729913282,4.258156175459323,4.010608318293999,3.901413242526034,3.9344589055495156,4.108568673221537,4.417543202470579,4.850381169600303,5.391670980584462,6.022139514295852
10.307968570129535,10.849270967942928,11.282137233309937,11.591173773051716,11.765415977817444,11.798737296165047,11.690101342247832,11.443658576062148,11.068700189868341,10.579494170315044,9.99504125880069,9.33880005728824,8.63843806035188,7.925664919517189,7.236190730034226,6.609820383287026,6.0906413609156616,5.727186994995473,5.572367133457328,5.682869290508463,6.117671220015552,6.935302837385887,8.189584199181528,9.923769265671702,12.163342253863725,14.908111223999448,18.124651733091426,21.740471438735593,25.641383597989105,29.673402397146777,33.64996795349043,37.364514524080946,40.607439096879176,43.1856045138055,44.94184226667234,45.77169276903808,45.63493260728929,44.56025831315618,42.642661517874615,40.034279097936775,36.93053769671825,33.55398203739216,30.138142802322353,26.913184427790323,24.094063500859665,21.870840052209694,20.39998339036163,19.795315357910866,20.117791104944168,21.36454288516724,23.45915435930714,26.246440636767492,29.495487902436263,32.913929861223814,36.17435021613224,38.95071700887944,40.95969989556157,41.99958747667216,41.97912260820874,40.930221943094665,39.00189257812099,36.436776291385094,33.535444666656595,30.61578931878062,27.975059795815877,25.860421592923135,24.451034274953845,23.851564831023087,24.094661740966632,25.148772657446383,26.92786899085036,29.300801607639894,32.09957455134993,35.1271936885438,38.166495227982765,40.991317048902275,43.38064033217162,45.13519349486967,46.0948583994347,46.154411358170094,45.274914826711594,43.48852625995889,40.89550591174002,37.65354005668242,33.96083219449888,30.035446809310212,26.09390239214119,22.331924902093593,18.909657850196705,15.942663429468151,13.498979360723697,11.601547459847,10.234668018601852,9.352832621735391,8.890328950521232,8.770308108355081,8.912438867814117,9.238727150170238,9.677464162634479,10.165533931984282,10.649450184374137,11.08552205951418,11.439501682540381,11.685980605068238,11.807707132751945,11.794913117159867,11.644677113316835,11.360312874381624,10.950754762081417,10.429909251099616,9.815948514598944,9.130533270902855,8.397964219951762,7.644272416718843,6.8962677779905714,6.1805712554357415,5.52266008399297,4.945957166739676,4.470995380943281,4.114685679138605,3.889714587290634,3.8040923230049457,3.86086751205609,4.058018608725238,4.388525862255857,4.84062125652452,5.398207519123057,6.041431278795797
10.283350913317204,10.807819843844236,11.220999117760782,11.508195965052323,11.6592230910266,11.668779925820063,11.536675053762234,11.267892335156262,10.872514315075737,10.365528789495935,9.766557049483897,9.099553716928243,8.392535480891452,7.6773954594995955,6.989846359236715,6.369503937923055,5.860068845551384,5.509489958994622,5.369902745804044,5.497047829300563,5.948813079641179,6.782539386068983,8.050818189088279,9.795710132246516,12.041628671503613,14.787527109163497,17.9994324592435,21.604685100109656,25.489359354679674,29.50016659043021,33.45164142638346,37.13862370900347,40.35310020582483,42.90355428419173,44.63430810887664,45.442116268323616,45.28757884784905,44.19975543946222,42.273517817053616,39.66041850853229,36.554881536001446,33.178089696427236,29.761913145404034,26.534618029530016,23.709096464717284,21.473281479270394,19.98161397968309,19.34622307215387,19.62701845445236,20.82108874336018,22.853308281236014,25.571337622089107,28.74867668095055,32.09867670430146,35.30038191953892,38.03415994428204,40.022096796278234,41.06604723610779,41.075839786677506,40.08174401274533,38.228574618189484,35.75282687779756,32.94784283449472,30.12417487973921,27.572515030873678,25.534916223553818,24.18722709417077,23.632651891704683,23.904019280074653,24.97123654534998,26.75059198346087,29.11371142863051,31.895507034110683,34.90179434718769,37.91797655238162,40.72013830859564,43.089152306833924,44.82727000208838,45.7755235536501,45.82946646639482,44.950569681769295,43.17104332957726,40.59086968975109,37.367165647747825,33.69732618759152,29.798429853367974,25.885897557826866,22.154310163980675,18.76267605470877,15.825479766709309,13.409774972374487,11.53763824001993,10.192639390544592,9.328683424736433,8.87961989790745,8.768312096559514,8.914291482167496,9.239576011633236,9.672615452467355,10.150593772993691,10.620457816470656,11.039071147518456,11.372845783132984,11.597118863707646,11.695446677651532,11.658905315773799,11.485425781443354,11.179153595532616,10.74980560600618,10.211994306434104,9.5844967148644,8.889455950393298,8.151515651321425,7.396898228638738,6.652446609747222,5.944655263208256,5.298719964756164,4.737637210882831,4.28138371096164,3.9462042928429564,3.744033119758141,3.6820685974362366,3.7625169960876828,3.9825138636479767,4.334226004713632,4.8051303836670325,5.3784600169251515,6.033800976059811
10.229410247313975,10.736525467961334,11.12960788406121,11.394680106538592,11.522342227143037,11.508124849512063,11.352681591210235,11.061824531914462,10.64641713707565,10.12215138437982,9.509248349707732,8.832132753688368,8.11913921817392,7.402307293377336,6.717308755067915,6.103519149288094,5.604192467640827,5.266623414145174,5.142092817503645,5.285304041916606,5.752956810795301,6.601101533118811,7.881004113368167,9.633450383400529,11.88173056460587,14.623934834250873,17.82559198260202,21.413995589580516,25.275677231011084,29.258314463505933,33.17786537211771,36.830941418304505,40.011491064896035,42.529960062225285,44.23243708842814,45.01706996248768,44.84534358511904,43.7466161260231,41.81545494048049,39.2025415923908,36.10093569107829,32.730052305461115,29.319682142527594,26.095788155947847,23.26882885208342,21.02429361783161,19.51434447567233,18.849246514897168,19.087786019572757,20.22703825604181,22.19331972192566,24.837415014294628,27.93763653304645,31.21354733980472,34.35119819530037,37.037894395240045,39.001601213179384,40.04806394625005,40.088335645149115,39.150971143803886,37.37632797632417,34.99433049537247,32.290564639231654,29.567680748183456,27.109276595701164,25.151831693814426,23.86753128252813,23.35788845901411,23.65581039843651,24.732684201057598,26.50724935761705,28.85414704328267,31.61153531958429,34.58846300705086,37.57339173119614,40.34518545830451,42.68714571667532,44.40354558896202,45.336981382222106,45.3840709883369,44.506823401579524,42.7374589399121,40.175472495221214,36.97705958485845,33.33835212047117,29.474935040225798,25.60062246375908,21.908385878555976,18.555714957209936,15.655735457920976,13.274345460539104,11.432688478370492,10.11362429737901,9.270558910143995,8.837035680396074,8.7357851054355,8.886361825517476,9.210948783374047,9.638291387433842,10.105990482850586,10.561521637181063,10.96237799670447,11.275688199471972,11.477575745759381,11.552432177156408,11.492193793047653,11.295650569616058,10.96777840482622,10.519068599629325,9.964826090238784,9.324414624008158,8.62043803134192,7.877858588220891,7.123064124290964,6.382903987715194,5.683719900949284,5.050401196462454,4.505495157175258,4.068402510906347,3.7546858479569045,3.5755151313849574,3.53726981492097,3.64131162481559,3.883936043984365,4.256504202286852,4.7457504664630505,5.334254773262027,6.001062886066913
10.148404158045423,10.637662640309925,11.01025826804743,11.252942882152961,11.357113253322641,11.319135529621335,11.140507593370955,10.827863753643397,10.392837211905093,9.851807841461124,9.225575211688925,8.539007868070614,7.8207269707423315,7.102881606174284,6.421059544979444,5.814345901112032,5.325489490716564,5.001062941366657,4.891414533294432,5.050122876940632,5.532604612368989,6.3935218384837365,7.682721672144645,9.43963699475029,11.686384919794996,14.420185483214105,17.606119190995535,21.17155080633649,25.003660517649234,28.951353971112486,32.83233264849136,36.445335355736084,39.58663353055739,42.0689672661497,43.7404595297069,44.50082515377444,44.31249338209014,43.2050585150688,41.27260476075189,38.664665388850054,35.572585982668116,32.213622496465334,28.815083260001426,25.60024007011049,22.776765911627034,20.52740658806077,19.00180978663915,18.308217083481807,18.504219905013123,19.586909442900897,21.484185198646465,24.05021284171971,27.068483538916173,30.265224935225557,33.333993613764775,35.96952413107357,37.906083786169006,38.953604896879796,39.02449253400296,38.1455261313786,36.45236552811811,34.167977547706414,31.569711259723586,28.951799636751772,26.59025292986668,24.715551365260108,23.495888468420564,23.030870607118,23.35338442839632,24.436311555688526,26.20096585561046,28.525229733655678,31.250828974950842,34.19045310727351,37.13609819053215,39.869925789925546,42.178190987967,43.86767643957354,44.782948097642816,44.82196966682335,43.94741477143879,42.191471248656654,39.65293962861344,36.48674673789351,32.88731313841058,29.0682296926446,25.24120189776769,21.597134504762817,18.291620833662122,15.43615137971235,13.095300294792448,11.289212056777206,10.000057475580656,9.180830784272956,8.76490009058622,8.675016719989575,8.830917374003953,9.15510128297413,9.576744985228597,10.033981651644659,10.47490981263076,10.857726092648612,11.150331309341063,11.329674993681788,11.381010167114223,11.29714831388522,11.077743967594742,10.728601135561542,10.260976738753001,9.690853874901647,9.038164313087314,8.325950443173532,7.579468559253229,6.825245806748184,6.090111357648596,5.400228076476517,4.780154172182717,4.251965352641901,3.834467121752766,3.542524396113803,3.386531859189621,3.372043684922548,3.4995757049268468,3.764587011700757,4.157641629441608,4.66474448569621,5.267839716855425,5.945453563039991
10.042979510586173,10.51389593912438,10.865635170791617,11.085691403152698,11.166266590167126,11.104565970532162,10.902930093251582,10.568808705911282,10.11459282480154,9.557333297492994,8.918386402280113,8.223037929011179,7.500164112140043,6.781986903936531,6.103967580962403,5.5048516218044,5.026825670684385,4.715674462108609,4.620738509165127,4.794387459716058,5.290663733401038,6.162747424127086,7.458977785602089,9.217360412711493,11.45879234955348,14.179617919460506,17.344518700104654,20.881045554473538,24.67721285433372,28.583407783445466,32.419384454730434,35.98635259122043,39.08325535407606,41.52544750244752,43.163344610161715,43.898396147741735,43.69403317073471,42.580026083416385,40.64980405311934,38.05148552728964,34.97436650732031,31.633168927426233,28.25233388502755,25.05207294112114,22.236940570614323,19.986657120325393,18.44813651969793,17.727449712702267,17.880928504529592,18.905707986507704,20.731400126998558,23.215785902973018,26.14786741423286,29.260946194587692,32.25653511443316,34.83724102359739,36.74401417968576,37.79124135016288,37.89279530818277,37.07362675174114,35.46448268548734,33.28102538857837,30.791934322421042,28.282559720574532,26.020876879908716,24.230978073430283,23.076762766792537,22.65572920066847,23.000647879793913,24.085904364063207,25.83549845505601,28.130763986763416,30.817298361276514,33.71182045049889,36.61031803490963,39.29875069018402,41.56683537842379,43.224338038679974,44.1181883729074,44.1479693811016,43.277141838821876,41.53781841184431,39.02790209734292,35.90071076170004,32.34851476960323,28.58242118693945,24.811536031712563,21.22425016517673,17.97389158785024,15.170045711040231,12.875798896763964,11.110232979386126,9.854851410465916,9.062323061192922,8.665969897006002,8.588715305534645,8.750634323824414,9.074691182916947,9.490626622983147,9.937219417617289,10.36328338723173,10.727790859129337,10.999468918588946,11.15613148800158,11.183918111013526,11.076529350720682,10.834488890590276,10.464425676244236,9.978352607960398,9.392915963553511,8.728596247479409,8.008851813927974,7.259208059565224,6.506305202316717,5.776925659990209,5.097027504235422,4.490813468434648,3.9798657915956244,3.5823761016971316,3.3124968974967377,3.179837272451983,3.189120611535392,3.3400163401065974,3.6271516644809854,4.040302862933211,4.564759305811325,5.181847239120737,5.869594679971584
9.916129141751856,10.368236395872284,10.69877031344127,10.895979840182234,10.952879821297856,10.867517304652072,10.643073080936853,10.287804753253234,9.814848510241381,9.241908640473751,8.590875886165765,7.887426439453308,7.160660136850055,6.442835434309742,5.769245323199373,5.178247610982769,4.711411492855654,4.413670337104158,4.333284682902938,4.52133467879858,5.0304016293424105,5.912094541056968,7.213160379626569,8.970107337081078,11.202568628898174,13.906008826254492,17.044759158557333,20.546667908119602,24.300762509940583,28.159155420134788,31.943950362775016,35.45915765000262,38.50672660851319,40.90493372010647,42.50673471848522,43.21547434621391,42.99564062430919,41.8771228083866,39.952530895775,37.36831419035321,34.31139934832994,30.993617758478642,27.63617840211794,24.455884165909698,21.65385845735178,19.406533552833228,17.857887068330236,17.111685044192157,17.222941678573484,18.188862359266725,19.940888953742384,22.34062819174916,25.18288985563584,28.208413689222425,31.12706887624247,33.649727498338734,35.52436057704008,36.57004683418249,36.70223029846079,35.94398722171153,34.4209629062274,32.341209052919524,29.964352548574183,27.566447397790423,25.40703431073035,23.703467951693867,22.615078910437926,22.23707127782598,22.602007974835125,23.685782835096116,25.415181147345418,27.675181626680835,30.315537504829052,33.157364392812894,36.00107733318001,38.63691299360363,40.858538549582846,42.47915927589345,43.348448419602406,43.36787173205913,42.501794585513,40.78221192235846,38.30593115514063,35.224330287838,31.72710311036488,28.022397347471905,24.31624311423923,20.79408360935644,17.606623860348527,14.861282990382048,12.619501402412144,10.899237576493936,9.681349719263002,8.918266379853458,8.543389878019758,8.479963574316542,8.648553540797316,8.972734225573323,9.382940428527514,9.818706969169103,10.229652849687973,10.575596255757349,10.826142868667699,10.960007850750113,10.964240990787996,10.833444657030489,10.569015233565082,10.178402505721635,9.674364898063338,9.07419619236135,8.398905777329059,7.672344952715216,6.920283029516269,6.169446939792496,5.446545814083236,4.777307198666929,4.185554351584119,3.692354638487591,3.315267768286317,3.0677197843919193,2.958524659071784,2.991570303218308,3.16568006388361,3.474654590598458,3.907492556835027,4.448782367512416,5.079250901121121,5.7764497462098205
9.771143109432357,10.20399272653173,10.512993447955282,10.687160611700111,10.720328858471394,10.611388933986571,10.364358622120992,9.988295015770573,9.497066128116652,8.909011566961569,8.246533865379504,7.5356725578114165,6.805719660919147,6.08893415928142,5.420399771252963,4.83803990565917,4.382752935923827,4.098559972397901,4.0325726825674755,4.234505207970251,4.755395494621386,5.645197432272159,6.948986361613626,8.701707558909138,10.921690120672821,13.603516436387944,16.71121501186037,20.17303877848456,23.87919958898293,27.683768027697436,31.41148071536498,34.86946271363648,37.862988010010724,40.21354709350396,41.776871439157134,42.45835393514584,42.2235921661875,41.102540081868796,39.186832991830116,36.62101022222123,33.589326690100606,30.300386809070524,26.97182423193783,23.81670692507602,21.032436408679523,18.791914537039638,17.235997597763216,16.46602564958649,16.535644108612175,17.44215321970973,19.118929625402828,21.431591702204702,24.181017294626766,27.115702612302318,29.954221618339712,32.41605341746639,34.256483604285584,35.299489861376365,35.46217870013056,34.76571406324854,33.33047758825771,31.356646338352164,29.09446269717329,26.81032426138257,24.754986803920865,23.13875816618959,22.116154053365314,21.77991479219521,22.162309145977705,23.24073874197385,24.944861626565487,27.163477210375174,29.75075752511931,32.53255884900965,35.31413447761844,37.89045270508123,40.059595885599805,41.638643793758874,42.4803759625504,42.48839235669226,41.628074353978405,39.93125691817862,37.493460201512,34.46380301404081,31.028991556598257,27.393756105862582,23.7605921751715,20.31157792616935,17.194451582553533,14.514215249334164,12.330512052631725,10.660119802794842,9.48327400929629,8.752246097675986,8.400641863476864,8.352168332108576,8.52803081440507,8.852554830086467,9.25699512317281,9.68174953789288,10.077329215461504,10.404465907989383,10.633694186263508,10.744665596784113,10.725362448924052,10.571300394194731,10.28475098018041,9.873979783887293,9.352479479880262,8.738174989863687,8.05258418575076,7.319927890659111,6.566193892582045,5.818169389696009,5.102463763083167,4.444548528950085,3.8678438462273577,3.3928813132542097,3.0365713034517525,2.811600087931194,2.7259777752686114,2.7827529458833937,2.9799040357068654,3.310411286760682,3.762506680156132,4.320092942454655,4.963316702026943,5.669275385888349
9.611555272716087,10.024717893199085,10.311878897825078,10.462830902171614,10.472234436372183,10.339825001430585,10.070453306511325,9.673966795845192,9.164951270310958,8.56236297003344,7.8890931495433385,7.171517449863809,6.439088752030922,5.72403105522786,5.061178718543961,4.487975462817387,4.0445975411447375,3.774095713224117,3.7223674568852165,3.9376887527142044,4.469476967247218,5.365952296621684,6.670444603611935,8.416275686347694,10.620433941318819,13.276618825915811,16.34860262647856,19.765145613712352,23.417807127132704,27.162836795619757,30.827872417929715,34.22345098916345,37.15847221478558,39.45791673441536,40.98051427568048,41.63385028344905,41.38468172670383,40.2629764715992,38.35924899289786,35.81590243762846,32.81423636449968,29.5593133970827,26.26487180806322,23.139941927750797,20.37793540456032,18.148002390074566,16.587710876945128,15.795867279753004,15.824703838767928,16.671638141727655,18.27207352220168,20.495800820275477,23.149989346300554,25.991163323936004,28.74689777126805,31.14556889365696,32.95002622269454,33.98932262740349,34.18230592610355,33.54819788763308,32.20198180972581,30.33573862998399,28.19004611910411,26.02133951877151,24.071289604984727,22.542889659309655,21.58562429296271,21.289617725837676,21.686763491413693,22.75596600566315,24.429830896460444,26.60113572166936,29.12871169082001,31.84347422768127,34.55589877704883,37.06611229859929,39.177050806382354,40.710079861467335,41.52142841629072,41.5170682884435,40.66350134276739,38.992360760200086,36.597695314103134,33.626058926995356,30.260777272236098,26.70272556590475,23.15042683080841,19.782196043298633,16.742476965776632,14.133616168886682,12.013316120195721,10.397120505683167,9.26466506056504,8.56814498897623,8.241488596399556,8.209005205094048,8.392682207965581,8.717731876707333,9.116350097398133,9.529900661248629,9.90987040253238,10.217969545244138,10.425709550063942,10.513711607642431,10.470911256305467,10.293747586027887,9.985368640657116,9.55484977220167,9.01640580858806,8.388575767595684,7.693365069041575,6.9553402545882035,6.200681926753291,5.456211037744683,4.748410853822268,4.102471609362383,3.5413871397830565,3.0851329133729553,2.7499531956402445,2.547781902194895,2.4858173327716733,2.566265713465699,2.7862625743556384,3.137974713007062,3.6088790911090234,4.182208724074516,4.837549683111167,5.551567951221018
9.441086050825087,9.834151844065554,10.099188276840167,10.226775358109336,10.212404785189172,10.056657039909481,9.7652108742647,9.348694183162717,8.822395845909409,8.205869506181603,7.5224717052123085,6.798886819605243,6.064697437805278,5.352057589452286,4.695513179974116,4.131984509304921,3.7008766393102284,3.444214880852212,3.40662102641108,3.6348653853477275,4.176672877109984,5.078457235336925,6.381734827838407,8.118148670439156,10.30331380000229,12.930047729851227,15.96191176087558,19.328271250595733,22.922187129406282,26.60229610023644,30.19938924818704,33.52769440240477,36.40001927507246,38.64509343720769,40.124853329453074,40.749212273768194,40.48613346397181,39.36555153201539,37.47672400563577,34.959707286357926,31.99258195396641,28.77657695394197,25.52123955699301,22.431284386959135,19.69588895497268,17.480252113225674,15.918504982251436,15.106826185196464,15.095997084525184,15.883572805543135,17.407062047984347,19.540563563217226,22.097724292056178,24.84332110239358,27.5141740037678,29.847794576647434,31.61480116963028,32.6494672860127,32.872448511970035,32.30100265595881,31.044607421322972,29.287068910138178,27.25907229159589,25.206839154438367,23.362706046057557,21.92212607002839,21.0293670353298,20.771802670561026,21.1808762759084,22.236985847463295,23.87574691507093,25.994053720521126,28.455613308867356,31.096691556493987,33.7333406023086,36.171242966962694,38.2185975009521,39.7014402416539,40.479770759731025,40.46215487366318,39.61631167900103,37.973631369455944,35.62651587082388,32.71866406987388,29.429648751300693,25.956075770106228,22.49208142292618,19.21184118440448,16.25619503701455,13.724609316599121,11.672711384567757,10.114761635707836,9.029819272574674,8.37008146254341,8.06991330942482,8.054359227131613,8.246325374442394,8.572040530645443,8.964757576418526,9.3669045684782,9.7310237518701,10.019865597172949,10.205963923887012,10.270940776679966,10.204703954264573,10.004624749304881,9.674727866805785,9.22489143225544,8.670039506865972,8.029307490223404,7.325166897127251,6.582505821700662,5.8276718176575795,5.0874930407878995,4.388300399845324,3.754977873465822,3.2100701714883098,2.7729768208035854,2.459259867198312,2.280089033809833,2.241843671611312,2.345885464062382,2.5885098767491526,2.9610780327047137,3.450324296052924,4.038828602567241,4.705636715276755,5.427006318648132
9.26358226940768,9.63616134032819,9.878810294485053,9.982905870571903,9.944775389611229,9.765843708030744,9.452611929146254,9.016477746766885,8.473417753807347,7.8435632499727195,7.1507122932447755,6.421830528135855,5.686599301662389,4.9770682829876485,4.327456903179401,3.77411997066482,3.355644648916411,3.112978868495632,3.0894112755306455,3.330143894593124,3.8811429717106303,4.786949125740752,6.087203353225166,7.811820107552675,9.975012510105227,12.56871890549947,15.556333440028745,18.867919009045337,22.398182678775054,26.008342542039973,29.532577886119622,32.78906685216674,35.59478751994011,37.78245874533627,39.21741723611626,39.81202987134684,39.53550974943481,38.4177149508795,36.546520544935746,34.05944210832492,31.131098654205733,27.958617585262708,24.747085019485286,21.696647336782355,18.992028031058634,16.79429715900021,15.234018958028843,14.404663608865048,14.355530440127035,15.084329826405366,16.530741108898397,18.573280966378547,21.032222966732657,23.680774543138504,26.265192611888605,28.53231097204208,30.260677543007453,31.2899014099491,31.54250017570924,31.03375399000061,29.867555018176912,28.219298420557802,26.30960073365006,24.374273168850742,22.636119715503487,21.28287005130444,20.453420387449576,20.23227804168032,20.650367639858924,21.689567690052165,23.288553489643547,25.348455207570794,27.738047765084474,30.299210181512194,32.85389453615468,35.21370334089593,37.19247565887198,38.62127367650082,39.36416476878962,39.33251392021343,38.49534574145193,36.883766976131405,34.58836687590116,31.74971641615549,28.543285971611848,25.16102359552837,21.79229084599052,18.60677156620641,15.741412935453369,13.29259161684961,11.313735252645813,9.817776451530912,8.783221390410194,8.162344283775425,7.890055978671112,7.892262233130061,8.092917771352452,8.419391030265043,8.806101794565347,9.196635604772398,9.544665605100407,9.814040858984928,9.978360266109508,10.020275734851785,9.930684579895026,9.707897609166782,9.35681515302563,8.888110111137284,8.317402035580555,7.664404333934642,6.9520326629917,6.205472163955533,5.451211302156195,4.716058873953222,4.026167336357787,3.406089740848658,2.877899314513598,2.4604004025121604,2.168457395687155,2.0124647456975238,1.9979765271443153,2.1255085302502557,2.39051983074222,2.783574446207713,3.2906773016592883,3.8937725325423305,4.5713863786343385,5.299391776343982
9.082955048859677,9.434677824725709,9.65469860267958,9.735199398856267,9.673346789001608,9.471408567032709,9.136701693225435,8.681382268993316,8.122098597608831,7.479539391422904,6.777920149249455,6.04446025579994,5.308909121737241,4.603178315604482,3.9611239200983883,3.41849493678268,3.0130164052583606,2.7845102588331834,2.7748787520094336,3.0276981222574553,3.587115600307425,4.495738414378429,5.791276710040542,7.501872344375786,9.64031222229736,12.197660120526304,15.137185342741386,18.389735174571985,21.85179729899727,25.38735109980354,28.834180926421546,32.014654323126,34.75016118918916,36.87763069054489,38.265977725119185,38.83013830119802,38.54061578270627,37.4271523809541,35.57612625942363,33.12233527486846,30.236716158040323,27.112051803281545,23.948723305786636,20.94208245465712,18.272203681795915,16.095873075537657,14.539976561817532,13.695208591252678,13.60936165024679,14.280316425598558,15.649974736240694,17.60135593249818,19.961472430377185,22.512094050815616,25.00905527496936,27.208648345311172,28.897468114930028,29.920544237166766,30.202298624734606,29.756028100196463,28.67998631571066,27.141063447386465,25.349682712642664,23.53110224384055,21.89844567035089,20.63157823713628,19.863900800013518,19.67695713638739,20.10109173526111,21.119647050382554,22.67439570668083,24.670803544871898,26.982880124561905,29.458350523336524,31.925357087410006,34.201752311742126,36.10735890068345,37.47858974825171,38.18385139971646,38.13749488902441,37.30992954224746,35.731939064861244,33.49214473172458,30.727735532881063,27.60975475244102,24.32513231272235,21.058095514758726,17.973510707076983,15.20416526520017,12.843153280615777,10.941588691529613,9.511036834490465,8.529474583471245,7.949324841779363,7.706147270084306,7.726828054684351,7.936492757237666,8.26376541246594,8.64433614473732,9.023035655576491,9.354738898430798,9.604448183120317,9.7468672716129,9.76570461273334,9.652862429854194,9.407596854441405,9.035681578209855,8.548575268499343,7.962578406887928,7.2979633879588395,6.578067575963236,5.828348337064849,5.075408857289618,4.346012023872952,3.6661059219473606,3.0598883312720138,2.5489391060306317,2.151448759393368,1.881569283923116,1.7489095497452452,1.7581928460625527,1.9090885583081567,2.196223876610985,2.6093750728631897,3.133831514964577,3.7509194480067665,4.438666888768026,5.172585957715677
8.903116720335627,9.233634317380385,9.430808669565884,9.487634821110333,9.402121404503003,9.177376884808103,8.82152678891548,8.347473507121979,7.772520428697324,7.11789296203375,6.4081996931541445,5.670886193785326,4.935739539334531,4.234500159979568,3.6006251265748843,3.0692191532901454,2.6771035112985335,2.4629289568825214,2.467162472098007,2.7317022911545377,3.2988223691502556,4.209142853802097,5.498394162009648,7.192907444257501,9.304023461918487,11.821937877115829,14.709835846199375,17.899430050125932,21.289112792583794,24.745789663075747,28.111048174718363,31.211663195326498,33.873656189517064,35.93836759776537,37.27845221020955,37.81152024587337,37.50940224215944,36.401689347455374,34.57315979564575,32.15573455161375,29.31646986054226,26.243586694478697,23.13254411279079,20.173699585664355,17.5423085086468,15.390740185504779,13.842109247004876,12.98428024840932,12.863520127205582,13.477892158150707,14.771559112023464,16.632102854727517,18.89335079331407,21.345721850588937,23.754718657818948,25.886178733509052,27.534818926243688,28.55114526639494,28.861514668593767,28.477242866135228,27.49091842746404,26.060873679320636,24.387264139947266,22.684705180401853,21.156541991709698,19.974676124311195,19.2669202051934,19.111776277068053,19.538954542964728,20.53324171083358,22.03953323238785,23.967710831491747,26.19715976523227,28.581653445394206,30.955780608843032,33.14393767830019,34.97223870036132,36.28273896591932,36.94842821563745,36.88681104080712,36.06975107641596,34.52767040006235,32.34707829410439,29.66154780741461,26.63739701350914,23.456207420204215,20.2967429963753,17.318754784030858,14.650626858768621,12.381995474597462,10.561558187789329,9.199478872058359,8.273228991049912,7.735448039892805,7.5224412292775105,7.562186548530252,7.781094585446182,8.109153180575877,8.483419301126213,8.850050564505176,9.16518976324973,9.395043185770703,9.515456133579677,9.511217825423657,9.375248848913069,9.10775491892572,8.715379574496765,8.210357231209311,7.609653925622162,6.934081385078999,6.207375784720061,5.455241599949157,4.704370420432269,3.981452713846549,3.3122064729257144,2.7204502120555287,2.227249011051417,1.8501615093908388,1.6026132645223718,1.4934180341562033,1.5264636371180487,1.70057338205421,2.0095479029167924,2.4423858670319376,2.983675676960061,3.6141442103108985,4.311343055313117,5.050447806509846
8.727917770477408,9.036902339993478,9.211034681411574,9.244129812959283,9.135040394191416,8.887712468146667,8.5110720495288,8.018754983953727,7.428702518726735,6.762655590800205,6.04559126930689,5.305153766760806,4.571137758782449,3.875080247353661,3.2500048930936734,2.730335543057402,2.351950716565669,2.152288347403171,2.17033574468099,2.4462663439420123,3.0204327960977144,3.9314212229780034,5.212940191247364,6.889478089777274,8.97091406971509,11.44658400016928,14.279627889140283,17.402698775922154,20.71620679248546,24.090133222680688,27.370047547330678,30.38732810704665,32.97282536126917,34.97247136807722,36.262805838064594,36.76420749566046,36.449867397179375,35.34919464125963,33.545276186242646,31.167015036727584,28.377411703405272,25.359933802805575,22.304928547117246,19.39758618019102,16.808198183266683,14.68460646671155,13.146079542466575,12.277610686044715,12.123928392331035,12.683287902670212,13.90213823963822,15.67265930051177,17.83553453092582,20.189874904995815,22.510893291044965,24.574011534097654,26.182102656768407,27.191176707598274,27.529545138058033,27.206552550669198,26.309121494016708,24.987013547547047,23.430091019835746,21.84228843004898,20.417122967331352,19.31847412647088,18.668503894299455,18.542613288033905,18.969831640653528,19.936367476561657,21.390252846473047,23.245846166318138,25.38802355751026,27.676777834756027,29.953365108629768,32.048982393572544,33.79630565226242,35.043289992811815,35.66772381402612,35.590412516407625,34.78473361463291,33.28071007979946,31.16260711077609,28.560169070503864,25.634718687229643,22.562190416741633,19.51558787603891,16.6492785151699,14.087024341492622,11.914847041030656,10.17893697565992,8.888027894395876,8.019109871364243,7.525102908549387,7.343147784839085,7.40241750620995,7.630713327990047,7.95948693652924,8.327251329477248,8.681566554133653,8.979904139441649,9.189720972265668,9.288037327929048,9.260744882395292,9.101794044905642,8.812342790058162,8.399899724179715,7.877463976847824,7.262650960205831,6.576791462364189,5.8439971312419345,5.090194165882568,4.3421361418798226,3.626414662156272,2.9684921314981465,2.391784179896763,1.9168202212168133,1.56050960597448,1.3355381400876052,1.2499157265939527,1.3066908576564646,1.5038419323670311,1.8343491777953433,2.286444569150707,2.844030830728408,3.487254590052523,4.19321327383067,4.9367705745057044
8.561084815384616,8.848229868939118,8.999147473196622,9.008478754736746,8.875921536894808,8.606255523838676,8.209198359017995,7.699105808012959,7.094539162277023,6.417733290996201,5.6940089180142595,4.951181387621263,4.219023280033581,3.528836666492682,2.9131787092286494,2.405757761579352,2.041473329800722,1.856512485447806,1.8883430273725956,2.1753723119226307,2.7559899922351483,3.6667080705372515,4.939178000474052,6.596019495451907,8.645639143864885,11.076523216208951,13.85180381351219,16.905143114161216,20.139071264125743,23.426778996641858,26.61797689189008,29.548820725107092,32.05516464121226,33.98769164905564,35.22695441914789,35.69618347986932,35.36996010483387,34.27748460473397,32.500073144371456,30.163488025391704,27.426521973478593,24.467724005692748,21.47216699437991,18.619727851750735,16.075614187320564,13.983051793475466,12.457405977443663,11.580769697431544,11.396325599222807,11.90252729137521,13.04812246703801,14.729901000121707,16.795409572476878,19.052452061870895,21.2859470931809,23.28089406577971,24.848317187370043,25.84973121259969,26.215411032030342,25.95274755298326,25.143021042121863,23.927447893545143,22.485618762015733,21.010798996131655,19.68667514985259,18.6690860311615,18.07451036123972,17.975207542188024,18.399487185271443,19.33495482676388,20.73278157690526,22.511844239460302,24.56259911596888,26.75139801269905,28.9263496655338,30.92567021056534,32.58882996105086,33.769905957589,34.35167124231809,34.25835835948732,33.46490794464383,32.00090759596616,29.948258770742186,27.432686474083493,24.610277059204904,21.65105219401334,18.72199144267513,15.97184105910851,13.519547898773098,11.447381588794242,9.798946783670566,8.581524153464562,7.771646494419269,7.322574041985996,7.172366136747218,7.25148549432695,7.489220762741002,7.818578999256621,8.179610799057935,8.521347658688022,8.802645407114872,8.99225388493644,9.068398422732436,9.018092223883091,8.836324931244246,8.525207845915507,8.093108585590917,7.553778946808884,6.925466743815996,6.230000952847152,5.491844936429947,4.737120986047455,3.992618170585673,3.284802874245987,2.638856668460937,2.077769077810337,1.6215134892036778,1.2863331926244381,1.0841616596647228,1.0221969937263244,1.1026453365410278,1.3226421829501271,1.6743543162088157,2.145258692354251,2.718588324628162,3.3739292834266146,4.087947551456525,4.835219852266289
8.406160587988163,8.671181301438969,8.79873447208876,8.784292651549642,8.62839912892997,8.336662532918407,7.919582505208883,7.392220507714499,6.773739494053442,6.086846262177174,5.357180163051928,4.6127002290364745,3.8831276489807722,3.1994988813754652,2.5938728479740094,2.099209773624131,1.7493966545880948,1.5793353121385554,1.6249388108258689,1.922812716089786,2.509348381156741,3.4189505028842255,4.681185069447422,6.316783386534795,8.332673062745357,10.716502830552457,13.431432324681671,16.41219537493709,19.563533172925254,22.761963746588787,25.86147802289432,28.70316075267213,31.128021482070825,32.9916322766213,34.178669639337734,34.61528808221969,34.27748508817528,33.19422969181744,31.44499962184359,29.152312127055005,26.47062334664133,23.573424636662764,20.640379251686426,17.845931238196435,15.350108928946266,13.291454671459109,11.781390670774897,10.899092359656485,10.686194258200214,11.141351713250003,12.21561101691863,13.810361322007086,15.779987377598571,17.94094667927912,20.08781481061716,22.01511840212422,23.541990671581654,24.53542621092871,24.927662214484396,24.724160510385214,24.00060636355992,22.889733228985076,21.56092659519684,20.196841917882345,18.97137748484344,18.032351044691254,17.49055429948379,17.415082782464708,17.83349534735462,18.73476774569596,20.073201784871316,21.772215678081743,23.72790963573518,25.813102580795537,27.882905148029884,29.782732517635633,31.35904302545281,32.47222178470432,33.01018238254581,32.90068948413075,32.12028556074013,30.698087872187138,28.71352728515628,26.2881414746719,23.57256930353887,20.73068772281135,17.923222770675117,15.293093411557463,12.954264635800559,10.985136263317091,9.426661335397585,8.28465031971498,7.535202904130646,7.13197494495542,7.014020085891085,7.113176658903136,7.360308241196416,7.69006001506464,8.044093894285034,8.372975161381923,8.636994026129274,8.8062312607357,8.860143898605026,8.786883069051594,8.582484981810447,8.250013705109161,7.798688532412559,7.243000873398382,6.601813190175278,5.89743119250712,5.1546458017510455,4.399749549852967,3.6595404573963846,2.96033345310557,2.3270043047579327,1.7820936315040576,1.3449989830504272,1.0312814776015014,0.8521104157276431,0.8138649614040245,0.9179067176788793,1.1605311165287784,1.5330992673289376,2.0223455288058814,2.610849834658472,3.2776579471399803,3.999027550434807,4.7492736170528564
8.266446891024373,8.509080387036084,8.613142606048745,8.574942018441774,8.395866846047333,8.082349090362483,7.645659998867362,7.101551831867117,6.469770273041387,5.773471659869034,5.03858876770923,4.293196964519457,3.566937178464807,2.8905504210223594,2.2955670040916023,1.8141684064295047,1.4791984050567626,1.3242428554849823,1.3836294951060442,1.6921319700563018,2.2841144336216432,3.1918480058016465,4.4427917686144,6.055775065225722,8.03624463239365,10.37102557377025,13.023338672492173,15.92904562051999,18.995178491919507,22.101684497679535,25.10695422281424,27.85713045978926,30.19850684361804,31.99166132568738,33.12548790351509,33.529126095805736,33.18001184604395,32.10686463717212,30.387267942452983,28.140407917037862,25.51629842427127,22.683260065416967,19.815438098150565,17.081750307524764,14.636974347903875,12.614922554827523,11.123050657221214,10.237610592581113,9.998691225813197,10.40514996126381,11.410319608524471,12.920156338495744,14.795827126160159,16.86236587642502,18.923914546164546,20.784435666964765,22.271094318250736,23.256316057911782,23.674289866593742,23.52857994522636,22.88934609591537,21.880935752482845,20.662638228550904,19.406603468781963,18.277026630676353,17.41376054582895,16.921933883628796,16.867473872144675,17.27716538850034,18.141325976290936,19.417369508294613,21.03326053280735,22.890781787067258,24.8692962690492,26.831029897969007,28.62873811371207,30.116021945943935,31.159724438820742,31.653025244229372,31.52730454816044,30.76073475888983,29.381929209350144,27.46775437944896,25.135415732882386,22.52992394001158,19.80881366733911,17.126362736080107,14.619488742489438,12.39703488351402,10.533433467703615,9.066932805632716,8.001861937564904,7.313911641814037,6.957184342655555,6.871796328037529,6.991038494907429,7.247427521761705,7.577320533610942,7.924056491861166,8.239789997098924,8.486290140796399,8.635002153899244,8.666637934088728,8.570500229207665,8.343677051062103,7.990183042189075,7.52008055890299,6.948586573360175,6.295159676371931,5.582560294951693,4.835882379297145,4.081562654403966,3.3463815281677323,2.6564763802344498,2.036392504258399,1.5081992575391467,1.0906991127302454,0.7987555813129346,0.6427627139780521,0.6282744077377398,0.7558063763905238,1.0208176636976223,1.4138722742481846,1.9209751279149385,2.5240703581665476,3.2016842040408964,3.9296896016774343,4.682165250039592
8.144951420748598,8.364957029528409,8.445425082748853,8.383503635863528,8.181424475815376,7.846436615499629,7.390571763882631,6.830257421825802,6.185802538966527,5.480790238347753,4.741421364858761,3.9958603846509164,3.2736395458567893,2.605175447760798,2.021440813450031,1.5538097875127637,1.2340550114192288,1.0944193285974153,1.1676191743001816,1.4865717065190225,2.08359134687847,2.9887962391950267,4.227523983228104,5.8166945348791295,7.760276350674491,10.04428663507353,12.63203910044933,15.4605732283286,18.439280665214515,21.45162381417784,24.360492396479426,27.017193957189466,29.273412003825083,30.994826039417237,32.07462409407573,32.44498060465462,32.08478847605892,31.022503501794375,29.33377075569935,27.13437733923057,24.5698119463011,21.80313688451971,19.002897417704084,16.332417189731956,13.94117506173484,11.95822677390916,10.487053960818118,9.600989678566858,9.3385839520133,9.698893516864855,10.6375141702412,12.064916491177552,13.848965043856381,15.823157447045478,17.801072426410663,19.59597885324708,21.042963954936816,22.0198130684439,22.46264776660612,22.373172524432213,21.816112064557135,20.90755717281442,19.79684980159044,18.645781103630092,17.608968503824222,16.818390588858286,16.373563392749816,16.337258559331907,16.735471507927304,17.55983187599189,18.7708373097502,20.300986227913103,22.05775807736771,23.927106286521827,25.778449971101114,27.471987603152503,28.868578713786466,29.841637903340978,30.2897060290752,30.14784061666089,29.395861518953495,28.06184599331302,26.220015502487417,23.98312166766445,21.49039687067217,18.892870495346802,16.33821244156234,13.957197056027725,11.853432745870045,10.097306751162717,8.724322378984287,7.737321928343178,7.111611472029324,6.80178645709846,6.749086686459563,6.888323533548133,7.153735505485828,7.483456475398695,7.8225601218173555,8.12483903381516,8.353580059916679,8.481621931788585,8.490951062932892,8.372032792238231,8.123010065123314,7.7488442740966015,7.26043095646255,6.6736976131978025,6.008679698051905,5.288569799130683,4.538740015587295,3.7857450484450847,3.056321132080308,2.3764021724945423,1.7701786430542255,1.259226748557241,0.8617352342362734,0.5918552615173462,0.45919532118150563,0.46847853427207475,0.6193742137975988,0.9065095195718404,1.3196607111513288,1.8441171515550252,2.461205083996334,3.148952524550377,3.8828715934284013,4.636830427903802
8.044339305120683,8.241498803116041,8.29829288258182,8.21271201924867,7.987829364269766,7.631703776981333,7.157115542441578,6.581151199195743,5.924662984998589,5.211637710498699,4.468518805120704,3.723532732664162,3.006075111647843,2.3462100487436754,1.7743250988020254,1.320960513552964,1.0167926633888706,0.8926979757396261,0.9797601833572109,1.3090208863493435,1.910728534854968,2.8128356807977912,4.038550636402605,5.602882586814394,7.508328712691805,9.740115831008666,12.261680538970031,15.011283819259562,17.90073456690521,20.817080704164347,23.627790985325845,26.189422350438843,28.359131353187202,30.007773820031257,31.03289143953445,31.3697324908055,30.998661604742654,29.947860775693066,28.29100397079483,26.140428993155577,23.637038783419037,20.938574772384968,18.20792591084059,15.602778539788256,13.267287029364223,11.325743025149132,9.877661347059718,8.993470659740042,8.71019289164952,9.027078372886223,9.901951542585039,11.249725757280427,12.944851768819085,14.829145345896272,16.725456324085926,18.456195086543516,19.864231296952457,20.83261836324413,21.29938332431952,21.264414857000475,20.7871123088269,19.97546925945373,18.969066042776262,17.919521077264413,16.972036980084717,16.250841100717196,15.84991214284299,15.828895255263802,16.212988500995422,16.995102972178056,18.138782791713925,19.581031213664893,21.235015002110146,22.993294583508863,24.732525431452956,26.320413990764457,27.625155736021803,28.526814607451108,28.929357723250742,28.771560391446442,28.03489694681079,26.74687791203158,24.97901225362042,22.839499302197954,20.461673555631002,17.989930558408584,15.565207435629645,13.312025470732095,11.32867210323544,9.681432004382447,8.403035984823612,7.49484015909009,6.931790083788696,6.669016186988108,6.6489351926912015,6.807937836215238,7.082043748238197,7.411219354300149,7.742322668808132,8.030826084349986,8.241567460669353,8.348803590503605,8.335811548689996,8.19422752300007,7.923250428191968,7.528782961787267,7.0225427055494185,6.421151690248671,5.745202240915942,5.018296034005099,4.266058113031348,3.5151347946940494,2.792191609062586,2.122933258751075,1.531171399162261,1.0379676794439385,0.6608790750297553,0.4133303601986418,0.3041349348474549,0.3371804590407219,0.5112901729903214,0.8202646819812323,1.2531026416662785,1.794392449984045,2.424860982764643,3.1220598275701232,3.8611645787007194,4.615858732456548
7.966890125413201,8.141007951735084,8.17407173475625,8.06491637171804,7.817453345870916,7.440543401380897,6.947702784286188,6.356660238206541,5.688790815850162,4.9684615939535375,4.222332992392977,3.478666528783816,2.766693728646593,2.1160990206690937,1.5566586125220594,1.1180543217887404,0.8298438643592014,0.7215174412938765,0.8225091854664193,1.1619714732624438,1.7680767186439343,2.666605917042486,3.8786369208457145,5.417272674176235,7.283550400066403,9.461925773819294,11.915986432187708,14.585252468889674,17.383996903024872,20.20290813182136,22.914094650132512,25.379425810887664,27.461592232406872,29.036680359416334,30.006628582622646,30.309787159727833,29.928003513036263,28.889179613683314,27.26499672802986,25.164310338048562,22.723398712807892,20.09464400657781,17.43524733846482,14.897238345069097,12.619442617810742,10.721398284311515,9.298674593574095,8.418819434694996,8.11734088782815,8.39367419113287,9.207827959259783,10.479069098327692,12.0882985359381,13.885474521806257,15.702519406783324,17.370788103308154,18.74076569158213,19.700663297290212,20.19037914079398,20.208035602014164,19.807834068208848,19.08985790124261,18.18414542518496,17.232364534136632,16.37050056621819,15.715182607580171,15.354950591427887,15.34636772525173,15.713834173186928,16.45151121488868,17.525943840439247,18.87859545414573,20.42828819664955,22.074177319612804,23.70016407632635,25.1814909318658,26.3937292204805,27.223634881537656,27.58063683568418,27.4072476435482,26.68659291077686,25.445587292666318,23.75297279495226,21.71232090923487,19.450978763988335,17.10661349865856,14.81333899958091,12.689345312066722,10.827539186504332,9.290065006428938,8.106866191928443,7.277819008848134,6.777532656489747,6.5617100469906156,6.573990845579962,6.752395106076642,7.03477354645503,7.3629720424777885,7.685674594357101,7.960068424711545,8.15257008976184,8.238874561879308,8.203562247150389,8.039445749544308,7.746778913783562,7.332398696344169,6.80883235216398,6.193379498679903,5.507168637668996,4.7741869693093095,4.02028697818842,3.2721801196928326,2.5564347454431147,1.8985008454130172,1.3217876317301496,0.846821303510775,0.49050964991385815,0.2655377411504629,0.17991514377194662,0.23669020049843503,0.43384124594727513,0.7643484801580014,1.216443867325001,1.774030127379418,2.417253886163862,3.123212569755731,3.8667698703681217,4.621450747193672
7.914461103222412,8.065364553580247,8.07466525850393,7.942043701959264,7.672245838842611,7.274925547516807,6.764321702173263,6.158787804900965,5.48020077344491,4.753284225720838,4.004889889028385,3.2632875657077633,2.5575177243573277,1.9168588305830347,1.3704509596948844,0.9470949481411086,0.6752101818355607,0.5828843490774176,0.6978894902938695,1.0474803685214251,1.65774931751241,2.552306289142471,3.750103957591793,5.262349304273129,7.088635101703089,9.212666806471773,11.598209487705947,14.186074015916462,16.893033897674457,19.613458005952868,22.22413661781257,24.592293483775872,26.586192754945543,28.087185867155164,29.001634815427376,29.27100945466329,28.87864742370181,27.85216815986916,26.261249346077975,24.21124773062243,21.83379886863603,19.275910491127757,16.6890881333538,14.2197079850688,12.001282853545483,10.148624900131187,8.753392014319893,7.8802832696230825,7.563310223993058,7.80208147499656,8.558735971483632,9.756788842358633,11.283432817503531,12.996565724694024,14.73695413001037,16.34467155466548,17.6776269437491,18.629062075202487,19.140705699824437,19.208968498799866,18.88299734855098,18.255177304986404,17.446254966041327,16.588202734007005,15.808017729540857,15.214911205149148,14.892104360567917,14.893137476690667,15.241619339195879,15.932929809281521,16.93656154130862,18.198378760772016,19.64280567188237,21.17555269642839,22.6877438261161,24.06214994295324,25.181721789495572,25.93991586052543,26.25162973709633,26.063112320400162,25.359127341549335,24.165966006245007,22.549561657113316,20.608804809985017,18.46499518862634,16.249010198280992,14.088083643193537,12.094027083669989,10.354332718344166,8.926986255875004,7.839141139830716,7.08920576240292,6.651477082078428,6.482263627448129,6.526466786298643,6.723777137554601,7.013917304060043,7.340650776431585,7.654521372715303,7.914459507670721,8.088482647872565,8.153739696272076,8.096123640032086,7.9096264180101645,7.595553723316492,7.161668151908645,6.6212930511367345,5.992387762596878,5.296595592593422,4.558265234569488,3.8034508389784634,3.0589024333299144,2.351064799977721,1.7051079530084143,1.144015431867059,0.6877576208000651,0.3525763494179648,0.15040440033437008,0.0884395614834963,0.16888783434708454,0.38888465320200183,0.7405967758910839,1.2115011480877893,1.7848307789247855,2.4401717372139076,3.1541900050679277,3.9014623058185154,4.655381322672724
7.888457037080146,8.015996435036799,8.001524853642913,7.845568691549879,7.553703690182303,7.136367330813641,6.60850707787193,5.989083147496933,5.300452914540966,4.567672529732732,3.817759275137429,3.078964659804066,2.3801116412682894,1.7500473377601615,1.2172522869892761,0.8096257582026869,0.5544317813682573,0.4783426809456177,0.6074601945056006,0.9671382006880682,1.5813907404455394,2.4716635011693056,3.654795497426812,5.140113576444966,6.925785607136327,8.994789362225667,11.31109202659636,13.816821166782258,16.431276985495323,19.052534390754825,21.562089461597537,23.832542024327754,25.737748423614562,27.164340219107377,28.02311431331006,28.258667594251346,27.855831781405037,26.84194478209228,25.28468005169698,23.285895083811425,20.972584632254883,18.486389038487907,15.973133094676523,13.573564233690092,11.415917524286044,9.610322510641293,8.244571856928058,7.380555321650539,7.050807921135046,7.255097312339567,7.957630349765712,9.08605051309647,10.533663913487398,12.166080761282739,13.8326571331739,15.381933581684715,16.67902966087568,17.62207598827689,18.154585628366622,18.27131676444599,18.016519526759435,17.475114810216567,16.758835168156963,15.990241937057082,15.28760143722522,14.752912356123657,14.46421679716973,14.472104502708806,14.799406110445414,15.442688381501174,16.37433157547837,17.544527842826675,18.883230070780144,20.302638159756217,21.701044851212515,22.968707708739768,23.995925514139426,24.68283107208353,24.949769867890996,24.7467066109039,24.06002047672046,22.91535320174506,21.375800165597884,19.53553950566613,17.509792046121966,15.422616328897458,13.394341799619065,11.530384242079323,9.912812484071601,8.59545389227462,7.602681263682515,6.931452546643516,6.5557765245726625,6.43259622871151,6.508106522789104,6.723701221723641,7.021006787430605,7.345734003188625,7.650312733981429,7.895438461649126,8.050746445174532,8.094851007483909,8.014963625401096,7.806255901151237,7.471080296712944,7.018114889946297,6.461464360658114,5.819729020665041,5.115044958130063,4.372097890755122,3.6171176152192617,2.876866102400539,2.177638284610716,1.544299208142494,0.9993839294327662,0.5622872028285544,0.24856878498843482,0.06939733328594055,0.031151716843385913,0.13519340748387343,0.3778177804618208,0.7503859213311879,1.2396321790958007,1.8281364835967358,2.4949445955988816,3.2163141987280848,3.9665602652903855,4.718969594836311
7.889807465822255,7.993856311200073,7.955626817697964,7.776490788948824,7.4628482475908875,7.025909974970254,6.4813172959899275,5.848618515235151,5.150629617645861,4.412715014675195,3.6620317394312636,2.926786635514351,2.2355592126720194,1.6167407545048373,1.0981302155236667,0.7067066298885276,0.46856422370576656,0.4089504358075313,0.5522926277865752,0.9220454566237457,1.5401520686090011,2.4259066861753364,3.59405216850633,5.052056378464458,6.7966856972051515,8.810214287551942,11.056834488690457,13.480010969649378,16.001587103084653,18.523355551397174,20.931524946697188,23.104073411908804,24.920448206626144,26.27255770364804,27.07563005190878,27.277386819926267,26.864154208957462,25.862992891811388,24.339581154791425,22.392291793250653,20.14349958985478,17.729505513029288,15.290489750566609,12.961615766793168,10.865893671527306,9.108828300080692,7.774404068493831,6.921747646547652,6.581939728245608,6.7548901115823385,7.4068033598042335,8.469318475827325,9.841658834544635,11.396898517396034,12.992705334196632,14.48581294026264,15.748319383523016,16.68308953530257,17.235369791189797,17.398329134580642,17.211491287323998,16.752566636715983,16.124575447662796,15.440978324001254,14.811593314612118,14.331433959958009,14.073520553553696,14.08557690479099,14.389675037753912,14.983537091683752,15.842364762478347,16.920592794361234,18.153610722777,19.46001780735852,20.745192330236417,21.906804434520676,22.842436366144373,23.458841745610815,23.681766877572198,23.464853043959607,22.79606312362029,21.700364926954656,20.237998515239752,18.49841912823362,16.590764598752756,14.632276382926843,12.73638654448195,11.002126543547476,9.50615704757876,8.298165375126601,7.399764437570949,6.806484398816796,6.492069877077926,6.41412320714465,6.520157722966825,6.753295013748035,7.057088764965888,7.379218556469005,7.67401919972546,7.90396685711481,8.040326308169012,8.063184658825609,7.961074543079082,7.730345038315879,7.3743883525922405,6.902786392294146,6.330409265430016,5.676478639593912,4.963600740802671,4.216773431893142,3.462375919814004,2.7271554555245823,2.0372309772813244,1.4171378681380977,0.8889403330696473,0.47143825103656045,0.1794938682321945,0.023500636793071905,0.009012179001648413,0.13654408624980352,0.40155534933447257,0.7946099505810702,1.301712800767615,1.9048080297513321,2.5824218751757786,3.3104272726567925,4.062902920966575,4.813056233356278
7.91895142126267,7.999406515554253,7.937457052173392,7.735318892774545,7.400210020962623,6.944103453597156,6.383318968310582,5.737973768413694,5.031320181944971,4.289006364849528,3.538303264389606,2.8073469058088656,2.1244479369650677,1.517518208992608,1.0136543811314382,0.6388984516217757,0.4181628897731944,0.37526393477684916,0.5329544717347758,0.9127963235034544,1.5346745018224865,2.4157503079682145,3.5686936537119243,4.99913963259422,6.702480232544813,8.660311540091786,10.837072517815102,13.177580096825622,15.606228033951174,18.02852530493724,20.335383427525464,22.410142542685044,24.13782058578784,25.41558188756582,26.163067934964726,26.33111328255649,25.907535666761447,24.91912587000785,23.42958517935486,21.533830428883235,19.349655039472317,17.008068300751955,14.643661835047302,12.386078602088773,10.353172880929538,8.645895982617983,7.3444907938771875,6.505373030924487,6.158193120005251,6.30298361648327,6.907869667306687,7.908341622610563,9.20932866791781,10.691101906044217,12.21934335449103,13.65868678543846,14.887960597166252,15.814598516823233,16.385525313103688,16.592387653638482,16.47016401804501,16.08962472008885,15.545400236235718,14.942183175591703,14.381647684972622,13.952068996298197,13.721618529167868,13.735249775366544,14.01430153134824,14.557620159157256,15.343157258769182,16.329493574563397,17.45734610189198,18.65160065754672,19.824610543279075,20.881353992786647,21.726600876172284,22.273640662567267,22.453548538261394,22.223585473664503,21.573257792214303,20.5268364743889,19.141700306678963,17.50259099047962,15.712585338160078,13.882138881468642,12.117822986926111,10.512323564481639,9.13693117020538,8.037228438636843,7.232100019977983,6.715675921135375,6.461460546858612,6.427736444441823,6.563353973796337,6.81317924863899,7.122708409699825,7.441603535761744,7.72611628028761,7.940513107162548,8.057695102899668,8.059225554386167,7.934957798499706,7.682413769990056,7.306016520968052,6.816238685795978,6.228698791194406,5.563219419215244,4.842853699207948,4.092886379362346,3.339819653303262,2.610359382129974,1.9304225294744795,1.3241904410453724,0.8132345661490543,0.4157412515956924,0.1458604868455584,0.01320020745664685,0.02248327929582672,0.17337890154235502,0.46051418470427485,0.8736653675920758,1.398121804742443,2.015209735997786,2.7029571761307576,3.436876244863145,4.190835079289475,4.937988282463505
7.975830012368137,8.032611561028407,7.947003600219515,7.7220638666339605,7.36582117572145,6.890998964129852,6.314579390966051,5.657228821952653,4.942613260603955,4.196639866445419,3.446667648161422,2.7207358911444364,2.0468614929515763,1.4524541528014439,0.9638888248839752,0.6062554792523311,0.4032752772114252,0.3773300170163969,0.5495017974108682,0.9394704893846457,1.5650808190488306,2.4413851518838534,3.5790090554913805,4.981785854658708,6.643763710195664,8.54588754026294,10.652862915184468,12.910869234567276,15.246849117431072,17.570013998792408,19.775953130268533,21.753334945204692,23.392709930340406,24.59646096203198,25.288611497634875,25.423088534258323,24.98919517955897,24.01346245837058,22.557641301944464,20.71323453338183,18.593509377136684,16.324249421559237,14.034532180935583,11.848560757071418,9.879117638955005,8.222683762219386,6.955835834473679,6.132335852624712,5.780429477819284,5.900250344618481,6.461760982448099,7.404149170980167,8.63782546314359,10.049975742346893,11.513982243362168,12.902070058633534,14.099536551632793,15.018210022601885,15.606635452654924,15.855007153280058,15.793948627843355,15.487574630051581,15.022465789627594,14.494898383548529,13.998725604139228,13.615747896685688,13.409474368237017,13.422193574252743,13.674541830422458,14.16645911009541,14.878570760858995,15.773496869116078,16.797157115506515,17.880590244784614,18.942988804373464,19.89650640364614,20.652975568905756,21.132109143368552,21.27021604458045,21.028103571679164,20.39677331743501,19.399778061279164,18.091640135006237,16.552415799728305,14.879167363568936,13.175623256895118,11.54155879470018,10.0633788219588,8.807063325360218,7.81414168455588,7.10081213697062,6.659836834779745,6.464503863079987,6.473793220282875,6.637904775058986,6.903458565804618,7.2179007193919205,7.5328821384997955,7.806576581045478,8.005044747652661,8.10282611868757,8.082959778880861,7.936616327924214,7.662483609546148,7.266004810945622,6.758528800945612,6.156404453022206,5.480034031522886,4.752893776432689,4.000529711226639,3.2495404341362457,2.526563767850582,1.8572889108556216,1.265519143347655,0.772311740943052,0.3952214688673701,0.14767201949952025,0.03847627938232456,0.07152167231809337,0.2456313329949742,0.554605820938253,0.9874437725270333,1.5287335778122522,2.159202109486658,2.8564009538991586,3.5955057048937573,4.35019985860374,5.093611836370914
8.059886958935223,8.092938650454277,7.983757133740565,7.7362390035728215,7.3592159760958165,6.866149352130027,6.274666952576355,5.605964040633833,4.884097246604214,4.135207787398846,3.3867168813892037,2.666541395142625,2.0023801144125235,1.421118731471208,0.9483923523402389,0.6083256703920563,0.42344128750291254,0.4146862458301568,0.6014791418852852,1.0016330238119409,1.6309749759764829,2.502477529805235,3.624755576289073,4.999876157889003,6.620577424604747,8.46718131819718,10.50467860888832,12.680616735178551,14.92447748397099,17.149149286873318,19.254859498422547,21.1355548034671,22.68726338692329,23.81753376362766,24.454727383043622,24.55583482394767,24.111635327814753,23.148412809848686,21.726002286662457,19.93254670956885,17.876857536069906,15.679575448388979,13.464355182041146,11.350056265784442,9.444486882080568,7.839751378005108,6.608843156606626,5.802932034384611,5.448885490796739,5.546914453176481,6.06873041052846,6.957056502692279,8.127549522993132,9.474015390936042,10.87720931186482,12.21662625926794,13.383760650647476,14.294654067078381,14.89941108656194,15.186846194503627,15.18342558886175,14.946904408515437,14.556167579976023,14.099442213659179,13.663098854504645,13.32274065149036,13.13741256041247,13.146852083382914,13.371028641467865,13.810945899596899,14.449822896266904,15.25420354622578,16.17507146716676,17.149465814521974,18.103259532875263,18.95562297395329,19.62529952175653,20.03828753509438,20.13601307614844,19.882741208807197,19.270913352232817,18.323344217696032,17.09171459150156,15.65144087792028,14.09364027548395,12.515398706835771,11.009786124764048,9.657014740918381,8.517833531999708,7.6297850148872985,7.006432386282642,6.639206600717026,6.501203261780758,6.5521136327025715,6.743493904370909,7.023720573126146,7.342190080617355,7.65254156889821,7.914869939197725,8.097028717123708,8.175193431748399,8.133875004910228,7.96555502353295,7.670078070534569,7.25389503165914,6.729215182730164,6.113098655533351,5.426505411837528,4.69331048505888,3.9392952447664658,3.1911279828175823,2.4753518844886244,1.8174028091298897,1.240682313490745,0.7657125891322609,0.4093993956036881,0.18442680775181763,0.09880391905113406,0.15557885417522144,0.3527298502249012,0.683237064901987,1.1353324445492623,1.692918701785052,2.336142459540651,3.042101142766791,3.785658443252541,4.540339320035376,5.279272667200744
8.170077066706787,8.179366128386068,8.046719381927433,7.776868432153428,7.379439170359047,6.868617478020598,6.262659485416628,5.583268578091484,4.854868603198108,4.103809702930132,3.357549471060057,2.6438569291011413,1.9900889160698734,1.4225861102500517,0.9662268537345851,0.6441589884699139,0.47770149613861523,0.48636911769568236,0.6879276168370003,1.0983423320399854,1.7314498340230298,2.598176694773011,3.7051655112588944,5.052756699956544,6.6324152335725035,8.42386945912196,10.392412645554462,12.48696154079558,14.639519829719548,16.76661671997236,18.773064621470976,20.558023310945593,22.022928311947222,23.080426498847654,23.663161621797162,23.73115122671524,23.276638533176527,22.325675226354623,20.93622194176452,19.193127018302917,17.200830495733104,15.074928244172378,12.933758828403743,10.8909485490992,9.049440721768141,7.4970662035840725,6.3033243993274715,5.516858017071641,5.163183674224674,5.242563895484234,5.728366333274106,6.566680824444028,7.678166837566351,8.962945880992317,10.308808732867922,11.602189226635023,12.74049901678043,13.64380646976507,14.263713406554244,14.587729092502418,14.638365850394763,14.46732401210747,14.146157999291088,13.755425093765936,13.374363716271352,13.072668512837778,12.905128044427649,12.909049874822283,13.103776411173072,13.491345901059947,14.057487819241729,14.77254674593098,15.592419151927142,16.459975194170475,17.307588557551835,18.06126420406258,18.646480169032422,18.995359332046007,19.05430876169735,18.790948868163767,18.199098873318682,17.300817020671893,16.144966808842668,14.802386508129137,13.358338692433035,11.903375113305906,10.523975038799493,9.294268533228564,8.269871558765255,7.484419944117832,6.948901991315464,6.653458127392318,6.571015260801429,6.6619865730966845,6.879286155920895,7.17304314971508,7.4945979736166315,7.799571018537595,8.04997158500608,8.215439629670492,8.273780241406243,8.210968860052922,8.020789110645936,7.70423104167827,7.268739158562809,6.7273660457669,6.097863037135649,5.4017250941840675,4.663201236846012,3.9082819642978115,3.1636784520161947,2.4558127266218484,1.8098419771958678,1.2487427732920375,0.7924818406893817,0.45729915191066084,0.25512657698422636,0.19316146934453915,0.2736096298938948,0.4936064030790366,0.8453185076932375,1.3162228729261285,1.8895525011509084,2.5448934584858622,3.258911726000481,4.006184026633473,4.7601030434479945,5.493824797259784
8.30488250992812,8.29039974030556,8.134419367261644,7.842503330228314,7.425062184124487,6.896992392362107,6.277160425735261,5.587756525688337,4.853548005125749,4.101068632907153,3.357786577527116,2.6512978514757672,2.008594037071701,1.4554506211375768,1.0159734511912406,0.7123235425682761,0.5646132718536787,0.5909301402232412,0.807400915139759,1.228166048748185,1.8651028865572181,2.7271303308916344,3.8189614188491676,5.139253438647705,6.678237794433481,8.415079712286332,10.315391069072593,12.32945524350923,14.391773594835978,16.422470014567335,18.330876610621168,20.02128721926494,21.400460109888968,22.386060035450882,22.914946577728553,22.95012047022141,22.48527400113855,21.546243446616547,20.189162960607653,18.49566154893591,16.565904721645108,14.510555375439404,12.44275616985487,10.471022988187874,8.693554186398236,7.1940182293287345,6.038515193646229,5.273228542070793,4.922351766606172,4.986171594739001,5.4396155071944206,6.231966292865326,7.288636257924069,8.515751040504803,9.807792418596467,11.057795410828467,12.168803688895604,13.06472242882391,13.698587281719606,14.056678495491663,14.157762125547382,14.047794898576646,13.79137395773281,13.46177505668923,13.13146419165879,12.864525011716312,12.711705070633721,12.708009080049123,12.872196048299402,13.207310598443458,13.70150686351791,14.328800468031739,15.049838959831936,15.813139223962782,16.557377543663563,17.215190357763476,17.71859225128089,18.005648831990815,18.027594449716617,17.755289995848972,17.18386460545743,16.334603079108355,15.25358445257919,14.007145307552545,12.674803287475669,11.340705920011287,10.084878292825758,8.975498874045268,8.063165380628465,7.377699669580683,6.927583280840382,6.7017104386869955,6.672863096113602,6.802184125769829,7.043942321654456,7.350009855204274,7.673658685131443,7.972477585486047,8.210378194000143,8.358775907108228,8.39709504511492,8.312765119942982,8.100860343194729,7.763502975683694,7.309115511191454,6.751575539857066,6.109304624414664,5.404309357021555,4.661187483235638,3.9061121604253164,3.1658105687804383,2.4665571609931183,1.833205393721033,1.288284003342504,0.8511844172340544,0.5374646990495808,0.35829267241903295,0.32004680875504654,0.42408839597919723,0.666712726863028,1.0392808510572422,1.5285271023918492,2.117031404478907,2.783839515598689,3.5052091184138217,4.255455184867235,5.007864514376392,5.735646881566403
8.462336663529683,8.42409644142259,8.24493719122363,7.931245688664913,7.494206863970563,6.949413061963094,6.316322525529563,5.617590613593298,4.878304032914181,4.12515473335244,3.3855957070096205,2.6870250646195504,2.0560463442479264,1.5178504734149225,1.095756215063349,0.8109293049983552,0.6822744866809032,0.7264595204842035,0.9579889564369699,1.3892046116266012,2.030059721862753,2.887507856905766,3.9643792061344394,5.257694931150406,6.756495003097898,8.439412993260685,10.272394412981107,12.207083004834042,14.180447264673056,16.116150715246235,17.927968632946357,19.525237289325723,20.81994018226937,21.73466746310799,22.21041826088522,22.21312615864186,21.737915021914844,20.810424186517412,19.485014851251798,17.840180868950643,15.971921244750087,13.986089912807014,11.990765918181292,10.08948840924622,8.375839682780263,6.929443620511186,5.813099971160801,5.070602899715253,4.724850634431865,4.776125229724212,5.200814933410294,5.951218113392122,6.957245871978298,8.130712066580355,9.37244055107493,10.581725974745424,11.666955771770407,12.55568009832541,13.202304601764205,13.591957851395463,13.739869914774236,13.686569160442794,13.490073824745128,13.216772332788839,12.932724222067392,12.696705870588751,12.555644939278004,12.542375106146498,12.675118761994916,12.957899664114908,13.381208944249371,13.922598355432326,14.547295685272593,15.209267443737104,15.853278235725199,16.4183743839395,16.842889594165303,17.070632008824397,17.057493963760688,16.777450966012758,16.226869041469,15.426243948438586,14.418910841089037,13.26679431365687,12.043794036536525,10.82780266585289,9.692547205145312,8.700403085812916,7.897079604176659,7.308688621332751,6.941280220373333,6.7825500319949,6.805158752575442,6.97098412756791,7.235642152385518,7.552733184505174,7.8774427692162945,8.16930987270037,8.394131571407899,8.525083512041768,8.54319539414499,8.437337469349352,8.20386075956997,7.846004634064167,7.373152484635441,6.7999874682349475,6.145579538975739,5.432422921641759,4.685438409002721,3.9309551230570454,3.1956893311849046,2.5057416310011176,1.885636979446697,1.3574338746947197,0.9399291821344846,0.6479836103316297,0.4919898524478059,0.47750116799244235,0.6050329803132586,0.8700442047180719,1.2630987906271338,1.7702016348941765,2.373296861653837,3.0509107062646854,3.778916103455902,4.531391751665146,5.281545064020879,6.002666142717179
8.640055107396396,8.57809537755405,8.375934992211223,8.040779247548842,7.5845763939429816,7.023599269388319,6.377878738355723,5.670513086645479,4.926884042845173,4.1738161646734415,3.4387215821321475,2.7487758913039113,2.130172317599956,1.607498650025116,1.2032730716018447,0.9376590285750277,0.8283544384101411,0.8906170847431669,1.1373487919344827,1.5791221339189327,2.224004840347688,3.0770311588197172,4.139198741476255,5.405942785986536,6.865156240611686,8.49497337904105,10.261687399911413,12.118292921192879,14.004189373296544,15.846516822816534,17.56340716876512,19.06913620304671,20.28080353980513,21.125821471508488,21.549243553239712,21.51987993878343,21.034266175127687,20.117864480220405,18.823321507107135,17.226087910186905,15.418113943049047,13.500579185889942,11.576641758868988,9.745007051482155,8.094777746792545,6.701656413761338,5.625244811752443,4.907019174049337,4.5686101884823245,4.61026510272721,5.009731929254319,5.722144998657854,6.681657921311852,7.805454824361619,9.00035101634797,10.171557944364048,11.232517732511965,12.114233354510857,12.77241679136643,13.191122971074133,13.382257505256923,13.381237483975745,13.239883035556188,13.018092460672843,12.775888310860951,12.567047263675121,12.434902099572795,12.410250809096876,12.510828543828511,12.74161195893007,13.09534024821157,13.552962208636416,14.084107570121736,14.647984552615455,15.195218020298716,15.6710266813695,16.01982919631029,16.190960071172483,16.1447868049951,15.858264119538434,15.328917517738908,14.576439439344695,13.641468666437348,12.581619267074077,11.465315175649756,10.36436068666047,9.346358130188003,8.468044372818923,7.770383418940311,7.275891062093569,6.988267577267118,6.894060518175303,6.965832988815384,7.166200493592044,7.4521149096726305,7.778885282482609,8.103587873101354,8.387688884636294,8.59884958901843,8.711986902904576,8.709718851565594,8.582340453251192,8.327463621070045,7.94942801034755,7.458559457193667,6.870326181033592,6.204423879295514,5.483809825815288,4.733701801644319,3.980558010775564,3.2510568820017283,2.5710990388780575,1.9648564917970361,1.4538955593964111,1.0563998698971204,0.7865180216264891,0.6538572617709519,0.6631401264610881,0.8140356618463294,1.1011709095754023,1.514322078398811,2.0387785101159506,2.6558664393281752,3.343613878713143,4.077532947178903,4.8314917815126694,5.578644984655402,6.2923894804512095
8.835273311440703,8.74965554682174,8.524694584431465,8.168407113650145,7.693492893737548,7.116889194684301,6.459179788004208,5.743883263841946,4.996651721427802,4.244416645440605,3.5145236993012126,2.833901639770881,2.2283116266899072,1.7217204983326386,1.3358334102647813,1.0898058715607748,1.0001314929021232,1.0806699362631775,1.3427422739430996,1.795184079835126,2.444219327666926,3.2930122501995207,4.3407814891838,5.581429257210923,7.001747910624825,8.579405571902875,10.28105631543496,12.061033293179108,13.861125656830874,15.611879825041235,17.235688918891434,18.651655352861944,19.781875486771057,20.55847094879489,20.93045674617434,20.86945800621364,20.373399837609,19.46758822532132,18.20301782790075,16.652194708442504,14.903146450482076,13.052521925560331,11.198709811962495,9.43573246202219,7.848355527217827,6.508487791417678,5.472637759401796,4.780035895549776,4.451072698436953,4.485929444218357,4.863611717408583,5.541909258428732,6.458961484740552,7.537005054858737,8.688496881565968,9.824223513035381,10.862393927125407,11.7372728251468,12.405815574445768,12.85108178510497,13.081864072895566,13.128785098656863,13.03784757157759,12.862857169188,12.658169847208887,12.472871757458707,12.34692797192374,12.309238507844114,12.377102689566849,12.556424854261769,12.842102607833098,13.218339616162964,13.658983349474411,14.128266991004857,14.58243613716675,14.972631014070236,15.249106914437224,15.366494979617014,15.289443563760592,14.997743132864759,14.48999760260627,13.78508308483697,12.920995592991723,11.951150385384159,10.93865118209618,9.949395323239276,9.045048900360225,8.276888492128574,7.681287482987571,7.277288165793063,7.06632816583936,7.03386000471494,7.152372829851881,7.385220792327859,7.69067699926954,8.02573561493691,8.349336428544014,8.624845725361302,8.821763879732792,8.916726717537898,8.893920659951352,8.745047125889624,8.468961041277453,8.071083940208787,7.562664382876415,6.959934152718595,6.283191286381952,5.555830981511829,4.803341605346571,4.052283405411503,3.3292700682408602,2.6599763143916832,2.0681971066177303,1.57498512867957,1.197892703635846,0.9503422702554687,0.8411460930961736,0.8741912973332262,1.048300878782281,1.35727533436837,1.790113273099739,2.3314030734131026,2.9618716032161916,3.659070446943013,4.398175197693013,5.152869351318019,5.8962813290564435,6.601941264524944
9.044890404240984,8.935699544953858,8.688161180572921,8.311095461980756,7.817941101410433,7.226283082184185,6.557237822913325,5.834721184326462,5.08463072724936,4.333979094571213,3.6100199757437257,2.9394112600802367,2.3474608005898423,1.857497417752814,1.4904017928857183,1.2643171320707731,1.1945368473945726,1.2935362513413589,1.5710798888941255,2.0343011395128157,2.687624777600399,3.5323972501717504,4.5661145511680825,5.78120135948046,7.163397638485182,8.689939193296947,10.327853406717491,12.032797136866563,13.748903681893484,15.410049441907397,16.942785660604677,18.27091979579376,19.321416654135056,20.03098606907355,20.35250465366062,20.260346213810035,19.753801258595537,18.858041201370863,17.622474668078063,16.11676728332263,14.425156990742636,12.639913102000033,10.854813559990134,9.159354642658425,7.634112330835924,6.347332259880609,5.352535924062831,4.686780404465027,4.369242785582475,4.400006403713941,4.759231744940495,5.407183691328343,6.285732054156764,7.32185057307777,8.43329095624889,9.536076508639558,10.552898344262415,11.421094159928955,12.098800970837193,12.568161294197788,12.835064915767276,12.925654782988685,12.880494422229763,12.747692180747553,12.576306320904761,12.411041155569325,12.28872174391814,12.236489107062699,12.271259636367702,12.399841149995304,12.619199822834887,12.916649947112553,13.270068123010962,13.64848884097069,14.013529706326176,14.321990716555662,14.529703859796786,14.596356015848615,14.490672619049521,14.195129788889016,13.709325870661242,13.051308847820103,12.256490832378075,11.374208749038726,10.462412928044822,9.581287814653194,8.78676444634231,8.124849102465689,7.627489013739902,7.310382872345133,7.172797493469636,7.199145562730505,7.361865884185063,7.625050439684791,7.948276065450336,8.290194982510624,8.611579600592236,8.877665493834819,9.059763688036139,9.136203585260866,9.09271751988588,8.922392799582191,8.625307708595585,8.207945801034196,7.682457471430575,7.0658156462613055,6.378896596072216,5.645507819556575,4.891381562408761,4.143152954704429,3.4273440894425042,2.7693780729472572,2.192649089907737,1.7176752416526515,1.3613601034492477,1.1363866250765584,1.050763340180624,1.1075381039799534,1.30468902799719,1.6351962132189595,2.087291581148604,2.64487783384858,3.2881015898953567,3.994060272494809,4.737617572756825,5.492298449461874,6.231231796600906,6.928107213552213
9.26551833151811,9.132862700485903,8.8629925045767,8.465522627782018,7.954617446972769,7.348492298763279,6.668775462701873,5.939756646263279,5.1875537265826495,4.439234668277655,3.7219357925264815,3.0620203979996483,2.484322297518455,2.0115159501800073,1.6636470703112796,1.4578433970483253,1.4082037191399168,1.5258345167588194,1.8189700553200847,2.293078602606417,2.9508327604149347,3.79181597032297,4.811860400859317,6.001970781707961,7.346884400347145,8.823439165031623,10.399047550348008,12.030673167183089,13.66474416374826,15.238385284258465,16.68219623572687,17.924560541261148,18.897175538489854,19.541211016785493,19.81329944320865,19.69049292302315,19.173421344854198,18.287143710342647,17.079551270508965,15.617577827931175,13.981810318719065,12.260295654501384,10.542365451007766,8.913151666052464,7.449191452061086,6.215199955748607,5.26181858755987,4.624003129753732,4.319743277996073,4.348991883082432,4.692961853691873,5.31421435993272,6.158097041699833,7.1560094533519285,8.230656396319855,9.302964951112639,10.299828472731694,11.161472439783795,11.847155427490984,12.338180632098371,12.637742765264516,12.767815907980594,12.763898048876076,12.668790996558105,12.52662052563075,12.378015376502074,12.256887291399718,12.188757493335258,12.190213283403919,12.268942749916178,12.423891075196948,12.645337828092785,12.914997144623246,13.206476104106827,13.4865085948243,13.717284178853971,13.859942464973205,13.87897633777046,13.746977042509055,13.44895105816363,12.98540497245807,12.37354798958848,11.646271635023584,10.848962266954858,10.03459300714889,9.257839913672875,8.56911067069445,8.00934090335313,7.606224231689625,7.372251698414791,7.3046150154924145,7.386744009342584,7.591050736270584,7.882362778208163,8.221540824270061,8.568865164383547,8.886906787005348,9.142736674100465,9.309445177222367,9.367027370325454,9.30273678349981,9.111024198393224,8.79317000757169,8.356698606868326,7.814640262033306,7.184685770312777,6.488264884296362,5.749571327587888,4.99455424850817,4.249896409441348,3.5420015411103707,2.896015669470363,2.334908865912401,1.8786442308476632,1.5434597920384068,1.3412864140723926,1.279320948505025,1.3597689540248936,1.5797656619333136,1.9314777398194138,2.4023820944068266,2.9757117185063104,3.631052674285545,4.345070941229101,5.092343241658047,5.846262258401571,6.579984012189305,7.26738366597297
9.493535625230301,9.337546820664283,9.045612515331463,8.628132809787786,8.099983737732684,7.4799930044221306,6.790279457706455,6.055482859483262,5.301916043628838,4.556676412636801,3.846757654368522,3.198205067169871,2.635358194761911,2.180221493588592,1.8519961265237157,1.666792325262767,1.637521177959668,1.773937425927282,2.0827731021746025,2.56787044315412,3.2301990455768737,4.06763631425772,5.074411506442518,6.240168787821254,7.548693760280401,8.976461343134504,10.491280340186208,12.051402387975056,13.605498091420417,15.093854525179879,16.4510047527444,17.609773238482347,18.506447598926883,19.086523389641386,19.31027821984337,19.157368631106717,18.629736191545266,17.75234988172125,16.57165423875502,15.151963275054463,13.570355851272707,11.91081821013462,10.258404288230011,8.69404688472498,7.290397418426606,6.108774213835969,5.197045444115025,4.588136903624168,4.298876030069874,4.329052288632004,4.660829346252719,5.258888256357054,6.071806185579552,7.03510312965056,8.076102242647753,9.120308562804912,10.09854413549543,10.953741559520626,11.646222922608686,12.156529095046926,12.48536405456995,12.6508384307314,12.683751799840064,12.621983649473295,12.505086769950493,12.369916410915923,12.247695290552487,12.162463280151563,12.130532870513228,12.160450158062918,12.253050480550481,12.401433118995648,12.590956509882703,12.799568297498796,12.998858023549044,13.156128472159871,13.237551046721645,13.212168317589434,13.05622048412764,12.757085257947399,12.31608976866458,11.749594880717726,11.088038502302581,10.372990056860258,9.652629106663024,8.976336138492886,8.389215532067436,7.927339564456767,7.614327197234291,7.459602580930017,7.458381107586639,7.593168141112844,7.8363725721334205,8.153554216702265,8.506835824431827,8.858093390448929,9.171659874289846,9.416405231468435,9.567165407961154,9.60557106369159,9.520370281505832,9.307353236093137,8.968979759042034,8.51379271914653,7.955679311276472,7.313024150129405,6.607785126131519,5.864515702181334,5.109354722690896,4.36900527596506,3.6697260741761277,3.036360868952654,2.491432702446944,2.0543298054743335,1.7406085183977114,1.5614357702519293,1.5231895843676702,1.627231031785369,1.8698553037105583,2.242423403729799,2.731669645423587,3.3201739437703615,3.9869820534781337,4.708351655774454,5.458597722042327,6.211007051486873,6.938789418654977,7.616031463819374
9.725144930925303,9.545977695714509,9.232268888976254,8.795193532466916,8.250324603105565,7.617083582930972,6.918058109264972,6.178213859644345,5.424033073128049,4.682616679487347,3.9807906139040856,3.344259087115673,2.796847646302339,2.359875785987898,2.051691397039647,1.8873862105069783,1.8786917679471298,2.034029577543038,2.358659069219215,2.854837254476883,3.5218817134383222,4.3560226188578,5.349948965132498,6.49200521702565,7.765077316267485,9.145312491525178,10.600926666464073,12.091439342280777,13.567708694295852,14.973094599154397,16.245943998921604,17.323382241851167,18.14613987524775,18.663899232108214,18.840468308054067,18.65803131707944,18.11981230439649,17.25071259532086,16.095802012638206,14.716889219334798,13.187690983515683,11.588297804635125,9.999657435850516,8.498670776268892,7.154257705372732,6.024473455450795,5.154519032637548,4.575360360609192,4.302686739790526,4.336091212704326,4.65858792918652,5.2368048060802606,6.022305765714187,6.9544332855390065,7.9648027354527375,8.983180045910853,9.94405008608656,10.792877372065572,11.490991834549714,12.018247944025457,12.373058974227822,12.569970697912582,12.635443169665466,12.602809350888155,12.507401052346353,12.382596338584836,12.257149516532373,12.15375590303577,12.088507411591435,12.07078677786817,12.103231733327855,12.181616312181495,12.294749626693699,12.424686209807334,12.547607711282488,12.635649869245437,12.659735580278157,12.593196346925923,12.415700701837007,12.116835940820646,11.698661181943448,11.17668042126286,10.578947810868637,9.943353965967137,9.313474191680466,8.733612472770957,8.243796199336742,7.875447351120975,7.648293990685078,7.568837743377375,7.630418780663717,7.814677473082359,8.094043116806022,8.434803528077241,8.800320248272026,9.154030765448267,9.46199138177622,9.694832551715715,9.829100129076163,9.848028466555894,9.741831928833067,9.507614564568682,9.148991725918842,8.675501320432192,8.101863642898635,7.447132359845796,6.733767616321037,5.986655762857575,5.232097939827162,4.496790231798009,3.806819818238575,3.186703281395415,2.6584941611716375,2.2409865200853796,1.9490395472626663,1.7930451435278618,1.7785561700374002,1.9060878567169688,2.1710990280488907,2.564153592163911,3.071256427727953,3.6743516511070524,4.351965494440277,5.0799708911615795,5.832446539202618,6.582599851499724,7.303720930176131,7.97013359680458
9.956433381358758,9.754265449505665,9.419093347864411,8.962855955317862,8.401807786981749,7.7559449206371305,7.04830153885482,6.304144772014198,5.550100543434152,4.813247393724082,4.120218548412426,3.496354375026203,2.9649471959213147,2.546617247241249,2.258851248681104,2.11572241143827,2.1277920037575986,2.302168060676781,2.6426684111909244,3.15000711266077,3.821902230054169,4.652997005464032,5.634504208920379,6.753530634082807,7.992115393357649,9.326113619128924,10.724158792857976,12.147017010676707,13.547677217856952,14.872479875882778,16.06346298901088,17.06190896219767,17.81284001947993,18.269982579276153,18.40055710405575,18.18919637644288,17.640376386215607,16.77895290291356,15.648693740623251,14.309018104753159,12.830428517824085,11.289286551342169,9.762606804660672,8.323426403872663,7.0370879112054485,5.9585163946423645,5.130350359362239,4.581664413953271,4.327032743722168,4.365819005049639,4.681789468033193,5.24335011412983,6.004815500298414,6.909061371854271,7.891679212384279,8.886388910117578,9.831081133915593,10.673583353696515,11.376180338145083,11.918114755433514,12.29570411168525,12.520219883065657,12.614131756390726,12.606591914930139,12.529054109608195,12.411708334273488,12.281056269732119,12.15858300816355,12.060213618146847,11.996146931345466,11.970736735207709,11.982288208602252,12.022868280226644,12.078404582061383,12.129406272816603,12.152559930398866,12.123257314745404,12.018855705153099,11.822229308074894,11.52501207472518,11.129906330099457,10.65155164823801,10.115690453323268,9.556675872191597,9.013672185229018,8.526130245954365,8.129231057772966,7.849963277724095,7.70435111383414,7.696120505686425,7.816839096153604,8.047342472648078,8.360103898446733,8.722134340570344,9.098009803608946,9.452693707443931,9.753925564548481,9.974056300058171,10.091304461362633,10.090474749181897,9.963218194177895,9.707925979124052,9.329343971754993,8.837980738716649,8.249365047073368,7.583194204049443,6.862404239295736,6.112187216055741,5.358979013634178,4.62944139249171,3.9494636566851193,3.34321064924935,2.8322444009030097,2.4347460967195143,2.1648630023609545,2.0322016665939135,2.0414842729666156,2.1923796958395365,2.479514895957389,2.892666045198572,3.417122469084806,4.034210395251303,4.721957833483842,5.455876901525281,6.209835735707015,6.956988938796711,7.670733434574506,8.325655694627283
10.183434859213321,9.95846677946846,9.602163879067206,9.127217072113208,8.550546330565476,7.892702576360921,7.177143849017343,6.429413967805025,5.676256672971003,4.944702214877042,4.261166331847257,3.6506031340409817,3.1357529883517947,2.736523221055044,2.4695322625942193,2.3478356892596626,2.3808347816380895,2.574344964879868,2.9307746420267766,3.4493384016080397,4.1262085135422435,4.954502763214877,5.924022795918852,7.02070063340893,8.225781975033515,9.51486565625143,10.857012889745187,12.214214296285853,13.541531426104596,14.788191204712607,15.899797525379412,16.821643359293383,17.5028885794594,17.901158337233866,17.986965316696523,17.74730996058641,17.187888506812662,16.333532776146882,15.22678138948702,13.924780534442661,12.494967081418782,11.010141153646416,9.54355753185888,8.164557423318879,6.9350593366388456,5.906989515359562,5.12052666662708,4.602920761607738,4.367652731870174,4.413824159602271,4.72585745744208,5.273772830322863,6.014406970833413,6.893889570292052,7.851483381534344,8.82456661973644,9.754188552828278,10.59037753831034,11.296323079261406,11.850729082541177,12.248006455931263,12.496433862676726,12.614828747957732,12.628516816608759,12.56540621733268,12.452779557470018,12.315095832905333,12.172761036766945,12.041586204472457,11.932566468983172,11.851687047366426,11.79964267308993,11.771567049752878,11.757028422218397,11.740599530468163,11.703235766444212,11.624514798427672,11.485556025244689,11.272216243596846,10.9780130131335,10.606203440919069,10.170556045734624,9.694575037647242,9.209219345643785,8.749437768961876,8.350053868505512,8.041635293724042,7.846956566538781,7.778526939122202,7.83744490761568,8.013609189965793,8.287111228963779,8.630491806320345,9.011479810512398,9.395840710753893,9.750027416960588,10.043421500277997,10.25005323109136,10.349775509854151,10.328928923253587,10.180570473521932,9.904350721883803,9.506120114016168,8.997332664647086,8.394300271877379,7.717337891430442,6.989830631554749,6.237248811974952,5.486135373190666,4.763090472632518,4.093779396623308,3.501991030268632,3.0087743768645736,2.6316796434075487,2.384128106331419,2.274931417644313,2.307976391883559,2.4820858729407673,2.7910602859640985,3.2238982071600786,3.76518800045044,4.395656527518294,5.092855370208889,5.831960120576922,6.586654274064932,7.330066251755519,8.035726187207759,8.67850841020901
10.402193161751496,10.154648098622287,9.777567855293743,9.284382812989323,8.692661658595634,8.023489855301687,7.300726188995573,6.550166125985019,5.798645232980948,5.073119605855797,4.399762914989121,3.803120950765752,3.3053638910363143,2.9256731294223814,2.6797924323604123,2.579761464393738,2.633832715281865,2.8465508237876707,3.218947925273066,3.748783602423953,4.430738990083381,5.256468756329199,6.2144292708135875,7.289441269954869,8.462010832734396,9.707516414596016,10.995456950043552,12.28902500280246,13.545295715530038,14.716287192469249,15.751042610771373,16.598717396942906,17.212453338869484,17.553627291437127,17.595922380537424,17.3286245019573,16.75861744062977,15.9107299736615,14.826343897504149,13.560448526047056,12.177563375085354,10.747094123801997,9.338708237629085,8.018217536759856,6.8442678836319395,5.865915744198085,5.120980277103275,4.634951349857584,4.420237302999478,4.475645423815534,4.786161094897925,5.323260499252797,6.046082416155739,6.903742017998185,7.8388807610389515,8.792251832781425,9.707826532349067,10.537679474593634,11.245857883881738,11.81059819393269,12.22458754966964,12.493383333975748,12.63247676304399,12.663708730735047,12.611762607472969,12.501284803375666,12.354894841518174,12.192046883895792,12.028489439749716,11.875994812869147,11.742096977268531,11.629741239901124,11.53693980273025,11.456671629307252,11.377311364255126,11.283803055611248,11.159628847619068,10.98940785558877,10.761757452698042,10.47191671777545,10.123610012864349,9.7297290369394,9.311614152035585,8.89697421475925,8.516738894344208,8.201331062379676,7.976938750624992,7.862342156714385,7.866724999938774,7.988706983551175,8.21662178184391,8.529877467368706,8.901105878945994,9.298748434176682,9.689734758536936,10.041970362818695,10.326437154806555,10.518802950761227,10.600515909861368,10.559417235919256,10.389938377633854,10.092960694487388,9.675412483976867,9.149667274038574,8.532794119555126,7.845699113273569,7.112189249257973,6.357985407180889,5.609709825860888,4.893873853927633,4.235892846542683,3.659155888689203,3.1841779487719926,2.827860781917952,2.6028863301663323,2.5172625927683243,2.5740371525735823,2.771187987344251,3.101695134651638,3.553790486932798,4.111376733355382,4.75460048695377,5.46055916862445,6.204116468543701,6.9587973451256815,7.697730692221698,8.394606109158369,9.024610706577567
10.60882506588089,10.338948578212424,9.941465056748957,9.430531047921292,8.824346567503444,8.144510785519529,7.4152597236554065,6.662615199133381,5.913478515118025,5.1947058073799095,4.532204312183882,3.950089800381366,3.4699445246869725,3.110211537441929,2.885754274678989,2.8075989889323374,2.8828613922195845,3.1148379863205777,3.503218602417014,4.044353035502655,4.731486623235213,5.554873832671211,6.501692063444255,7.555714575302639,8.696761798897262,9.900027760656467,11.13545899930881,12.367427197078129,13.554961710600523,14.652776062489528,15.613225539839497,16.389179266834596,16.93760450288433,17.223482019261194,17.22354280930548,16.92927519074343,16.34871694107101,15.506713805073765,14.443562162230418,13.212209520838552,11.874405080816498,10.496325556472632,9.144221727010816,7.880540280124608,6.760803175638175,5.831323231998683,5.127657432955438,4.673597714822678,4.4804992757784525,4.546843535618033,4.8580888479860524,5.387015266125413,6.0948527455001535,6.9334451217363515,7.848533093981172,8.78397452440225,9.68643745291917,10.5098959826355,11.219211280220085,11.792221675818865,12.22006658952828,12.505842992106729,12.662028882463408,12.707308405265959,12.66344837082108,12.552719791926434,12.396098445994848,12.21220950389555,12.01678880426957,11.822367266076892,11.63794710035851,11.468588328762126,11.314996980476451,11.173336592014016,11.03552571524029,10.89022038053884,10.724528982147117,10.526310806273035,10.286724224233783,10.002569686663174,9.67795267607414,9.324883127472438,8.962612191702842,8.615742571047072,8.311380583455598,8.075774215899855,7.93096473749885,7.891956995908098,7.964797903083297,8.145776513749547,8.42176503362553,8.771548804863045,9.167874245007528,9.579889942358214,9.97566438917288,10.324518756554335,10.598993407120428,10.776351617170647,10.83959729781444,10.778036479378004,10.587442929241524,10.269899576925074,9.833385190810267,9.291166253676138,8.661042445843652,7.964484025205392,7.225692339525786,6.47061093151691,5.725913525187732,5.017995558936166,4.37199680026742,3.8108830932808817,3.3546148962866447,3.01942868325687,2.8172544506706783,2.755288586490891,2.835736411797316,3.0557330406670777,3.4074450849021214,3.87834942557385,4.451679044081456,5.107019997676315,5.821038263790099,6.568310563912428,7.3222295805457405,8.05595133429491,8.743350988065442,9.359953045754185
10.79958229363228,10.50764209097989,10.090149593972697,9.561973491643938,8.941927115582185,8.252101997077721,7.517087505779233,6.763106283424031,6.017099203955899,5.3057967181337915,4.654815494647634,4.087819959226346,3.625787202361442,3.2864101279539346,3.0836668516257344,3.0275734331784343,3.1241215480038425,3.375382911146239,3.7797396524685176,4.332177545303557,5.024561901914895,5.845810212689213,6.781887396386859,7.8155831193815875,8.926086130993774,10.088441934513604,11.273054514264107,12.445451850543137,13.566558213696055,14.59368694588378,15.482378499051013,16.189067191020865,16.6743895224569,16.906782486967007,16.86590226205353,16.545356172982057,15.954301724664855,15.117620573550171,14.074593657914217,12.876239958632592,11.581683259880766,10.254034309066121,8.95629500935564,7.747708035064811,6.6808168059915864,5.799313163075867,5.136586056283101,4.714789130825027,4.544242682309289,4.623071507252208,4.937120422859812,5.4603278311608605,6.155813646316252,6.977905819870706,7.875178580566501,8.794337823235663,9.684534804535556,10.501504525421868,11.210881650876487,11.790173722008458,12.229141309134341,12.528670615299644,12.698525734472355,12.754547745995017,12.715881731807329,12.602672987762322,12.43444115787355,12.22910034618996,12.002421616759449,11.76767643038934,11.53525702590305,11.312205840889309,11.101742399729659,10.90299343753296,10.711168368653567,10.518363464967482,10.315039865324188,10.09204178358766,9.842852678690962,9.565677056318703,9.264917224235717,8.951697185171044,8.643253259200122,8.361224760400765,8.129088611287514,7.96914150359085,7.899508481134427,7.9316358557362445,8.068620651759744,8.304568083222023,8.624991625051997,9.008114146911584,9.426820143171634,9.850960224317982,10.249716774346549,10.593789989550631,10.857237016354505,11.018874568860536,11.063222699661317,10.98101621150644,10.76933866715749,10.431444850930621,9.976336088988415,9.41814472994746,8.775374062149034,8.070031132132337,7.32668381546258,6.571470259378272,5.831087843832116,5.13178913052677,4.498412927276154,3.9534788223380883,3.5163728418862754,3.202650010951936,3.0234765159462267,2.985229980444392,3.089271269307585,3.3318954715062237,3.7044635417692926,4.193709771132566,4.782214064515343,5.449022172280829,6.170391773838252,6.9206378398327235,7.673047169178879,8.400829536312518,9.078071581465164,9.680659479522005
10.970911395423625,10.657197072459063,10.22010974907506,9.67521552745152,9.041922432615417,8.342792521301524,7.6027442691911045,6.848175410192674,6.106040171849792,5.40291769805339,4.764110207688079,4.212809842105175,3.76937179414399,3.450727602816159,3.2699657208834596,3.236095902005027,3.353999172879126,3.6245463975426664,4.044847093655703,4.608569135431944,5.306253790148292,6.125544855724225,7.051261190526608,8.065272596596177,9.146189932765584,10.26894596518795,11.404411983523168,12.519249673839223,13.576219403090114,14.535139477275116,15.354609526350949,15.99448163518798,16.41890637301735,16.599630134370226,16.5191121176265,16.1729952633424,15.571521961452774,14.739627501759001,13.715645500316004,12.548777252910437,11.295663094800563,10.016507462541018,8.771227529062692,7.61601917771419,6.600588642781263,5.766125533130311,5.143941380590353,4.754608519681167,4.607429397939878,4.700142405450333,5.018896075158912,5.538648582652655,6.224218703913486,7.032186695662931,7.913708818332971,8.81809644088331,9.696782621757851,10.50713306500776,11.215518886000751,11.799181987748494,12.24666552977998,12.556882953316759,12.73716954028545,12.800822028708033,12.764644618634168,12.646894876583268,12.465815301940635,12.238721533279847,11.981465527181067,11.70804160162556,11.43015624392483,11.15670593323891,10.893248324715922,10.641657638668583,10.400187177553935,10.164107925791328,9.926966323858247,9.682341855851092,9.425831921938782,9.156891387973715,8.88013732867526,8.60580438158205,8.349187688752018,8.129103946273089,7.9655916968261895,7.877216444792198,7.878413944144954,7.977285441024779,8.17416219419757,8.461110304282567,8.822385938944333,9.235709147629805,9.674125967589074,10.108184247451668,10.5081558639265,10.846084025517602,11.097501531601955,11.242736887076685,11.26778684726553,11.164778900594346,10.932073672134008,10.574067743789989,10.100756665522653,9.527111117241851,8.872310557749826,8.158871093683057,7.411699052293893,6.657099002778763,5.921764169005129,5.231777434511362,4.611651586832435,4.083437393040411,3.665927098567325,3.373978789514705,3.217983736273439,3.2034944575216246,3.3310260052920797,3.596037115358259,3.9890916532614122,4.496194477939463,5.099289696927477,5.776903538539572,6.504908934605084,7.257384582403128,8.007537894612677,8.728658973258376,9.395071639876347,9.983047659324798
11.119510601432108,10.784333350646857,10.32808478573156,9.767013000256588,9.121101499357447,8.413360560555823,7.669013193118735,6.914606309487655,6.177081246537228,5.482840345098017,4.856847762139581,4.321802814524273,3.897422567475739,3.5998665606072078,3.441329863321038,3.429820429762095,3.5691225986756914,3.858930798909309,4.295117371295586,4.870078594964122,5.573087675189318,6.390577834433787,7.306287991678709,8.301231449632079,9.353494633836512,10.437933169277125,11.525895580538258,12.585155096082683,13.580250210438098,14.473410605986505,15.226170721519647,15.801654805195682,16.16737414432209,16.2982392919752,16.179391394815962,15.808426007710413,15.196635109762976,14.369023987433643,13.36304481768096,12.226189040922922,11.012751868427785,9.780186975440348,8.585486539832633,7.4819523147627285,6.516590156777053,5.728201875497253,5.146108442511718,4.789355115910882,4.666242404245831,4.774093623064619,5.099282253498272,5.617654891262459,6.295548506317016,7.091576905452802,7.959241404635485,8.850230640960122,9.718070376140506,10.521635342029306,11.22799947692252,11.814201950655233,12.267722327995365,12.585727375926957,12.773394084091098,12.84175820935144,12.805549502875127,12.681363671624698,12.486336042568697,12.237290737690419,11.950203813692639,11.639775056500316,11.318951935929155,10.998360816744361,10.685727614093109,10.385464739501877,10.098629442835396,9.8234092138371,9.556175583365043,9.29300035570512,9.031389449684069,8.771898711561567,8.519280509962421,8.282877383515668,8.07611580666265,7.915127889423717,7.816700887045327,7.795884628852285,7.863647782129476,8.024955610928805,8.277554058318799,8.611612101603253,9.010228288188914,9.450678694182646,9.906194323117099,10.348015975106547,10.747481423859828,11.077941775414663,11.31636517926522,11.44455093214382,11.449933466618244,11.325997040469854,11.072346562332228,10.694490141468362,10.203388896576943,9.614823936029493,8.948623092166795,8.227783500423918,7.477521654957412,6.72428027658651,5.994720670784833,5.314729435848621,4.708468616312585,4.197498065556793,3.7999974927355042,3.5301132484181657,3.3974513507056363,3.406733691801481,3.5576289935101757,3.8447641400184764,4.257915266260307,4.782371680571806,5.3994596028679815,6.08720703958067,6.821126107042043,7.575084941008517,8.322238144020547,9.035982639771069,9.690904899814528,10.26368581549246
11.242382739399128,10.886075042389852,10.411117826303805,9.834425077290177,9.176535995260993,8.460886326944667,7.712978736197704,6.959483244004763,6.227302049862111,5.542635343860976,4.930085898311209,4.411840078063488,4.006961101191312,3.7308264485699683,3.5947346853432585,3.6056970505417496,3.766415661796801,4.075433313382958,4.527420824226991,5.1135492054496945,5.821879399337196,6.637696797113673,7.543725990763564,8.520186594180668,9.544693579501399,10.592060771002174,11.634123971094148,12.63974639346391,13.57518786359398,14.404997589101153,15.093522654689632,15.60701635688456,15.916199856555531,15.999004834340877,15.8431349149878,15.448055990233273,14.82607399290433,14.002279093743466,13.013305344933222,11.905038641069963,10.729563129937265,9.541732499651594,8.395768609636834,7.34222661172261,6.42554379307313,5.682243969627046,5.139740477910333,4.815602938960347,4.717144740011168,4.841246697648113,5.174432629008487,5.69331361488142,6.365574778070036,7.151657959202767,8.0071872327856,8.886014773918248,9.743582348672819,10.540160599482956,11.243496071621372,11.83048580248078,12.287691847589633,12.610748313483384,12.802929643911584,12.873278371520124,12.834701548403004,12.702346487215676,12.492402013923677,12.221301775081761,11.90518648288007,11.559444206160396,11.198192694949697,10.833668489429115,10.475601815114224,10.130741031098186,9.80271523986955,9.492378494452506,9.198675435737998,8.919934906997323,8.655372471265167,8.40650048671948,8.17813002759939,7.978709467260105,7.819867622223773,7.715186668767354,7.678384894657312,7.721206408001451,7.851369282889578,8.070906596201795,8.375154995758708,8.752525018492602,9.185055174213268,9.649635431236339,10.119705127491141,10.567194336719197,10.964484130442646,11.286199531726563,11.510704811903004,11.62122994286679,11.606608630189717,11.461646330613263,11.187159554484511,10.789737568073816,10.281278171054346,9.678344698573486,9.00138525585957,8.273849719127583,7.521236295493396,6.77009753430747,6.04703514170917,5.3777130468090695,4.785918192114753,4.292697920263481,3.9156012606370743,3.6680487399212893,3.558851567685131,3.591896312533932,3.7660056883875423,4.074980054701038,4.507817955797828,5.049107740699092,5.67957626436818,6.376775105721423,7.115879855578132,7.870574008876088,8.613985986498005,9.3196459219261,9.962428144919093,10.519445803991417
11.336883379488892,10.959798677131161,10.46660395674655,9.874862337120128,9.205648375140989,8.482800110629224,7.7320747008162725,6.980239074098857,6.254130068299548,5.579720546666409,4.981228883043094,4.480308789391587,4.0953544336281045,3.8409517489316656,3.7275002557822607,3.761020102999654,3.943146100618616,4.271294508558995,4.738970384874838,5.336165680903651,6.049784523935328,6.864026661229407,7.760667274062097,8.719194372465715,9.716803847906096,10.728302748123355,11.726024345071094,12.679901040478896,13.557858650438162,14.326676203991877,14.953393992935812,15.407254322775824,15.6620404924183,15.698565048843058,15.506976679838615,15.088530355500245,14.4565100911501,13.636104255003268,12.663189232725927,11.582145723444157,10.442976070063303,9.298079397791428,8.199056313982265,7.193857287831641,6.324477476180469,5.625267634667197,5.12181233584901,4.830254193904644,4.756933266991727,4.8982618066239985,5.240843641266931,5.761937943367249,6.430418670030294,7.2083634775051495,8.053311602854844,8.921079495921703,9.76886059852825,10.558216866113412,11.25754060750459,11.84364498826518,12.302312874416351,12.627847609679195,12.82186200465355,12.891657432575403,12.848555188807481,12.706455093507552,12.48075065938556,12.187580005819871,11.843286247752712,11.463928668140362,11.064727179082439,10.659413396690747,10.25956416208534,9.874069097149608,9.508905574300915,9.167353314890617,8.85068715383401,8.559266166249014,8.293823925157,8.056690244653298,7.852661452861866,7.689290331388866,7.576477244782145,7.525385166170263,7.546840245287963,7.6494844499363595,7.837995217551882,8.111671179808015,8.463610637697348,8.880600578848895,9.34371463938384,9.829513411533963,10.31166786584377,10.76279437098443,11.156295853445165,11.468038603353241,11.677745066200835,11.770036851075279,11.735109328615884,11.56905407851221,11.273866749341707,10.857187391099808,10.33182144112616,9.715086022563463,9.028021159727551,8.29450096768007,7.540276780878898,6.7919826350900205,6.07613306832901,5.418143207784601,4.841400923823053,4.366419968735177,4.010101178972048,3.785125891360994,3.6995017402792816,3.756276102759197,3.9534268466205162,4.28393395341024,4.7360292881998225,5.293615527301143,5.936839277926116,6.642797958424291,7.386355257894389,8.141036134309138,8.879969481344641,9.576844898260006,10.206849495671907,10.747551381192734
11.400763442422729,11.0032757842601,10.492332795562605,9.886129323264566,9.20625441106327,8.476924814059894,7.724126764097792,6.974697790163572,6.255383191557374,5.591903523399473,5.008070076068817,4.524984649041832,4.1603576807917655,3.927974635371194,3.8373340127632765,3.8934710046376533,4.096968421398776,4.444141313201274,4.9273647440540085,5.535497569364001,6.254342050610368,7.067073758466152,7.954582517627455,8.895685941712303,9.867212490960885,10.843997088355945,11.798880843574054,12.70284543980484,13.525429043555514,14.235553303549183,14.8028354519321,15.199370347698968,15.401859324482452,15.39385878940932,15.16784752788315,14.726789607650005,14.084911113283946,13.267510268586882,12.309763152438412,11.25464128777184,10.150189214995892,9.046491087916625,7.992669259646305,7.034205435618501,6.210773421167524,5.554650793579713,5.089668106689003,4.830586805595614,4.782786462081452,4.942186155429245,5.295403780132181,5.820237804456347,6.486602427227387,7.258032147185107,8.093788368935217,8.951466893071181,9.7898607489613,10.57172701992959,11.266080241850926,11.849705613143087,12.307737393923412,12.633338005917349,12.826684771355461,12.893574323692253,12.843964344080476,12.690695456247628,12.448507474204996,12.133331725720007,11.761748547055694,11.350471399083132,10.91575681567078,10.472721107169123,10.034636536001756,9.612347253303898,9.213964357536174,8.844962017516183,8.508712084563989,8.207386187250288,7.943052079123525,7.718723796255472,7.539112811249355,7.4108755042196695,7.342250940463272,7.342109252732148,7.418555200627444,7.5773251488232525,7.8202586357426815,8.144110906043306,8.539907258848004,8.992941829425458,9.483415862703989,9.98761604287642,10.47946818494378,10.932272742970195,11.320434339414492,11.621029370204276,11.815101954788576,11.888627540007203,11.833126493140792,11.645942057500367,11.330216875834097,10.894611487629293,10.352809835354424,9.722854208605082,9.026347989516868,8.287560855823898,7.532468587555107,6.787758378224917,6.079830171003736,5.433824437022084,4.872706417896367,4.416435734763867,4.0812481659250235,3.8790732281260847,3.817107012228401,3.897554668729887,4.117551219436252,4.469263228687405,4.940167554202555,5.513497166346809,6.168838117350437,6.88285638244005,7.6301286821692464,8.384047698655916,9.11776945235194,9.805169106103731,10.421771163786044,10.945620942751281
11.432205594819937,11.014709268015988,10.48652485077521,9.866460886385008,9.176599523453621,8.44151227612452,7.687388799523731,6.941110836376165,6.229306043236514,5.577417904024375,5.008828289591862,4.544068283779956,4.200150448288189,3.990051423149296,3.922367263752665,4.001154818276531,4.2259605546899,4.592023796839609,5.090625299806856,5.709536433020401,6.433511913579386,7.244763740834108,8.123359429761262,9.047506394298516,9.993716486879325,10.936886733601055,11.850376646521202,12.70619828228968,13.475450422627702,14.129112935972927,14.639267279876501,14.980728427041882,15.132975719990498,15.08217608864149,14.823026237695476,14.360120852795895,13.708592016350527,12.89385774765807,11.950447880998345,10.9200161445491,9.84876764853347,8.784604940008808,7.7743086784351245,6.861021419351101,6.082210518757696,5.468175088043282,5.041062255369389,4.8142953865363065,4.792305543896402,4.97049557304145,5.335435923133042,5.865363154777688,6.531093762171173,7.297453205653065,8.125246455138779,8.973677844778125,9.802999925052239,10.57707696681004,11.265525414468224,11.845156050219618,12.300577462986526,12.623989086001798,12.814344307528192,12.876155963693769,12.818225589882442,12.652510366513532,12.39322844567172,12.056186826966101,11.658234870668952,11.216723133605312,10.748881778992288,10.271106201678489,9.798219555256832,9.34284202124075,8.915013314180051,8.522180983803496,8.169590981200772,7.861019450111733,7.599692742866289,7.389182027803834,7.234047316784527,7.14004837644085,7.113827874104012,7.1620847428378855,7.290366548866121,7.50169301376173,7.795260752696786,8.16546549452537,8.601418852858018,9.087048290065413,9.601772247810771,10.121657598538585,10.620908108928976,11.073506928634554,11.454841597591567,11.743169066637158,11.920820205905677,11.975087863960976,11.89878178859915,11.690463141438109,11.354389816330611,10.900212694537903,10.342465057850813,9.699885605254435,8.99461234896794,8.251281715654688,7.4960651866097905,6.755674829123148,6.056368735927315,5.422987173264631,4.878049634854262,4.440941629361869,4.127217676551001,3.948043591229009,3.9097967586986324,4.0138379040061105,4.25646203935603,4.6290300795593735,5.118276295848285,5.706780583723558,6.373588689239864,7.0949582899060815,7.8452043555577085,8.597613684775729,9.32539605186285,10.002638096999066,10.605225995050265,11.111704050397034
11.42985385410178,10.992762992322955,10.447861087312301,9.814551737468062,9.115388323846732,8.375272808638146,7.620572411623135,6.878186648227243,6.17459952595537,5.534952936169265,4.982177363411861,4.5362148448306705,4.213366459177463,4.025792234881756,3.981184900493013,4.082630031996348,4.328653722883337,4.713445156905157,5.22722630849985,5.856726223108656,6.585705656401641,7.395472657401179,8.265334346135193,9.17294700781612,10.094555794724304,11.005153592996702,11.878629090862525,12.688006895149758,13.405896739686495,14.005255360977822,14.460519592537263,14.749096454502576,14.853107719768232,14.761201517230225,14.470183362031591,13.986201767456004,13.325258758302589,12.51290032472035,11.583060663772537,10.576162208234479,9.53668308367333,8.510471058721693,7.542094939072872,6.672481213827625,5.936999668495744,5.364060429934089,4.974193656257436,4.779525044399469,4.7835483482545005,4.981128737101834,5.358732157664251,5.894939591643129,6.561342375096571,7.323903900615081,8.144808191239186,8.98471108047822,9.805196299591994,10.571155391265602,11.25278949900237,11.826986203909605,12.27794384701842,12.597065127468671,12.78227673904356,12.837013460107944,12.769113704603418,12.589814576059755,12.312935095318439,11.954234120762262,11.530858767573665,11.060779488416731,10.56213958085748,10.052512692781296,9.548135091503775,9.06323290717186,8.609579066808546,8.196383931572466,7.830555277065815,7.517275740586934,7.260763267675567,7.065025453275213,6.93440786795042,6.873774035616248,6.888232725688312,6.982428322625192,7.159508490007319,7.419957285514876,7.760515203248277,8.173394757841098,8.64594684042354,9.160853653635806,9.696837362866948,10.229797665813543,10.73423926357043,11.184827463565401,11.557915392783997,11.832912703695854,11.99340376494435,12.027963846121231,11.930657595818177,11.701231136435705,11.345026334059364,10.87265446430865,10.299468995426334,9.64487618375963,8.931519813988597,8.184374144226103,7.429777582006382,6.69443885917941,6.004447161795526,5.384317333705198,4.856100462352536,4.438588542125055,4.146639314872411,3.990643771809918,3.976154244051353,4.1036856705119895,4.368696723727686,4.761751235933652,5.268854049386312,5.871949263628358,6.549563103296193,7.277568498589231,8.030044146089399,8.780197458187386,9.50131853679251,10.167731203396126,10.75570722283964,11.24431116886483
11.392835932898072,10.936584105515047,10.375505234779276,9.729578741986138,9.021806899275369,8.277397475180011,7.522869213734299,6.785112933834891,6.090443110923639,5.463675787738694,4.927268485521345,4.500556351820342,4.199115927508326,4.034283411558864,4.012847858186385,4.1369310815314835,4.404055047301487,4.807384440973195,5.336117764510108,5.975986374137777,6.709809815294428,7.518050720469527,8.379316492042895,9.270770134010654,10.168439013124559,11.047445118816274,11.882217304054407,12.646776052522718,13.315194590140784,13.862328413788717,14.264864999518332,14.50268000905235,14.560406812104036,14.429049704778341,14.10741720280851,13.60313670171873,12.933044194024621,12.12282002109026,11.20584977781281,10.221406034049497,9.212346225967984,8.222583406409804,7.294597443286263,6.4672151615128115,5.773811549486748,5.240991989771666,4.887732040177229,4.724897549419002,4.75505548192414,4.972513566799474,5.36358063466941,5.907095840517479,6.575308183848154,7.335178494981202,8.15011904394546,8.982093510482569,9.793899831042022,10.551384664515265,11.22531962724226,11.79271801026805,12.23747599921678,12.55035443015592,12.728436586585607,12.774270091808123,12.694909139022482,12.501021972666237,12.206141646208447,11.826048832329091,11.378214033262399,10.881210213354487,10.354035739010529,9.815346421665776,9.28266063796477,8.771648892109484,8.295631785673596,7.86538263445671,7.489269653174871,7.173694219033101,6.92370766331573,6.743639849080722,6.637562631670766,6.609444234544654,6.662919523396395,6.800689808956507,7.023652989020185,7.329930173172221,7.713984073821482,8.166012453178563,8.671751858587374,9.212755700592194,9.767133211677532,10.310668024181073,10.81818861051477,11.26504276527594,11.628533360592199,11.88919665007586,12.031838981083865,12.046284580092342,11.927819710568711,11.677343337818186,11.301250531587463,10.811083255802338,10.222986062354323,9.557003852301492,8.836257227745048,8.086029288212,7.332796591837997,6.60323642951126,5.923242251104634,5.316978617235165,4.8060060341178,4.408504178908367,4.138619192619322,4.005956892482935,4.015239026516053,4.166134226417489,4.4532693248687725,4.866420429261076,5.390876833981982,6.007964752206998,6.695712187246154,7.429631254040654,8.183590087749314,8.930743290664568,9.644487786379825,10.299410046410786,10.87219096208441,11.342436142771092
11.320777967930303,10.845817749945056,10.269118480630361,9.611215600060698,8.895537483332678,8.147572757315453,7.393965493875959,6.661571344074166,5.976509516982856,5.3632462395477045,4.843744903130483,4.436716427336763,4.1570003223467795,4.0151023134898605,4.016907963395953,4.1635832592707445,4.451662538504577,4.873311647058191,5.416740650396308,6.066727257849821,6.805201647341695,7.611838396730108,8.464604543652014,9.340226353806441,10.214561264610262,11.06289305978208,11.86020195940766,12.581488846131656,13.202245277833153,13.699150795425588,14.05104309070768,14.240147941289795,14.25348445428537,14.08429256902952,13.733281470437833,13.20948445959543,12.53053565867447,11.722254330163949,10.817520849431224,9.854534160249786,8.874630999714082,7.919902847539758,7.030856497607732,6.244328750000253,5.591796440951729,5.098139244344787,4.780836485530275,4.649529503098284,4.7058684055831534,4.943585444032804,5.3487841240042915,5.90048279804027,6.57148095270945,7.329608515079904,8.139368449610279,8.9639015428459,9.767113909451258,10.515742627354442,11.181118402942865,11.74042688737942,12.17736308931401,12.482189821807522,12.651316717484498,12.686580754109887,12.59441707887051,12.385064454821624,12.071873963328493,11.670711904551556,11.19939470063215,10.677080200383813,10.123566120566,9.558499014920145,9.000555097492395,8.466696185640142,7.971614939774876,7.527458585694966,7.143865409310729,6.828278178331675,6.586432324455167,6.422872460133402,6.341341204690151,6.344912987081287,6.435806194616096,6.614885250924744,6.880941121758907,7.229896249967119,7.654105266512179,8.141911636717701,8.677577213862865,9.24163802340218,9.811670442268456,10.363391568642026,10.871976314656514,11.3134561582412,11.666069378815097,11.91145450910927,12.03561011882799,12.029577476731586,11.889832401882813,11.618395455971658,11.22268468453899,10.71514330450777,10.11267792748704,9.435943154605827,8.70850738162131,7.955933515620318,7.204807517622674,6.481747263597713,5.81242389110298,5.220627198000202,4.727405439739156,4.350307790793726,4.102754679572325,3.9935571804618735,4.026601754680826,4.200711045736669,4.509685371689552,4.942523254314762,5.483813031064514,6.114281551257876,6.811480391176973,7.550585140460362,8.305279293536056,9.04869127107434,9.754351206471897,10.397133429454044,10.954151088522625,11.405571058280039
11.21381139900813,10.720613922133037,10.128866314410866,9.45963967831299,8.736765279601304,7.985987373900674,7.234049034425167,6.507744297212599,5.832971544791098,5.233823533633341,4.731748789742355,4.344817187678491,4.087119287795867,3.968324276554639,3.993414935873263,4.162609774803758,4.471472234352494,4.911194965907878,5.469034320637514,6.1288577587700726,6.871756963754902,7.676674581265126,8.520995243125427,9.381063649466535,10.232614051904445,11.051124132498192,11.812136887505167,12.491619343003022,13.066438593292128,13.515027000458906,13.81827648628364,13.960649455371376,13.931430031849786,13.725977938901222,13.346804310052677,12.804277438249166,12.11679392126251,11.31031470063175,10.417254617289322,9.47480995356548,8.522890342302157,7.601871828182712,6.750396883375878,6.003415141222443,5.390595832990424,4.935166832880606,4.653165711924796,4.553042275924737,4.6355392233157575,4.893797050272715,5.313670069441105,5.874283939360716,6.548891139655909,7.306074071786757,8.111301586912145,8.928773231890222,9.72340776067126,10.462775100060664,11.118756356342228,11.6687539830221,12.096355922518434,12.391460172812472,12.549959438981453,12.573142677456348,12.466977900157914,12.241402294339789,11.909680044618316,11.48782087696455,10.994006590329459,10.447961995793705,9.87023069480079,9.281363124374659,8.70107570221386,8.147476943688766,7.636465838762172,7.181385285451855,6.792964308742418,6.4795201537832305,6.247332024680618,6.101058432871265,6.044061008277785,6.078522450331239,6.205299499275092,6.4235205457740925,6.730005094614968,7.11863269928773,7.579810896775991,8.100181232645534,8.662663720825092,9.24688329134142,9.829960231202927,10.387593023055587,10.895325494846126,11.329874856139188,11.6704019527762,11.899625051961252,12.004706956418978,11.977875619517032,11.816765593843492,11.524488675763017,11.109456215628992,10.584983537598156,9.96871038920884,9.28187211850641,8.548455847683268,7.794275240226404,7.045996967322327,6.33015167450306,5.672161890076492,5.095418574933647,4.6204365909719955,4.264117059986786,4.039141311123553,3.9535168980583197,4.010291121370271,4.207441795189297,4.53794886832083,4.990044187590374,5.547630419801276,6.19085416747365,6.896812846748475,7.6403701457278,8.395051021951716,9.133984368915218,9.830859785804236,10.46086438320676,11.001566268724346,11.433713255064603
11.072571888154824,10.561626373488728,9.955417413120177,9.275530883464473,8.546177327519658,7.7933311435443535,7.043807975674561,6.324313848117821,5.660500956205187,5.0760652672766735,4.59192015828191,4.225478179753335,3.990069608902161,3.894521613563276,3.94291543396955,4.134530856458533,4.46397737494795,4.921500053952952,5.493435906916498,6.162784858360357,6.909849953865986,7.712896738282671,8.548783949143544,9.393528472426755,10.22278696101673,11.01226248143619,11.738072409024713,12.377136889891954,12.907658158742562,13.309753729543118,13.566278291473392,13.663822522082253,13.59382008631543,13.353639398440517,12.947498519510985,12.387031950324243,11.691363333669463,10.886596247396996,10.004715972734353,9.081981794708716,8.156963409706062,7.268420540295011,6.45323298179003,5.744559316688761,5.17034569947692,4.752237101597167,4.504880064463286,4.435563611111382,4.544132085254102,4.823119736111234,5.25809207140767,5.828217029484703,6.507111913398673,7.264006217062793,8.065222061879926,8.875911238634261,9.661919594362054,10.391599106972498,11.037375125858805,11.576909201756818,11.993769723654369,12.277612885741787,12.423958687760113,12.433697362946958,12.3124689488326,12.070025907161519,11.71963197224582,11.277492239820525,10.762170311162652,10.193939697671286,9.594038569283942,8.98383881618091,8.383985923331352,7.813598801492652,7.2896268099013355,6.8264409894928475,6.435692728851788,6.126417212799217,5.905306002859534,5.777037298507061,5.7445437396907035,5.8091189184489656,5.970310174022952,6.225605402319464,6.569980776490364,6.995420255574156,7.490536575768387,8.040413674115715,8.626755789418365,9.228377924294008,9.82201771697853,10.383401320806861,10.888463738523438,11.314610784475995,11.641914499745184,11.854152093708205,11.93962435888842,11.891717116985024,11.709194059918612,11.396228738969375,10.96219669869178,10.421256523629605,9.791752288162318,9.09547114445759,8.356789852683328,7.601743788781636,6.857051722149245,6.149129436749147,5.503124859024204,4.942006467311314,4.485735134581642,4.150547032651016,3.948371743042943,3.8864053205165137,3.9668528648520622,4.186849358244246,4.538561339643556,5.009465652205004,5.582795258558842,6.238136207067445,6.95215447111854,7.699426770429503,8.453345786753008,9.187067540387295,9.87446719411644,10.491069251790677,11.014919030753116,11.427364378445676
10.898190295000182,10.370003567764659,9.749934583867578,9.060062593870446,8.324953426876444,7.570785906420295,6.824421739461564,6.112452618223024,5.460259415033729,4.8911183488899,4.425387836406425,4.079807380216227,3.866936239486345,3.794754676684893,3.866444159481885,4.0803549095182134,4.430159629909296,4.9051813520106675,5.490871759541942,6.1694052416585,6.920345012753842,7.721333020164495,8.548757132680372,9.378358714458821,10.185761216083566,10.946923929179283,11.63855038693102,12.23850205820932,12.726278329198664,13.083617771463164,13.29525093631305,13.349793599166276,13.240718783990587,12.967297321629964,12.535362927467073,11.957749697193865,11.254273143651197,10.45117866064716,9.58005425079074,8.676282581218283,7.777174174964622,6.919964557772901,6.139865446563025,5.468333837221463,4.931671437877988,4.550004348250137,4.336635207789296,4.297720921814864,4.432216240176858,4.732036470746367,5.18242285613196,5.762527209416357,6.446252423307712,7.2033804308101566,8.000985610702594,8.805076717010175,9.582350615299557,10.301896937571048,10.936681487598506,11.464665127471525,11.869477894972867,12.140647458305512,12.273453403041765,12.268523810043249,12.131297708249354,11.871449084669264,11.502319366385215,11.040355296686851,10.504515736483913,9.915604258156257,9.29550432340005,8.666331118492348,8.04955437633016,7.465175223382971,6.931047008447811,6.462411914704929,6.071686110753974,5.768476415590995,5.559764131758925,5.450159495773752,5.442121869704788,5.536058918055855,5.730258278585038,6.020657645006301,6.400510738437677,6.860044837895563,7.386221577679907,7.962703619017434,8.570098766229647,9.186508182974189,9.788356991821573,10.351443663730706,10.852116392523445,11.268473256894215,11.581487546569301,11.775976327026482,11.84135384092621,11.772136467744064,11.568188645575747,11.234717065613683,10.782032908709237,10.225109472961087,9.582966473875748,8.877913950156078,8.134689209783824,7.379520327184663,6.639149663349164,5.939850719020774,5.306471154899105,4.761533772489478,4.32442542787154,4.010701114804059,3.8315267695529376,3.7932797772653504,3.8973208334293257,4.139944922379211,4.512512939733339,5.00175914528862,5.590263428328377,6.257071531748079,6.978441131537145,7.728687196834015,8.481096525913134,9.208878892947535,9.886120938064364,10.488708836108628,10.995186891452992,11.38752148771635
10.692275850447661,10.147371837264476,9.514057905860005,8.814884791037162,8.074749262990526,7.32000864749069,6.577544154926915,5.8738069283007,5.233881631199439,4.6806021577894725,4.233752645994601,3.909384398812025,3.7192755338209915,3.6705551228110855,3.765507163718676,4.0015618727866595,4.371472519477798,4.863665591010453,5.462741065940699,6.150089066862882,6.904580712314585,7.703286503767029,8.5221769558364,9.336768718521334,10.122695220533128,10.85620214937633,11.514591128032393,12.076654356709042,12.523152773964654,12.837385476007167,13.005876518779237,13.019168774575576,12.872669739215382,12.567451209646734,12.11087504204786,11.516910503361803,10.806030082563971,10.004618425087905,9.143894885812081,8.258420664269291,7.3843215394379484,6.557394067673279,5.811269551593399,5.1757863490854925,4.6756746129054285,4.329600909301049,4.149567679139751,4.140626438804184,4.300850904032009,4.621526547673414,5.087538918953185,5.677971657202838,6.366942534977942,7.124701463033212,7.918985056251142,8.716574370579858,9.484950148571457,10.193901297084707,10.816932484468142,11.332342088433048,11.723896986882455,11.98110034885362,12.09911230080115,12.078423241914248,11.924386548125806,11.646693868376843,11.258834514977554,10.777537701339025,10.222168116307701,9.614040345851985,8.975635791660228,8.329738878312938,7.698544871226611,7.102816818713663,6.56117501089766,6.08958605129939,5.701083858200636,5.4057105975667925,5.210623319936434,5.120283084312762,5.13663533728759,5.259205556065254,5.485068894595088,5.808698008267383,6.22173794984745,6.712790024233377,7.2673000392088065,7.867637886827047,8.493427675184854,9.122147820289737,9.72997779595936,10.29283140283722,10.787491773167869,11.192753647941977,11.49048298304035,11.666519255836917,11.71136726178929,11.620648080207106,11.39529966127231,11.041534056275552,10.570570059897541,9.998167430952279,9.34399296735019,8.630850713333372,7.883809450062572,7.129260987677927,6.393942901019586,5.703959219755227,5.083832027453927,4.555615727850749,4.138103718902832,3.846154273262872,3.690158546676073,3.6756688985289094,3.8032002553370776,4.06821127145246,4.461265765094649,4.968368569724034,5.571463779955405,6.2490776178719285,6.977083012428066,7.729558659628789,8.479711971609065,9.20083305016936,9.867245716756443,10.45522173619403,10.94382568221716,11.315660362525994
10.456891794240654,9.895811003448728,9.24988033737814,8.542099656789008,7.7976719982490845,7.043107086814815,6.30527905207479,5.610472399709762,4.98345097396408,4.446584173492319,4.019063052430388,3.7162361515130113,3.5490909477127577,3.523901647370168,3.6420576202479444,3.9000790388963367,4.289817294757795,4.798827749909025,5.410891911206556,6.10665616259941,6.864346180174841,7.660511807924819,8.470758197092056,9.270426591920737,10.035202346284319,10.741647023026164,11.367672393265249,11.89299196989858,12.299594995005355,12.572284072587394,12.699298904709934,12.673016584673553,12.4906794428926,12.15506358054251,11.674975219564782,11.065456561310118,10.347602477381503,9.547932599606506,8.697322683151578,7.829562472267873,6.979661211473865,6.182054953411511,5.468875473051224,4.868419098997017,4.403911770241011,4.092615360566639,3.945272576980379,3.9658544921901355,4.1515622364938505,4.493042348691159,4.974797155257532,5.575796149679613,6.270309369978787,7.028979882216858,7.820126880330877,8.611229050709515,9.370492255610882,10.068371926060166,10.67891203311447,11.18078473826768,11.55796324714326,11.800021499768787,11.902110392868817,11.864695660187543,11.69314937522515,11.397267377910408,10.990749480781128,10.490642963650826,9.916726115343454,9.290805056043135,8.635913583706753,7.975435215168604,7.332197897413053,6.727613916193007,6.180942486503743,5.708737880302651,5.324514987353672,5.038624777487492,4.8582944526722205,4.787760955286918,4.828418747822616,4.978915425166948,5.235158480092404,5.590235721530099,6.0342904281267975,6.554420659642299,7.134683480425029,7.75627690193217,8.397947639412887,9.03663757228943,9.648344189929736,10.209138013967907,10.69625856679054,11.089202331888007,11.370720639388828,11.527659496413527,11.551592919126076,11.439222213480083,11.19253271196592,10.818714841333696,10.329867497692032,9.74250892970987,9.076924585337586,8.356383678428182,7.606257419496838,6.853072462756387,6.123533370641068,5.443547771282868,4.837287235345467,4.326315542595411,3.9288137970241968,3.6589287072357077,3.5262662864312166,3.5355483328481787,3.686443479472268,3.973578548693916,4.386729638171227,4.911186035703576,5.52827395062674,6.2160213842123895,6.949940450391335,7.703899283848536,8.451052486664507,9.16479698234181,9.819719242358733,10.39250015802731,10.862745338712232,11.213711272817466
10.194523861461828,9.617822846988837,8.959916172805062,8.244230021159892,7.496248715083722,6.742608122024119,6.010148708212246,5.324962409186316,4.711467939274871,4.191548459578785,3.783783668706646,3.5028053884549935,3.3588015939692677,3.357188571547014,3.498464449256001,3.778249723257241,4.187511661957602,4.712959850629142,5.337590165501561,6.041345037622802,6.8018502711471545,7.595184476791082,8.396637907537563,9.181424206241763,9.925321355323511,10.605235562299386,11.19970090075737,11.689343906050198,12.057351165879316,12.289975218113065,12.377097967834544,12.312842890544271,12.09619267932177,11.731535794258637,11.229042736125924,10.604768569666662,9.880396269955678,9.08257454047583,8.241857090222073,7.391307204994957,6.564879736827182,5.795722115126575,5.1145408923051825,4.5481608462296155,4.118365711106019,3.8410632256763644,3.725773784359022,3.7754113326342025,3.9863128388814486,4.348478589099937,4.846003912940919,5.457703970935287,6.157946108407198,6.917700800830214,7.705799893636537,8.490354387099382,9.240244337955183,9.926564188291291,10.523899506877367,11.011330646299367,11.37310123413961,11.598942994283263,11.684097715054518,11.629108681528145,11.439460627089918,11.125131023889569,10.700085609542723,10.181720342797469,9.590232192117636,8.947898883056302,8.278262756596003,7.605239990198722,6.952203966075998,6.341110824889393,5.791739381061718,5.321104436024238,4.943074972285276,4.668193640462986,4.503660323960263,4.453418992638558,4.518279528048368,4.696016518224168,4.981412327505273,5.366245327981967,5.839257279297237,6.386158029429487,6.989735071632453,7.630128061588422,8.285306396354393,8.931756895257084,9.545355606673088,10.102369566063615,10.580515815061457,10.95999827932709,11.224447577643485,11.361701834205771,11.364384428894766,11.230253725837933,10.962317349071917,10.568717862737287,10.062407230019431,9.460634483644531,8.784275411496935,8.057035612282224,7.304559726543278,6.553480450888875,5.830441282408255,5.161126797592066,4.569333516555798,4.076112884419384,3.6990154987337656,3.4514623755614777,3.3422648068563228,3.3753093204685953,3.5494185718889772,3.8583928752249594,4.291230746021803,4.832520516973659,5.462989034471016,6.160187873192165,6.899292621964491,7.65398677483017,8.39739875228513,9.1030586876507,9.74584091062098,10.30285856968528,10.754278539441199,11.084027597220098
9.908042116306174,9.31629292562626,8.647062848077397,7.9241811593877785,7.1733882087684515,6.421419621348252,5.6950556456489805,5.020169895551415,4.420811969594279,3.9183575004699494,3.530757112680079,3.2719125749865756,3.1512041505498365,3.1731877811961406,3.3374742918002154,3.6387952799390035,4.067251848950385,4.608733088395193,5.245481696774428,5.956775201557539,6.719684030037548,7.509863628109319,8.30233829755139,9.072240384005799,9.795479954220779,10.449335903182757,11.012976823792489,11.46793505786996,11.798565795294076,11.992521279205125,12.041256476012101,11.94055831943856,11.691060439164545,11.298676321417725,10.774864270978565,10.136634273665123,9.406223452389465,8.6104020766421,7.779419974996053,6.945654105772998,6.142061187761623,5.400565533781151,4.750516426263044,4.217331678981814,3.8214097362679658,3.577350703465961,3.4934872420112244,3.571698012575089,3.807464301218528,4.19013458085589,4.703377013709359,5.32581772651795,6.031873625525314,6.792785361241884,7.577836597535227,8.355714053552559,9.095928337502722,9.770190238349642,10.353630904836503,10.825771502677895,11.1711850920395,11.379840434714051,11.44716084124253,11.373859221734541,11.165617163981926,10.832662651847901,10.389275978512888,9.853227662533168,9.24513585207454,8.587729488314556,7.905017175889895,7.22138483215123,6.560669358153824,5.945272337368403,5.39538117634686,4.928353284640378,4.558294364344059,4.295830679633484,4.1480451473628595,4.1185257746922534,4.207467627083442,4.4117777384143135,4.725153707377112,5.138135313061433,5.638156697897571,6.209647157343202,6.834236197496653,7.4911115711665275,8.157559440647535,8.809688476117266,9.423310804134779,9.974928197339914,10.442755995970423,10.807711818930944,11.054300601524666,11.171339539046503,11.152482892608916,10.996524131015942,10.707469044414221,10.294386787404783,9.771055796671114,9.155428427476686,8.468942612961454,7.7357116073304475,6.981624538747963,6.2333914524626355,5.517566921753579,4.859586124095461,4.282846411490835,3.8078657194211813,3.4515465671954413,3.2265708778971316,3.1409464361355663,3.197720620847981,3.3948712662904055,3.7253783223167733,4.177473632350888,4.7350598599395815,5.3782836054308465,6.084242283725887,6.827799582283686,7.582480458333217,8.321413805227154,9.018289222089344,9.648293819481879,10.18899570499585,10.621142691334837,10.929347788108235
9.600656736877276,8.994446343602124,8.314556698336581,7.585196541798433,6.832336733829901,6.082786170982372,5.363238384443542,4.699323122113874,4.1146972299800915,3.630207994872667,3.263159821216515,3.0267117295578494,2.929428725117994,2.975004621166932,3.162167437691397,3.484771068263046,3.9320686180103945,4.489153901452911,5.137548512989069,5.855903401176485,6.620777050736253,7.407448471939595,8.190723460234572,8.945697879366758,9.6484520901361,10.276664976982268,10.810151895430135,11.231344789494386,11.525740831008422,11.68234496658906,11.694120243578945,11.558438893162837,11.277500951975256,10.858662080570394,10.314595427038551,9.663210033614252,8.927263543972334,8.133638761790515,7.31229653547758,6.494962933748639,5.713647131381688,4.999109698098916,4.379404503123075,3.878601352505295,3.5157654773773412,3.304232033775548,3.251177893717869,3.357466954683397,3.6177334321679275,4.0206701557417945,4.549501395218993,5.182634726538759,5.894495637388649,6.656545668505564,7.438467934593493,8.209476374365053,8.939675244350255,9.601373482199207,10.170253319322885,10.626307646198438,10.954493188412005,11.145087733273769,11.193777864068803,11.101528697283864,10.874293719096475,10.522612269008167,10.061121431075048,9.507987690847283,8.88425041622959,8.213068907622198,7.518877213535476,6.8264713748285875,6.160074940595517,5.542443147007507,4.994068906954671,4.532543110086474,4.172099885068411,3.9233497031188342,3.7931763570982855,3.7847545297673486,3.897637476818078,4.1278707153447805,4.468105402568504,4.907709239844774,5.432896614245528,6.026916906728225,6.670345985901808,7.341519403796632,8.017128442122448,8.672976154620686,9.28486534910027,9.829569223554547,10.285821819316856,10.63526117896945,10.863262596260284,10.959610547728303,10.918972959157449,10.741157568348797,10.431145091377168,9.998906356914675,9.459020081095026,8.83011470079372,8.134162206289721,7.395654836181805,6.640697332236785,5.896048519772348,5.188146404864021,4.542150743180053,3.9810360425209095,3.524766108983462,3.18957846913461,2.9874032935559884,2.925436874510744,3.005884397941482,3.2258808721513645,3.577592840999305,4.048497146487123,4.62182674920609,5.277167695968567,5.991185959225094,6.738458258190864,7.492377274370471,8.226099027946999,8.913498681653756,9.530100739319625,10.053950518279024,10.466395865970513,10.752751286944633
9.275868450596208,8.655798172261967,7.965923367396616,7.230808236202547,6.476628403697463,5.730239476422832,5.018221849818365,4.365936094382169,3.796623040018473,3.3305813054822013,2.98445252080376,2.7706409180162512,2.696889375561546,2.766028444618458,2.975908406617774,3.3195170697869,3.7852779245298462,4.357514680177953,5.017059534173432,5.741974472974693,6.508348432980351,7.291129402088755,8.064950634985506,8.80491485767968,9.487309694944816,10.090240569460882,10.594181831039023,10.98245976384078,11.241688921075795,11.362183041709038,11.338352272831042,11.169080569185155,10.858054566419156,10.413993573812117,9.850716019636451,9.186976152768336,8.446018840662415,7.654828933041792,6.8430900682542095,6.041908362207878,5.282390600689834,4.594187115439301,4.004112402552281,3.5349418665399095,3.2044550326370826,3.024761219342714,3.0019110238010476,3.135772931353306,3.4201429014211544,3.8430559857386135,4.387279120479145,5.030976694570322,5.7485481234670015,6.511633948979895,7.290272216760309,8.054163068315795,8.773973714629518,9.422597135611548,9.976273505565148,10.415496714241554,10.725656906780767,10.897406099028402,10.9267676158126,10.81503250796857,10.568492661578299,10.198052100990134,9.718740939379543,9.149138823349336,8.510704044999676,7.827004940365042,7.1228615308595025,6.423423462171796,5.753228816688698,5.135300955944757,4.59034272209469,4.136077705551746,3.786768800577537,3.5529195219926324,3.4411395205437274,3.4541381695861655,3.5908030350297966,3.8463247470612627,4.212344446643611,4.677120196495882,5.22572878392567,5.840333668109384,6.50055457314253,7.183968144314212,7.866753687764026,8.524476996153401,9.132983362354377,9.669352601070187,10.112857453375591,10.445863520499962,10.654613406562948,10.729848219465303,10.66723348475204,10.467571388934637,10.13679513450053,9.685752874113613,9.129797764836898,8.488207279143857,7.783459472637433,7.040396957338742,6.2853112937814775,5.544981660715519,4.845702088829259,4.212331235159699,3.667397549563001,3.230290663209064,2.916566868671988,2.737392677533368,2.6991457134901227,2.803186762753319,3.0458108399384245,3.418378848466647,3.9076250487357567,4.496129328963859,5.162937431002563,5.884307030153398,6.6345530951698075,7.386962424130982,8.114744791117714,8.791986836215958,9.394574734253247,9.901052789595065,10.293387385857525,10.5576090893686
8.937414404564423,8.304099306191713,7.60492365339547,6.864782747180488,6.1100310279705665,5.367544202147085,4.663763218614157,4.023754417447147,3.4703197459604453,3.02318934928039,2.6983261389587336,2.5073681886297092,2.457230070803579,2.549878601668163,2.7822919669045434,3.1466039401691237,3.630427006366005,4.217339900479741,4.887516779584759,5.618467597902646,6.38585312345171,7.164334447995478,7.928416800399456,8.653251664956194,9.315369670759058,9.893328563594544,10.368273867856775,10.724421812912967,10.949481638771926,11.03503490574941,10.97688169858521,10.775348511866888,10.435533298544325,9.96744464339256,9.385979957502917,8.71068678906922,7.965264261057479,7.176787398771703,6.374671416380216,5.589429120342925,4.851304882619328,4.188886717649728,3.6278002684007324,3.1895750878462303,2.89074821121983,2.742238908086099,2.7489987924658497,2.9099192640934044,3.2179671084135393,3.6605191213043993,4.219874583690434,4.873934641213691,5.5970438754850935,6.3609867942707545,7.136119100030136,7.892593006664701,8.601613679872532,9.236647764080494,9.774501436197363,10.196197293589812,10.487604466364715,10.639808084935783,10.649233984193419,10.517564646089383,10.25148890949184,9.862321808974492,9.365517121149757,8.780080894851498,8.127885842817246,7.432887550190743,6.720253782823252,6.01543416597145,5.343213666045006,4.726804140968277,4.187029871746388,3.741654261672414,3.4048774790025704,3.1870127293350494,3.094327278091805,3.1290183192417333,3.289286829528373,3.56947578253357,3.9602509743083845,4.448819454403067,5.019197206982073,5.6525495083375255,6.32763096775407,7.0213465671467645,7.709441385328301,8.367308342014919,8.970884342535868,9.497589554086415,9.92725498558141,10.242981259900919,10.431876046482456,10.485627455007235,10.400883579640858,10.179422144972065,9.828107113651495,9.35864011210603,8.78712320966567,8.133456036434266,7.420594806754957,6.673703956563584,5.919233159891175,5.183953680607564,4.493988420808789,3.8738696289965726,3.3456569660512105,2.9281464352375988,2.6361975424000765,2.4802019980013106,2.465712396613205,2.5932437573905665,2.8582547676403336,3.2513092554704337,3.758412056278032,4.361507264378757,5.039121101218678,5.767126495267736,6.519602142242586,7.269755454126901,7.990876532648102,8.657289199219845,9.245265218651646,9.733869164672655,10.105703844980738,10.347529744241609
8.589210327542656,7.943278611561008,7.235495647316732,6.491063148947674,5.736488243998246,4.998640106331005,4.303794061470966,3.676697449713681,3.1396908897283744,2.7119167850838424,2.408644013073192,2.240733804477085,2.214266948551999,2.330346724050442,2.5850854486472667,2.9697753527676225,3.471236760863589,4.072328538849735,4.752597827799563,5.4890388167345705,6.256924500623054,7.030671947757099,7.7847014588577546,8.494253751713536,9.13613698399922,9.689386236267298,10.135830295557442,10.460571729125173,10.652393553645716,10.704106957997638,10.612848427148686,10.380321989200771,10.012965946946132,9.522007750793167,8.923360619103125,8.237315354387615,7.487992691854595,6.702544656840453,5.910123995227911,5.1406727737451545,4.4236080145274865,3.786498049489415,3.253824977902733,2.8459162987437305,2.578105765241772,2.460155313748342,2.4959428476465333,2.6834001238946366,3.014674162692392,3.476484638933888,4.050655811536164,4.714809810216104,5.443213089888942,6.207765417381034,6.979109541118356,7.727821927727872,8.425625895233546,9.046554753586317,9.567989789085804,9.971508516908669,10.243500707784124,10.375537626075733,10.364506245697997,10.212538346418976,9.926770899480934,9.51896976824835,9.005037808017939,8.40441701556055,7.739387941800351,7.034271180100964,6.314545153743275,5.605908535946941,4.933329705274128,4.320134920779314,3.7871880733692933,3.352206919911275,3.0292451104424485,2.8283495587650638,2.755383304938077,2.8119893412693804,2.995664000397204,3.2999104377891717,3.7144521700318363,4.22550031344796,4.816081841580349,5.466445733125778,6.154566451361781,6.8567588732495,7.548406741192355,8.204790738383908,8.801985959976745,9.317785248948155,9.732596993293882,10.030264551395877,10.198759107626362,10.230707042808227,10.123724902759882,9.880547841877412,9.508949481316652,9.021461503465183,8.434909624771844,7.769788895740582,7.049505856746501,6.299518280724962,5.546405349700866,4.81690231884891,4.136934082923016,3.53068155947433,3.0197133919574934,2.6222131130835655,2.3523285923211628,2.219666371868419,2.2289484783440323,2.379843637168308,2.6669787051357168,3.0801297912075345,3.604586186105399,4.221674099456435,4.909421532217362,5.643340597998531,6.39729943127562,7.144452634014148,7.858197129659612,8.513119389663949,9.085900305327753,9.556145486010916,9.907111420115525,10.12630164318476
8.2352898989508,7.577382282092389,6.8616940798097765,6.113708427234555,5.3600588582064805,4.627581386036431,3.9423596961621876,3.3287976683978364,2.8087525901973556,2.4007604137350604,2.119381312081522,1.9746896885869205,1.9719277853796626,2.1113362212115536,2.388168266717708,2.7928875496004397,3.311541325398617,3.9262936852416073,4.616095466429894,5.357460723519214,6.125314121845755,6.893870362213095,7.637506534593039,8.331591675391218,8.953244795140638,9.482002539560355,9.900388912561661,10.194389916927356,10.353843092853811,10.372753672718495,10.249544423765018,9.987235853637598,9.593539737259368,9.080835743645114,8.465992691510657,7.769996369026742,7.017356799854252,6.235288608365745,5.452685358465448,4.698937101997747,4.002663943236532,3.3904521892726462,2.885680812788335,2.5075146134353075,2.270119548360817,2.1821301124965244,2.2463739509906246,2.4598398719372883,2.8138649188100024,3.2945143461224315,3.8831328148506454,4.55705166004846,5.290440975490516,6.055292901261605,6.82251272424772,7.5630791025732185,8.249218425475856,8.855526712977689,9.359970368434631,9.744706601502902,9.996683835862424,10.108007053225052,10.076076392900124,9.903523745833308,9.597978575377983,9.17169136538443,8.641034619810917,8.02589238601305,7.348944521056246,6.634853943709972,5.9093736939699495,5.198403061643675,4.527034260477704,3.9186390285255923,3.394045276159973,2.970846620714529,2.6628736302915303,2.479837872420046,2.4271423510845658,2.50583841314225,2.7127023991659995,3.0404061005501015,3.4777623625163967,4.0100381721782545,4.6193386379791805,5.28507287560131,5.9845145154386445,6.693464571420587,7.387013784970332,8.040387704898174,8.629843771309636,9.133578457751328,9.532596159869856,9.811490859262783,9.959096291200131,9.968969154544734,9.839681124336202,9.574907371598231,9.183310610341932,8.678229526274363,8.077188435185652,7.401251184386262,6.674246870273401,5.9218981797010875,5.17088530716957,4.447879595916508,3.778581348312412,3.1867956362440344,2.693578379262258,2.3164824243740316,2.0689298720025473,1.9597325137373298,1.9927770964020892,2.1668863660520494,2.4758606716617897,2.9086985409453683,3.4499883102139837,4.080456826592856,4.777655664696017,5.516760413161018,6.271454565884706,7.014866543277732,7.720526478617567,8.363308701577587,8.920326360637974,9.37174633039244,9.701495388170823,9.897832515886495
7.879742284527989,7.210511362308508,6.487627835969781,5.736830989847545,4.984854356840431,4.258474192532692,3.583556711738188,2.984138206436046,2.4815710963858946,2.093766750558916,1.83456263056416,1.713237041436849,1.7341896387610252,1.8967999475056745,2.1954696133865745,2.61984705955587,3.1552258215661655,3.7831003142752144,4.481855492512828,5.22756029896447,5.9948295956583815,6.757716194595561,7.490594351756248,8.168999150432194,8.770392596409788,9.27483634270964,9.665561388556322,9.92943489009557,10.05733118339281,10.044416390545832,9.890352649815162,9.599419613139508,9.180539506262686,8.647181123932596,8.017111487221081,7.311964787501465,6.556608325754762,5.77830378020624,5.005686314107274,4.267609079210003,3.591921347799448,3.0042603980479248,2.526937923943591,2.1779912496344473,1.9704505852973693,1.9118502977715464,2.003989599726566,2.2429304234723504,2.619210051379009,3.1182435338419427,3.7208939867227895,4.404193884089809,5.14220338717359,5.906989458417636,6.669700983830632,7.401701983446214,8.075711104284485,8.66688584522127,9.153788495697682,9.519179363860188,9.750600148102167,9.840732104089751,9.787534471208842,9.594183561333246,9.2688393986833,8.824265312737312,8.277319541312572,7.648331087558928,6.960368761319099,6.238414697892667,5.508461470738232,4.796562869499894,4.127878986717477,3.525762937604156,3.010936884000234,2.6007983202181606,2.3088849309843766,2.144510372558548,2.1125674600573356,2.2134827617265747,2.4432998479671673,2.793868222447576,3.253120356903277,3.805427904877241,4.432036962874182,5.111588167721839,5.820728377085381,6.53481603355376,7.2287129576569065,7.87764334800591,8.458088849858242,8.948679197699088,9.331032915504654,9.590502593657806,9.716784033553479,9.704356956512097,9.552735520692995,9.266518089774285,8.85523635368356,8.333013247841787,7.718046811796287,7.031943153383973,6.298926207117157,5.544955216149044,4.796783012332835,4.080989330383129,3.423023608038846,2.8462909843932724,2.3713134895033607,2.0149957135924077,1.7900205855328402,1.7043963578203805,1.7611706170678092,1.9583212849513423,2.2888283458761096,2.740923655856881,3.2985098825138732,3.941733627251096,4.647692305096295,5.391249603421046,6.145930479360125,6.884863826205043,7.581739243046605,8.211743840430834,8.752445725941616,9.184592712279414,9.492797809052385,9.666087090694479
