5.886396946086254,5.950163276586873,5.920058000259615,5.796608123254546,5.581824744749053,5.279171445727158,4.893509654509959,4.4310218530398595,3.899113839002947,3.306297590706608,2.6620565889566024,1.9766957281311677,1.2611781928265342,0.5269518829809985,-0.21423186399703692,-0.950504383491103,-1.6700676791123517,-2.3613813261644756,-3.0133453232213614,-3.615475996010167,-4.158072167766819,-4.632368964327336,-5.030676817994803,-5.346503468577169,-5.574657029212029,-5.711328484417027,-5.7541523134792,-5.70224427866515,-5.556215779310803,-5.318164543907781,-4.99164180696729,-4.581596489777964,-4.0942972682854775,-3.537233761442897,-2.9189984039673478,-2.249150873255903,-1.5380672164191762,-0.7967760656110381,-0.03678453423208755,0.7301034500740201,1.491973500014852,2.2369888610594684,2.9535772644463507,3.630613583275443,4.257595400712743,4.824808711661618,5.323481135585862,5.745920216030761,6.085634618646582,6.337436310433114,6.497522104204183,6.563533279145798,6.5345923356343825,6.411316304691636,6.195806403842819,5.891614205832954,5.503684858704606,5.038278259257696,4.502869431136374,3.9060296881866234,3.2572904680814205,2.5669919956934737,1.846119175958906,1.1061273182088374,0.35876045494343684,-0.38413486476882486,-1.1107973555256678,-1.809737372945433,-2.469918934035919,-3.0809344957083065,-3.6331697215356598,-4.117955625736782,-4.527705683642345,-4.856035736398865,-5.0978647906063195,-5.249495116641235,-5.308670377784452,-5.274610870744864,-5.148025321222335,-4.931099050026569,-4.627458700067116,-4.242114086307639,-3.781378093638588,-3.252765895810072,-2.664875096557728,-2.0272486966450187,-1.3502230629351952,-0.6447633134727434,0.07771126787581772,0.8055090155663647,1.5268519795181261,2.2300633811134607,2.903753452438479,3.5370007088761106,4.11952577769486,4.641855023458768,5.0954713730429395,5.472949946203429,5.768076338797429,5.97594568105274,6.093040898376267,6.117288932228649,6.048094028339364,5.886347563444606,5.63441425402432,5.2960949652890035,4.876566709974247,4.382300788451404,3.8209603685135005,3.2012791294444,2.5329228954506506,1.8263364534637097,1.0925779854230806,0.343143741700273,-0.41021426279803347,-1.1556746375574283,-1.8815341332542472,-2.576393311306437,-3.229337420293062,-3.8301096093230065,-4.3692737299204145,-4.838364143077152,-5.230020154180633,-5.538102942290294,-5.757793127840624,-5.885667429889415,-5.919753195636829,-5.859559935854053
5.950163276586873,6.014821562379544,5.984642550228949,5.860161046220192,5.643411729931343,5.337897204961901,4.948532781451937,4.481568863568279,3.9444921697310096,3.3459073487022457,2.695400865247112,2.003389309984907,1.280954534827412,0.5396682241427804,-0.20859132081765258,-0.9518272832869935,-1.6781143397436296,-2.3757875673777553,-3.0336272589409714,-3.6410367183954992,-4.188210221866828,-4.66628848407828,-5.067499168241198,-5.385280214157122,-5.614384031307305,-5.7509609066515734,-5.792620305935183,-5.73846909729655,-5.589126091338648,-5.346712666785768,-5.014819629458408,-4.598450828566555,-4.10394442228804,-3.538873038437764,-2.9119244101425217,-2.2327643755256066,-1.5118844095810349,-0.7604361012592173,0.009944804582092459,0.7873220155577365,1.5596470446086204,2.314949326430967,3.0415250887452023,3.7281219894722364,4.3641165980183745,4.939681912270444,5.445942260774638,5.875113139417134,6.22062377057751,6.4772204464087615,6.641049022277205,6.7097152566516005,6.6823220446337555,6.559482958315727,6.343311882434578,6.037388912430808,5.6467030580028705,5.177572662631838,4.6375448025064205,4.035275261216754,3.3803909842298614,2.683337194634318,1.9552115945486745,1.2075882810760108,0.4523341685134322,-0.2985791728923619,-1.0332652788964434,-1.7401111459878522,-2.4079611934763703,-3.0262939173321524,-3.585388436221371,-4.076478290609344,-4.491890058072348,-4.825164588866802,-5.071158941530566,-5.226127404465954,-5.287780321223535,-5.255319789309382,-5.129451669193271,-4.912373715982604,-4.607740024987494,-4.2206023581276195,-3.7573292848617834,-3.225504423238205,-2.633805398184368,-1.9918654400195843,-1.3101198215282919,-0.5996395724075931,0.12804488831655342,0.8611274014271839,1.5877140822823637,2.296012716102463,2.9745205268559505,3.6122073387170373,4.198691222265872,4.724403836938685,5.180742844818517,5.560208976090044,5.856525570108278,6.064738694184087,6.181296250455348,6.2041048146993605,6.1325633043574195,5.967572940778393,5.711523346908685,5.36825500039209,4.942998637284196,4.442292567379126,3.8738792126871275,3.246582510328674,2.57016812479287,1.8551886873282633,1.112816517863948,0.35466648352985236,-0.40738819559399564,-1.1614042709011638,-1.895557931656845,-2.5983324069781646,-3.2587007265056687,-3.8663007396012605,-4.411599615640558,-4.88604521475976,-5.282201926620662,-5.593868821069708,-5.816178235079898,-5.945673230627873,-5.980362693251169,-5.919753195636829
5.920058000259615,5.984642550228949,5.954934133307654,5.831467483412485,5.616269245823658,5.312826194639121,4.926030305798282,4.462101553748447,3.928489652718511,3.333756297116983,2.687439764501896,1.9999040239860566,1.2821747384172921,0.5457647563226379,-0.1975081438595807,-0.9357083719520647,-1.6569715442179354,-2.3496924089738593,-3.002708704278085,-3.6054780366649317,-4.148244980323752,-4.622195750892793,-5.019598004704267,-5.33392354976138,-5.559952025221366,-5.6938539074168935,-5.733251527700778,-5.677257135463343,-5.5264874030368585,-5.283054142113479,-4.950531377858144,-4.533899301133796,-4.0394659852485155,-3.474768105588561,-2.8484522328459523,-2.1701385780231535,-1.4502693451331117,-0.6999440911136279,0.06925530191505885,0.8454472725568862,1.6166379542023401,2.370910312477955,3.096612053494071,3.7825393298616956,4.418113338080178,4.99354701354494,5.499999186305588,5.929713759336617,6.276141708321055,6.534043974036175,6.699573621062686,6.770335964922591,6.7454257186872075,6.62544057406006,6.41247100516585,6.110066459855673,5.723178477305197,5.25808163611337,4.722273588214684,4.124355765135382,3.473896649205013,2.7812797784278738,2.057538895448658,1.3141828545797127,0.5630130629666559,-0.18406364991694435,-0.9152237680117393,-1.6189144379920177,-2.284036462698345,-2.9001200384869787,-3.4574904515440563,-3.9474211076097796,-4.362271470582614,-4.695607724941906,-4.942304251043076,-5.098624306758593,-5.162278638833456,-5.132461097465426,-5.009860692455074,-4.7966499030124465,-4.49644943002787,-4.114269953337765,-3.656431821313685,-3.130463950185833,-2.5449835403265078,-1.9095585210304078,-1.2345549093083799,-0.5309715075105049,0.18973543458396702,0.9158348084169985,1.6355075862858006,2.33703514325738,3.0089859708255235,3.6403978173957814,4.220952363359961,4.7411396570959425,5.192409700820471,5.5673087792502445,5.859598366252493,6.064354721245541,6.178047593652507,6.198596785352265,6.125405672546944,5.9593711541967975,5.7028698683561085,5.359720894440205,4.93512553268486,4.435585115903135,3.868798157326994,3.2435384663093956,2.5695161657525514,1.85722381652757,1.1177700905531478,0.36270363185727916,-0.39617009927940566,-1.1469760925772712,-1.8779581925823663,-2.577665652084743,-3.2351348734408876,-3.8400634533722817,-4.382973768835244,-4.855363507406,-5.249840752665829,-5.560241480019637,-5.781727597350221,-5.9108639734741075,-5.945673230627873,-5.885667429889415
5.796608123254547,5.860161046220193,5.831467483412485,5.711054293390944,5.500908671142817,5.204447034853225,4.826461258149733,4.373043097188198,3.851488007341726,3.2701798707280436,2.638458458191955,1.9664717228606559,1.2650152626796844,0.5453614926116523,-0.1809187697788699,-0.9021394814040433,-1.6066844139341567,-2.2831911282206647,-2.9207309705775897,-3.508982241525888,-4.0383937956063285,-4.500336482268896,-4.887240030251639,-5.192713208222307,-5.411645359123118,-5.540287700441655,-5.57631310286171,-5.518853400356156,-5.368513640377814,-5.127363047753543,-4.7989028444151485,-4.388011433373534,-3.9008678135631203,-3.3448544366812336,-2.728441042469565,-2.0610513098829015,-1.3529144335002194,-0.6149039730511618,0.1416334747176589,0.9050570716145517,1.6636151726950301,2.405630498431772,3.119684115326847,3.7947953149035705,4.420594546054118,4.987486665794877,5.486801926852315,5.9109323147413475,6.253451079031392,6.5092135696500035,6.674437785137815,6.7467633610543665,6.725288068156382,6.610581246122651,6.404673963843499,6.1110260658444195,5.734470630435783,5.2811367228765835,4.758351670543496,4.174524411361947,3.5390117664454834,2.861969758253622,2.1541923323316077,1.4269400400837653,0.6917613988937982,-0.039690238280021495,-0.7558414007782575,-1.4453818776101452,-2.097443847843609,-2.7017739251090997,-3.248895389886849,-3.7302580390477234,-4.138373278675156,-4.466932320396546,-4.710905609584622,-4.86662191160309,-4.931825805044417,-4.905712673522894,-4.788940644609585,-4.583619290264234,-4.293275271830882,-3.9227954784685486,-3.4783485649822614,-2.967286137736134,-2.398025160230329,-1.779913447882894,-1.1230803898462953,-0.4382752700480108,0.2633042436448291,0.9701907172990716,1.6708298382996944,2.3537646670643824,3.0078183263677736,3.6222722264680813,4.187036995201325,4.692813398112951,5.131240692694244,5.4950300603566395,5.778080996743203,5.975578811581282,6.084071689227386,6.101526085583445,6.027359581020556,5.86245066687252,5.609125309274524,5.271120502810219,4.8535253917399865,4.362700892717308,3.8061790942058518,3.1925440288710956,2.5312957109416976,1.8326995962255759,1.107623853907381,0.36736703277679916,-0.3765211429292805,-1.1124230037622063,-1.8288372830787833,-2.514561656709079,-3.158870576741473,-3.751685576467568,-4.283735342898046,-4.746703015527213,-5.133358372611792,-5.437672805923787,-5.654915257934036,-5.781727597350219,-5.816178235079897,-5.757793127840623
5.581824744749053,5.643411729931343,5.616269245823658,5.500908671142817,5.2992470376904075,5.014577078066185,4.651515467262582,4.215930075289191,3.714847380403299,3.156341506746699,2.5494066412339818,1.9038148477957209,1.2299615283833167,0.5387009758293219,-0.15882537936891705,-0.851365310497999,-1.5277339337174167,-2.1769908256271933,-2.788613316212847,-3.3526632144993087,-3.859944328093045,-4.302148283408224,-4.671986338451136,-4.963305101646699,-5.1711843248218425,-5.292015222081781,-5.323558074436363,-5.2649782077770935,-5.116859773983813,-4.881197116136747,-4.5613638534673475,-4.162060174186374,-3.689239169102379,-3.1500133705318945,-2.5525429741572,-1.9059075112536115,-1.2199630005006603,-0.5051868382679074,0.22748711980736352,0.9668406780256152,1.7015478988539263,2.420353387657877,3.1122494448500455,3.7666492844174995,4.373553580169487,4.923707706768848,5.408747190003853,5.821329067489851,6.155247084107505,6.405528902456018,6.568513793375439,6.64190958066448,6.624827942597791,6.517797515529864,6.322754596336474,6.043011595124646,5.683203741921911,5.249214895356628,4.748083632209584,4.187891108911687,3.577632474636944,2.927073876020482,2.2465973215914365,1.5470358661334818,0.8395017283248773,0.13521006673519875,-0.5546987922071667,-1.2193358564034589,-1.8482359029627937,-2.4315231130577515,-2.9600672821220435,-3.4256281304461194,-3.8209854281606073,-4.1400528737826106,-4.377973923366518,-4.531198053762457,-4.597536253999653,-4.576194868454813,-4.467787259009066,-4.274323105390807,-3.9991755177621453,-3.647026487702162,-3.2237915474836347,-2.7365248374755353,-2.193306092394298,-1.6031113440374276,-0.9756693965085692,-0.3213063556810172,0.34921931583690646,1.0248885966865517,1.6945978274786826,2.347335958710371,2.972360309399962,3.5593680437343,4.0986606411332955,4.581298746503499,4.999244940307213,5.345492159988781,5.614175732228159,5.800667235814078,5.901648703511296,5.915165983556351,5.840660412395162,5.6789782947190375,5.432358039293301,5.104395153910101,4.699985654399613,4.225248785420696,3.6874302792810827,3.0947876880937653,2.4564596092548134,1.782320880010864,1.0828260397121892,0.368843544684719,-0.34851663245486064,-1.05807928210249,-1.748781316978767,-2.409847395588348,-3.0309610214057523,-3.6024284010616645,-4.1153324596133585,-4.561674567084392,-4.934501725372412,-5.228017195256286,-5.437672805923791,-5.560241480019639,-5.59386882106971,-5.538102942290296
5.279171445727159,5.337897204961901,5.312826194639122,5.204447034853225,5.014577078066185,4.74633409082269,4.4040873227425115,3.9933887347148422,3.5208854724134397,2.994214968250334,2.421884329987793,1.8131359230783897,1.1778012724627007,0.5261455945628037,-0.13129458135951336,-0.783878133806654,-1.4210277740913637,-2.0323975112039423,-2.6080365069507345,-3.1385467288170426,-3.61523190603824,-4.030235431867649,-4.376665029830435,-4.648702211081807,-4.841694790530746,-4.952230997339639,-4.978194006524832,-4.918796028055657,-4.774591413179966,-4.547468569575975,-4.240620812093066,-3.858496608994773,-3.4067300094855866,-2.8920523517342374,-2.3221866466415033,-1.7057263065579806,-1.0520001357029594,-0.3709257162540567,0.3271464924671032,1.0315958774973202,1.731698646402811,2.4167964129876376,3.076463730051437,3.700671921506763,4.27994662485553,4.805516554676118,5.269451136811705,5.664784839177934,5.985626235736522,6.227250081879146,6.3861709484098075,6.460197253248256,6.448464840283176,6.351449578571044,6.1709587871803375,5.910101626164822,5.573238927106818,5.165913262130298,4.6947603630896815,4.167403297838733,3.592331083398256,2.978763662146224,2.3365053829458047,1.6757893109833775,1.007114835125711,0.34108114752118435,-0.3117807647185442,-0.9411749526482465,-1.5372035192634366,-2.0905232306108887,-2.5924932427416385,-3.035311604173609,-3.412138371802719,-3.717203390761256,-3.9458970322010254,-4.094842453517866,-4.161948238843467,-4.146440589058699,-4.048874555189836,-3.871124141684936,-3.616351441454163,-3.288955297371917,-2.894500309897781,-2.4396273224185006,-1.931946809891846,-1.3799168677170566,-0.7927077421567137,-0.18005505720930381,0.4478959278112877,1.0807525534435662,1.7080409084853108,2.3193732501325957,2.90461403429388,3.4540419167396186,3.9585051498805837,4.4095679049971235,4.799645193999456,5.122124245993637,5.3714704091813,5.543315894514242,5.6345299501514,5.643269350795358,5.569008398731739,5.412547958890568,5.17600338332348,4.862771515855546,4.477477299998448,4.025900837226361,3.5148860532715704,2.952232422262973,2.3465714676685905,1.7072300008411003,1.044082268663839,0.36739335801082784,-0.3123436563284394,-0.9845742341540789,-1.6388499182902965,-2.2649942480381284,-2.8532644025674414,-3.394506006832268,-3.8802986410108566,-4.303089741921688,-4.656314769005962,-4.934501725372413,-5.133358372611796,-5.249840752665833,-5.282201926620664,-5.230020154180637
4.893509654509959,4.948532781451937,4.926030305798282,4.826461258149733,4.651515467262582,4.4040873227425115,4.088230444414975,3.7090939727780055,3.2728414859279122,2.786553823420291,2.258117352333872,1.6960994413112047,1.1096131109104483,0.5081730000120812,-0.09845507442757487,-0.7004085854729237,-1.2878843494823051,-1.8512936966633209,-2.381414304841173,-2.8695362950212298,-3.3076002779672815,-3.6883251682107856,-4.005323743639255,-4.253204122523652,-4.427655552468874,-4.52551715378513,-4.5448285292571615,-4.484861438969222,-4.346132038191883,-4.130393483616746,-3.840609023577693,-3.4809059964136426,-3.056511462929733,-2.5736704892287587,-2.0395483704223247,-1.4621183395554338,-0.8500365354760633,-0.21250620472557424,0.44086671736646094,1.1002243650181938,1.7556116582956254,2.3971325334709332,3.015105219743963,3.600214109869292,4.143655826255235,4.63727717605817,5.073702817232013,5.4464506203789345,5.7500329060080375,5.980041960364466,6.133218481807547,6.207501879857682,6.202061636225264,6.11730923683771,5.954890491350744,5.717658367002122,5.409626772027351,5.035906025326576,4.602621038875937,4.116813512925797,3.5863296969889324,3.0196954979855555,2.425980917059234,1.8146559653345267,1.1954403435761782,0.5781492691930428,-0.027462105257922698,-0.6118532159376018,-1.1658491049467816,-1.6807855378308432,-2.1486459221757466,-2.562187858444095,-2.915057318934635,-3.2018886472697745,-3.4183887960085446,-3.561404470278272,-3.6289711167477328,-3.620342985522897,-3.536003793060412,-3.3776578221947258,-3.148201605974144,-2.851676650267971,-2.493203951146996,-2.078901352072248,-1.6157850583614417,-1.111656877911511,-0.5749789837432275,-0.014738191999814187,0.5596980845712509,1.1387319155406024,1.7126885763398583,2.271971470904128,2.8072157890076723,3.3094384541528576,3.770181976969881,4.1816499260734386,4.536831861662181,4.829615744717676,5.0548860337992565,5.208605908974561,5.287882314756776,5.2910127870285635,5.21751331847942,5.068126818466913,4.84481203164364,4.55071309027089,4.190110182931957,3.7683521224736936,3.2917718836766814,2.7675864518133526,2.2037825726008426,1.6089902181324398,0.9923457786196922,0.3633471530980431,-0.2682969589501788,-0.8928211708636726,-1.5005584785569954,-2.082093823030272,-2.628413705698881,-3.131049479150595,-3.5822120362293517,-3.9749157567923974,-4.303089741921685,-4.56167456708439,-4.746703015527215,-4.855363507406,-4.88604521475976,-4.838364143077152
4.4310218530398595,4.481568863568279,4.462101553748447,4.373043097188197,4.21593007528919,3.993388734714842,3.7090939727780055,3.3677116962460825,2.9748254622288104,2.536848558604755,2.060922911920005,1.554806419211111,1.026750483465772,0.4853696875413295,-0.06049433413894914,-0.601912674866367,-1.1300103767591458,-1.6361068616015388,-2.1118533516446996,-2.5493651080464623,-2.941346396418816,-3.2812062037970087,-3.5631628774242308,-3.782336030749038,-3.9348242631898245,-4.017767464349726,-4.029392716921619,-3.9690430716547462,-3.837188738365041,-3.635420514781845,-3.3664255556435805,-3.0339458634478245,-2.64272015521843,-2.1984100222597918,-1.7075115479762806,-1.1772537785228305,-0.6154856486912569,-0.030553147745128073,0.5688313359864499,1.1737254294942785,1.7750967953369656,2.363964547812026,2.931539833219621,3.4693633557741985,3.96943767917185,4.424352216575543,4.827398937529483,5.1726769672296555,5.455184429338829,5.670896085363685,5.816825548319972,5.891071092446547,5.892844340233149,5.822481378896647,5.6814361363922306,5.472256127683496,5.198540960877772,4.864884265547646,4.476799967788917,4.040634084157345,3.563463435659793,3.0529828898207203,2.5173829202238607,1.9652194259647955,1.4052778757146196,0.8464339306466573,0.29751275589275705,-0.23285074940976203,-0.7363485883737899,-1.2051310038854255,-1.6319304367586462,-2.010176141280888,-2.3340976434409284,-2.5988154044491907,-2.800417255455348,-2.936019395417479,-3.0038109892957188,-3.003081664241815,-2.9342314731005477,-2.798763173017675,-2.5992569478409955,-2.3393279818451456,-2.0235675646780242,-1.6574686689900209,-1.2473371888101612,-0.8001902544567725,-0.32364324499453856,0.1742127012879765,0.6849407270590127,1.1998937756284718,1.7103534320698413,2.2076698751017214,2.6834007115806866,3.1294464834043483,3.538180689703745,3.902572254573329,4.216298490856491,4.473846761761544,4.670603221922697,4.80292722508276,4.8682102135903635,4.864918151748752,4.792616826800407,4.651979613820711,4.444777579691609,4.173852082199824,3.843070298688015,3.457264390157249,3.022155266960424,2.5442621671036645,2.030799483795201,1.4895624816651722,0.9288037178035033,0.35710213162106974,-0.2167731158159349,-0.784001888747909,-1.3358531965584581,-1.863823959041461,-2.3597742110201207,-2.8160565966520132,-3.2256380943141045,-3.5822120362293517,-3.8802986410108544,-4.115332459613357,-4.283735342898047,-4.382973768835244,-4.411599615640558,-4.3692737299204145
3.899113839002947,3.9444921697310096,3.928489652718511,3.8514880073417257,3.714847380403299,3.5208854724134397,3.2728414859279122,2.974825462228811,2.631753803818198,2.2492719987676613,1.8336657654719999,1.391762019591269,0.930821226035713,0.45842283520749333,-0.017654387792277987,-0.48955525138203665,-0.949472302504147,-1.389769307419101,-1.8031020979304062,-2.182534874139877,-2.521650126455961,-2.814650440229969,-3.0564505744832435,-3.2427583596862943,-3.3701431360309475,-3.4360906503085404,-3.4390435432625672,-3.3784267867447446,-3.2546576675755774,-3.0691401589406038,-2.8242437665891442,-2.5232671821508204,-2.170387315677005,-1.7705945102632001,-1.3296149596704328,-0.8538215517967589,-0.3501345434654668,0.17408636758839735,0.7111568719692688,1.2531879687391787,1.7922090858178505,2.3202924597255885,2.8296768140310378,3.3128883871339756,3.762857402071398,4.1730281432202085,4.5374609059427655,4.850924213786191,5.108975851773254,5.308031441181528,5.44541947820626,5.5194219729288925,5.529300052687134,5.475304131665879,5.358668492544323,5.181590372485523,4.947193890742978,4.65947939480972,4.323259032556055,3.9440795755440514,3.528133720221695,3.0821612757947463,2.613341807363545,2.129180437860709,1.6373886202920303,1.1457617710516006,0.6620557043914621,0.1938638266891315,-0.2515029633272574,-0.6671317655746005,-1.0466167315209587,-1.3841599522162942,-1.6746625845777952,-1.913804774311573,-2.0981131119799192,-2.2250145569035835,-2.2928759786781083,-2.301028694669789,-2.249777620311885,-2.140394893558865,-1.975098081591859,-1.7570133228814715,-1.4901239971111222,-1.179205745439045,-0.8297488804735615,-0.44786942570440225,-0.0402102047856332,0.38616644087146024,0.8238925947791543,1.2654135511748263,1.7031095499579685,2.1294185200728233,2.5369578748137447,2.9186434178214395,3.267803464710546,3.5782863615876743,3.8445596869702356,4.061799556124338,4.225968604496317,4.333881407207633,4.38325629164742,4.372752716846954,4.301993623107807,4.171572394624047,3.9830443227810024,3.7389027045322814,3.442539954827405,3.098194350594981,2.7108832524866364,2.286323865818689,1.8308428004894175,1.3512758679477184,0.8548597087096836,0.3491169739947133,-0.15826311228391227,-0.6595469113169988,-1.1470793037156672,-1.6134054445583117,-2.051389401955453,-2.4543277912883545,-2.8160565966520137,-3.131049479150595,-3.394506006832266,-3.6024284010616636,-3.751685576467569,-3.8400634533722817,-3.8663007396012605,-3.8301096093230065
3.3062975907066083,3.345907348702246,3.3337562971169836,3.270179870728044,3.1563415067466996,2.994214968250334,2.7865538234202916,2.5368485586047553,2.2492719987676617,1.9286138937827175,1.5802057003641352,1.2098367444863183,0.8236630854845212,0.42811051849511994,0.029773244665722925,-0.3646901928213477,-0.7486620654944571,-1.115670050236067,-1.4594896036939973,-1.7742425051233695,-2.0544900126149606,-2.2953191625034624,-2.4924208497892875,-2.642158456942246,-2.7416259474372993,-2.78869450644833,-2.782046991672919,-2.721199649428749,-2.6065107519177158,-2.4391760177285184,-2.2212108859899695,-1.9554199218083674,-1.6453538334547595,-1.295254777012929,-0.9099908087771474,-0.4949805166901382,-0.056109016839621884,0.40036336295322383,0.8678982752625058,1.3397808912286993,1.8092241867449557,2.2694743354892464,2.7139155503817562,3.136172723959305,3.530210253095249,3.890425493904368,4.211735377606081,4.489654826237876,4.720365736709687,4.900775450725757,5.028563794223176,5.102217950564709,5.121054623928389,5.085229150123682,4.995731418263194,4.854368675073252,4.66373549084343,4.427171368819018,4.148706675023781,3.832997749975036,3.485252234598644,3.111145797161581,2.7167315837653874,2.308343829731702,1.8924971612386123,1.4757831843706313,1.0647660012450322,0.6658783093936056,0.28531973084296025,-0.07104101850387323,-0.39775856996461734,-0.6898964903919114,-0.9431046636174907,-1.1536872416045003,-1.3186600919709428,-1.4357968356737798,-1.5036627501597972,-1.52163600631545,-1.4899159090181813,-1.409518017805274,-1.282256232847829,-1.110712138728676,-0.8981921011767433,-0.648672806681748,-0.3667361187022258,-0.05749429406060291,0.27349324361397986,0.6203102423226989,0.9767796279231324,1.3365636440300273,1.6932665258821058,2.040538068347471,2.3721764342365095,2.682228561426476,2.9650865657800867,3.2155786008482856,3.429052723865481,3.6014524291628804,3.7293826430636345,3.8101651264635734,3.8418824002188696,3.823409491465231,3.7544329931660494,3.635457131435815,3.467796742287626,3.253557268111329,2.9956020910779806,2.6975077224928703,2.3635075606697793,1.9984251120926662,1.6075977385681548,1.1967921440814648,0.7721129467476389,0.33990579150602207,-0.09334345371333952,-0.5211118131001397,-0.936942987127128,-1.33455015270446,-1.7079161417292705,-2.0513894019554533,-2.359774211020121,-2.6284137056988817,-2.85326440256744,-3.030961021405752,-3.1588705767414744,-3.235134873440888,-3.258700726505669,-3.2293374202930623
2.662056588956603,2.6954008652471124,2.687439764501896,2.638458458191955,2.5494066412339818,2.421884329987793,2.258117352333872,2.060922911920005,1.833665765472,1.5802057003641352,1.3048371370995655,1.012221805791071,0.7073155551957665,0.3952904456183714,0.08145335159531962,-0.228837644467899,-0.5302577514796705,-0.8175995311403885,-1.0858551978698552,-1.330295860885787,-1.5465464601139556,-1.7306552152603232,-1.8791564936268417,-1.989126105743238,-2.0582281569834473,-2.0847527161586,-2.0676437065342244,-2.00651657853038,-1.901665484106307,-1.7540598379732617,-1.565330317720066,-1.3377445210464183,-1.0741726609645634,-0.7780438364898168,-0.4532935645292664,-0.1043033960637465,0.26416643586090927,0.6470502793191537,1.0390550880006635,1.4347419824023293,1.8286100676421668,2.2151811925139686,2.5890843198085096,2.945138184277431,3.2784309418111226,3.5843955610152234,3.858879775653731,4.09820950232269,4.299244730876066,4.45942701392164,4.576817814270072,4.650127113467223,4.6787318381961835,4.662683821980045,4.602707184716241,4.500185179524234,4.357136722555385,4.176182984173224,3.9605045766919513,3.71379002218226,3.440176321369176,3.144182569179172,2.8306376720690456,2.504603315148443,2.171293401815455,1.8359912439713537,1.5039658159826579,1.1803883998531142,0.8702509423208828,0.5782874169068879,0.3088994357409063,0.0660872880402743,-0.1466125045154829,-0.3261821292132301,-0.47016905384402596,-0.5767234950322289,-0.6446261950665737,-0.673306073322322,-0.6628474796385377,-0.6139869426214588,-0.5280994731489788,-0.40717464968885286,-0.25378287476519934,-0.07103234842107775,0.13748254766560586,0.367740625007158,0.615360068160574,0.8756703574077235,1.1437887807076181,1.4147003084184178,1.6833395509041997,1.9446734861781465,2.1937836327164684,2.425946351698528,2.636709993043107,2.821967650237623,2.9780243592884226,3.101657666032451,3.19017059212396,3.2414361515502588,3.253932704596892,3.2267695826182585,3.1597025724363137,3.0531390112058148,2.9081324085631968,2.72636668016895,2.5101302426907504,2.262280382209701,1.9861984633821927,1.6857366929784172,1.3651572863136798,1.0290650064416735,0.6823341518566018,0.33003115716885817,-0.022665958634587396,-0.37055001127342735,-0.7084676225552422,-1.0314014199955661,-1.33455015270446,-1.613405444558312,-1.8638239590414611,-2.082093823030272,-2.264994248038127,-2.4098473955883475,-2.51456165670908,-2.577665652084743,-2.598332406978165,-2.5763933113064375
1.9766957281311677,2.003389309984907,1.9999040239860566,1.9664717228606559,1.9038148477957209,1.8131359230783897,1.6960994413112047,1.5548064192111113,1.391762019591269,1.209836744486318,1.012221805791071,0.8023793716437686,0.5839884676531415,0.36088738067252657,0.1370134680871146,-0.08365868336481325,-0.2971797790115285,-0.4996880367380633,-0.6874701298590306,-0.8570198955215079,-1.005093886658205,-1.1287628948693642,-1.225458634676099,-1.293014855364119,-1.3297022339313789,-1.334256500092549,-1.30589935034484,-1.2443518210967968,-1.1498399090290177,-1.0230923483375767,-0.8653305774005362,-0.6782510497765708,-0.46400016437296854,-0.22514220522698447,0.0353792091830889,0.31428556555908194,0.6080130906204596,0.9127668061535006,1.2245781601419075,1.5393653339704814,1.852995283939062,2.161346548348499,2.460371839648149,2.746159444750786,3.0149924755709647,3.2634050458311936,3.4882344986754648,3.6866688718730574,3.8562888624122245,3.9951036388978105,4.1015799470210155,4.174664058943607,4.213796230075372,4.218917444652863,4.190468352895344,4.129380425410663,4.037059473014233,3.9153618002778314,3.766563377046008,3.5933225220158747,3.3986366945341375,3.185794083408025,2.9583207632856667,2.7199242587385517,2.474434412466939,2.2257424961509247,1.9777395297108207,1.7342547866812894,1.4989954598468365,1.2754884422799688,1.0670251447613002,0.8766102217775475,0.7069150156568353,0.5602364528992614,0.43846203958961194,0.3430415053196847,0.2749655388473151,0.234751945465679,0.2224394375518377,0.23758914789535002,0.2792938321186629,0.34619460375813604,0.43650492533752994,0.5480414629557204,0.6782613023787658,0.8243049231252965,0.9830442351879733,1.1511349023132147,1.3250721074593599,1.5012488612647172,1.6760159139596107,1.845742305798622,2.006875581177462,2.1560006972926007,2.289896679409974,2.4055901111917444,2.5004045995042765,2.5720054178786658,2.6184386102793438,2.6381639258141796,2.6300810540646204,2.5935487382391895,2.5283964576348037,2.434928490096848,2.3139202873910527,2.1666072196807837,1.9946658676686317,1.8001881604530148,1.5856487718572638,1.3538662960763461,1.1079588232273272,0.851294625191116,0.5874387405610808,0.32009631331835897,0.05305359198532944,-0.2098824663614673,-0.4649450203071015,-0.7084676225552445,-0.9369429871271308,-1.1470793037156706,-1.3358531965584621,-1.5005584785569996,-1.6388499182903,-1.7487813169787711,-1.8288372830787887,-1.8779581925823714,-1.89555793165685,-1.8815341332542523
1.2611781928265344,1.2809545348274123,1.2821747384172923,1.2650152626796847,1.229961528383317,1.1778012724627007,1.1096131109104486,1.0267504834657721,0.9308212260357132,0.8236630854845213,0.7073155551957665,0.5839884676531416,0.45602783129506663,0.32587944227863413,0.19605083686387093,0.06907217635400179,-0.05254332650520138,-0.16633882331523048,-0.2699524738345709,-0.3611547154143918,-0.43788357684627527,-0.4982774856580039,-0.5407050567371752,-0.5637913969902841,-0.5664405148231266,-0.5478534837108268,-0.5075420750671757,-0.4453376459937881,-0.36139514119195626,-0.2561921442051325,-0.13052299004554224,0.014511972052673627,0.17752180171250698,0.35684483954663937,0.5505727225200515,0.7565781724405982,0.9725461289622848,1.1960077466480459,1.4243767312820323,1.6549874544360172,1.885134257843616,2.112111340847566,2.3332526153452067,2.5459709134046915,2.7477959430499803,2.9364104074580544,3.1096837316723156,3.2657028784654036,3.4027997806008448,3.5195749697379703,3.6149170417749312,3.688017663603497,3.738381896041294,3.7658336810232753,3.7705164168293317,3.7528886220147495,3.7137147655900984,3.6540514166607876,3.5752289399943518,3.4788290336822656,3.3666584701026334,3.240719460742332,3.1031771181610917,2.9563245336376265,2.802546026107485,2.6442791462899655,2.4839760389512517,2.324064775752449,2.166911270924755,2.014782382093837,1.8698107790903729,1.733962134834841,1.6090051548216913,1.4964849159417166,1.397699932095566,1.3136833041101552,1.2451882458262602,1.1926782079250524,1.1563217472259273,1.1359922129979947,1.1312722445028613,1.141462996766832,1.1655979357058994,1.2024609704164915,1.2506086208784122,1.3083958546140124,1.3740051670522582,1.4454784284064108,1.5207509756276905,1.5976873921592647,1.6741183913639759,1.7478782020695387,1.8168418469480614,1.878961706547602,1.9323027736879457,1.9750760244281333,2.0056693625617545,2.0226756340997154,2.0249172558200526,2.0114670569298263,1.9816649943061733,1.9351304686691215,1.8717700403065223,1.791780417470146,1.695646667088399,1.5841356747602087,1.458284957859032,1.3193870107468464,1.1689694333642282,1.0087711626613218,0.8407151893687261,0.6668781994647424,0.48945762946339133,0.3107366665290311,0.13304775774822633,-0.04126478287380836,-0.20988246636146823,-0.3705500112734298,-0.5211118131001427,-0.6595469113170025,-0.7840018887479132,-0.8928211708636774,-0.9845742341540833,-1.058079282102495,-1.112423003762212,-1.1469760925772767,-1.1614042709011694,-1.1556746375574338
0.5269518829809986,0.5396682241427804,0.5457647563226379,0.5453614926116523,0.538700975829322,0.5261455945628037,0.5081730000120812,0.48536968754132953,0.4584228352074934,0.42811051849511994,0.3952904456183714,0.36088738067252657,0.32587944227863413,0.29128348285685723,0.2581397680217219,0.22749618659977644,0.20039222926262454,0.17784297763547727,0.16082334592826641,0.15025281364413723,0.14698088080573052,0.15177346651485912,0.16530045769058854,0.18812459772921558,0.22069188485879454,0.2633236274250285,0.3162102785868895,0.3794071462942781,0.4528320463686927,0.5362649374344174,0.6293495467901346,0.7315969665153692,0.8423911696204804,0.960996367315931,1.0865661009275889,1.2181539360334153,1.3547256024327359,1.495172401942665,1.6383256870723157,1.7829721976402775,1.9278700296161981,2.0717650010779955,2.2134071743265658,2.3515672909814898,2.4850528783321915,2.6127237903220735,2.7335069552267726,2.8464101142263085,2.9505343504866643,3.045085226831435,3.129382371324205,3.202867373779529,3.265109882018723,3.3158118141965405,3.354809632328739,3.3820746518092735,3.3977113917649544,3.401954001091955,3.395160824487974,3.3778072012777374,3.3504766168815934,3.31385035197157,3.268695797296701,3.2158536224738388,3.156224004404468,3.090752135110222,3.020413239447463,2.9461973401858503,2.8690940111960788,2.790077358926085,2.7100914679527133,2.630036538238167,2.5507559299202303,2.4730243162040546,2.3975371264410366,2.3249014400694654,2.255628468094803,2.1901277325902617,2.1287030267246783,2.071550208528953,2.0187568514723693,1.9703037444294023,1.9260682032767662,1.8858291266690026,1.8492736999888253,1.8160056245278329,1.7855547240701213,1.757387758638411,1.730920255591426,1.7055291518571074,1.6805660281210426,1.6553707064779661,1.6292849775498393,1.6016662214668478,1.5719006894221492,1.539416218706155,1.5036941640954056,1.464280342045198,1.4207948010845364,1.3729402518506437,1.3205090129909403,1.2633883543201716,1.2015641457272441,1.1351227489266007,1.0642511187646997,0.9892351109294244,0.9104560230673682,0.8283854259901691,0.7435783703543781,0.6566650814554658,0.5683412801359231,0.47935729085332635,0.3905061183089862,0.30261069136946006,0.2165104870403388,0.1330477577482257,0.05305359198532794,-0.022665958634589922,-0.0933434537133424,-0.15826311228391576,-0.216773115815939,-0.2682969589501833,-0.3123436563284439,-0.3485166324548655,-0.376521142929286,-0.396170099279411,-0.40738819559400113,-0.41021426279803885
-0.21423186399703692,-0.20859132081765264,-0.19750814385958076,-0.18091876977886995,-0.15882537936891705,-0.13129458135951336,-0.0984550744275749,-0.06049433413894917,-0.017654387792278015,0.029773244665722953,0.08145335159531962,0.1370134680871146,0.19605083686387093,0.2581397680217219,0.32283926741185204,0.3897007991099945,0.458276045353444,0.5281245275856935,0.5988209548401908,0.6699621705804013,0.7411735762177878,0.812114918738729,0.8824853410355792,0.9520276064718645,1.0205314237014642,1.0878358135633683,1.1538304767203644,1.2184561383155552,1.2817038639843337,1.3436133597713826,1.404270286548472,1.463802637096848,1.5223762408023362,1.5801894766186841,1.6374672893096511,1.694454616729726,1.7514093468212035,1.8085949318968195,1.8662727944822501,1.9246946633892716,1.9840949806959483,2.044683519884282,2.1066383525301315,2.170099295698992,2.2351619646606022,2.3018725458212743,2.370223393049624,2.4401495370381134,2.5115261822301944,2.5841672494085905,2.6578250045651544,2.73219079645454,2.806896906583317,2.881519496619717,2.9555826196452832,3.028563243621488,3.09989721821533,3.1689861000060873,3.2352047363484058,3.2979094950380583,3.356447015629912,3.410163348975527,3.4584133444269156,3.500570139303992,3.5360346027170264,3.5642445857045653,3.584683831884388,3.5968904073743353,3.6004645155379436,3.595075571028026,3.5804684184878326,3.5564685939423106,3.522986541163083,3.4800207108883603,3.427659487473493,3.3660819050742363,3.2955571335485865,3.2164427326235607,3.1291816912289896,3.0342982869723585,2.9323928182455834,2.824135278155868,2.7102580551128783,2.5915477592561253,2.468836286763354,2.342991245260791,2.214905872903073,2.0854885910764294,1.9556523360046034,1.8263038177345425,1.69833285601091,1.572601941408749,1.4499361668067463,1.3311136689047378,1.2168567121023048,1.107823537772957,1.0046010909284968,0.9076987236333607,0.8175429604832023,0.7344733962093226,0.6587397792308161,0.5905003179829345,0.5298212293470966,0.47667753074588237,0.43095505969981374,0.39245368712617956,0.3608916736449598,0.33591110188741047,0.31708430251341113,0.3039211775549794,0.29587731201963385,0.292362753593153,0.2927513309390432,0.29639037363938275,0.3026106913694603,0.3107366665290313,0.3200963133183587,0.33003115716885817,0.33990579150602207,0.34911697399471336,0.3571021316210698,0.3633471530980431,0.3673933580108278,0.36884354468471914,0.3673670327767992,0.3627036318572792,0.3546664835298524,0.343143741700273
-0.950504383491103,-0.9518272832869935,-0.9357083719520647,-0.9021394814040433,-0.851365310497999,-0.783878133806654,-0.7004085854729237,-0.601912674866367,-0.48955525138203665,-0.3646901928213477,-0.22883764446789895,-0.08365868336481325,0.06907217635400181,0.22749618659977647,0.3897007991099945,0.5537508324404384,0.7177198631754308,0.8797213290521939,1.0379388366913054,1.190655179854355,1.3362795954044264,1.473372813086857,1.6006694914133428,1.7170976747407791,1.8217949553969945,1.9141210786310294,1.9936667863830209,2.0602587574339903,2.1139605654094504,2.1550696413334345,2.1841102928997724,2.2018228972781717,2.2091494470494135,2.2072156887417718,2.1973101494410514,2.180860398153751,2.1594069341785977,2.1345751339398578,2.1080457199138722,2.0815242399106944,2.0567100616511116,2.035265396031717,2.01878486255755,2.008766102140589,2.006581925947661,2.013454464502047,2.030431749198576,2.0583671193049344,2.097901802029549,2.149450962080063,2.213193461149089,2.289065507856246,2.3767583158207977,2.475719822757377,2.585160457827775,2.704062879006476,2.83119553798345,2.96512986816928,3.104260832680534,3.246830514708044,3.390954383277477,3.534649823886858,3.67586648653919,3.812517973863094,3.9425143697970793,4.0637950950475625,4.174361569433035,4.272309163381963,4.35585793121374,4.423381637224048,4.473434611715115,4.504776007533571,4.516391067865568,4.507509062347821,4.477617600246868,4.426473085717868,4.354107140090288,4.260828878797467,4.147222994987381,4.014143667015119,3.862704371907273,3.6942637504950104,3.510407731249115,3.3129281779668105,3.1037983804594322,2.88514575643943,2.659222176150729,2.4283723582630197,2.195000815592319,1.9615378518585036,1.73040512560132,1.5039813043244838,1.2845683308199614,1.0743588144624394,0.875405043201268,0.6895900872790158,0.5186014337536533,0.36390755218818605,0.22673774699320282,0.10806560155459044,0.008596264224899786,-0.07124223265126184,-0.1313034913641875,-0.17172303965912417,-0.19291439315967696,-0.19556095369130455,-0.18060387170542003,-0.14922606294076357,-0.10283262847146946,-0.04302798246893752,0.028409957506249917,0.10955811784772096,0.19837871519847028,0.2927513309390432,0.3905061183089855,0.48945762946339055,0.5874387405610799,0.6823341518566017,0.7721129467476389,0.8548597087096836,0.9288037178035033,0.9923457786196922,1.0440822686638385,1.082826039712189,1.107623853907381,1.1177700905531478,1.112816517863948,1.0925779854230806
-1.6700676791123517,-1.6781143397436296,-1.6569715442179354,-1.6066844139341567,-1.5277339337174167,-1.4210277740913635,-1.2878843494823051,-1.1300103767591458,-0.949472302504147,-0.748662065494457,-0.5302577514796704,-0.2971797790115285,-0.052543326505201327,0.20039222926262454,0.458276045353444,0.7177198631754308,0.9753525040852193,1.227873930079239,1.4721079969372144,1.7050530485897837,1.9239295365975309,2.126223896892067,2.3097279765708976,2.4725733755868657,2.6132601504750212,2.7306794184939873,2.8241294992592327,2.8933253355242883,2.9384010435391836,2.959905554630243,2.958791421508562,2.9363969735206306,2.8944221128162644,2.8348981464850755,2.7601521464371457,2.6727664176121326,2.5755337345571365,2.471409075231362,2.363458637961057,2.2548069718574837,2.1485830820048024,2.047866387821922,1.9556334159253934,1.8747060975217684,1.8077025150201678,1.756990903588733,1.724647661412142,1.712420058281478,1.721694256898315,1.7534691761169658,1.8083366316565834,1.8864680890987873,1.987608257869468,2.1110756450929955,2.255770076469143,2.420187079451687,2.6024389137972515,2.800281927768556,3.011149816625133,3.2321922651396426,3.460318369250334,3.6922441549774265,3.924543446612834,4.153701281983931,4.376169031145283,4.588420346815346,4.787007060681424,4.968614139557784,5.1301128292877545,5.268611141997045,5.381500883380445,5.466500470475199,5.521692855980257,5.545557951574648,5.5369990286563375,5.4953626691020805,5.420451939550189,5.3125325687395355,5.1723320169305165,5.001031437665807,4.800250643356013,4.572026295655304,4.318783647612714,4.043302265490556,3.748676252358438,3.4382695816325866,3.115667225296919,2.7846228274249576,2.449003727798691,2.1127341820518515,1.7797376532077873,1.4538790642972668,1.138907902702383,0.8384030539677657,0.5557202162524448,0.2939427067806206,0.055836419206997334,-0.1561903734410761,-0.3401217506480221,-0.49436287623512953,-0.617762288280115,-0.7096274052076477,-0.7697330113801415,-0.798322594465071,-0.7961025178018497,-0.7642291222124367,-0.7042889614640007,-0.618272482190194,-0.5085415608486605,-0.3777914056493411,-0.2290074188426543,-0.06541769294240213,0.10955811784772096,0.292362753593153,0.47935729085332535,0.6668781994647413,0.8512946251911145,1.0290650064416735,1.1967921440814646,1.3512758679477184,1.4895624816651722,1.6089902181324398,1.7072300008410997,1.7823208800108639,1.8326995962255763,1.85722381652757,1.8551886873282633,1.8263364534637097
-2.3613813261644756,-2.3757875673777558,-2.3496924089738593,-2.2831911282206647,-2.1769908256271933,-2.0323975112039423,-1.8512936966633209,-1.6361068616015393,-1.389769307419101,-1.115670050236067,-0.8175995311403883,-0.4996880367380633,-0.16633882331523048,0.17784297763547727,0.5281245275856935,0.8797213290521939,1.227873930079239,1.5679240515021415,1.8953889130400987,2.2060325635668874,2.495933069379035,2.761544481152731,2.9997525844872586,3.207923539130002,3.383944626563677,3.5262564527761966,3.6338760906903955,3.706410792697102,3.7440620556684503,3.7476199762890263,3.7184479910327086,3.6584582501171043,3.5700780257924536,3.4562076999376705,3.3201710118151198,3.1656583717900117,2.9966641588374343,2.8174190169354705,2.632318246409389,2.445847449644758,2.2625066353056336,2.0867340105571497,1.9228306963912112,1.774887586899406,1.6467155394586053,1.541780029837764,1.463141335052205,1.413401218530188,1.3946569882363629,1.4084636804893278,1.455804992211677,1.5370734443491303,1.6520601114386761,1.7999540991642982,1.9793517956679048,2.188275765881643,2.424203003719798,2.6841021070814524,2.964478797661239,3.261429073823307,3.570699162390858,3.8877513260851493,4.207834489242658,4.5260585668357205,4.837471321942894,5.137136535599633,5.420212251048936,5.682027852138481,5.918158752996969,6.124497512877729,6.297320245585476,6.433347266310138,6.529797008806002,6.584432351239769,6.595598608012927,6.5622525755563474,6.483982160430654,6.361016265828249,6.194224765432454,5.985108549138877,5.735779780938502,5.448932662854285,5.127805147804247,4.776132186300106,4.398091224758148,3.9982407948209935,3.581453141565486,3.1528419321099297,2.717686163474083,2.281351448382392,1.8492098991049317,1.4265598517582294,1.0185466763945479,0.6300859016513523,0.2657898469731512,-0.07010109898341232,-0.3737814873436589,-0.6419371278476023,-0.8717938440946917,-1.0611579095593595,-1.2084475383349966,-1.312714943953855,-1.3736586266355562,-1.3916257016430489,-1.3676042366929677,-1.3032057221528772,-1.20063795162605,-1.0626687400702872,-0.8925810494815691,-0.6941202261599927,-0.4714341765660912,-0.2290074188426543,0.028409957506249917,0.29587731201963385,0.5683412801359216,0.8407151893687246,1.1079588232273252,1.3651572863136796,1.6075977385681544,1.8308428004894175,2.030799483795201,2.2037825726008426,2.3465714676685896,2.456459609254813,2.531295710941698,2.5695161657525514,2.5701681247928705,2.5329228954506506
-3.013345323221362,-3.033627258940972,-3.002708704278085,-2.9207309705775897,-2.7886133162128472,-2.6080365069507345,-2.381414304841173,-2.1118533516447,-1.8031020979304062,-1.4594896036939973,-1.0858551978698552,-0.6874701298590306,-0.2699524738345709,0.16082334592826641,0.5988209548401908,1.0379388366913054,1.4721079969372144,1.8953889130400987,2.3020662161963252,2.6867395855638305,3.0444093972165196,3.370555754528802,3.6612096331858526,3.9130150008258995,4.123280916424248,4.290022775605163,4.4119920425401,4.488693994165396,4.520393195164567,4.5081066194204436,4.4535845322871275,4.359279444873727,4.228303643411618,4.064375980613454,3.8717587887724987,3.655185933418182,3.419783169081869,3.1709820828413253,2.91442901480828,2.655890425936875,2.4011562411559986,2.1559427289394613,1.925796486492226,1.716001082619431,1.5314878683330906,1.3767523990146877,1.2557778225552583,1.1719664767743754,1.1280808083606422,1.1261945766829253,1.1676551414829874,1.253057456312038,1.3822302024554705,1.5542343039986548,1.7673738667288408,2.019219384909526,2.3066428637784178,2.625864315039641,2.9725089006839966,3.3416738300753357,3.7280039590961094,4.125774900731008,4.528982335993435,4.93143611447158,5.32685765656003,5.708979115861881,6.071642731131612,6.408898792926108,6.7151006708913314,6.9849953929897755,7.213808337234582,7.397320688528854,7.531938426543157,7.6147517433963205,7.643583940124851,7.6170290161530065,7.53447734359488,7.396129005424683,7.202994570388462,6.95688327494459,6.660378780404434,6.316802868686892,5.930167629634289,5.505116873687927,5.046857673054051,4.561083089652104,4.053887286698543,3.531674340573505,3.001062168772967,2.4687830667162745,1.9415823997586954,1.426117026115742,0.9288550310849548,0.45597833288189604,0.013289675906451581,-0.39387454097802044,-0.7607242444688156,-1.0830872306077142,-1.3574711594094095,-1.5811150364769402,-1.752029381902258,-1.8690244634368745,-1.9317261573716826,-1.9405791938703838,-1.8968377406322454,-1.8025434766325625,-1.6604915032045864,-1.4741846298229948,-1.2477767536471394,-0.9860062223338045,-0.6941202261599927,-0.3777914056493412,-0.04302798246893763,0.3039211775549794,0.6566650814554637,1.0087711626613196,1.3538662960763435,1.6857366929784172,1.9984251120926662,2.286323865818689,2.544262167103665,2.7675864518133526,2.9522324222629717,3.0947876880937653,3.1925440288710965,3.2435384663093956,3.2465825103286745,3.2012791294444005
-3.615475996010167,-3.6410367183954992,-3.6054780366649317,-3.508982241525888,-3.352663214499309,-3.1385467288170426,-2.8695362950212298,-2.549365108046463,-2.182534874139877,-1.774242505123369,-1.330295860885787,-0.8570198955215079,-0.3611547154143917,0.15025281364413723,0.6699621705804013,1.190655179854355,1.7050530485897837,2.2060325635668874,2.6867395855638305,3.140698022272201,3.5619125338594957,3.944963326053154,4.285091512770572,4.57827368179131,4.821284470343318,5.011746149984904,5.148164428730778,5.229949899657008,5.257424795684534,5.231814946192697,5.155227068773352,5.0306117649926305,4.861712818704855,4.6530036155774805,4.409611709505615,4.137232752197712,3.842035173340886,3.530557147657897,3.2095975094573777,2.8861023729589435,2.567049286176729,2.2593307863533916,1.9696392352058405,1.704354792409953,1.469438336133114,1.270331060817627,1.1118623760872972,0.998167598300201,0.9326167700267325,0.9177557650990247,0.9552606407033997,1.0459059864150744,1.189547796491425,1.385121159725136,1.630652824421821,1.9232884583911445,2.2593341890212497,2.6343117802892007,3.0430265855820613,3.4796472109345222,3.9377956359767046,4.410646372504776,4.891033095789523,5.3715610638155935,5.844723546488416,6.303020421921599,6.739077061239441,7.145761617445686,7.516298857896636,7.84437873337652,8.1242579588414,8.350852990259492,8.51982291688471,8.627640946609793,8.671653341241539,8.650124855782801,8.562269947972794,8.408269248075214,8.189271010681555,7.907377506459823,7.565616548607478,7.167898582534885,6.718959994337624,6.224293510345839,5.690066763065938,5.123030284969755,4.5304163579224435,3.919830289967608,3.299135810455119,2.676336367237839,2.0594541744302983,1.4564088950042373,0.8748978487364358,0.32227961262914695,-0.19453717173824892,-0.6691980505688333,-1.0959984448310962,-1.4699692805187416,-1.7869512279599429,-2.043656393985176,-2.2377165069293787,-2.367716845669485,-2.4332153868749558,-2.434746875884959,-2.373811762498777,-2.252850179780836,-2.075201378026003,-1.8450492536355518,-1.567354830248994,-1.2477767536471407,-0.8925810494815701,-0.5085415608486611,-0.10283262847146968,0.3170843025134114,0.7435783703543759,1.1689694333642264,1.5856487718572627,1.9861984633821947,2.363507560669781,2.710883252486639,3.0221552669604277,3.2917718836766854,3.5148860532715727,3.6874302792810854,3.806179094205857,3.868798157326998,3.8738792126871315,3.8209603685135045
-4.158072167766819,-4.188210221866828,-4.148244980323752,-4.0383937956063285,-3.859944328093046,-3.61523190603824,-3.3076002779672815,-2.941346396418816,-2.521650126455961,-2.05449001261496,-1.5465464601139556,-1.005093886658205,-0.43788357684627527,0.14698088080573052,0.7411735762177878,1.3362795954044264,1.9239295365975309,2.495933069379035,3.0444093972165196,3.5619125338594957,4.041549387546274,4.477088762565272,4.863059533570625,5.194836421845775,5.468712001667052,5.68195378586492,5.832845479083039,5.920711741266089,5.945926068502622,5.909901669273545,5.815065487072026,5.664815790894615,5.463464018920858,5.216161813570913,4.92881442400262,4.607981871166809,4.260769467267843,3.894709452719736,3.517635656699062,3.137553199879335,2.7625053380830886,2.400439592121506,2.059075321260803,1.7457748753652176,1.4674204041780454,1.2302983123234719,1.039993226885196,0.9012931927958396,0.8181076321851402,0.7933994001557414,0.8291320444460455,0.926233133703736,1.0845742625160808,1.3029680750280859,1.5791823771843223,1.909971134696089,2.291121884119106,2.7175188222290085,3.183220588380527,3.6815515197175572,4.205204943698776,4.74635687983647,5.296788355867097,5.848014405418357,6.39141770678916,6.918384747406135,7.420442357036925,7.889392445565555,8.317442808164989,8.697331921589063,9.022445749066764,9.28692469641443,9.485759016488661,9.6148711405268,9.671183620381235,9.652671591892657,9.558398913084075,9.38853738764459,9.144368750255104,8.828269361490989,8.44367783204645,7.995046064580828,7.487774462364176,6.928132302999183,6.323164508907242,5.680586260325949,5.008667087917217,4.316106247730809,3.6119013186145823,2.905212069059648,2.2052217152461773,1.5209977335451053,0.8613543982869163,0.23471918911622147,-0.35099484787223556,-0.8885087938289531,-1.371287738328618,-1.7936391340094882,-2.150798090858397,-2.438998280594893,-2.6555273467362186,-2.798765958386232,-2.868209901786763,-2.8644748691882587,-2.789283875475757,-2.6454375049801966,-2.436767459747786,-2.1680741420145617,-1.8450492536355476,-1.4741846298229935,-1.0626687400702868,-0.6182724821901939,-0.14922606294076346,0.33591110188741014,0.828385425990165,1.3193870107468417,1.8001881604530103,2.2622803822096986,2.697507722492868,3.0981943505949787,3.457264390157246,3.7683521224736904,4.025900837226356,4.225248785420692,4.3627008927173065,4.435585115903131,4.4422925673791225,4.3823007884514
-4.632368964327336,-4.666288484078281,-4.622195750892793,-4.500336482268896,-4.302148283408224,-4.030235431867649,-3.6883251682107856,-3.281206203797009,-2.8146504402299692,-2.2953191625034624,-1.7306552152603232,-1.1287628948693642,-0.4982774856580038,0.15177346651485918,0.812114918738729,1.473372813086857,2.126223896892067,2.761544481152731,3.370555754528802,3.944963326053154,4.4770887625652716,4.959991015498268,5.387575793969038,5.754691134549131,6.057207639544059,6.2920821015458905,6.457403498518641,6.552420626467235,6.5775509313060025,6.534370403166983,6.425584700243753,6.254981970485749,6.02736813321591,5.7484856643328,5.424917193663387,5.063975467007012,4.673581444542122,4.262132498040548,3.8383628286893408,3.41119835270118,2.989608391289908,2.5824565535643185,2.198353214617153,1.845511966338309,1.5316123556591394,1.263671125046641,1.0479240347152476,0.8897201773802399,0.7934304971444144,0.7623719974812389,0.7987488728835013,0.9036115285954756,1.0768341672617385,1.3171113248741921,1.6219734358188589,1.9878212029475248,2.4099782482766017,2.8827612279345036,3.3995663159914593,3.952970700251449,4.5348474931225935,5.136492246119355,5.748759070788207,6.362204214827513,6.967234822322923,7.554260523227384,8.113845450790508,8.636858277301501,9.114617888364638,9.539032383482194,9.902729194886163,10.199174255668689,10.422778320091755,10.568988740776604,10.634365236076848,10.616638432703848,10.514750239612876,10.328875394991389,10.060423824403104,9.712023750061299,9.287485794074442,8.791748617558978,8.230806928043418,7.611622965029145,6.942022833568618,6.230579294190962,5.486482830708132,4.719403002029987,3.9393422372133102,3.156484352170571,2.381040149905992,1.623092512525327,0.8924434018591456,0.19846515621681426,-0.45004159598768023,-1.044981188176782,-1.579085253521849,-2.0460222398193246,-2.4404923928594067,-2.758306727158538,-2.996448753513156,-3.153118002735092,-3.2277546699188258,-3.221044999200881,-3.1349073305669117,-2.972459033114143,-2.73796484853423,-2.436767459747787,-2.0752013780259992,-1.6604915032045855,-1.200637951626049,-0.7042889614640003,-0.18060387170542014,0.36089167364495933,0.9104560230673637,1.4582849578590271,1.9946658676686266,2.5101302426907495,2.995602091077979,3.442539954827404,3.8430702986880134,4.190110182931955,4.477477299998443,4.699985654399608,4.853525391739986,4.935125532684857,4.9429986372841945,4.876566709974243
-5.030676817994804,-5.067499168241198,-5.019598004704267,-4.887240030251639,-4.671986338451137,-4.376665029830435,-4.005323743639255,-3.563162877424231,-3.0564505744832435,-2.4924208497892875,-1.8791564936268417,-1.225458634676099,-0.540705056737175,0.16530045769058854,0.8824853410355791,1.6006694914133428,2.3097279765708976,2.9997525844872586,3.6612096331858526,4.285091512770572,4.863059533570625,5.387575793969038,5.852021957772222,6.250803041044923,6.579434548834248,6.834611569298508,7.014258722174048,7.1175601656285705,7.144969185450763,7.098197218093302,6.980182489075864,6.795038775380856,6.547985119496917,6.2452576285706165,5.894004779813311,5.50216791826502,5.078348870991464,4.631666808967029,4.1716066609523965,3.7078615198345943,3.250171578975296,2.8081621925535183,2.3911836687860624,2.0081553780254455,1.667416689502455,1.3765871419938827,1.142438106696714,0.9707780174347089,0.866353026949068,0.8327647018988902,0.8724060972618073,0.9864172574348125,1.1746608811844483,1.4357185656443843,1.7669077159527324,2.164318877109076,2.6228729184792705,3.136397184284346,3.697719420430795,4.298778003993787,4.930746741068289,5.584172265692391,6.249121870815773,6.9153394350263255,7.57240697859929,8.209909291443296,8.817599025110024,9.385559631985856,9.904363567215988,10.365223242287119,10.760132332329416,11.081995190279844,11.324742307666337,11.48342998095714,11.554322590691104,11.53495617402793,11.424182265604472,11.22219129200253,10.930515126824302,10.55200874125929,10.090811213944713,9.552286688692066,8.942946184166914,8.270351460908401,7.543002433427247,6.770209874095029,5.961955387071698,5.128740830983521,4.2814295353206555,3.431081784969388,2.5887871379050207,1.765496191431786,0.9718544216815341,0.21804068923135933,-0.48638706882550276,-1.1326365520813537,-1.7128139568516851,-2.22004290987661,-2.6485676203023765,-2.9938386414585114,-3.2525799060873926,-3.422835991801799,-3.50399888304848,-3.4968138168912084,-3.4033641274616677,-3.2270353328255004,-2.972459033114146,-2.645437504980199,-2.2528501797808334,-1.8025434766325625,-1.3032057221528772,-0.7642291222124367,-0.19556095369130455,0.3924536871261796,0.9892351109294203,1.5841356747602042,2.1666072196807793,2.72636668016895,3.253557268111329,3.7389027045322814,4.173852082199825,4.55071309027089,4.862771515855545,5.1043951539101,5.27112050281022,5.359720894440205,5.36825500039209,5.296094965289004
-5.34650346857717,-5.385280214157124,-5.33392354976138,-5.192713208222307,-4.9633051016467,-4.648702211081807,-4.253204122523652,-3.782336030749039,-3.2427583596862943,-2.642158456942246,-1.989126105743238,-1.293014855364119,-0.5637913969902839,0.18812459772921558,0.9520276064718645,1.7170976747407791,2.4725733755868657,3.207923539130002,3.9130150008258995,4.57827368179131,5.194836421845775,5.754691134549131,6.250803041044923,6.677224962972487,7.029189910519033,7.303184485762669,7.497001929268489,7.609773964520371,7.6419809349760275,7.595440076876042,7.47327212184199,7.279846771142139,7.020707922712339,6.702479857156778,6.332755894804915,5.91997131756262,5.473262602248551,5.002315232293474,4.517202538567831,4.028218164740295,3.545704855637403,3.0798823269175664,2.640676990032344,2.2375562776734514,1.8793702421578038,1.5742029836533016,1.3292363086490093,1.1506278241355918,1.0434054427111104,1.0113800119544187,1.057077492108756,1.181691794024954,1.3850590594216863,1.6656538231063296,2.0206071473378024,2.4457464675842546,2.9356565421350336,3.483760560897843,4.082420146620423,4.7230526798467345,5.396264101950875,6.091995102984618,6.799678386751198,7.508404527870184,8.207093797429332,8.884671237302614,9.530242209858558,10.133265640411803,10.683722204507422,11.172274790396967,11.59041868760308,11.930619113345276,12.186433887245002,12.352619297984027,12.42521746975157,12.401623827195948,12.280633570591753,12.062466403095936,11.748769094083498,11.342595811229641,10.848366503746957,10.271803964488313,9.619850534057822,8.90056573036263,8.123006387158064,7.2970911603785025,6.433451507090943,5.543271454901564,4.638118656253381,3.7297693595106574,2.8300300248853416,1.950558366619862,1.102686612568851,0.29724973827188395,-0.45557864468296216,-1.1464401855236277,-1.766933075381007,-2.309738508723149,-2.768730352959314,-3.1390663166710766,-3.4172591963843484,-3.6012270935407362,-3.6903218224739085,-3.685335071589608,-3.5884822282346454,-3.4033641274616677,-3.1349073305669135,-2.7892838754757596,-2.373811762498774,-1.8968377406322454,-1.3676042366929677,-0.7961025178018497,-0.19291439315967707,0.43095505969981374,1.0642511187646955,1.6956466670883943,2.3139202873910487,2.9081324085631968,3.467796742287625,3.9830443227810024,4.44477757969161,4.84481203164364,5.1760033833234775,5.4323580392933,5.609125309274526,5.7028698683561085,5.711523346908685,5.634414254024321
-5.57465702921203,-5.6143840313073055,-5.559952025221367,-5.411645359123118,-5.1711843248218425,-4.841694790530747,-4.427655552468874,-3.9348242631898254,-3.370143136030948,-2.7416259474372993,-2.0582281569834473,-1.3297022339313793,-0.5664405148231266,0.22069188485879454,1.0205314237014642,1.8217949553969948,2.6132601504750217,3.3839446265636774,4.123280916424248,4.821284470343318,5.468712001667052,6.057207639544059,6.579434548834248,7.029189910519033,7.4015014230881455,7.692703782013318,7.900493915807553,8.023964098169602,8.063612410869858,8.021330395658701,7.900368099747108,7.705277082452012,7.4418323045957715,7.1169341615231785,6.7384922397085925,6.315292670750011,5.856851220371064,5.373254479641358,4.874991717295268,4.372780102702119,3.877386116297994,3.399446026410036,2.9492883273907897,2.5367610035774093,2.171066407287271,1.86060641808304,1.6128403868290206,1.4341581642438257,1.3297702730015981,1.3036170088044017,1.3582979536273072,1.4950230583669812,1.7135861076230734,2.012361021821806,2.388321087069518,2.83708083682977,3.352959947598859,3.929068158983873,4.557409892570664,5.2290069290546235,5.934037214301701,6.661987606896206,7.4018181564063426,8.142135316592048,8.87137135401135,9.577967112211905,10.250555236490921,10.878140954918766,11.450277548069883,11.957233722080279,12.390150225925591,12.741183222164274,13.003632128128977,13.172049888371092,13.242333915195584,13.211796237991631,13.079211728958764,12.844843617582464,12.510445863384703,12.079242320431822,11.555882992091657,10.94637803484956,10.25801051995414,9.49922929577046,8.679523606726605,7.8092814117398035,6.8996336015021775,5.962286535976232,5.0093455074230455,4.053131877383233,3.1059967360174996,2.1801339875288503,1.2873957751717673,0.4391131234570329,-0.3540754058497013,-1.0823843721888453,-1.737028924116554,-2.3103567776589164,-2.7959626481578623,-3.188783352960952,-3.485172104570757,-3.682950839357907,-3.781439770557556,-3.7814637106301174,-3.6853350715896087,-3.4968138168912084,-3.2210449992008834,-2.8644748691882613,-2.4347468758849553,-1.9405791938703842,-1.3916257016430493,-0.7983225944650713,-0.17172303965912428,0.47667753074588237,1.1351227489265954,1.7917804174701406,2.4349284900968438,3.0531390112058148,3.635457131435815,4.171572394624047,4.6519796138207115,5.068126818466915,5.412547958890566,5.6789782947190375,5.862450666872522,5.959371154196798,5.9675729407783935,5.886347563444607
-5.711328484417028,-5.750960906651574,-5.6938539074168935,-5.540287700441656,-5.2920152220817815,-4.9522309973396395,-4.52551715378513,-4.017767464349727,-3.4360906503085404,-2.78869450644833,-2.0847527161586,-1.334256500092549,-0.5478534837108268,0.26332362742502846,1.0878358135633683,1.9141210786310296,2.7306794184939873,3.5262564527761966,4.290022775605163,5.011746149984904,5.68195378586492,6.2920821015458905,6.834611569298508,7.30318448576267,7.692703782013318,7.999411292742892,8.220944233948531,8.356368988544258,8.406191663840435,8.372345258004247,8.258153648455451,8.068272987633964,7.808611454725657,7.486228659922705,7.10921632503913,6.686562165547516,6.227999169511037,5.743842704113607,5.244818076760941,4.741881331884551,4.246036174151937,3.768149972010508,3.3187718113539817,2.9079555373447916,2.5450906435649134,2.238743742968018,1.9965131865711117,1.8248991861602715,1.7291915498580055,1.7133768581792017,1.7800665976984202,1.9304474346403078,2.1642544569506583,2.4797678463710584,2.87383306759686,3.3419042857315695,3.8781103519640263,4.475342336611534,5.125361244144118,5.8189242220167,6.5459272792206695,7.295562266122207,8.056485638572028,8.816996340065986,9.565219988893096,10.289296455034624,10.977567855670896,11.618763989369716,12.202182267482673,12.71785928632456,13.156731313981322,13.510781138994709,13.7731689419378,13.93834510162361,14.002143131395954,13.961851253141951,13.816261452397217,13.565695211883318,13.212005487435501,12.758554863767603,12.210170201999661,11.573074460450737,10.854796729067221,10.06406186038038,9.210661400692388,8.305307819249146,7.3594742958643815,6.385222554700841,5.3950214201376685,4.401558916915189,3.4175508387674878,2.4555487659376367,1.5277505214475027,0.6458160186210393,-0.1793086312737282,-0.9375560109798169,-1.6198887200335284,-2.2184347713645307,-2.7266049533972248,-3.1391903310693814,-3.4524383695472753,-3.6641064985534793,-3.773492287904239,-3.781439770557556,-3.6903218224739094,-3.50399888304848,-3.227754669918828,-2.8682099017867655,-2.433215386874953,-1.9317261573716826,-1.3736586266355562,-0.7697330113801415,-0.13130349136418773,0.5298212293470966,1.2015641457272397,1.8717700403065178,2.528396457634799,3.1597025724363137,3.7544329931660494,4.3019936231078075,4.7926168268004075,5.21751331847942,5.569008398731738,5.840660412395161,6.0273595810205585,6.125405672546944,6.13256330435742,6.0480940283393645
-5.7541523134792,-5.792620305935183,-5.733251527700778,-5.57631310286171,-5.323558074436363,-4.978194006524831,-4.5448285292571615,-4.029392716921619,-3.4390435432625672,-2.7820469916729187,-2.0676437065342244,-1.30589935034484,-0.5075420750671757,0.31621027858688955,1.1538304767203644,1.993666786383021,2.8241294992592327,3.6338760906903955,4.4119920425401,5.148164428730778,5.832845479083039,6.457403498518641,7.014258722174048,7.497001929268487,7.900493915807553,8.220944233948531,8.4559679391825,8.604619440062773,8.667402913364946,8.646259124397487,8.544528871650215,8.36689365098057,8.119294501059017,7.808830342938322,7.443637456736141,7.0327520422215954,6.585958082691262,6.11362296852621,5.626523534428775,5.135665319368542,4.6520979682282935,4.186729757265306,3.750144240775908,3.352421983527322,3.0029702631286366,2.710363499845309,2.4821970004555967,2.3249563903490156,2.243904857588852,2.2429900481244616,2.3247721373115873,2.4903742644169125,2.7394561592727396,3.070211419435914,3.479388518027716,3.9623352429365353,4.513065893317342,5.124350195302758,5.787822551355072,6.49410991227071,7.232976262673945,7.993481444640548,8.764151814093294,9.533160034448557,10.28851116466474,11.018232096663526,11.710561341657483,12.354136157071549,12.938174045584926,13.452645744681233,13.888436957572168,14.237496252327954,14.49296677269476,14.649299657957272,14.702347356280196,14.649435331685986,14.489411004201328,14.222669120369641,13.851153121638664,13.378332455254323,12.809156150290411,12.149983354373656,11.408491888669305,10.593566224092253,9.715166605088772,8.784181343628353,7.812264570617236,6.811661960657048,5.795027135350768,4.775231597247813,3.7651711487309094,2.777571806087355,1.824798227808334,0.9186676376912506,0.07027213818763167,-0.7101878210202974,-1.4135562279763274,-2.031858170012727,-2.558418246515756,-2.9879588922972644,-3.316677084608694,-3.5422982443907225,-3.6641064985534784,-3.6829508393579062,-3.6012270935407353,-3.422835991801799,-3.153118002735094,-2.7987659583862348,-2.3677168456694826,-1.8690244634368745,-1.312714943953855,-0.7096274052076477,-0.07124223265126206,0.5905003179829345,1.263388354320167,1.9351304686691169,2.5935487382391846,3.2267695826182585,3.8234094914652306,4.372752716846954,4.864918151748752,5.2910127870285635,5.643269350795355,5.915165983556349,6.101526085583446,6.198596785352265,6.2041048146993605,6.117288932228649
-5.702244278665151,-5.738469097296551,-5.677257135463343,-5.518853400356156,-5.264978207777094,-4.918796028055657,-4.484861438969222,-3.969043071654747,-3.378426786744745,-2.721199649428749,-2.00651657853038,-1.2443518210967968,-0.4453376459937879,0.3794071462942781,1.2184561383155552,2.060258757433991,2.8933253355242883,3.7064107926971026,4.488693994165396,5.229949899657008,5.920711741266089,6.552420626467235,7.1175601656285705,7.609773964520371,8.023964098169602,8.356368988544258,8.604619440062773,8.767771938499482,8.846318684859781,8.842174210354123,8.75863879569557,8.600339291523156,8.3731483008095,8.084083032793309,7.7411854656771695,7.353385756777603,6.93035110915606,6.48232253864577,6.01994218083922,5.55407393086426,5.09562031718657,4.655338572486936,4.243658878878605,3.870507731124724,3.5451392806296442,3.2759773961132286,3.070471006075885,2.934965076171748,2.87458932483724,2.893166496987149,2.9931417028448664,3.175533992039365,3.4399109773845,3.7843869539596424,4.205644583142494,4.6989798341228655,5.258369503180399,5.87656026958499,6.545177902142816,7.254854907656796,7.9953746170331925,8.755829441139593,9.52479080098246,10.290488048923088,11.040993552450026,11.764411011752975,12.449064028558741,13.083681937215301,13.657579949914568,14.16083075554601,14.584424844551974,14.92041700817735,15.162056676856793,15.303900015718238,15.341901981277553,15.273486857821894,15.097596129753754,14.814712901958575,14.426862448454372,13.937588844383233,13.351908011915883,12.676237880961647,11.918306724895695,11.087041074199618,10.192434931593196,9.245402305896803,8.25761534391426,7.241330565971819,6.209205897858932,5.174111336871904,4.148936190207016,3.1463958785209147,2.1788413052288096,1.2580737529313133,0.39516818286554267,-0.39969231719260856,-1.1173683645516026,-1.7499000343545776,-2.2906244255695505,-2.734273215815109,-3.0770486926443974,-3.3166770846086977,-3.4524383695472785,-3.4851721045707578,-3.4172591963843493,-3.2525799060873934,-2.9964487535131594,-2.655527346736223,-2.2377165069293774,-1.7520293819022585,-1.2084475383349975,-0.6177622882801155,0.008596264224898675,0.6587397792308161,1.320509012990935,1.981664994306168,2.630081054064616,3.253932704596892,3.84188240021887,4.383256291647421,4.868210213590364,5.287882314756777,5.634529950151398,5.901648703511296,6.084071689227388,6.178047593652508,6.1812962504553495,6.093040898376269
-5.556215779310803,-5.589126091338649,-5.5264874030368585,-5.368513640377814,-5.116859773983813,-4.774591413179966,-4.346132038191884,-3.837188738365041,-3.2546576675755774,-2.6065107519177158,-1.901665484106307,-1.149839909029018,-0.36139514119195626,0.4528320463686927,1.2817038639843337,2.1139605654094504,2.9384010435391836,3.7440620556684503,4.520393195164567,5.257424795684534,5.945926068502622,6.5775509313060025,7.144969185450762,7.6419809349760275,8.063612410869858,8.406191663840435,8.667402913364946,8.846318684859781,8.9434092249157,8.960529050916412,8.900880860120036,8.76895738849764,8.570462165415446,8.31221045088893,8.00201196214134,7.648537290411535,7.261170172633992,6.849848011507763,6.4248932278905295,5.996838178328083,5.576246475458311,5.173533608319638,4.7987897722911335,4.461607784290421,4.170918878506097,3.9348390526388632,3.7605284663892924,3.6540661854702554,3.620342319095271,3.6629693206488527,3.7842139145568154,3.9849507821735823,4.2646387910940105,4.621320191270968,5.051642833466749,5.55090509677932,6.113122848165616,6.731117403848624,7.396623125879156,8.100412972292691,8.832440031266902,9.58199281302241,10.337861851985803,11.088514989448191,11.822278566475584,12.527521660361653,13.192840446958103,13.807239766546227,14.36030901256376,14.842389549777767,15.244730999979364,15.559633906855922,15.780576504593792,15.902323563589034,15.921015567439838,15.834236783713065,15.641061121940275,15.342075020680376,14.939376965794363,14.436553608641162,13.838632819960619,13.15201437699784,12.384379332270608,11.544579446793426,10.64250838331716,9.688956641334475,8.69545247077116,7.6740912214515555,6.63735576716379,5.597930783627414,4.568513756700597,3.561625649250363,2.5894241614437785,1.6635224797096662,0.7948163248916496,-0.006678018507771277,-0.7319721805977268,-1.3732383902154561,-1.923924308895392,-2.3788482364896564,-2.7342732158151097,-2.987958892297269,-3.1391903310693854,-3.188783352960953,-3.139066316671079,-2.993838641458513,-2.7583067271585415,-2.4389982805948973,-2.0436563939851755,-1.581115036476941,-1.0611579095593604,-0.4943628762351302,0.10806560155458933,0.7344733962093226,1.3729402518506386,2.0114670569298214,2.638163925814175,3.241436151550259,3.8101651264635743,4.333881407207635,4.802927225082761,5.208605908974562,5.543315894514241,5.800667235814078,5.975578811581285,6.064354721245543,6.06473869418409,5.975945681052742
-5.318164543907781,-5.346712666785769,-5.28305414211348,-5.127363047753543,-4.881197116136748,-4.547468569575975,-4.130393483616746,-3.635420514781846,-3.0691401589406038,-2.439176017728518,-1.7540598379732617,-1.0230923483375767,-0.2561921442051325,0.5362649374344174,1.3436133597713826,2.1550696413334345,2.959905554630243,3.7476199762890263,4.5081066194204436,5.231814946192697,5.909901669273545,6.534370403166983,7.098197218093302,7.595440076876042,8.0213303956587,8.372345258004247,8.646259124397488,8.842174210354123,8.960529050916412,9.003085121738893,8.972891741564736,8.87422983195044,8.712535451955404,8.49430435265918,8.226979103525341,7.918820624837917,7.578766213138548,7.216276365707756,6.841172892122596,6.463470942844662,6.093207684353897,5.740270405935522,5.414226853951316,5.12416055510889,4.878513811437519,4.684940927658736,4.550174068374324,4.4799039406175,4.478677260081644,4.54981269057897,4.695336650319112,4.9159400601996595,5.210956773589369,5.578364079455774,6.014805316724432,6.515634283134401,7.074980772255467,7.68583623335031,8.340158225815617,9.028992038171232,9.742607565790738,10.470649296162584,11.20229703932762,11.92643486759399,12.631825595415506,13.307288039520186,13.941874252398613,14.525043919815397,15.04683315509138,15.498015008814246,15.87024914097224,16.156218271203727,16.349749229213057,16.44591666813202,16.441127774879206,16.333186609087534,16.12133702122788,15.806283436117598,15.390189134781199,14.87665202017152,14.2706582050278,13.578514107610669,12.807758077772142,11.967052896526026,11.0660607919711,10.115302888411362,9.126005249544782,8.109933886855874,7.0792212775801175,6.046187070118456,5.023155746499765,4.022274059998781,3.0553310705713965,2.1335835613061636,1.2675895362320584,0.4670523748648696,-0.2593219462335066,-0.9039523572922796,-1.4604929540782772,-1.9239243088953928,-2.2906244255695523,-2.5584182465157594,-2.7266049533972274,-2.7959626481578663,-2.7687303529593175,-2.64856762030238,-2.440492392859412,-2.1507980908584017,-1.786951227959942,-1.3574711594094127,-0.8717938440946944,-0.3401217506480241,0.22673774699320226,0.8175429604832012,1.4207948010845324,2.024917255820049,2.61843861027934,3.190170592123961,3.7293826430636354,4.225968604496318,4.6706032219227005,5.054886033799258,5.3714704091813,5.614175732228161,5.778080996743206,5.859598366252497,5.856525570108281,5.768076338797431
-4.991641806967291,-5.014819629458408,-4.950531377858144,-4.7989028444151485,-4.561363853467348,-4.240620812093066,-3.840609023577693,-3.3664255556435805,-2.824243766589145,-2.2212108859899695,-1.565330317720066,-0.8653305774005362,-0.13052299004554202,0.6293495467901346,1.404270286548472,2.1841102928997724,2.958791421508562,3.7184479910327086,4.4535845322871275,5.155227068773352,5.815065487072026,6.425584700243753,6.980182489075864,7.47327212184199,7.900368099747108,8.258153648455451,8.544528871650215,8.75863879569557,8.900880860120036,8.972891741564734,8.977513733669895,8.918741236701436,8.801648233193927,8.632297934294142,8.417636070842178,8.165369568843483,7.883832586565079,7.5818420961859925,7.268545363413528,6.953261810981742,6.645321844328725,6.353905268508283,6.08788193370555,5.855657212459851,5.665024835405553,5.523029495256644,5.435841472777673,5.408645346124334,5.445544619311097,5.549483850315132,5.7221895785768195,5.96413104993537,6.274501419207289,6.651219781792832,7.0909540511700415,7.589164364281809,8.140166367010849,8.73721341245372,9.37259640065871,10.037759704736555,10.723431369309598,11.41976553724922,12.11649486320947,12.803090510716368,13.468927206060021,14.10345073889116,14.696345257530751,15.237697707186449,15.718156801488753,16.129084001302182,16.462694098269864,16.712183162021127,16.87184180682318,16.937151962549837,16.904865592529724,16.77306408303988,16.541197331465327,16.2101018776837,15.781997751057983,15.26046403837773,14.650393510960185,13.95792697669283,13.190368339949751,12.356081654093837,11.464371732981675,10.525350145133661,9.549788643018784,8.548962276680195,7.534484602643872,6.5181375232041106,5.511698375849252,4.526766936474209,3.5745950024522877,2.6659211825802136,1.810813440981713,1.0185218225060755,0.297343629849256,-0.34549686999572504,-0.903952357292277,-1.3732383902154512,-1.7499000343545732,-2.031858170012727,-2.21843477136453,-2.3103567776589164,-2.309738508723149,-2.22004290987661,-2.0460222398193264,-1.7936391340094895,-1.4699692805187397,-1.0830872306077142,-0.6419371278476023,-0.1561903734410761,0.36390755218818605,0.9076987236333607,1.464280342045194,2.022675634099711,2.5720054178786618,3.101657666032451,3.6014524291628804,4.061799556124338,4.473846761761544,4.829615744717676,5.122124245993635,5.34549215998878,5.49503006035664,5.5673087792502445,5.560208976090044,5.47294994620343
-4.581596489777965,-4.598450828566555,-4.533899301133797,-4.388011433373534,-4.162060174186375,-3.858496608994774,-3.4809059964136435,-3.0339458634478254,-2.5232671821508204,-1.9554199218083674,-1.3377445210464187,-0.678251049776571,0.014511972052673627,0.7315969665153691,1.463802637096848,2.2018228972781717,2.9363969735206306,3.6584582501171043,4.359279444873728,5.0306117649926305,5.664815790894615,6.254981970485749,6.795038775380856,7.279846771142139,7.705277082452012,8.068272987633964,8.36689365098057,8.600339291523156,8.76895738849764,8.874229831950442,8.918741236701436,8.906128944221877,8.841015534930948,8.728924958133458,8.576183653694846,8.389808284245298,8.177381915249017,7.9469206691162615,7.7067330356056285,7.465274141524455,7.230997366221937,7.012205734223961,6.816905521850205,6.652664480691056,6.526477007954947,6.4446384831066705,6.412630843698105,6.435021293219911,6.515375823095005,6.65618899300461,6.858831152437109,7.123514005904304,7.449275129210498,7.833981739249007,8.274353709953377,8.766005517234277,9.303506490967802,9.88045845725618,10.489589573980904,11.122862901588949,11.771598013258401,12.426603737861756,13.078319948823646,13.716966164902216,14.332694617418737,14.915745364256265,15.456600995184276,15.946138476267482,16.375775723189122,16.737610573550636,17.02454994528801,17.230427120377065,17.350105277545698,17.379565611824052,17.315978619037978,17.15775738597918,16.904592007815566,16.557464548911433,16.118644266975906,15.59166312858384,14.981271951791406,14.293377813990725,13.534963655596712,12.713991288081376,11.839289273945258,10.920427382422474,9.967579534394286,8.991377329892591,8.002756398931052,7.0127979289351625,6.032567798023963,5.072955781660857,4.1445173001589675,3.2573201362103945,2.42079847561076,1.6436165118568664,0.9335437080523485,0.2973436298492551,-0.25932194623350036,-0.731972180597726,-1.1173683645516017,-1.4135562279763274,-1.6198887200335284,-1.737028924116554,-1.766933075381007,-1.712813956851686,-1.5790852535218507,-1.3712877383286202,-1.095998444831094,-0.760724244468816,-0.3737814873436589,0.05583641920699711,0.5186014337536532,1.0046010909284968,1.5036941640954022,2.005669362561751,2.500404599504273,2.978024359288423,3.429052723865481,3.8445596869702356,4.216298490856491,4.536831861662183,4.7996451939994556,4.999244940307212,5.131240692694246,5.1924097008204715,5.180742844818517,5.09547137304294
-4.0942972682854775,-4.10394442228804,-4.0394659852485155,-3.9008678135631194,-3.689239169102379,-3.4067300094855866,-3.056511462929733,-2.64272015521843,-2.170387315677005,-1.6453538334547595,-1.0741726609645634,-0.46400016437296854,0.1775218017125071,0.8423911696204804,1.5223762408023362,2.2091494470494135,2.8944221128162644,3.5700780257924536,4.228303643411618,4.861712818704855,5.463464018920858,6.02736813321591,6.547985119496917,7.020707922712339,7.4418323045957715,7.808611454725657,8.119294501059017,8.3731483008095,8.570462165415446,8.712535451955404,8.801648233193927,8.841015534930946,8.834725897986818,8.787665278607843,8.705427541146175,8.594213016639088,8.460716796801183,8.312008601751037,8.15540619876505,7.998344456214478,7.848242189850034,7.712368996556809,7.597714272988263,7.510860583060585,7.4578634696903805,7.4441397035047485,7.474365826213828,7.5523886811090595,7.681149430423196,7.862622342192915,8.097769391328697,8.386511464679701,8.727716692116495,9.119206149376295,9.557776898090601,10.03924204856856,10.558487256050025,11.109542795690912,11.68567010975884,12.279461486430622,12.882951316930875,13.487737189917272,14.085108921979629,14.666183493402231,15.222043760974676,15.743878756136972,16.22312334807744,16.651595057976714,17.02162585225722,17.326186818747374,17.55900373885376,17.714661709382998,17.78869713730712,17.777675626811195,17.679254497278766,17.49222890998413,17.216560836392752,16.853390368104368,16.405029143413223,15.874935943899352,15.267674792054658,14.588856153360204,13.845062109230687,13.043756616746336,12.193182203237466,11.302244654984666,10.380387446289232,9.437457815075485,8.483566521552536,7.528943425288768,6.5837910818291485,5.658138591713437,4.76169793195766,3.903724962799112,3.0928872313617424,2.3371405899824405,1.6436165118568669,1.0185218225060755,0.46705237486487405,-0.0066780185077677245,-0.39969231719260545,-0.7101878210202965,-0.9375560109798169,-1.0823843721888453,-1.1464401855236277,-1.1326365520813537,-1.0449811881767825,-0.8885087938289531,-0.669198050568832,-0.39387454097802044,-0.07010109898341232,0.2939427067806206,0.6895900872790158,1.107823537772957,1.5394162187061522,1.9750760244281305,2.4055901111917413,2.821967650237623,3.2155786008482856,3.5782863615876743,3.902572254573329,4.1816499260734386,4.409567904997123,4.5812987465034976,4.692813398112951,4.7411396570959425,4.724403836938685,4.641855023458768
-3.5372337614428973,-3.5388730384377642,-3.4747681055885615,-3.3448544366812336,-3.1500133705318945,-2.8920523517342374,-2.573670489228759,-2.1984100222597918,-1.7705945102632001,-1.295254777012929,-0.7780438364898168,-0.22514220522698447,0.3568448395466395,0.960996367315931,1.5801894766186841,2.2072156887417718,2.8348981464850755,3.4562076999376705,4.064375980613454,4.6530036155774805,5.216161813570913,5.7484856643328,6.2452576285706165,6.702479857156778,7.1169341615231785,7.486228659922705,7.808830342938322,8.084083032793309,8.31221045088893,8.49430435265918,8.632297934294142,8.728924958133458,8.787665278607845,8.812677674660305,8.808721103938247,8.78106568527913,8.735394885976202,8.677700536215239,8.614172412518936,8.5510842230572,8.494677888779627,8.451048044492392,8.42602868273502,8.425083830628807,8.453204086298458,8.514810748050419,8.613669147751203,8.75281265177755,8.934478620926614,9.160057427588224,9.43005541744291,9.744072477399747,10.100794635099595,10.498001871925014,10.932591085029056,11.400613888413954,11.897328702526455,12.417266350069605,12.954308156490963,13.501775350410472,14.052528375347322,14.599074562422635,15.133682476816338,15.648501140799667,16.135682254868044,16.58750348711633,16.996490880303302,17.35553843632501,17.65802297884467,17.89791246591069,18.069866024359285,18.169324105018603,18.192587310156096,18.13688261979941,18.00041593872428,17.782410097946435,17.483127670131793,17.10387819390194,16.64700964386876,16.115884227603686,15.514838833828588,14.849130694130125,14.124869049762712,13.348933832074856,12.528882566426976,11.672846892072045,10.78942025154392,9.887538440179455,8.976354817399772,8.065112064605575,7.163012428743508,6.279088414961057,5.422075885930637,4.600291489495171,3.821516270831564,3.092887231361742,2.42079847561076,1.8108134409817125,1.2675895362320628,0.7948163248916522,0.3951681828655449,0.07027213818763167,-0.1793086312737282,-0.3540754058497013,-0.45557864468296216,-0.48638706882550276,-0.450041595987682,-0.35099484787223556,-0.19453717173824803,0.013289675906451581,0.2657898469731512,0.5557202162524448,0.875405043201268,1.2168567121023048,1.571900689422147,1.9323027736879435,2.289896679409971,2.636709993043107,2.9650865657800867,3.267803464710546,3.538180689703745,3.7701819769698814,3.9585051498805823,4.098660641133295,4.187036995201326,4.220952363359962,4.198691222265872,4.11952577769486
-2.9189984039673478,-2.9119244101425217,-2.8484522328459523,-2.728441042469565,-2.5525429741572,-2.3221866466415033,-2.0395483704223247,-1.7075115479762806,-1.3296149596704328,-0.9099908087771472,-0.4532935645292664,0.0353792091830889,0.5505727225200516,1.0865661009275889,1.6374672893096511,2.1973101494410514,2.7601521464371457,3.3201710118151198,3.8717587887724987,4.409611709505615,4.92881442400262,5.424917193663387,5.894004779813311,6.332755894804914,6.7384922397085925,7.10921632503913,7.443637456736141,7.7411854656771695,8.00201196214134,8.226979103525341,8.417636070842178,8.576183653694844,8.705427541146175,8.808721103938247,8.889898628741879,8.953200124638862,9.003188963213471,9.044663734113543,9.082565795733686,9.121884074147403,9.167558711346036,9.224385185428389,9.296920520259908,9.389393170360187,9.50561810890024,9.648918563645246,9.822055738829668,10.027167732057459,10.265718706500703,10.53845921237239,10.845398370604958,11.185788438846759,11.55812207845319,11.960142434393138,12.388865931290425,12.840617481574192,13.311077599289378,13.795340718798602,14.287983834529252,14.783144409030106,15.274606344607756,15.755892681138016,16.220363571394547,16.661317997156097,17.07209762581526,17.446191169186246,17.77733759425553,18.05962654987678,18.287594413600917,18.456314428264598,18.561479487547626,18.599476241988228,18.567449330098135,18.463354691111235,18.286001084107866,18.035079120116862,17.711177306439577,17.315784802841865,16.851280794288186,16.320910591356114,15.72874877416785,15.079649895446625,14.379187450074623,13.633581999354746,12.849619505296738,12.034561081113191,11.196045496432816,10.341985887514685,9.480462212295809,8.61961105608081,7.767514435106928,6.932089261481007,6.120979123862056,5.34145000391171,4.600291489495171,3.903724962799112,3.257320136210395,2.6659211825802136,2.133583561306169,1.6635224797096688,1.2580737529313155,0.9186676376912506,0.6458160186210398,0.4391131234570329,0.2972497382718844,0.21804068923135933,0.19846515621681426,0.23471918911622103,0.3222796126291483,0.45597833288189604,0.6300859016513523,0.8384030539677657,1.0743588144624394,1.3311136689047378,1.601666221466846,1.8789617065476,2.1560006972925985,2.425946351698528,2.682228561426476,2.9186434178214395,3.1294464834043483,3.3094384541528576,3.454041916739617,3.5593680437342994,3.6222722264680813,3.6403978173957814,3.6122073387170373,3.5370007088761106
-2.249150873255903,-2.232764375525607,-2.1701385780231535,-2.0610513098829015,-1.905907511253612,-1.7057263065579806,-1.4621183395554342,-1.1772537785228308,-0.8538215517967591,-0.4949805166901382,-0.1043033960637465,0.31428556555908194,0.7565781724405982,1.2181539360334153,1.694454616729726,2.180860398153751,2.6727664176121326,3.1656583717900117,3.655185933418182,4.137232752197712,4.607981871166809,5.063975467007012,5.50216791826502,5.91997131756262,6.315292670750011,6.686562165547516,7.0327520422215954,7.353385756777603,7.648537290411535,7.918820624837917,8.165369568843483,8.389808284245298,8.594213016639088,8.78106568527913,8.953200124638862,9.113741895341018,9.26604269211245,9.413610469358527,9.56003647929508,9.708920472062422,9.863795340949133,10.028052508193165,10.20486933758437,10.397139829406468,10.607409801629146,10.837817689544472,11.090042005424518,11.3652563917632,11.66409307804886,11.986615413847218,12.332300002533513,12.700028802757346,13.088091401256222,13.494197493653676,13.915499442135918,14.348624613153609,14.789717037257734,15.234487779478464,15.678273264792468,16.116100671524432,16.54275938811166,16.95287742740341,17.341001609173823,17.70168025710843,18.02954711217258,18.31940514065051,18.566308912583466,18.76564424482229,18.9132038420946,19.005257728692577,19.038617341622974,19.01069225203855,18.919538593931115,18.763898405604223,18.543229228338895,18.257723455716924,17.90831708392587,17.49668767558309,17.025241514658997,16.497090095397972,15.916016251184526,15.286430387585359,14.613317434903635,13.902175277218669,13.158945544916094,12.389937774188308,11.601748038163569,10.80117323870214,9.995122314235624,9.190525666350231,8.394244135444918,7.612978863344181,6.853183368126867,6.12097912386206,5.422075885930643,4.761697931957666,4.144517300158974,3.574595002452293,3.0553310705714063,2.589424161443787,2.178841305228819,1.824798227808341,1.527750521447509,1.287395775171773,1.1026866125688568,0.9718544216815399,0.8924434018591505,0.8613543982869214,0.8748978487364389,0.9288550310849581,1.0185466763945505,1.1389079027023852,1.284568330819963,1.449936166806747,1.6292849775498381,1.8168418469480598,2.0068755811774595,2.193783632716467,2.3721764342365077,2.5369578748137425,2.683400711580684,2.8072157890076688,2.904614034293876,2.9723603093999578,3.00781832636777,3.0089859708255196,2.974520526855947,2.9037534524384747
-1.5380672164191762,-1.511884409581035,-1.450269345133112,-1.3529144335002194,-1.2199630005006603,-1.0520001357029594,-0.8500365354760633,-0.6154856486912569,-0.3501345434654668,-0.05610901683962166,0.26416643586090927,0.6080130906204595,0.9725461289622848,1.3547256024327359,1.7514093468212035,2.1594069341785977,2.5755337345571365,2.9966641588374343,3.419783169081869,3.842035173340886,4.260769467267843,4.673581444542122,5.078348870991464,5.473262602248551,5.856851220371064,6.227999169511037,6.585958082691262,6.93035110915606,7.261170172633992,7.578766213138548,7.883832586565079,8.177381915249017,8.460716796801183,8.735394885976202,9.003188963213471,9.26604269211245,9.526022844931987,9.7852688389028,10.04594047560042,10.310164809973848,10.579983094250434,10.857298744497466,11.14382726404882,11.441049028509685,11.750165792117649,12.072061715611598,12.40726964244125,12.755943264373046,13.117835720759249,13.492285069568338,13.878206954517097,14.274094673214387,14.678026728131762,15.087681817523295,15.500361099212181,15.91301743851724,16.32229123452891,16.72455230839695,17.115947235080103,17.492451407799805,17.84992504373167,18.18417227155505,18.49100238743928,18.766292326716545,19.00604937446991,19.20647312989179,19.364015746624858,19.475439494212868,19.537870723839738,19.54884937405944,19.506373218328854,19.40893613475209,19.255559768242424,19.0458180548541,18.779854185737587,18.458389702321842,18.082725533131846,17.6547349042605,17.176848178051237,16.652029796136947,16.083747621772616,15.475935090604786,14.832946686932598,14.159507362531937,13.460656605766614,12.741687948675562,12.008084767849983,11.265453290225391,10.519453756633599,9.775730723512888,9.039843496196301,8.317197685536698,7.61297886334417,6.932089261481002,6.279088414961053,5.6581385917134295,5.07295578166085,4.526766936474202,4.02227405999878,3.5616256492503586,3.1463958785209103,2.7775718060873476,2.45554876593763,2.180133987528844,1.9505583666198563,1.7654961914317817,1.6230925125253222,1.5209977335451006,1.4564088950042333,1.4261170261157388,1.4265598517582263,1.4538790642972645,1.503981304324482,1.572601941408748,1.6553707064779657,1.7478782020695385,1.845742305798622,1.944673486178148,2.040538068347473,2.129418520072826,2.207669875101725,2.271971470904131,2.3193732501325997,2.3473359587103744,2.3537646670643873,2.3370351432573853,2.2960127161024677,2.2300633811134656
-0.7967760656110381,-0.7604361012592173,-0.6999440911136279,-0.6149039730511618,-0.5051868382679074,-0.3709257162540567,-0.21250620472557424,-0.030553147745128073,0.17408636758839735,0.40036336295322394,0.6470502793191537,0.9127668061535006,1.1960077466480459,1.495172401942665,1.8085949318968195,2.1345751339398578,2.471409075231362,2.8174190169354705,3.1709820828413253,3.530557147657897,3.894709452719736,4.262132498040548,4.631666808967029,5.002315232293474,5.373254479641358,5.743842704113607,6.11362296852621,6.48232253864577,6.849848011507763,7.216276365707756,7.5818420961859925,7.9469206691162615,8.312008601751037,8.677700536215239,9.044663734113543,9.413610469358527,9.7852688389028,10.160352544274433,10.539530220336635,10.923394901056882,11.312434214993951,11.7070018955978,12.107291173359041,12.513310588622492,12.9248627259567,13.341526323987159,13.762642159357377,14.187303040930768,14.61434818156949,15.042362141018451,15.469678455866962,15.894387992605187,16.31435197882789,16.72721958706711,17.13044986695281,17.52133774576277,17.8970437462274,18.25462700491393,18.59108111573717,18.903372272113064,19.188479138832474,19.44343385157456,19.665363518628137,19.851531586199457,19.999378425834443,20.106560509974624,20.170987559328214,20.19085707323158,20.164685691003434,20.0913368778089,19.970044481971936,19.80043177110367,19.58252562085036,19.316765601423974,19.00400778221389,18.645523152498946,18.242990635370138,17.79848475121775,17.314458065327777,16.793718630102845,16.23940270505068,15.654943105917098,15.044033597205823,14.4105897989451,13.758707128153901,13.09261633736454,12.416637246229095,11.735131287253216,11.052453502771106,10.372904637234734,9.700683966705222,9.0398434961963,8.394244135444907,7.76751443510692,7.163012428743501,6.583791081829142,6.0325677980239565,5.511698375849246,5.023155746499761,4.568513756700592,4.148936190207012,3.7651711487309023,3.417550838767481,3.1059967360174943,2.8300300248853354,2.5887871379050145,2.3810401499059877,2.205221715246174,2.059454174430292,1.9415823997586925,1.8492098991049295,1.7797376532077855,1.7304051256013182,1.6983328560109099,1.680566028121043,1.6741183913639766,1.6760159139596114,1.6833395509042015,1.6932665258821085,1.703109549957972,1.7103534320698452,1.712688576339862,1.7080409084853154,1.6945978274786873,1.6708298382996993,1.635507586285806,1.587714082282369,1.5268519795181315
-0.03678453423208755,0.009944804582092459,0.06925530191505885,0.1416334747176589,0.22748711980736352,0.32714649246710326,0.44086671736646094,0.5688313359864497,0.7111568719692688,0.8678982752625058,1.0390550880006635,1.2245781601419075,1.4243767312820323,1.6383256870723157,1.8662727944822501,2.1080457199138722,2.363458637961057,2.632318246409389,2.91442901480828,3.2095975094573777,3.517635656699062,3.8383628286893408,4.1716066609523965,4.517202538567831,4.874991717295268,5.244818076760941,5.626523534428775,6.01994218083922,6.4248932278905295,6.841172892122596,7.268545363413528,7.7067330356056285,8.15540619876505,8.614172412518936,9.082565795733686,9.56003647929508,10.04594047560042,10.539530220336635,11.039946039051221,11.546208782878688,12.057213864617793,12.571726908320002,13.088381202904456,13.605677123410787,14.121983652783404,14.635542103074897,15.144472098262366,15.646779842149538,16.14036865478975,16.623051720253613,17.092566948144082,17.546593811797084,17.982771988351214,18.398721590552093,18.79206474795681,19.16044826674713,19.501567073200686,19.81318812647829,20.093174472144597,20.339509099028433,20.55031825882522,20.72389391031625,20.8587149581886,20.953466970040186,21.007060073998314,21.018644763124726,20.987625360992034,20.91367093498804,20.796723479459338,20.63700322911363,20.435011003494377,20.191527525123096,19.907609696369377,19.58458386254925,19.22403613048002,18.82779985207286,18.397940420901442,17.936737565474942,17.446665355654844,16.93037016784128,16.390646879843036,15.830413587437391,15.25268515130202,14.660545895119185,14.05712178314776,13.445552408440408,12.828963121232242,12.210437620988351,11.592991325376298,10.979545815283766,10.372904637234738,9.775730723512892,9.190525666350226,8.61961105608081,8.065112064605575,7.528943425288768,7.0127979289351625,6.5181375232041106,6.046187070118459,5.597930783627416,5.174111336871906,4.775231597247813,4.401558916915189,4.053131877383233,3.7297693595106574,3.431081784969388,3.1564843521705725,2.9052120690596497,2.676336367237838,2.4687830667162745,2.281351448382392,2.1127341820518515,1.9615378518585036,1.8263038177345425,1.705529151857109,1.5976873921592656,1.5012488612647175,1.4147003084184178,1.336563644030027,1.2654135511748263,1.199893775628472,1.1387319155406024,1.0807525534435667,1.0248885966865529,0.9701907172990711,0.9158348084169985,0.8611274014271839,0.8055090155663647
0.7301034500740202,0.7873220155577365,0.8454472725568862,0.9050570716145517,0.9668406780256154,1.0315958774973202,1.1002243650181938,1.1737254294942785,1.2531879687391787,1.3397808912286993,1.4347419824023293,1.5393653339704814,1.6549874544360172,1.7829721976402775,1.9246946633892716,2.0815242399106944,2.2548069718574837,2.445847449644758,2.655890425936875,2.8861023729589435,3.137553199879335,3.41119835270118,3.7078615198345943,4.028218164740295,4.372780102702119,4.741881331884551,5.135665319368542,5.55407393086426,5.996838178328083,6.463470942844662,6.953261810981742,7.465274141524455,7.998344456214478,8.5510842230572,9.121884074147403,9.708920472062422,10.310164809973848,10.923394901056882,11.546208782878688,12.176040732598365,12.81017935940515,13.445787612069076,14.079924512201156,14.70956839824407,15.331641441762658,15.943035176690092,16.54063676420508,17.121355701237075,17.68215066955358,18.22005621526572,18.73220894563462,19.215872931449447,19.668464009092418,20.087572686746658,20.47098537400506,20.816703673287325,21.1229614947731,21.388239783735237,21.611278679855403,21.791086961895253,21.92694866748384,22.018426816208198,22.065364204049732,22.067881277845068,22.02637113918808,21.941491767337165,21.814155589553497,21.645516564191414,21.436954976136743,21.19006017523067,20.906611515568677,20.588557776535175,20.23799536471459,19.85714560908407,19.44833146991398,19.013953984453657,18.556468769737013,18.07836289478944,17.582132421338798,17.070260894114966,16.545199039343725,16.009345903565983,15.465031634982244,14.914502076738355,14.359905306584405,13.803280220844872,13.246547223344297,12.691501042555743,12.139805663487246,11.592991325376298,11.052453502771112,10.5194537566336,9.99512231423562,9.480462212295809,8.976354817399772,8.483566521552536,8.002756398931052,7.534484602643872,7.079221277580121,6.637355767163793,6.2092058978589355,5.795027135350768,5.3950214201376685,5.0093455074230455,4.638118656253381,4.2814295353206555,3.939342237213312,3.611901318614584,3.299135810455117,3.001062168772967,2.717686163474083,2.449003727798691,2.195000815592319,1.9556523360046034,1.7309202555914278,1.5207509756276922,1.325072107459361,1.1437887807076181,0.9767796279231324,0.8238925947791543,0.6849407270590127,0.5596980845712509,0.44789592781128845,0.3492193158369071,0.2633042436448285,0.18973543458396697,0.12804488831655342,0.07771126787581767
1.4919735000148524,1.5596470446086204,1.6166379542023401,1.6636151726950301,1.7015478988539263,1.731698646402811,1.7556116582956254,1.7750967953369656,1.7922090858178505,1.8092241867449557,1.8286100676421668,1.852995283939062,1.885134257843616,1.9278700296161981,1.9840949806959483,2.0567100616511116,2.1485830820048024,2.262506635305633,2.4011562411559986,2.567049286176729,2.7625053380830886,2.9896083912899076,3.250171578975296,3.545704855637403,3.877386116297994,4.246036174151937,4.6520979682282935,5.09562031718657,5.576246475458311,6.093207684353897,6.645321844328724,7.230997366221937,7.848242189850034,8.494677888779627,9.167558711346036,9.863795340949133,10.579983094250434,11.312434214993951,12.057213864617793,12.81017935940515,13.567022158375144,14.323312067098923,15.074543090731577,15.816180345273226,16.543707419817988,17.25267357461817,17.938740160375783,18.59772565335258,19.225648718624292,19.818768739932462,20.373623288827755,20.887062047745545,21.35627675078636,21.778826761650464,22.152659969650884,22.476128751153603,22.748000814228046,22.967464817717094,23.1341307312703,23.248024978993264,23.309580485084886,23.31962181398217,23.2793456689339,23.19029708042995,23.054341678416236,22.87363449868608,22.650585823301395,22.387824596508853,22.08815999064521,21.7545417203762,21.390019717838342,20.997703785566348,20.580723838372435,20.14219132965303,19.685162432162798,19.2126035085196,18.727359363157237,18.232124715857534,17.729419278247438,17.22156674975249,16.710677979581373,16.198638467599555,15.687100300727659,15.17747854411469,14.670952029155671,14.168468404811172,13.670753245980988,13.178322944168686,12.691501042555743,12.210437620988351,11.735131287253216,11.265453290225393,10.801173238702136,10.341985887514685,9.887538440179455,9.437457815075486,8.991377329892591,8.548962276680195,8.109933886855877,7.674091221451558,7.241330565971822,6.811661960657048,6.385222554700841,5.962286535976232,5.543271454901564,5.128740830983521,4.719403002029988,4.316106247730812,3.919830289967604,3.531674340573505,3.15284193210993,2.7846228274249576,2.4283723582630197,2.0854885910764294,1.7573877586384135,1.445478428406413,1.1511349023132162,0.8756703574077234,0.6203102423226989,0.38616644087146024,0.17421270128797628,-0.014738191999814187,-0.1800550572093027,-0.3213063556810163,-0.4382752700480118,-0.5309715075105051,-0.5996395724075931,-0.6447633134727436
2.236988861059469,2.314949326430967,2.370910312477955,2.405630498431772,2.4203533876578778,2.4167964129876376,2.3971325334709332,2.363964547812026,2.3202924597255885,2.2694743354892464,2.2151811925139686,2.161346548348499,2.112111340847566,2.0717650010779955,2.044683519884282,2.035265396031717,2.047866387821922,2.0867340105571497,2.1559427289394613,2.2593307863533916,2.400439592121506,2.5824565535643185,2.8081621925535183,3.079882326917566,3.399446026410036,3.768149972010508,4.186729757265306,4.655338572486935,5.173533608319637,5.740270405935522,6.353905268508283,7.012205734223961,7.712368996556809,8.451048044492392,9.224385185428389,10.028052508193165,10.857298744497466,11.7070018955978,12.571726908320002,13.445787612069076,14.323312067098923,15.198310425044962,16.064744366281207,16.91659715562082,17.74794334862123,18.55301718547416,19.32627872815182,20.062476828939577,20.756708064308228,21.404470826665268,22.001713837084157,22.5448784236689,23.030934001624743,23.45740629107161,23.822397915711754,24.124601138082152,24.363302603618287,24.538380084385732,24.650291332303006,24.700055269161822,24.68922585492849,24.61985908489561,24.49447366851581,24.316006036549563,24.087760406972446,23.813354712533894,23.496663252726457,23.141756979192085,22.75284235545021,22.334199748700932,21.890122312996485,21.4248563091963,20.942543777995336,20.44716843836391,19.942505625639676,19.432077012187538,18.919110770144353,18.40650774165601,17.896814078750175,17.3922007042906,16.894449829184897,16.404948641129188,15.924690158702491,15.454281123637461,14.99395668565679,14.543601520402,14.10277691364288,13.670753245980988,13.246547223344297,12.828963121232242,12.416637246229099,12.008084767849988,11.601748038163565,11.196045496432816,10.78942025154392,10.380387446289234,9.967579534394286,9.549788643018784,9.126005249544784,8.695452470771162,8.257615343914262,7.812264570617236,7.3594742958643815,6.8996336015021775,6.433451507090943,5.961955387071698,5.486482830708136,5.008667087917219,4.530416357922441,4.053887286698543,3.581453141565486,3.115667225296919,2.659222176150729,2.214905872903073,1.7855547240701246,1.3740051670522613,0.9830442351879752,0.615360068160574,0.27349324361397986,-0.04021020478563342,-0.3236432449945388,-0.5749789837432275,-0.7927077421567122,-0.9756693965085678,-1.1230803898462964,-1.23455490930838,-1.3101198215282923,-1.3502230629351955
2.953577264446351,3.0415250887452023,3.0966120534940713,3.1196841153268475,3.112249444850046,3.076463730051437,3.0151052197439636,2.931539833219621,2.829676814031038,2.713915550381756,2.5890843198085096,2.460371839648149,2.3332526153452067,2.2134071743265658,2.1066383525301315,2.01878486255755,1.9556334159253934,1.9228306963912112,1.925796486492226,1.9696392352058403,2.059075321260803,2.1983532146171525,2.391183668786062,2.640676990032344,2.9492883273907897,3.3187718113539817,3.7501442407759074,4.2436588788786045,4.7987897722911335,5.414226853951316,6.08788193370555,6.816905521850205,7.597714272988263,8.42602868273502,9.296920520259908,10.20486933758437,11.14382726404882,12.107291173359041,13.088381202904456,14.079924512201156,15.074543090731577,16.064744366281207,17.043013324013366,18.00190482461498,18.934134807258722,19.832669079947998,20.69080843584733,21.502268888977163,22.261255895415932,22.962531515881327,23.601473580979867,24.174126039998367,24.677239806122575,25.108303553467923,25.46556407218354,25.74803594488984,25.95550046846747,26.088493907290164,26.14828532490546,26.13684439843026,26.05679977109611,25.911388641076066,25.70439841669023,25.44010138720834,25.123183462817256,24.75866812519178,24.351836800038516,23.90814691379137,23.433148927439838,22.932403650698696,22.411401129144856,21.875482365653106,21.329765085901176,20.77907468666264,20.22788141617054,19.680244729432857,19.139765639721304,18.60954775251044,18.09216752212058,17.58965411661796,17.10347911570812,16.634556102097207,16.18325004183212,15.74939618622632,15.332328069869558,14.93091402856766,14.543601520402,14.168468404811172,13.803280220844872,13.445552408440408,13.09261633736454,12.741687948675565,12.389937774188304,12.034561081113191,11.672846892072045,11.302244654984666,10.920427382422474,10.525350145133661,10.115302888411364,9.688956641334478,9.245402305896805,8.784181343628354,8.305307819249146,7.8092814117398035,7.2970911603785025,6.77020987409503,6.2305792941909655,5.680586260325953,5.123030284969753,4.561083089652104,3.9982407948209935,3.4382695816325866,2.88514575643943,2.342991245260791,1.8160056245278373,1.308395854614016,0.824304923125299,0.367740625007158,-0.05749429406060269,-0.44786942570440247,-0.8001902544567727,-1.1116568779115115,-1.3799168677170546,-1.6031113440374265,-1.7799134478828953,-1.9095585210304082,-1.9918654400195848,-2.027248696645019
3.6306135832754434,3.728121989472237,3.782539329861696,3.7947953149035705,3.7666492844175,3.700671921506763,3.600214109869292,3.469363355774199,3.3128883871339756,3.136172723959305,2.945138184277431,2.746159444750786,2.5459709134046915,2.3515672909814898,2.170099295698992,2.008766102140589,1.8747060975217682,1.774887586899406,1.716001082619431,1.704354792409953,1.7457748753652176,1.8455119663383086,2.0081553780254455,2.2375562776734514,2.5367610035774097,2.907955537344792,3.352421983527322,3.870507731124724,4.461607784290421,5.12416055510889,5.855657212459851,6.652664480691056,7.510860583060585,8.425083830628807,9.389393170360187,10.397139829406468,11.441049028509685,12.513310588622492,13.605677123410787,14.70956839824407,15.816180345273226,16.91659715562082,18.00190482461498,19.063304505091317,20.092224027421643,21.08042597309538,22.020110741009145,22.904013121383045,23.725490990338056,24.478604857219192,25.15818713499828,25.75990015950265,26.28028215349171,26.71678051420159,27.06777199515896,27.332569551926305,27.51141582395868,27.605463427828745,27.616742437585497,27.54811562284248,27.403222201303628,27.186411036899756,26.902664374762693,26.557513347347307,26.15694660981706,25.70731356531597,25.215223720265715,24.68744376501206,24.130794005042603,23.55204577205183,22.957821422196858,22.354498481246686,21.748119423677856,21.144308476220747,20.548196717422904,19.964356605354478,19.39674690786805,18.84866883638862,18.32273399786688,17.820844583325883,17.344186008589617,16.893232016646838,16.46776204508452,16.06689045954411,15.68910705857723,15.332328069869558,14.99395668565679,14.670952029155666,14.359905306584398,14.057121783147755,13.758707128153898,13.46065660576661,13.158945544916088,12.84961950529673,12.528882566426972,12.193182203237463,11.839289273945253,11.46437173298167,11.066060791971095,10.642508383317157,10.192434931593194,9.715166605088767,9.210661400692382,8.679523606726601,8.12300638715806,7.543002433427242,6.9420228335686165,6.323164508907242,5.69006676306593,5.046857673054046,4.398091224758145,3.748676252358436,3.1037983804594305,2.468836286763353,1.8492736999888293,1.2506086208784168,0.67826130237877,0.13748254766560697,-0.3667361187022238,-0.8297488804735591,-1.2473371888101585,-1.6157850583614386,-1.9319468098918404,-2.193306092394293,-2.3980251602303264,-2.5449835403265038,-2.633805398184364,-2.664875096557724
4.257595400712744,4.364116598018375,4.418113338080179,4.420594546054118,4.373553580169488,4.279946624855531,4.143655826255235,3.9694376791718504,3.762857402071398,3.530210253095249,3.2784309418111226,3.0149924755709647,2.7477959430499803,2.4850528783321915,2.2351619646606022,2.006581925947661,1.8077025150201675,1.646715539458605,1.5314878683330906,1.4694383361331136,1.4674204041780454,1.531612355659139,1.667416689502455,1.8793702421578034,2.171066407287271,2.5450906435649134,3.002970263128636,3.5451392806296442,4.170918878506096,4.878513811437518,5.665024835405552,6.526477007954947,7.4578634696903805,8.453204086298458,9.50561810890024,10.607409801629146,11.750165792117649,12.9248627259567,14.121983652783404,15.331641441762658,16.543707419817988,17.74794334862123,18.934134807258722,20.092224027421643,21.21244023726232,22.285425608620223,23.30235496961922,24.255047539709377,25.136069065689874,25.93882288332217,26.657628597666033,27.28778726373689,27.825632154672817,28.268564424220976,28.615073200683916,28.86473988700616,29.01822668279882,29.0772495850895,29.044536361722066,28.92377022092893,28.719520119066914,28.437158852406373,28.08277026496136,27.663047069673027,27.185180922147637,26.656746502295526,26.085581447705636,25.479664041937735,24.846990590094126,24.195454412497057,23.53272835498915,22.866152651732847,22.202629884344624,21.548528661177677,20.909597494442917,20.29089018294925,19.69670381726705,19.130530315148555,18.595022171461085,18.09197287234212,17.62231218160395,17.18611626256506,16.782632354496275,16.410317483769788,16.06689045954411,15.749396186226319,15.45428112363746,15.177478544114688,14.914502076738353,14.66054589511918,14.410589798945097,14.159507362531931,13.902175277218662,13.633581999354742,13.348933832074847,13.043756616746332,12.713991288081369,12.35608165409383,11.967052896526022,11.544579446793424,11.087041074199615,10.593566224092244,10.064061860380374,9.499229295770455,8.900565730362626,8.270351460908397,7.611622965029143,6.928132302999185,6.22429351034583,5.505116873687923,4.776132186300103,4.043302265490554,3.3129281779668083,2.5915477592561245,1.8858291266690066,1.2024609704164966,0.5480414629557249,-0.07103234842107642,-0.6486728066817466,-1.1792057454390428,-1.6574686689900187,-2.0789013520722452,-2.439627322418495,-2.73652483747553,-2.967286137736132,-3.130463950185829,-3.225504423238201,-3.252765895810068
4.824808711661618,4.939681912270445,4.993547013544941,4.987486665794877,4.923707706768849,4.805516554676119,4.63727717605817,4.424352216575544,4.1730281432202085,3.8904254939043685,3.5843955610152234,3.2634050458311936,2.9364104074580544,2.612723790322074,2.3018725458212743,2.013454464502047,1.7569909035887328,1.5417800298377637,1.3767523990146877,1.2703310608176266,1.2302983123234714,1.2636711250466406,1.3765871419938822,1.5742029836533016,1.860606418083039,2.238743742968018,2.710363499845309,3.2759773961132277,3.9348390526388632,4.684940927658735,5.523029495256643,6.4446384831066705,7.444139703504748,8.514810748050419,9.648918563645246,10.837817689544472,12.072061715611598,13.341526323987159,14.635542103074897,15.943035176690092,17.25267357461817,18.55301718547416,19.832669079947998,21.08042597309538,22.285425608620223,23.437288895920886,24.526254711360966,25.54330538760722,26.480281057300417,27.329981187679557,28.086251838529613,28.74405739403373,29.299535756499072,29.750036242900947,30.094139689908527,30.331660545476893,30.46363100103531,30.49226749351803,30.420920176707412,30.254006222382085,29.99692805949738,29.655977890169794,29.238230030936602,28.751422813270395,28.20383193566019,27.6041372881572,26.961285367008816,26.28434946025341,25.582389813827785,24.86431598130592,24.138753518858934,23.413917110985416,22.69749210315313,21.996526276407142,21.317333528449833,20.665410928388418,20.04537039142728,19.460885978808356,18.91465757116662,18.408391394346076,17.942797599998727,17.517604823493887,17.131591363385063,16.782632354496275,16.46776204508452,16.183250041832117,15.92469015870249,15.687100300727655,15.465031634982243,15.252685151302014,15.044033597205818,14.832946686932592,14.61331743490363,14.379187450074618,14.124869049762708,13.845062109230684,13.534963655596703,13.190368339949742,12.807758077772139,12.384379332270603,11.918306724895693,11.408491888669298,10.854796729067214,10.258010519954135,9.619850534057818,8.94294618416691,8.230806928043416,7.487774462364179,6.718959994337614,5.930167629634285,5.127805147804244,4.318783647612712,3.5104077312491135,2.710258055112877,1.9260682032767718,1.165597935705905,0.4365049253375348,-0.25378287476519845,-0.8981921011767415,-1.4901239971111202,-2.023567564678022,-2.4932039511469934,-2.8945003098977753,-3.2237915474836294,-3.4783485649822596,-3.6564318213136815,-3.75732928486178,-3.7813780936385846
5.323481135585862,5.445942260774639,5.499999186305589,5.486801926852315,5.408747190003853,5.269451136811706,5.073702817232013,4.827398937529484,4.5374609059427655,4.211735377606081,3.858879775653731,3.4882344986754648,3.109683731672315,2.7335069552267726,2.370223393049624,2.0304317491985757,1.7246476614121418,1.4631413350522047,1.2557778225552583,1.1118623760872972,1.0399932268851955,1.0479240347152472,1.142438106696714,1.3292363086490093,1.6128403868290206,1.9965131865711117,2.4821970004555958,3.070471006075885,3.7605284663892915,4.550174068374324,5.435841472777672,6.412630843698105,7.474365826213827,8.613669147751203,9.822055738829668,11.090042005424518,12.407269642441248,13.762642159357377,15.144472098262366,16.54063676420508,17.938740160375783,19.32627872815182,20.69080843584733,22.020110741009145,23.30235496961922,24.526254711360966,25.68121592238272,26.757474554396747,27.746221689601605,28.639714352416192,29.431370388499133,30.11584604569385,30.68909515669874,31.148409105389163,31.492437053513477,31.72118620743757,31.83600221106338,31.839530056264827,31.735656201433862,31.529432877344302,31.226985832999027,30.835407028117643,30.36263400942159,29.817317911203432,29.208682193559618,28.546374371316247,27.840313090795004,27.100532978412925,26.337029713533646,25.559607767445463,24.777733200913787,24.000393825146496,23.235968906547825,22.492110436244836,21.775637793555173,21.092447411364745,20.447438804331757,19.844458051897234,19.286259541601666,18.77448647882793,18.309670361680748,17.89124930929254,17.517604823493887,17.18611626256506,16.89323201664684,16.634556102097207,16.404948641129188,16.198638467599555,16.009345903565983,15.830413587437391,15.654943105917097,15.47593509060479,15.286430387585355,15.079649895446625,14.849130694130125,14.588856153360204,14.293377813990725,13.957926976692832,13.578514107610669,13.152014376997844,12.676237880961647,12.149983354373658,11.573074460450737,10.94637803484956,10.271803964488313,9.552286688692066,8.791748617558984,7.995046064580835,7.167898582534878,6.316802868686892,5.448932662854285,4.572026295655304,3.694263750495011,2.824135278155868,1.9703037444294083,1.1414629967668382,0.34619460375814093,-0.40717464968885286,-1.110712138728676,-1.757013322881472,-2.3393279818451456,-2.8516766502679713,-3.2889552973719143,-3.6470264877021603,-3.922795478468551,-4.114269953337766,-4.22060235812762,-4.242114086307639
5.745920216030761,5.8751131394171345,5.929713759336617,5.9109323147413475,5.821329067489851,5.664784839177934,5.4464506203789345,5.1726769672296555,4.850924213786191,4.489654826237876,4.098209502322689,3.6866688718730574,3.2657028784654036,2.8464101142263085,2.4401495370381134,2.0583671193049344,1.712420058281478,1.413401218530188,1.1719664767743758,0.998167598300201,0.9012931927958396,0.8897201773802399,0.9707780174347089,1.1506278241355918,1.4341581642438257,1.8248991861602715,2.3249563903490156,2.934965076171748,3.6540661854702554,4.4799039406175,5.408645346124334,6.435021293219911,7.5523886811090595,8.75281265177755,10.027167732057459,11.3652563917632,12.755943264373046,14.187303040930768,15.646779842149538,17.121355701237075,18.59772565335258,20.062476828939573,21.502268888977163,22.904013121383045,24.255047539709377,25.54330538760722,26.757474554396747,27.887145546970686,28.922945839099118,29.856658628366368,30.681324270315127,31.39132292528589,31.982437241895006,32.45189420770421,32.79838561771611,33.022066939977776,33.124534689726666,33.10878275403627,32.97913843267877,32.74117927286734,32.40163207078115,31.968255686657677,31.449709568418843,30.855410097320487,30.195377054469162,29.480072656231794,28.72023571712721,27.92671356889182,27.110294392847166,26.281542608918564,25.450639908790087,24.62723442353578,23.820300379116023,23.038010418493766,22.287622559552688,21.575383516809605,20.906449845956438,20.284828077859782,19.713334697503733,19.193576498522948,18.72595151071534,18.309670361680748,17.942797599998734,17.622312181603956,17.34418600858962,17.10347911570812,16.8944498291849,16.710677979581373,16.545199039343725,16.390646879843036,16.23940270505068,16.083747621772613,15.916016251184525,15.72874877416785,15.514838833828588,15.267674792054658,14.981271951791406,14.650393510960185,14.270658205027804,13.838632819960623,13.351908011915885,12.809156150290411,12.210170201999661,11.555882992091657,10.848366503746957,10.090811213944713,9.287485794074449,8.443677832046458,7.56561654860747,6.660378780404433,5.735779780938502,4.800250643356013,3.862704371907273,2.9323928182455834,2.0187568514723764,1.131272244502868,0.279293832118668,-0.5280994731489783,-1.2822562328478286,-1.975098081591859,-2.599256947840996,-3.148201605974144,-3.6163514414541593,-3.9991755177621435,-4.293275271830884,-4.49644943002787,-4.6077400249874945,-4.627458700067116
6.085634618646582,6.22062377057751,6.276141708321055,6.253451079031392,6.155247084107504,5.985626235736521,5.7500329060080375,5.455184429338829,5.108975851773254,4.720365736709686,4.299244730876066,3.8562888624122245,3.4027997806008443,2.9505343504866643,2.5115261822301944,2.097901802029549,1.7216942568983151,1.3946569882363629,1.1280808083606422,0.9326167700267325,0.8181076321851402,0.7934304971444144,0.866353026949068,1.0434054427111112,1.329770273001599,1.7291915498580064,2.243904857588853,2.874589324837241,3.620342319095271,4.478677260081644,5.445544619311097,6.515375823095006,7.681149430423196,8.934478620926614,10.265718706500703,11.66409307804886,13.117835720759249,14.61434818156949,16.14036865478975,17.68215066955358,19.225648718624292,20.756708064308228,22.261255895415932,23.725490990338056,25.136069065689874,26.480281057300417,27.746221689601605,28.922945839099118,30.000610385350633,30.970599465927155,31.82563130683441,32.55984508296849,33.168866570080155,33.64985167575145,34.00150727706158,34.22408914171806,34.31937706207258,34.29062768217439,34.14250584138696,33.88099558874598,33.513292334983525,33.04767789905369,32.49338046847428,31.860421723661222,31.159453571969312,30.401587094197836,29.598216422299952,28.760840340018976,27.900884426907115,27.029526550108987,26.157528447574332,25.295076041881522,24.451630977194576,23.635795685316946,22.85519406327769,22.116369587933193,21.424702406789816,20.784346633244233,20.19818874371016,19.667827629006318,19.193576498522948,18.77448647882793,18.408391394346083,18.09197287234212,17.820844583325883,17.58965411661796,17.3922007042906,17.22156674975249,17.070260894114966,16.93037016784128,16.793718630102845,16.652029796136947,16.49709009539797,16.320910591356114,16.115884227603686,15.874935943899352,15.59166312858384,15.26046403837773,14.87665202017152,14.436553608641166,13.937588844383235,13.378332455254323,12.758554863767602,12.07924232043182,11.34259581122964,10.55200874125929,9.712023750061304,8.828269361490996,7.907377506459817,6.95688327494459,5.985108549138877,5.001031437665806,4.014143667015119,3.0342982869723585,2.07155020852896,1.135992212998002,0.23758914789535668,-0.6139869426214588,-1.4095180178052735,-2.140394893558865,-2.798763173017675,-3.3776578221947258,-3.8711241416849314,-4.274323105390804,-4.583619290264235,-4.7966499030124465,-4.912373715982604,-4.931099050026569
6.337436310433116,6.4772204464087615,6.534043974036177,6.5092135696500035,6.405528902456019,6.227250081879146,5.980041960364466,5.670896085363686,5.308031441181528,4.900775450725757,4.45942701392164,3.995103638897811,3.5195749697379703,3.045085226831435,2.5841672494085905,2.1494509620800626,1.7534691761169658,1.4084636804893278,1.1261945766829253,0.9177557650990247,0.7933994001557414,0.762371997481238,0.8327647018988902,1.0113800119544187,1.3036170088044017,1.7133768581792017,2.2429900481244616,2.893166496987149,3.6629693206488527,4.54981269057897,5.549483850315131,6.65618899300461,7.862622342192914,9.160057427588224,10.53845921237239,11.986615413847218,13.492285069568338,15.042362141018451,16.623051720253613,18.22005621526572,19.818768739932462,21.404470826665268,22.962531515881327,24.478604857219192,25.93882288332217,27.329981187679554,28.639714352416192,29.856658628366368,30.970599465927155,31.9726017281181,32.85512068347248,33.612092171824074,34.239000656248805,34.7329242144935,35.09255587797479,35.31820109041133,35.411751425754225,35.37663507061267,35.21774493415463,34.94134559290913,34.5549606036058,34.06724201902263,33.48782421499206,32.82716437687988,32.096372197146664,31.307031498733465,30.471016619312106,29.60030646690252,28.706799186686798,27.802130361475903,26.89749760438982,26.00349429282157,25.129955039337396,24.28581530019988,23.47898728875342,22.716254092681787,22.003183595416367,21.34406347753216,20.741858229046244,20.19818874371016,19.713334697503733,19.286259541601666,18.91465757116662,18.595022171461085,18.322733997866884,18.09216752212058,17.896814078750175,17.729419278247438,17.582132421338798,17.446665355654844,17.314458065327777,17.176848178051237,17.025241514658997,16.851280794288186,16.64700964386876,16.405029143413223,16.118644266975906,15.781997751057983,15.3901891347812,14.939376965794366,14.426862448454376,13.851153121638664,13.212005487435501,12.510445863384703,11.748769094083498,10.930515126824302,10.06042382440311,9.144368750255111,8.189271010681548,7.202994570388462,6.194224765432454,5.1723320169305165,4.147222994987381,3.1291816912289896,2.1287030267246863,1.1563217472259346,0.22243943755184326,-0.6628474796385377,-1.4899159090181808,-2.249777620311885,-2.9342314731005485,-3.536003793060412,-4.048874555189832,-4.467787259009064,-4.788940644609587,-5.009860692455074,-5.129451669193271,-5.148025321222335
6.497522104204183,6.641049022277206,6.699573621062686,6.674437785137815,6.568513793375439,6.3861709484098075,6.133218481807548,5.816825548319973,5.44541947820626,5.028563794223176,4.576817814270072,4.1015799470210155,3.6149170417749312,3.129382371324205,2.6578250045651544,2.213193461149089,1.8083366316565832,1.455804992211677,1.1676551414829874,0.9552606407033997,0.8291320444460455,0.7987488728835013,0.8724060972618073,1.057077492108756,1.358297953627308,1.7800665976984202,2.3247721373115873,2.9931417028448664,3.7842139145568154,4.695336650319112,5.722189578576819,6.858831152437109,8.097769391328697,9.43005541744291,10.845398370604958,12.332300002533513,13.878206954517097,15.469678455866962,17.092566948144082,18.73220894563462,20.373623288827755,22.001713837084157,23.601473580979864,25.15818713499828,26.657628597666033,28.086251838529613,29.431370388499133,30.681324270315127,31.82563130683441,32.85512068347248,33.762046813888865,34.540181860735835,35.18488559141358,35.693151597291326,36.06362926842951,36.29662128889697,36.39405679456528,36.3594407099514,36.197780147446366,35.91548910538461,35.52027303533934,35.02099515850834,34.42752669117695,33.75058338554321,33.00155100070974,32.192302486009666,31.33500978230021,30.441953224371026,29.525331557841493,28.597075566279145,27.668668238940075,26.75097429745955,25.854081742712903,24.987157883360126,24.158322068423168,23.37453707141277,22.641520767407158,21.963679411999493,21.34406347753216,20.784346633244233,20.284828077859782,19.844458051897234,19.460885978808356,19.130530315148558,18.848668836388615,18.609547752510444,18.40650774165601,18.232124715857534,18.07836289478944,17.936737565474942,17.79848475121775,17.6547349042605,17.49668767558309,17.315784802841865,17.10387819390194,16.853390368104368,16.557464548911433,16.210101877683705,15.8062834361176,15.34207502068038,14.814712901958579,14.222669120369641,13.565695211883318,12.844843617582463,12.062466403095936,11.22219129200253,10.328875394991393,9.388537387644595,8.408269248075209,7.396129005424683,6.361016265828249,5.312532568739536,4.260828878797467,3.2164427326235607,2.1901277325902697,1.19267820792506,0.23475194546568479,-0.673306073322322,-1.52163600631545,-2.301028694669789,-3.003081664241816,-3.620342985522898,-4.146440589058694,-4.57619486845481,-4.905712673522896,-5.132461097465426,-5.255319789309383,-5.274610870744864
6.563533279145798,6.7097152566516005,6.770335964922591,6.7467633610543665,6.64190958066448,6.460197253248256,6.207501879857682,5.891071092446547,5.5194219729288925,5.102217950564707,4.650127113467223,4.174664058943607,3.688017663603497,3.202867373779529,2.73219079645454,2.289065507856246,1.8864680890987873,1.5370734443491303,1.253057456312038,1.0459059864150744,0.926233133703736,0.9036115285954756,0.9864172574348125,1.181691794024954,1.4950230583669812,1.9304474346403078,2.4903742644169133,3.175533992039365,3.9849507821735823,4.91594006019966,5.96413104993537,7.123514005904304,8.386511464679701,9.744072477399747,11.185788438846759,12.700028802757346,14.274094673214387,15.894387992605187,17.546593811797084,19.215872931449447,20.887062047745545,22.5448784236689,24.174126039998367,25.75990015950265,27.28778726373689,28.74405739403373,30.11584604569385,31.39132292528589,32.55984508296849,33.612092171824074,34.540181860735835,35.337763732197566,36.00009032699998,36.52406434895296,36.90826140931549,37.152928066789215,37.259955298994136,37.23282791940541,37.07655082391664,36.797553307728236,36.403573030549204,35.90352152083069,35.307333392961596,34.62580170053475,33.870402059934136,33.05310834817858,32.186202904405604,31.282084243501217,30.353075321815044,29.411235378040907,28.468178307355306,27.53490041473139,26.62162023568804,25.737632912038162,24.891181369622846,24.089346268370168,23.337956386715067,22.641520767407165,22.003183595416374,21.42470240678982,20.906449845956445,20.44743880433176,20.045370391427287,19.696703817267053,19.39674690786805,19.139765639721308,18.919110770144353,18.72735936315724,18.556468769737016,18.397940420901445,18.24299063537014,18.082725533131853,17.90831708392587,17.71117730643958,17.483127670131793,17.216560836392752,16.904592007815566,16.541197331465327,16.121337021227887,15.64106112194028,15.097596129753759,14.489411004201326,13.816261452397217,13.079211728958764,12.280633570591757,11.424182265604472,10.514750239612882,9.558398913084083,8.562269947972789,7.53447734359488,6.483982160430654,5.420451939550189,4.354107140090288,3.2955571335485865,2.2556284680948115,1.245188245826268,0.2749655388473211,-0.6446261950665737,-1.5036627501597963,-2.2928759786781083,-3.0038109892957188,-3.6289711167477328,-4.161948238843464,-4.59753625399965,-4.931825805044419,-5.162278638833456,-5.287780321223535,-5.308670377784452
6.5345923356343825,6.682322044633756,6.7454257186872075,6.725288068156382,6.624827942597792,6.448464840283176,6.202061636225265,5.89284434023315,5.529300052687135,5.121054623928389,4.6787318381961835,4.213796230075372,3.738381896041294,3.265109882018723,2.806896906583317,2.3767583158207977,1.9876082578694678,1.6520601114386761,1.38223020245547,1.1895477964914245,1.0845742625160808,1.0768341672617376,1.1746608811844483,1.3850590594216863,1.7135861076230734,2.1642544569506583,2.7394561592727387,3.4399109773845,4.26463879109401,5.210956773589369,6.274501419207288,7.449275129210498,8.727716692116495,10.100794635099595,11.558122078453188,13.088091401256222,14.678026728131762,16.31435197882789,17.982771988351214,19.668464009092418,21.35627675078636,23.030934001624743,24.677239806122575,26.28028215349171,27.825632154672817,29.299535756499072,30.68909515669874,31.98243724189501,33.168866570080155,34.239000656248805,35.18488559141358,36.00009032699998,36.67977828405759,37.22075529485555,37.62149324793511,37.88212918100397,38.00443994342705,37.99179292566656,37.84907372101618,37.58259193962221,37.199966730526064,36.70999387900832,36.12249662892479,35.448162628496185,34.69836960914726,33.88500257706639,33.02026542338547,32.11648993915611,31.18594525424163,30.2406507042201,29.292195066539406,28.351564997381505,27.42898534564797,26.533773822573202,25.674212267816568,24.857436479245802,24.089346268370157,23.374537071412767,22.716254092681783,22.116369587933185,21.575383516809598,21.092447411364745,20.665410928388415,20.290890182949255,19.964356605354478,19.680244729432854,19.432077012187534,19.212603508519596,19.013953984453657,18.82779985207286,18.645523152498946,18.45838970232184,18.25772345571692,18.035079120116862,17.782410097946432,17.49222890998413,17.15775738597918,16.773064083039884,16.333186609087537,15.834236783713067,15.273486857821894,14.64943533168599,13.961851253141951,13.211796237991631,12.401623827195948,11.53495617402793,10.616638432703855,9.652671591892664,8.650124855782792,7.617029016153007,6.562252575556348,5.495362669102081,4.426473085717868,3.3660819050742363,2.324901440069473,1.3136833041101625,0.34304150531969024,-0.5767234950322293,-1.4357968356737798,-2.2250145569035844,-2.93601939541748,-3.561404470278273,-4.094842453517863,-4.5311980537624565,-4.866621911603094,-5.098624306758594,-5.226127404465957,-5.249495116641237
6.411316304691637,6.559482958315728,6.625440574060061,6.610581246122652,6.517797515529864,6.351449578571044,6.11730923683771,5.822481378896648,5.475304131665879,5.085229150123682,4.662683821980045,4.218917444652863,3.7658336810232753,3.3158118141965405,2.881519496619717,2.475719822757377,2.1110756450929955,1.7999540991642982,1.5542343039986548,1.385121159725136,1.3029680750280859,1.3171113248741921,1.4357185656443843,1.6656538231063296,2.012361021821806,2.4797678463710584,3.070211419435913,3.7843869539596424,4.621320191270967,5.578364079455774,6.651219781792832,7.833981739249007,9.119206149376295,10.498001871925014,11.960142434393138,13.494197493653676,15.087681817523295,16.72721958706711,18.398721590552093,20.087572686746658,21.778826761650464,23.45740629107161,25.108303553467923,26.71678051420159,28.268564424220976,29.750036242900947,31.148409105389163,32.45189420770421,33.64985167575145,34.7329242144935,35.693151597291326,36.52406434895296,37.22075529485555,37.77992798780832,38.19992137892788,38.480710463279614,38.62388299979651,38.632592772327676,38.51149021889435,38.26663160372599,37.90536823596845,37.43621754491062,36.86871809931615,36.21327090354183,35.480969511632985,34.68342166912736,33.83256531810735,32.940481882012996,32.01920978147316,31.08056112026233,30.135944421536145,29.196196189576096,28.271423922973334,27.370863013810233,26.502749736964727,25.674212267816568,24.891181369622835,24.158322068423164,23.47898728875341,22.855194063277686,22.28762255955268,21.77563779355517,21.317333528449833,20.909597494442913,20.548196717422897,20.227881416170536,19.942505625639672,19.68516243216279,19.448331469913978,19.224036130480016,19.00400778221389,18.779854185737587,18.543229228338888,18.286001084107866,18.000415938724277,17.67925449727877,17.315978619037978,16.90486559252972,16.441127774879206,15.921015567439841,15.341901981277555,14.702347356280193,14.002143131395954,13.242333915195584,12.42521746975157,11.554322590691102,10.634365236076853,9.67118362038124,8.67165334124153,7.643583940124852,6.595598608012928,5.5369990286563375,4.477617600246868,3.427659487473493,2.3975371264410446,1.3976999320955732,0.4384620395896177,-0.4701690538440264,-1.3186600919709432,-2.09811311197992,-2.8004172554553497,-3.4183887960085455,-3.9458970322010227,-4.3779739233665165,-4.710905609584627,-4.942304251043078,-5.071158941530568,-5.097864790606321
6.19580640384282,6.343311882434578,6.41247100516585,6.404673963843499,6.322754596336475,6.1709587871803375,5.954890491350744,5.6814361363922306,5.358668492544323,4.995731418263194,4.602707184716241,4.190468352895344,3.7705164168293317,3.354809632328739,2.9555826196452832,2.5851604578277745,2.255770076469143,1.9793517956679048,1.7673738667288408,1.630652824421821,1.5791823771843223,1.6219734358188589,1.7669077159527324,2.0206071473378024,2.388321087069518,2.87383306759686,3.479388518027716,4.205644583142494,5.051642833466749,6.014805316724432,7.0909540511700415,8.274353709953377,9.557776898090601,10.932591085029056,12.388865931290425,13.915499442135918,15.500361099212181,17.13044986695281,18.79206474795681,20.47098537400506,22.152659969650884,23.822397915711754,25.46556407218354,27.06777199515896,28.615073200683916,30.094139689908527,31.492437053513477,32.79838561771611,34.001507277061584,35.09255587797479,36.06362926842951,36.90826140931549,37.62149324793511,38.19992137892788,38.64172385786698,38.94666288260917,39.11606441184057,39.15277514368435,39.061097624249115,38.84670459119086,38.51653397549282,38.07866628072034,37.54218632829392,36.91703159554145,36.21382957661046,35.44372676144019,34.61821195219896,33.748936717806664,32.847535823983975,31.92545046800082,30.993757093959086,30.063004466788303,29.143061542627116,28.242978492079022,27.370863013810236,26.53377382257321,25.73763291203815,24.987157883360126,24.28581530019988,23.635795685316946,23.038010418493766,22.492110436244836,21.99652627640715,21.548528661177684,21.144308476220743,20.77907468666264,20.44716843836391,20.14219132965303,19.85714560908407,19.58458386254925,19.316765601423977,19.0458180548541,18.76389840560422,18.463354691111235,18.13688261979941,17.777675626811195,17.379565611824052,16.937151962549837,16.445916668132025,15.902323563589038,15.303900015718241,14.649299657957272,13.93834510162361,13.172049888371092,12.352619297984027,11.48342998095714,10.568988740776609,9.614871140526807,8.627640946609787,7.6147517433963205,6.584432351239769,5.545557951574648,4.507509062347821,3.4800207108883603,2.473024316204062,1.496484915941724,0.5602364528992669,-0.3261821292132301,-1.1536872416045003,-1.9138047743115734,-2.5988154044491907,-3.2018886472697745,-3.7172033907612523,-4.140052873782609,-4.466932320396548,-4.695607724941906,-4.825164588866802,-4.856035736398866
5.891614205832954,6.037388912430808,6.110066459855673,6.1110260658444195,6.043011595124648,5.910101626164822,5.717658367002122,5.4722561276834965,5.181590372485523,4.854368675073252,4.500185179524234,4.129380425410663,3.7528886220147495,3.3820746518092735,3.028563243621488,2.704062879006476,2.4201870794516864,2.188275765881643,2.019219384909526,1.9232884583911445,1.909971134696089,1.9878212029475248,2.164318877109076,2.4457464675842546,2.83708083682977,3.3419042857315695,3.9623352429365353,4.6989798341228655,5.55090509677932,6.515634283134401,7.589164364281809,8.766005517234277,10.03924204856856,11.400613888413954,12.840617481574192,14.348624613153609,15.91301743851724,17.52133774576277,19.16044826674713,20.816703673287325,22.476128751153603,24.124601138082152,25.74803594488984,27.332569551926305,28.86473988700616,30.331660545476893,31.72118620743757,33.022066939977776,34.22408914171806,35.31820109041133,36.29662128889697,37.152928066789215,37.88212918100397,38.480710463279614,38.94666288260917,39.27948772010805,39.48017988825202,39.55118976048984,39.496364205799814,39.32086784070786,39.03108581364425,38.63450971852397,38.139608491623946,37.55568637409168,36.8927302180778,36.16124857436036,35.37210512078736,34.536349071871456,33.66504524902626,32.76910648749966,31.859131009980818,30.945247308765097,30.036968949574117,29.143061542627116,28.27142392297334,27.428985345647977,26.621620235688034,25.854081742712903,25.129955039337396,24.451630977194576,23.820300379116023,23.235968906547825,22.697492103153134,22.202629884344628,21.748119423677863,21.329765085901176,20.942543777995336,20.580723838372435,20.23799536471459,19.907609696369377,19.58252562085036,19.255559768242428,18.91953859393111,18.567449330098135,18.192587310156096,17.78869713730712,17.350105277545698,16.87184180682318,16.349749229213057,15.780576504593796,15.162056676856798,14.49296677269476,13.7731689419378,13.003632128128977,12.186433887245002,11.324742307666337,10.42277832009176,9.485759016488668,8.519822916884703,7.531938426543157,6.529797008806002,5.521692855980258,4.516391067865568,3.522986541163083,2.5507559299202374,1.6090051548216981,0.7069150156568409,-0.1466125045154829,-0.9431046636174907,-1.6746625845777956,-2.334097643440929,-2.915057318934635,-3.412138371802715,-3.8209854281606055,-4.138373278675158,-4.362271470582614,-4.491890058072348,-4.527705683642345
5.503684858704606,5.6467030580028705,5.723178477305197,5.734470630435783,5.683203741921912,5.573238927106818,5.409626772027352,5.198540960877772,4.947193890742978,4.663735490843429,4.357136722555385,4.037059473014233,3.7137147655900984,3.3977113917649544,3.09989721821533,2.83119553798345,2.6024389137972515,2.424203003719798,2.3066428637784178,2.2593341890212497,2.291121884119106,2.4099782482766017,2.6228729184792705,2.9356565421350336,3.352959947598859,3.878110351964027,4.513065893317342,5.258369503180399,6.113122848165616,7.074980772255467,8.140166367010849,9.303506490967802,10.558487256050025,11.897328702526455,13.311077599289378,14.789717037257734,16.32229123452891,17.8970437462274,19.501567073200686,21.1229614947731,22.748000814228046,24.363302603618287,25.95550046846747,27.51141582395868,29.01822668279882,30.46363100103531,31.83600221106338,33.124534689726666,34.31937706207258,35.411751425754225,36.39405679456528,37.259955298994136,38.00443994342705,38.62388299979651,39.11606441184057,39.48017988825202,39.716828672217105,39.82798128443199,39.81692784186452,39.68820785056272,39.447522653072234,39.10163197507291,38.65823625749353,38.1258466757531,37.513644933434385,36.831335070596765,36.0889896445579,35.29689272134018,34.46538215769666,33.60469365592217,32.724809036370196,31.835311096226402,30.945247308765097,30.063004466788303,29.196196189576106,28.35156499738151,27.534900414731382,26.75097429745955,26.00349429282157,25.295076041881522,24.62723442353578,24.000393825146496,23.413917110985423,22.866152651732847,22.354498481246686,21.875482365653106,21.4248563091963,20.997703785566348,20.588557776535175,20.191527525123096,19.800431771103675,19.408936134752093,19.01069225203854,18.599476241988228,18.169324105018603,17.714661709382998,17.230427120377065,16.712183162021127,16.15621827120373,15.559633906855925,14.920417008177356,14.237496252327954,13.510781138994707,12.741183222164274,11.930619113345276,11.081995190279844,10.199174255668694,9.286924696414435,8.350852990259487,7.397320688528854,6.433347266310138,5.466500470475199,4.504776007533571,3.5564685939423106,2.630036538238174,1.7339621348348477,0.8766102217775524,0.0660872880402743,-0.6898964903919109,-1.3841599522162942,-2.010176141280888,-2.5621878584440956,-3.0353116041736055,-3.4256281304461176,-3.730258039047726,-3.9474211076097796,-4.076478290609344,-4.1179556257367835
5.038278259257698,5.177572662631838,5.258081636113371,5.2811367228765835,5.249214895356628,5.165913262130298,5.035906025326576,4.864884265547647,4.65947939480972,4.4271713688190175,4.176182984173224,3.9153618002778314,3.6540514166607876,3.401954001091955,3.1689861000060873,2.9651298681692797,2.800281927768556,2.6841021070814524,2.625864315039641,2.6343117802892007,2.7175188222290085,2.882761227934503,3.136397184284346,3.483760560897843,3.929068158983874,4.475342336611535,5.124350195302758,5.87656026958499,6.731117403848623,7.68583623335031,8.73721341245372,9.88045845725618,11.109542795690912,12.417266350069605,13.7953407187986,15.234487779478464,16.72455230839695,18.25462700491393,19.81318812647829,21.388239783735237,22.967464817717094,24.53838008438573,26.088493907290164,27.605463427828745,29.0772495850895,30.49226749351803,31.839530056264827,33.10878275403627,34.29062768217439,35.37663507061267,36.3594407099514,37.23282791940541,37.99179292566656,38.632592772327676,39.15277514368435,39.55118976048984,39.82798128443199,39.98456394846987,40.02357840739859,39.9488315728118,39.76522045479213,39.478641275123344,39.09588533973875,38.624523357936035,38.072780069371866,37.449401184168615,36.76351475423113,36.02448917318386,35.241790046819006,34.42483818477088,33.58287093704584,32.724809036370196,31.859131009980818,30.993757093959086,30.135944421536152,29.292195066539414,28.4681783073553,27.668668238940075,26.89749760438982,26.157528447574332,25.450639908790087,24.777733200913787,24.13875351885894,23.53272835498916,22.957821422196865,22.411401129144856,21.89012231299649,21.390019717838342,20.906611515568677,20.435011003494377,19.97004448197194,19.506373218328857,19.03861734162297,18.561479487547626,18.069866024359285,17.55900373885376,17.02454994528801,16.462694098269864,15.870249140972241,15.244730999979371,14.584424844551979,13.888436957572168,13.15673131398132,12.390150225925591,11.59041868760308,10.760132332329416,9.902729194886168,9.022445749066769,8.12425795884139,7.213808337234582,6.297320245585476,5.381500883380445,4.473434611715115,3.5804684184878326,2.71009146795272,1.8698107790903795,1.0670251447613046,0.3088994357409063,-0.3977585699646169,-1.0466167315209587,-1.6319304367586467,-2.1486459221757466,-2.592493242741636,-2.9600672821220413,-3.248895389886851,-3.457490451544057,-3.585388436221371,-3.6331697215356606
4.502869431136374,4.6375448025064205,4.722273588214684,4.758351670543496,4.748083632209584,4.6947603630896815,4.602621038875937,4.476799967788917,4.323259032556055,4.14870667502378,3.9605045766919513,3.766563377046008,3.5752289399943518,3.395160824487974,3.2352047363484058,3.1042608326805334,3.011149816625133,2.964478797661239,2.9725089006839966,3.0430265855820613,3.183220588380527,3.399566315991459,3.697719420430795,4.082420146620423,4.557409892570664,5.125361244144118,5.787822551355072,6.545177902142816,7.396623125879156,8.340158225815617,9.37259640065871,10.489589573980904,11.68567010975884,12.954308156490963,14.287983834529252,15.678273264792468,17.115947235080103,18.59108111573717,20.093174472144597,21.611278679855403,23.1341307312703,24.650291332303006,26.14828532490546,27.616742437585497,29.044536361722066,30.420920176707412,31.735656201433862,32.97913843267877,34.14250584138696,35.21774493415463,36.197780147446366,37.07655082391664,37.84907372101618,38.51149021889435,39.061097624249115,39.496364205799814,39.81692784186452,40.02357840739859,40.118224273015855,40.103843528183816,39.984420771230425,39.76487052640091,39.45094854951243,39.04915246554687,38.56661334085962,38.010979926952814,37.39029741973753,36.712882656077475,35.987197716813895,35.22172392154137,34.42483818477088,33.60469365592217,32.76910648749966,31.92545046800082,31.080561120262335,30.24065070422011,29.411235378040907,28.597075566279145,27.802130361475903,27.029526550108987,26.281542608918564,25.559607767445463,24.864315981305925,24.195454412497057,23.552045772051834,22.932403650698696,22.334199748700932,21.7545417203762,21.19006017523067,20.63700322911363,20.0913368778089,19.548849374059444,19.005257728692577,18.456314428264598,17.89791246591069,17.326186818747374,16.737610573550636,16.129084001302182,15.498015008814248,14.84238954977777,14.160830755546012,13.452645744681233,12.71785928632456,11.957233722080279,11.172274790396967,10.365223242287119,9.539032383482198,8.697331921589068,7.844378733376514,6.9849953929897755,6.124497512877729,5.268611141997045,4.423381637224048,3.595075571028026,2.790077358926091,2.014782382093842,1.275488442279973,0.5782874169068879,-0.07104101850387279,-0.6671317655746005,-1.2051310038854255,-1.6807855378308432,-2.090523230610886,-2.4315231130577497,-2.7017739251091024,-2.900120038486979,-3.0262939173321524,-3.0809344957083065
3.9060296881866234,4.035275261216755,4.124355765135383,4.174524411361947,4.187891108911687,4.167403297838733,4.116813512925797,4.040634084157345,3.9440795755440514,3.832997749975036,3.71379002218226,3.5933225220158747,3.4788290336822656,3.3778072012777374,3.2979094950380583,3.246830514708044,3.2321922651396426,3.2614290738233067,3.3416738300753357,3.4796472109345222,3.6815515197175572,3.9529707002514485,4.298778003993787,4.7230526798467345,5.2290069290546235,5.818924222016701,6.4941099122707096,7.254854907656796,8.10041297229269,9.028992038171232,10.037759704736555,11.12286290158895,12.279461486430622,13.501775350410472,14.783144409030106,16.116100671524432,17.492451407799805,18.903372272113064,20.339509099028433,21.791086961895253,23.248024978993264,24.700055269161822,26.13684439843026,27.54811562284248,28.92377022092893,30.25400622238208,31.529432877344302,32.74117927286734,33.88099558874598,34.94134559290913,35.91548910538461,36.797553307728236,37.58259193962221,38.26663160372599,38.84670459119086,39.32086784070786,39.68820785056272,39.9488315728118,40.103843528183816,40.15530958643525,40.10620805644515,39.960368920198036,39.72240222196197,39.39761678558434,38.991930576276154,38.511774146181466,37.96398870337769,37.35572042002011,36.69431264580063,35.987197716813895,35.241790046819006,34.46538215769665,33.66504524902625,32.847535823983975,32.01920978147315,31.185945254241624,30.35307532181504,29.525331557841483,28.70679918668679,27.900884426907112,27.11029439284716,26.337029713533642,25.582389813827785,24.846990590094123,24.130794005042603,23.433148927439834,22.7528423554502,22.08815999064521,21.43695497613674,20.79672347945933,20.164685691003438,19.537870723839738,18.91320384209459,18.287594413600914,17.65802297884467,17.021625852257223,16.375775723189125,15.718156801488757,15.046833155091388,14.360309012563768,13.657579949914577,12.938174045584933,12.202182267482677,11.450277548069888,10.683722204507427,9.904363567215992,9.114617888364647,8.317442808164996,7.5162988578966345,6.715100670891334,5.9181587529969715,5.130112829287755,4.355857931213741,3.6004645155379436,2.869094011196084,2.1669112709247598,1.4989954598468385,0.8702509423208806,0.2853197308429576,-0.2515029633272605,-0.7363485883737935,-1.165849104946786,-1.5372035192634386,-1.8482359029627968,-2.0974438478436155,-2.2840364626983494,-2.4079611934763756,-2.469918934035924
3.2572904680814205,3.3803909842298614,3.473896649205013,3.539011766445483,3.577632474636944,3.592331083398256,3.5863296969889324,3.563463435659793,3.528133720221695,3.485252234598644,3.440176321369176,3.3986366945341375,3.3666584701026334,3.3504766168815934,3.356447015629912,3.390954383277477,3.460318369250334,3.570699162390858,3.7280039590961094,3.9377956359767046,4.205204943698776,4.5348474931225935,4.930746741068289,5.396264101950875,5.934037214301701,6.5459272792206695,7.232976262673945,7.9953746170331925,8.832440031266902,9.742607565790738,10.723431369309598,11.771598013258401,12.882951316930875,14.052528375347322,15.274606344607756,16.54275938811166,17.84992504373167,19.188479138832474,20.55031825882522,21.92694866748384,23.309580485084883,24.68922585492849,26.05679977109611,27.403222201303628,28.719520119066914,29.99692805949738,31.226985832999027,32.40163207078115,33.513292334983525,34.5549606036058,35.52027303533934,36.403573030549204,37.199966730526064,37.90536823596845,38.51653397549282,39.03108581364425,39.447522653072234,39.76522045479213,39.984420771230425,40.10620805644515,40.13247618390368,40.06588476189066,39.90980598747808,39.66826291959482,39.34586017780975,38.94770818390916,38.479342156348494,37.94663714160166,37.35572042002011,36.712882656077475,36.02448917318385,35.296892721340164,34.536349071871456,33.74893671780666,32.940481882012996,32.116489939156104,31.2820842435012,30.44195322437102,29.600306466902516,28.760840340018973,27.926713568891817,27.10053297841292,26.284349460253406,25.47966404193773,24.687443765012056,23.90814691379137,23.141756979192085,22.387824596508853,21.645516564191414,20.91367093498804,20.190857073231584,19.475439494212875,18.765644244822287,18.059626549876782,17.355538436325013,16.651595057976717,15.946138476267485,15.237697707186452,14.525043919815403,13.807239766546232,13.083681937215307,12.35413615707155,11.618763989369718,10.87814095491877,10.133265640411805,9.38555963198586,8.636858277301506,7.889392445565561,7.145761617445684,6.40889879292611,5.682027852138484,4.968614139557785,4.272309163381964,3.5968904073743357,2.946197340185855,2.3240647757524524,1.7342547866812914,1.1803883998531122,0.6658783093936029,0.19386382668912816,-0.23285074940976558,-0.6118532159376058,-0.9411749526482485,-1.2193358564034613,-1.4453818776101515,-1.6189144379920226,-1.740111145987857,-1.8097373729454378
2.5669919956934737,2.6833371946343183,2.7812797784278738,2.861969758253622,2.927073876020482,2.978763662146224,3.0196954979855555,3.0529828898207203,3.0821612757947463,3.111145797161581,3.144182569179172,3.185794083408025,3.240719460742332,3.31385035197157,3.410163348975527,3.534649823886858,3.6922441549774265,3.887751326085149,4.125774900731008,4.410646372504776,4.74635687983647,5.136492246119355,5.584172265692391,6.091995102984618,6.661987606896207,7.295562266122207,7.9934814446405476,8.755829441139593,9.58199281302241,10.470649296162584,11.419765537249218,12.426603737861756,13.487737189917272,14.599074562422635,15.755892681138016,16.95287742740341,18.18417227155505,19.44343385157456,20.72389391031625,22.018426816208198,23.31962181398217,24.61985908489561,25.911388641076066,27.186411036899756,28.437158852406373,29.655977890169794,30.835407028117643,31.968255686657677,33.04767789905369,34.06724201902263,35.02099515850834,35.90352152083069,36.70999387900832,37.43621754491062,38.07866628072034,38.63450971852397,39.10163197507291,39.478641275123344,39.76487052640091,39.960368920198036,40.06588476189066,40.08283986322758,40.01329595107619,39.85991366342566,39.62590481094999,39.314978679529474,38.93128323417698,38.479342156348494,37.96398870337769,37.39029741973752,36.76351475423113,36.08898964455789,35.37210512078735,34.61821195219896,33.83256531810735,33.02026542338546,32.1862029044056,31.3350097823002,30.471016619312095,29.59821642229995,28.720235717127203,27.840313090794993,26.961285367008816,26.08558144770564,25.21522372026572,24.351836800038512,23.496663252726457,22.650585823301395,21.814155589553494,20.987625360992034,20.17098755932822,19.36401574662486,18.566308912583462,17.777337594255535,16.996490880303305,16.223123348077443,15.45660099518428,14.696345257530757,13.941874252398621,13.192840446958115,12.44906402855875,11.710561341657488,10.977567855670902,10.250555236490927,9.530242209858564,8.81759902511003,8.113845450790516,7.420442357036934,6.739077061239439,6.071642731131615,5.420212251048938,4.787007060681425,4.174361569433036,3.5846838318843885,3.0204132394474668,2.483976038951255,1.9777395297108216,1.5039658159826557,1.0647660012450295,0.6620557043914588,0.2975127558927533,-0.027462105257926694,-0.3117807647185462,-0.5546987922071698,-0.7558414007782637,-0.9152237680117442,-1.0332652788964485,-1.1107973555256727
1.8461191759589064,1.9552115945486748,2.057538895448658,2.1541923323316077,2.2465973215914365,2.3365053829458047,2.425980917059234,2.5173829202238607,2.613341807363545,2.7167315837653874,2.8306376720690456,2.9583207632856667,3.1031771181610917,3.268695797296701,3.4584133444269156,3.67586648653919,3.924543446612834,4.207834489242658,4.528982335993435,4.891033095789523,5.296788355867097,5.748759070788207,6.249121870815773,6.799678386751198,7.4018181564063426,8.056485638572028,8.764151814093294,9.52479080098246,10.337861851985803,11.20229703932762,12.11649486320947,13.078319948823646,14.085108921979629,15.133682476816338,16.220363571394547,17.341001609173823,18.49100238743928,19.665363518628137,20.8587149581886,22.065364204049732,23.2793456689339,24.49447366851581,25.70439841669023,26.902664374762693,28.08277026496136,29.238230030936602,30.36263400942159,31.449709568418843,32.49338046847428,33.48782421499206,34.42752669117695,35.307333392961596,36.12249662892479,36.86871809931615,37.54218632829392,38.139608491623946,38.65823625749353,39.09588533973875,39.45094854951243,39.72240222196197,39.90980598747808,40.01329595107619,40.03357143699351,39.97187554711042,39.829969869824446,39.610103759036164,39.314978679529474,38.94770818390916,38.511774146181466,38.010979926952814,37.449401184168615,36.831335070596765,36.16124857436036,35.44372676144019,34.68342166912737,33.8850025770664,33.053108348178576,32.192302486009666,31.307031498733465,30.401587094197836,29.480072656231794,28.546374371316247,27.6041372881572,26.656746502295533,25.707313565315975,24.75866812519178,23.813354712533894,22.87363449868608,21.941491767337165,21.018644763124726,20.106560509974624,19.206473129891794,18.319405140650503,17.446191169186246,16.58750348711633,15.743878756136972,14.915745364256265,14.10345073889116,13.307288039520191,12.527521660361657,11.76441101175298,11.018232096663526,10.289296455034624,9.577967112211905,8.884671237302614,8.209909291443296,7.554260523227388,6.9183847474061375,6.303020421921595,5.708979115861881,5.137136535599633,4.588420346815346,4.0637950950475625,3.5642445857045653,3.090752135110226,2.64427914628997,2.2257424961509265,1.8359912439713537,1.4757831843706315,1.1457617710516006,0.8464339306466572,0.5781492691930428,0.341081147521186,0.13521006673520009,-0.039690238280022605,-0.18406364991694435,-0.29857917289236213,-0.3841348647688251
1.1061273182088374,1.2075882810760108,1.3141828545797127,1.4269400400837653,1.5470358661334818,1.6757893109833775,1.8146559653345267,1.9652194259647957,2.129180437860709,2.308343829731702,2.504603315148443,2.7199242587385517,2.9563245336376265,3.2158536224738388,3.500570139303992,3.812517973863094,4.153701281983931,4.5260585668357205,4.93143611447158,5.3715610638155935,5.848014405418357,6.362204214827513,6.9153394350263255,7.508404527870184,8.142135316592048,8.816996340065986,9.533160034448557,10.290488048923088,11.088514989448191,11.92643486759399,12.803090510716368,13.716966164902216,14.666183493402231,15.648501140799667,16.661317997156097,17.70168025710843,18.766292326716545,19.851531586199457,20.953466970040186,22.067881277845068,23.19029708042995,24.316006036549563,25.44010138720834,26.557513347347307,27.663047069673027,28.751422813270395,29.817317911203432,30.855410097320487,31.860421723661222,32.82716437687988,33.75058338554321,34.62580170053475,35.448162628496185,36.21327090354183,36.91703159554145,37.55568637409168,38.1258466757531,38.624523357936035,39.04915246554687,39.39761678558434,39.66826291959482,39.85991366342566,39.97187554711042,40.00394145394405,39.95638830574836,39.829969869824446,39.62590481094999,39.34586017780975,38.99193057627616,38.56661334085962,38.072780069371866,37.513644933434385,36.8927302180778,36.21382957661046,35.48096951163299,34.69836960914726,33.87040205993413,33.00155100070974,32.096372197146664,31.159453571969312,30.195377054469162,29.208682193559618,28.203831935660197,27.185180922147648,26.156946609817062,25.123183462817256,24.087760406972446,23.054341678416236,22.02637113918808,21.007060073998314,19.99937842583445,19.006049374469917,18.029547112172573,17.07209762581526,16.135682254868044,15.222043760974676,14.332694617418737,13.468927206060021,12.631825595415513,11.822278566475589,11.04099355245003,10.28851116466474,9.565219988893096,8.87137135401135,8.207093797429332,7.57240697859929,6.967234822322926,6.391417706789164,5.844723546488414,5.32685765656003,4.837471321942894,4.376169031145283,3.9425143697970793,3.5360346027170264,3.1562240044044705,2.8025460261074877,2.4744344124669397,2.171293401815455,1.8924971612386123,1.6373886202920303,1.4052778757146194,1.1954403435761782,1.0071148351257126,0.8395017283248785,0.6917613988937972,0.5630130629666559,0.45233416851343217,0.35876045494343684
0.35876045494343684,0.45233416851343217,0.5630130629666559,0.6917613988937982,0.8395017283248773,1.007114835125711,1.1954403435761782,1.4052778757146194,1.6373886202920303,1.8924971612386123,2.171293401815455,2.474434412466939,2.802546026107485,3.156224004404468,3.5360346027170264,3.9425143697970793,4.376169031145283,4.837471321942894,5.32685765656003,5.844723546488416,6.39141770678916,6.967234822322923,7.57240697859929,8.207093797429332,8.87137135401135,9.565219988893096,10.28851116466474,11.040993552450026,11.822278566475584,12.631825595415506,13.468927206060021,14.332694617418737,15.222043760974676,16.135682254868044,17.07209762581526,18.02954711217258,19.00604937446991,19.999378425834443,21.007060073998314,22.02637113918808,23.054341678416236,24.087760406972446,25.123183462817256,26.15694660981706,27.185180922147637,28.20383193566019,29.208682193559618,30.195377054469162,31.159453571969312,32.096372197146664,33.00155100070974,33.870402059934136,34.69836960914726,35.480969511632985,36.21382957661046,36.8927302180778,37.513644933434385,38.072780069371866,38.56661334085962,38.991930576276154,39.34586017780975,39.62590481094999,39.829969869824446,39.95638830574836,40.00394145394405,39.97187554711042,39.85991366342566,39.66826291959482,39.39761678558435,39.04915246554687,38.624523357936035,38.1258466757531,37.55568637409168,36.91703159554145,36.21327090354184,35.448162628496185,34.625801700534744,33.75058338554321,32.82716437687988,31.860421723661222,30.855410097320487,29.817317911203432,28.751422813270402,27.663047069673038,26.55751334734731,25.44010138720834,24.316006036549563,23.19029708042995,22.067881277845068,20.953466970040186,19.851531586199464,18.766292326716552,17.70168025710842,16.661317997156097,15.648501140799667,14.666183493402231,13.716966164902216,12.803090510716368,11.926434867593997,11.088514989448196,10.290488048923091,9.533160034448557,8.816996340065986,8.142135316592048,7.508404527870184,6.9153394350263255,6.362204214827516,5.84801440541836,5.371561063815591,4.93143611447158,4.5260585668357205,4.153701281983931,3.812517973863094,3.500570139303992,3.2158536224738414,2.9563245336376283,2.7199242587385526,2.504603315148443,2.308343829731702,2.129180437860709,1.9652194259647957,1.8146559653345267,1.6757893109833786,1.5470358661334829,1.4269400400837644,1.3141828545797127,1.2075882810760108,1.1061273182088374
-0.3841348647688251,-0.29857917289236213,-0.18406364991694435,-0.039690238280021495,0.13521006673519875,0.34108114752118435,0.5781492691930428,0.8464339306466572,1.1457617710516006,1.4757831843706315,1.8359912439713537,2.2257424961509247,2.6442791462899655,3.090752135110222,3.5642445857045653,4.0637950950475625,4.588420346815346,5.137136535599633,5.708979115861881,6.303020421921599,6.918384747406135,7.554260523227384,8.209909291443296,8.884671237302614,9.577967112211905,10.289296455034624,11.018232096663526,11.764411011752975,12.527521660361653,13.307288039520186,14.10345073889116,14.915745364256265,15.743878756136972,16.58750348711633,17.446191169186246,18.31940514065051,19.20647312989179,20.106560509974624,21.018644763124726,21.941491767337165,22.87363449868608,23.813354712533894,24.75866812519178,25.70731356531597,26.656746502295526,27.6041372881572,28.546374371316247,29.480072656231794,30.401587094197836,31.307031498733465,32.192302486009666,33.05310834817858,33.88500257706639,34.68342166912736,35.44372676144019,36.16124857436036,36.831335070596765,37.449401184168615,38.010979926952814,38.511774146181466,38.94770818390916,39.314978679529474,39.610103759036164,39.829969869824446,39.97187554711042,40.03357143699351,40.01329595107619,39.90980598747808,39.72240222196197,39.45094854951243,39.09588533973875,38.65823625749353,38.139608491623946,37.54218632829392,36.868718099316155,36.12249662892479,35.30733339296159,34.42752669117695,33.48782421499206,32.49338046847428,31.449709568418843,30.36263400942159,29.23823003093661,28.08277026496137,26.902664374762697,25.70439841669023,24.49447366851581,23.2793456689339,22.065364204049732,20.8587149581886,19.665363518628144,18.49100238743929,17.341001609173816,16.220363571394547,15.133682476816338,14.085108921979629,13.078319948823646,12.11649486320947,11.202297039327625,10.337861851985807,9.524790800982466,8.764151814093294,8.056485638572028,7.4018181564063426,6.799678386751198,6.249121870815773,5.748759070788209,5.2967883558671,4.891033095789519,4.528982335993435,4.207834489242658,3.924543446612834,3.67586648653919,3.4584133444269156,3.268695797296703,3.1031771181610934,2.9583207632856667,2.8306376720690456,2.7167315837653874,2.613341807363545,2.5173829202238607,2.425980917059234,2.336505382945805,2.2465973215914374,2.154192332331607,2.057538895448658,1.9552115945486748,1.8461191759589064
-1.1107973555256678,-1.0332652788964434,-0.9152237680117393,-0.7558414007782575,-0.5546987922071667,-0.311780764718544,-0.027462105257922698,0.29751275589275683,0.6620557043914621,1.0647660012450322,1.5039658159826579,1.9777395297108207,2.4839760389512517,3.020413239447463,3.584683831884388,4.174361569433035,4.787007060681424,5.420212251048936,6.071642731131612,6.739077061239441,7.420442357036925,8.113845450790508,8.817599025110024,9.530242209858558,10.250555236490921,10.977567855670896,11.710561341657483,12.449064028558741,13.192840446958103,13.941874252398613,14.696345257530751,15.456600995184274,16.22312334807744,16.996490880303302,17.77733759425553,18.566308912583466,19.364015746624858,20.170987559328214,20.987625360992034,21.814155589553497,22.650585823301395,23.496663252726457,24.351836800038516,25.215223720265715,26.085581447705636,26.961285367008816,27.840313090795004,28.72023571712721,29.598216422299952,30.471016619312106,31.33500978230021,32.186202904405604,33.02026542338547,33.83256531810735,34.61821195219896,35.37210512078736,36.0889896445579,36.76351475423113,37.39029741973753,37.96398870337769,38.479342156348494,38.93128323417698,39.314978679529474,39.62590481094999,39.85991366342566,40.01329595107619,40.08283986322758,40.06588476189066,39.96036892019803,39.76487052640092,39.478641275123344,39.101631975072905,38.634509718523965,38.07866628072034,37.436217544910626,36.70999387900832,35.90352152083068,35.02099515850835,34.06724201902263,33.04767789905368,31.96825568665767,30.835407028117647,29.655977890169797,28.437158852406384,27.186411036899766,25.911388641076062,24.61985908489561,23.31962181398217,22.018426816208194,20.72389391031625,19.44343385157457,18.184172271555056,16.952877427403404,15.755892681138018,14.599074562422638,13.487737189917276,12.426603737861761,11.419765537249223,10.470649296162595,9.581992813022422,8.755829441139603,7.993481444640553,7.295562266122213,6.661987606896211,6.091995102984622,5.584172265692396,5.136492246119362,4.746356879836477,4.410646372504777,4.1257749007310105,3.887751326085151,3.692244154977428,3.534649823886859,3.4101633489755274,3.313850351971571,3.240719460742332,3.1857940834080223,3.14418256917917,3.111145797161578,3.082161275794743,3.0529828898207167,3.0196954979855515,2.97876366214622,2.9270738760204784,2.8619697582536165,2.781279778427869,2.683337194634313,2.566991995693469
-1.809737372945433,-1.7401111459878522,-1.6189144379920177,-1.4453818776101448,-1.2193358564034589,-0.9411749526482465,-0.6118532159376018,-0.23285074940976203,0.1938638266891315,0.6658783093936058,1.1803883998531142,1.7342547866812894,2.324064775752449,2.9461973401858503,3.5968904073743353,4.272309163381963,4.968614139557784,5.682027852138481,6.408898792926108,7.145761617445686,7.889392445565555,8.636858277301501,9.385559631985856,10.133265640411803,10.878140954918766,11.618763989369716,12.354136157071549,13.083681937215301,13.807239766546227,14.525043919815397,15.237697707186449,15.946138476267482,16.651595057976714,17.35553843632501,18.05962654987678,18.76564424482229,19.475439494212868,20.19085707323158,20.91367093498804,21.645516564191414,22.387824596508853,23.141756979192085,23.90814691379137,24.68744376501206,25.479664041937735,26.28434946025341,27.10053297841293,27.92671356889182,28.760840340018976,29.60030646690252,30.441953224371026,31.282084243501217,32.11648993915611,32.940481882012996,33.748936717806664,34.536349071871456,35.29689272134018,36.02448917318386,36.712882656077475,37.35572042002011,37.94663714160166,38.479342156348494,38.94770818390916,39.34586017780975,39.66826291959482,39.90980598747808,40.06588476189066,40.132476183903684,40.10620805644515,39.984420771230425,39.76522045479212,39.447522653072234,39.03108581364425,38.51653397549281,37.90536823596845,37.19996673052606,36.40357303054919,35.520273035339336,34.55496060360579,33.51329233498352,32.40163207078114,31.22698583299902,29.99692805949739,28.71952011906692,27.403222201303635,26.05679977109611,24.68922585492849,23.309580485084883,21.92694866748384,20.55031825882522,19.18847913883248,17.84992504373168,16.542759388111655,15.274606344607758,14.052528375347325,12.882951316930878,11.771598013258409,10.723431369309605,9.74260756579075,8.832440031266916,7.995374617033205,7.232976262673953,6.545927279220676,5.934037214301707,5.39626410195088,4.930746741068294,4.534847493122601,4.205204943698784,3.937795635976708,3.728003959096112,3.57069916239086,3.460318369250335,3.390954383277478,3.3564470156299127,3.350476616881594,3.3666584701026325,3.3986366945341353,3.440176321369174,3.485252234598641,3.5281337202216916,3.5634634356597896,3.586329696988928,3.5923310833982516,3.57763247463694,3.539011766445478,3.473896649205008,3.3803909842298565,3.2572904680814156
-2.4699189340359196,-2.407961193476371,-2.284036462698345,-2.097443847843609,-1.8482359029627942,-1.537203519263437,-1.165849104946782,-0.7363485883737904,-0.2515029633272574,0.28531973084296025,0.8702509423208828,1.4989954598468365,2.166911270924755,2.8690940111960788,3.6004645155379436,4.35585793121374,5.1301128292877545,5.918158752996969,6.7151006708913314,7.516298857896636,8.317442808164989,9.114617888364638,9.904363567215988,10.683722204507424,11.450277548069883,12.202182267482673,12.938174045584928,13.657579949914568,14.36030901256376,15.04683315509138,15.718156801488753,16.375775723189122,17.021625852257223,17.65802297884467,18.287594413600917,18.9132038420946,19.537870723839738,20.164685691003434,20.796723479459338,21.436954976136743,22.08815999064521,22.75284235545021,23.433148927439838,24.130794005042603,24.846990590094126,25.582389813827785,26.337029713533646,27.110294392847166,27.900884426907115,28.706799186686798,29.525331557841493,30.353075321815044,31.18594525424163,32.01920978147316,32.847535823983975,33.66504524902626,34.46538215769666,35.241790046819006,35.987197716813895,36.69431264580063,37.35572042002011,37.96398870337769,38.511774146181466,38.99193057627616,39.39761678558435,39.72240222196197,39.96036892019803,40.10620805644515,40.155309586435244,40.103843528183816,39.9488315728118,39.68820785056271,39.320867840707855,38.84670459119086,38.26663160372599,37.582591939622205,36.79755330772823,35.91548910538461,34.94134559290913,33.880995588745975,32.74117927286734,31.5294328773443,30.25400622238209,28.923770220928937,27.548115622842488,26.136844398430256,24.700055269161826,23.248024978993264,21.791086961895257,20.33950909902844,18.903372272113074,17.492451407799816,16.116100671524425,14.783144409030111,13.501775350410478,12.279461486430625,11.122862901588954,10.037759704736558,9.028992038171246,8.100412972292698,7.2548549076568065,6.494109912270714,5.818924222016705,5.229006929054629,4.723052679846738,4.2987780039937915,3.9529707002514543,3.6815515197175612,3.4796472109345244,3.3416738300753384,3.261429073823309,3.232192265139644,3.2468305147080447,3.2979094950380583,3.377807201277737,3.478829033682265,3.5933225220158715,3.7137900221822573,3.8329977499750334,3.9440795755440483,4.040634084157342,4.116813512925793,4.167403297838729,4.187891108911683,4.1745244113619435,4.124355765135379,4.03527526121675,3.906029688186619
-3.0809344957083065,-3.0262939173321524,-2.900120038486979,-2.7017739251090997,-2.431523113057752,-2.0905232306108887,-1.6807855378308432,-1.2051310038854255,-0.6671317655746005,-0.07104101850387279,0.5782874169068879,1.2754884422799688,2.014782382093837,2.790077358926085,3.595075571028026,4.423381637224048,5.268611141997045,6.124497512877729,6.9849953929897755,7.84437873337652,8.697331921589063,9.539032383482194,10.365223242287119,11.172274790396967,11.957233722080279,12.71785928632456,13.452645744681233,14.16083075554601,14.842389549777767,15.498015008814246,16.129084001302182,16.737610573550636,17.326186818747374,17.89791246591069,18.456314428264598,19.005257728692577,19.54884937405944,20.0913368778089,20.63700322911363,21.19006017523067,21.7545417203762,22.334199748700932,22.932403650698696,23.55204577205183,24.195454412497057,24.86431598130592,25.559607767445463,26.281542608918564,27.029526550108987,27.802130361475903,28.597075566279145,29.411235378040907,30.2406507042201,31.080561120262335,31.92545046800082,32.76910648749966,33.60469365592217,34.42483818477088,35.22172392154137,35.987197716813895,36.712882656077475,37.39029741973752,38.010979926952814,38.56661334085962,39.04915246554687,39.45094854951243,39.76487052640092,39.984420771230425,40.103843528183816,40.118224273015855,40.02357840739859,39.81692784186452,39.496364205799814,39.061097624249115,38.51149021889435,37.84907372101619,37.07655082391664,36.197780147446366,35.21774493415463,34.14250584138696,32.97913843267877,31.735656201433862,30.420920176707423,29.044536361722074,27.616742437585508,26.14828532490546,24.650291332303006,23.1341307312703,21.611278679855403,20.093174472144597,18.591081115737175,17.115947235080114,15.67827326479246,14.287983834529252,12.954308156490963,11.68567010975884,10.489589573980904,9.37259640065871,8.340158225815623,7.396623125879163,6.545177902142822,5.787822551355072,5.125361244144118,4.557409892570664,4.082420146620423,3.697719420430795,3.3995663159914598,3.1832205883805282,3.04302658558206,2.9725089006839966,2.964478797661239,3.011149816625133,3.1042608326805334,3.2352047363484058,3.395160824487973,3.575228939994351,3.7665633770460056,3.9605045766919513,4.14870667502378,4.323259032556055,4.476799967788917,4.602621038875937,4.694760363089681,4.748083632209584,4.758351670543496,4.722273588214684,4.6375448025064205,4.502869431136374
-3.6331697215356606,-3.585388436221371,-3.457490451544057,-3.248895389886849,-2.9600672821220435,-2.5924932427416385,-2.1486459221757466,-1.6319304367586467,-1.0466167315209587,-0.3977585699646169,0.3088994357409063,1.0670251447613002,1.8698107790903729,2.7100914679527133,3.5804684184878326,4.473434611715115,5.381500883380445,6.297320245585476,7.213808337234582,8.1242579588414,9.022445749066764,9.902729194886163,10.760132332329416,11.59041868760308,12.390150225925591,13.15673131398132,13.888436957572168,14.584424844551974,15.244730999979366,15.87024914097224,16.462694098269864,17.02454994528801,17.55900373885376,18.069866024359285,18.561479487547626,19.038617341622974,19.506373218328854,19.970044481971936,20.435011003494377,20.906611515568677,21.390019717838342,21.89012231299649,22.411401129144856,22.957821422196858,23.53272835498915,24.138753518858934,24.777733200913787,25.450639908790087,26.157528447574332,26.89749760438982,27.668668238940075,28.468178307355306,29.292195066539406,30.135944421536145,30.993757093959086,31.859131009980818,32.724809036370196,33.58287093704584,34.42483818477088,35.241790046819006,36.02448917318385,36.76351475423113,37.449401184168615,38.072780069371866,38.624523357936035,39.09588533973875,39.478641275123344,39.76522045479212,39.9488315728118,40.02357840739859,39.98456394846987,39.82798128443199,39.55118976048984,39.15277514368435,38.63259277232768,37.991792925666566,37.2328279194054,36.3594407099514,35.37663507061267,34.29062768217439,33.10878275403627,31.839530056264827,30.492267493518042,29.07724958508951,27.60546342782876,26.088493907290164,24.53838008438573,22.967464817717094,21.388239783735237,19.81318812647829,18.254627004913942,16.724552308396962,15.234487779478453,13.7953407187986,12.417266350069605,11.109542795690912,9.88045845725618,8.73721341245372,7.685836233350315,6.731117403848632,5.8765602695849966,5.124350195302758,4.475342336611535,3.929068158983874,3.483760560897843,3.136397184284346,2.882761227934505,2.7175188222290085,2.634311780289197,2.625864315039641,2.6841021070814524,2.800281927768556,2.9651298681692797,3.1689861000060873,3.4019540010919536,3.6540514166607863,3.9153618002778288,4.176182984173224,4.4271713688190175,4.65947939480972,4.864884265547647,5.035906025326576,5.165913262130297,5.249214895356628,5.2811367228765835,5.258081636113371,5.177572662631838,5.038278259257698
-4.1179556257367835,-4.076478290609344,-3.9474211076097796,-3.7302580390477234,-3.4256281304461202,-3.035311604173609,-2.5621878584440956,-2.010176141280888,-1.3841599522162942,-0.6898964903919109,0.0660872880402743,0.8766102217775473,1.733962134834841,2.630036538238167,3.5564685939423106,4.504776007533571,5.466500470475199,6.433347266310138,7.397320688528854,8.350852990259492,9.28692469641443,10.199174255668689,11.081995190279844,11.930619113345276,12.741183222164274,13.510781138994707,14.237496252327954,14.92041700817735,15.559633906855922,16.156218271203727,16.712183162021127,17.230427120377065,17.714661709382998,18.169324105018603,18.599476241988228,19.01069225203855,19.40893613475209,19.80043177110367,20.191527525123096,20.588557776535175,20.997703785566348,21.4248563091963,21.875482365653106,22.354498481246686,22.866152651732847,23.413917110985416,24.000393825146496,24.62723442353578,25.295076041881522,26.00349429282157,26.75097429745955,27.53490041473139,28.351564997381505,29.196196189576096,30.063004466788303,30.945247308765097,31.835311096226402,32.724809036370196,33.60469365592217,34.46538215769665,35.296892721340164,36.08898964455789,36.831335070596765,37.513644933434385,38.1258466757531,38.65823625749353,39.101631975072905,39.447522653072234,39.68820785056271,39.81692784186452,39.82798128443199,39.716828672217105,39.48017988825202,39.11606441184057,38.623882999796514,38.00443994342705,37.25995529899413,36.39405679456528,35.411751425754225,34.31937706207258,33.124534689726666,31.83600221106338,30.463631001035324,29.018226682798826,27.511415823958686,25.95550046846747,24.363302603618287,22.748000814228046,21.1229614947731,19.501567073200686,17.89704374622741,16.322291234528922,14.78971703725772,13.311077599289378,11.897328702526455,10.558487256050025,9.303506490967802,8.140166367010849,7.074980772255475,6.113122848165621,5.258369503180404,4.513065893317342,3.878110351964027,3.352959947598859,2.9356565421350336,2.6228729184792705,2.409978248276602,2.2911218841191063,2.25933418902125,2.3066428637784178,2.424203003719798,2.6024389137972515,2.83119553798345,3.09989721821533,3.3977113917649526,3.713714765590096,4.037059473014231,4.357136722555385,4.663735490843429,4.947193890742978,5.198540960877772,5.409626772027352,5.573238927106816,5.683203741921911,5.7344706304357835,5.723178477305197,5.6467030580028705,5.503684858704606
-4.527705683642345,-4.491890058072348,-4.362271470582614,-4.138373278675156,-3.820985428160608,-3.412138371802719,-2.915057318934635,-2.334097643440929,-1.6746625845777956,-0.9431046636174907,-0.1466125045154829,0.7069150156568351,1.6090051548216913,2.5507559299202303,3.522986541163083,4.516391067865568,5.521692855980258,6.529797008806002,7.531938426543157,8.51982291688471,9.485759016488661,10.422778320091755,11.324742307666337,12.186433887245002,13.003632128128977,13.7731689419378,14.49296677269476,15.162056676856793,15.780576504593792,16.349749229213057,16.87184180682318,17.350105277545698,17.78869713730712,18.192587310156096,18.567449330098135,18.919538593931115,19.255559768242424,19.58252562085036,19.907609696369377,20.23799536471459,20.580723838372435,20.942543777995336,21.329765085901176,21.748119423677856,22.202629884344624,22.69749210315313,23.235968906547825,23.820300379116023,24.451630977194576,25.129955039337396,25.854081742712903,26.62162023568804,27.42898534564797,28.271423922973334,29.143061542627116,30.036968949574117,30.945247308765097,31.859131009980818,32.76910648749966,33.66504524902625,34.536349071871456,35.37210512078735,36.16124857436036,36.8927302180778,37.55568637409168,38.139608491623946,38.634509718523965,39.03108581364425,39.320867840707855,39.496364205799814,39.55118976048984,39.48017988825202,39.27948772010805,38.94666288260917,38.48071046327962,37.882129181003975,37.152928066789215,36.29662128889697,35.31820109041133,34.22408914171806,33.022066939977776,31.72118620743757,30.331660545476904,28.86473988700617,27.33256955192632,25.74803594488984,24.124601138082152,22.476128751153603,20.816703673287325,19.16044826674713,17.521337745762786,15.913017438517253,14.348624613153595,12.840617481574192,11.400613888413954,10.03924204856856,8.766005517234277,7.589164364281809,6.515634283134406,5.550905096779325,4.698979834122872,3.9623352429365353,3.3419042857315695,2.83708083682977,2.4457464675842546,2.164318877109076,1.987821202947524,1.9099711346960895,1.9232884583911436,2.019219384909526,2.188275765881643,2.4201870794516864,2.704062879006476,3.028563243621488,3.3820746518092717,3.752888622014747,4.129380425410661,4.500185179524234,4.854368675073252,5.181590372485523,5.4722561276834965,5.717658367002122,5.9101016261648205,6.043011595124646,6.1110260658444195,6.110066459855673,6.037388912430808,5.891614205832954
-4.856035736398866,-4.825164588866802,-4.695607724941906,-4.466932320396546,-4.140052873782611,-3.717203390761256,-3.2018886472697745,-2.5988154044491907,-1.9138047743115734,-1.1536872416045003,-0.3261821292132301,0.5602364528992614,1.4964849159417168,2.4730243162040546,3.4800207108883603,4.507509062347821,5.545557951574648,6.584432351239769,7.6147517433963205,8.627640946609793,9.6148711405268,10.568988740776604,11.48342998095714,12.352619297984027,13.172049888371092,13.93834510162361,14.649299657957272,15.303900015718238,15.902323563589034,16.44591666813202,16.937151962549837,17.379565611824052,17.777675626811195,18.13688261979941,18.463354691111235,18.763898405604223,19.0458180548541,19.316765601423974,19.58458386254925,19.85714560908407,20.14219132965303,20.44716843836391,20.77907468666264,21.144308476220747,21.548528661177677,21.996526276407142,22.492110436244836,23.038010418493766,23.635795685316946,24.28581530019988,24.987157883360126,25.73763291203816,26.533773822573202,27.370863013810233,28.242978492079022,29.143061542627116,30.063004466788303,30.993757093959086,31.92545046800082,32.847535823983975,33.74893671780666,34.61821195219896,35.44372676144019,36.21382957661046,36.91703159554145,37.54218632829392,38.07866628072034,38.51653397549281,38.84670459119086,39.061097624249115,39.15277514368435,39.11606441184057,38.94666288260917,38.64172385786698,38.19992137892788,37.62149324793512,36.908261409315486,36.06362926842951,35.09255587797479,34.001507277061584,32.79838561771611,31.492437053513477,30.09413968990854,28.61507320068393,27.06777199515897,25.46556407218354,23.822397915711754,22.152659969650884,20.47098537400506,18.79206474795681,17.13044986695282,15.500361099212189,13.915499442135907,12.388865931290425,10.932591085029056,9.557776898090601,8.274353709953377,7.0909540511700415,6.014805316724439,5.051642833466756,4.205644583142498,3.479388518027716,2.87383306759686,2.388321087069518,2.0206071473378024,1.7669077159527324,1.6219734358188589,1.5791823771843223,1.6306528244218232,1.7673738667288408,1.9793517956679048,2.255770076469143,2.5851604578277745,2.9555826196452832,3.354809632328737,3.770516416829329,4.19046835289534,4.602707184716241,4.995731418263194,5.358668492544323,5.6814361363922306,5.954890491350744,6.170958787180336,6.322754596336474,6.4046739638435,6.41247100516585,6.343311882434578,6.19580640384282
-5.09786479060632,-5.071158941530566,-4.942304251043076,-4.710905609584622,-4.377973923366518,-3.9458970322010254,-3.4183887960085446,-2.800417255455348,-2.0981131119799197,-1.3186600919709428,-0.47016905384402596,0.43846203958961194,1.397699932095566,2.3975371264410366,3.427659487473493,4.477617600246868,5.5369990286563375,6.595598608012927,7.643583940124851,8.671653341241537,9.671183620381235,10.634365236076848,11.554322590691104,12.42521746975157,13.242333915195584,14.002143131395954,14.702347356280196,15.341901981277553,15.921015567439838,16.441127774879206,16.904865592529724,17.315978619037978,17.679254497278766,18.00041593872428,18.286001084107866,18.543229228338895,18.779854185737587,19.00400778221389,19.22403613048002,19.44833146991398,19.685162432162798,19.942505625639676,20.22788141617054,20.548196717422904,20.909597494442917,21.317333528449836,21.775637793555177,22.287622559552688,22.85519406327769,23.47898728875342,24.158322068423168,24.891181369622846,25.67421226781657,26.50274973696473,27.370863013810236,28.27142392297334,29.196196189576106,30.135944421536152,31.080561120262335,32.01920978147315,32.940481882012996,33.83256531810735,34.68342166912737,35.48096951163299,36.21327090354184,36.868718099316155,37.436217544910626,37.90536823596846,38.26663160372599,38.51149021889435,38.63259277232768,38.623882999796514,38.48071046327962,38.19992137892788,37.77992798780833,37.22075529485556,36.52406434895296,35.69315159729133,34.73292421449351,33.64985167575145,32.45189420770421,31.148409105389163,29.75003624290096,28.268564424220994,26.71678051420161,25.108303553467927,23.457406291071614,21.778826761650464,20.08757268674666,18.398721590552096,16.727219587067122,15.087681817523311,13.494197493653665,11.960142434393138,10.498001871925018,9.119206149376296,7.833981739249011,6.651219781792834,5.578364079455783,4.621320191270978,3.7843869539596513,3.0702114194359185,2.479767846371061,2.0123610218218078,1.6656538231063323,1.435718565644387,1.3171113248741948,1.3029680750280885,1.3851211597251352,1.5542343039986557,1.7999540991642986,2.1110756450929955,2.4757198227573776,2.881519496619717,3.3158118141965383,3.765833681023272,4.21891744465286,4.662683821980044,5.085229150123682,5.475304131665878,5.822481378896646,6.117309236837709,6.351449578571041,6.517797515529862,6.610581246122651,6.625440574060059,6.559482958315726,6.411316304691636
-5.249495116641235,-5.226127404465954,-5.098624306758593,-4.866621911603089,-4.531198053762457,-4.094842453517866,-3.561404470278272,-2.936019395417479,-2.2250145569035835,-1.4357968356737794,-0.5767234950322289,0.3430415053196847,1.3136833041101552,2.3249014400694654,3.3660819050742363,4.426473085717868,5.4953626691020805,6.5622525755563474,7.6170290161530065,8.650124855782801,9.652671591892657,10.616638432703848,11.53495617402793,12.401623827195948,13.211796237991631,13.96185125314195,14.649435331685986,15.273486857821894,15.834236783713065,16.333186609087534,16.77306408303988,17.15775738597918,17.49222890998413,17.782410097946435,18.035079120116862,18.257723455716924,18.458389702321842,18.645523152498946,18.82779985207286,19.013953984453657,19.2126035085196,19.432077012187538,19.680244729432857,19.964356605354478,20.290890182949255,20.665410928388418,21.092447411364745,21.5753835168096,22.116369587933193,22.716254092681787,23.37453707141277,24.089346268370168,24.857436479245802,25.67421226781657,26.53377382257321,27.428985345647977,28.35156499738151,29.292195066539414,30.24065070422011,31.185945254241624,32.116489939156104,33.02026542338546,33.8850025770664,34.69836960914726,35.448162628496185,36.12249662892479,36.70999387900832,37.19996673052606,37.582591939622205,37.84907372101619,37.991792925666566,38.00443994342705,37.882129181003975,37.62149324793512,37.22075529485556,36.6797782840576,36.000090326999974,35.18488559141359,34.239000656248805,33.168866570080155,31.982437241895013,30.68909515669874,29.29953575649909,27.82563215467283,26.280282153491733,24.67723980612258,23.030934001624747,21.356276750786364,19.668464009092418,17.982771988351214,16.3143519788279,14.678026728131778,13.088091401256213,11.55812207845319,10.1007946350996,8.727716692116498,7.449275129210499,6.27450141920729,5.21095677358938,4.26463879109402,3.439910977384507,2.7394561592727404,2.16425445695066,1.7135861076230752,1.3850590594216898,1.1746608811844501,1.0768341672617394,1.0845742625160826,1.1895477964914276,1.382230202455471,1.6520601114386766,1.9876082578694683,2.376758315820798,2.806896906583317,3.26510988201872,3.7383818960412905,4.213796230075368,4.678731838196183,5.121054623928389,5.529300052687134,5.892844340233149,6.202061636225264,6.448464840283174,6.624827942597789,6.725288068156381,6.745425718687207,6.6823220446337555,6.5345923356343825
-5.308670377784452,-5.2877803212235355,-5.162278638833457,-4.931825805044418,-4.597536253999653,-4.161948238843467,-3.6289711167477328,-3.0038109892957188,-2.2928759786781088,-1.5036627501597968,-0.6446261950665741,0.2749655388473149,1.2451882458262602,2.2556284680948027,3.2955571335485865,4.354107140090288,5.42045193955019,6.483982160430655,7.534477343594881,8.562269947972796,9.558398913084076,10.514750239612876,11.424182265604472,12.280633570591753,13.079211728958764,13.816261452397217,14.489411004201328,15.097596129753754,15.641061121940275,16.12133702122788,16.541197331465327,16.904592007815566,17.216560836392752,17.483127670131793,17.711177306439577,17.90831708392587,18.082725533131846,18.242990635370138,18.397940420901442,18.556468769737013,18.727359363157237,18.919110770144353,19.139765639721304,19.39674690786805,19.69670381726705,20.04537039142728,20.447438804331757,20.906449845956438,21.424702406789816,22.003183595416367,22.641520767407158,23.337956386715064,24.089346268370157,24.891181369622835,25.73763291203815,26.621620235688034,27.534900414731382,28.4681783073553,29.411235378040907,30.35307532181504,31.282084243501195,32.1862029044056,33.053108348178576,33.87040205993413,34.625801700534744,35.30733339296159,35.90352152083068,36.40357303054919,36.79755330772823,37.07655082391664,37.2328279194054,37.25995529899413,37.152928066789215,36.908261409315486,36.52406434895296,36.000090326999974,35.33776373219756,34.54018186073583,33.61209217182407,32.55984508296848,31.391322925285884,30.115846045693846,28.744057394033742,27.287787263736895,25.75990015950266,24.174126039998363,22.5448784236689,20.88706204774554,19.215872931449443,17.54659381179708,15.894387992605196,14.274094673214393,12.70002880275733,11.185788438846757,9.744072477399746,8.386511464679696,7.123514005904304,5.964131049935369,4.915940060199664,3.9849507821735877,3.1755339920393677,2.4903742644169125,1.9304474346403078,1.4950230583669812,1.1816917940249523,0.9864172574348107,0.9036115285954764,0.9262331337037342,1.0459059864150744,1.2530574563120376,1.5370734443491298,1.886468089098787,2.289065507856246,2.73219079645454,3.202867373779527,3.6880176636034943,4.174664058943604,4.6501271134672235,5.102217950564708,5.519421972928893,5.891071092446547,6.207501879857682,6.460197253248254,6.64190958066448,6.746763361054368,6.770335964922592,6.709715256651601,6.563533279145798
-5.274610870744864,-5.255319789309383,-5.132461097465426,-4.905712673522894,-4.576194868454813,-4.146440589058699,-3.620342985522898,-3.003081664241816,-2.301028694669789,-1.52163600631545,-0.673306073322322,0.2347519454656788,1.1926782079250524,2.1901277325902617,3.2164427326235607,4.260828878797467,5.312532568739536,6.361016265828249,7.396129005424683,8.408269248075214,9.38853738764459,10.328875394991389,11.22219129200253,12.062466403095936,12.844843617582463,13.565695211883318,14.222669120369641,14.814712901958575,15.342075020680376,15.806283436117598,16.210101877683705,16.557464548911433,16.853390368104368,17.10387819390194,17.315784802841865,17.49668767558309,17.6547349042605,17.79848475121775,17.936737565474942,18.07836289478944,18.232124715857534,18.40650774165601,18.609547752510444,18.84866883638862,19.130530315148555,19.460885978808356,19.844458051897234,20.284828077859782,20.784346633244233,21.34406347753216,21.963679411999493,22.641520767407165,23.374537071412767,24.158322068423164,24.987157883360126,25.854081742712903,26.75097429745955,27.668668238940075,28.597075566279145,29.525331557841483,30.44195322437102,31.3350097823002,32.192302486009666,33.00155100070974,33.75058338554321,34.42752669117695,35.02099515850835,35.520273035339336,35.91548910538461,36.197780147446366,36.3594407099514,36.39405679456528,36.29662128889697,36.06362926842951,35.69315159729133,35.18488559141359,34.54018186073583,33.762046813888865,32.85512068347248,31.82563130683441,30.681324270315127,29.431370388499133,28.08625183852962,26.65762859766605,25.15818713499829,23.601473580979864,22.001713837084157,20.373623288827755,18.73220894563462,17.092566948144082,15.469678455866974,13.878206954517104,12.332300002533502,10.845398370604958,9.43005541744291,8.097769391328697,6.858831152437109,5.722189578576819,4.695336650319118,3.78421391455682,2.993141702844871,2.3247721373115873,1.7800665976984202,1.358297953627308,1.057077492108756,0.8724060972618073,0.7987488728835004,0.8291320444460446,0.955260640703401,1.1676551414829874,1.455804992211677,1.8083366316565832,2.213193461149089,2.6578250045651544,3.129382371324202,3.6149170417749277,4.101579947021012,4.576817814270072,5.028563794223176,5.44541947820626,5.816825548319973,6.133218481807548,6.386170948409807,6.5685137933754385,6.674437785137816,6.699573621062686,6.641049022277206,6.497522104204183
-5.148025321222335,-5.129451669193271,-5.009860692455074,-4.788940644609585,-4.467787259009067,-4.048874555189836,-3.536003793060412,-2.9342314731005485,-2.249777620311885,-1.4899159090181808,-0.6628474796385377,0.22243943755183748,1.1563217472259273,2.1287030267246783,3.1291816912289896,4.147222994987381,5.1723320169305165,6.194224765432454,7.202994570388462,8.189271010681555,9.144368750255104,10.060423824403106,10.930515126824302,11.748769094083498,12.510445863384703,13.212005487435501,13.851153121638664,14.426862448454372,14.939376965794363,15.390189134781199,15.781997751057983,16.118644266975906,16.405029143413223,16.64700964386876,16.851280794288186,17.025241514658997,17.176848178051237,17.314458065327777,17.446665355654844,17.582132421338798,17.729419278247438,17.896814078750175,18.09216752212058,18.32273399786688,18.595022171461085,18.914657571166625,19.286259541601666,19.713334697503733,20.19818874371016,20.741858229046244,21.34406347753216,22.003183595416374,22.716254092681783,23.47898728875341,24.28581530019988,25.129955039337396,26.00349429282157,26.89749760438982,27.802130361475903,28.70679918668679,29.600306466902516,30.471016619312095,31.307031498733465,32.096372197146664,32.82716437687988,33.48782421499206,34.06724201902263,34.55496060360579,34.94134559290913,35.21774493415463,35.37663507061267,35.411751425754225,35.31820109041133,35.09255587797479,34.73292421449351,34.239000656248805,33.61209217182407,32.85512068347248,31.9726017281181,30.970599465927155,29.856658628366368,28.639714352416192,27.329981187679564,25.938822883322178,24.478604857219203,22.962531515881327,21.404470826665268,19.818768739932462,18.22005621526572,16.623051720253613,15.042362141018463,13.492285069568347,11.986615413847208,10.53845921237239,9.160057427588224,7.862622342192914,6.65618899300461,5.549483850315131,4.549812690578976,3.66296932064886,2.8931664969871536,2.2429900481244616,1.7133768581792017,1.3036170088044017,1.0113800119544187,0.8327647018988902,0.762371997481238,0.7933994001557405,0.9177557650990269,1.1261945766829253,1.4084636804893278,1.7534691761169658,2.1494509620800626,2.5841672494085905,3.045085226831432,3.5195749697379677,3.995103638897807,4.45942701392164,4.900775450725757,5.308031441181528,5.670896085363686,5.980041960364466,6.227250081879144,6.405528902456018,6.509213569650004,6.534043974036177,6.4772204464087615,6.337436310433116
-4.931099050026569,-4.912373715982604,-4.7966499030124465,-4.583619290264234,-4.274323105390806,-3.871124141684935,-3.3776578221947258,-2.798763173017675,-2.140394893558865,-1.4095180178052735,-0.6139869426214588,0.23758914789535002,1.135992212997995,2.071550208528953,3.0342982869723585,4.014143667015119,5.001031437665806,5.985108549138877,6.95688327494459,7.907377506459823,8.828269361490989,9.712023750061299,10.55200874125929,11.34259581122964,12.07924232043182,12.758554863767602,13.378332455254323,13.937588844383232,14.436553608641162,14.87665202017152,15.26046403837773,15.59166312858384,15.874935943899352,16.115884227603686,16.320910591356114,16.497090095397972,16.652029796136947,16.793718630102845,16.93037016784128,17.070260894114966,17.22156674975249,17.3922007042906,17.58965411661796,17.820844583325883,18.09197287234212,18.408391394346076,18.77448647882793,19.193576498522948,19.667827629006318,20.19818874371016,20.784346633244233,21.42470240678982,22.116369587933185,22.855194063277686,23.635795685316946,24.451630977194576,25.295076041881522,26.157528447574332,27.029526550108987,27.900884426907112,28.760840340018973,29.59821642229995,30.401587094197836,31.159453571969312,31.860421723661222,32.49338046847428,33.04767789905368,33.51329233498352,33.880995588745975,34.14250584138696,34.29062768217439,34.31937706207258,34.22408914171806,34.00150727706158,33.64985167575145,33.168866570080155,32.55984508296848,31.82563130683441,30.970599465927155,30.000610385350633,28.922945839099118,27.746221689601605,26.48028105730043,25.13606906568988,23.725490990338063,22.261255895415932,20.756708064308228,19.225648718624292,17.68215066955358,16.14036865478975,14.614348181569499,13.11783572075926,11.66409307804885,10.265718706500703,8.934478620926614,7.681149430423196,6.515375823095006,5.445544619311097,4.47867726008165,3.6203423190952764,2.8745893248372454,2.243904857588853,1.7291915498580064,1.329770273001599,1.0434054427111112,0.866353026949068,0.793430497144417,0.8181076321851393,0.9326167700267347,1.1280808083606422,1.3946569882363629,1.7216942568983151,2.097901802029549,2.5115261822301944,2.9505343504866617,3.4027997806008417,3.8562888624122214,4.299244730876066,4.720365736709686,5.108975851773254,5.455184429338829,5.7500329060080375,5.985626235736519,6.155247084107504,6.253451079031392,6.276141708321055,6.22062377057751,6.085634618646582
-4.627458700067116,-4.6077400249874945,-4.49644943002787,-4.293275271830882,-3.9991755177621453,-3.616351441454163,-3.148201605974144,-2.599256947840996,-1.975098081591859,-1.2822562328478286,-0.5280994731489783,0.2792938321186629,1.1312722445028616,2.0187568514723693,2.9323928182455834,3.862704371907273,4.800250643356013,5.735779780938502,6.660378780404433,7.565616548607478,8.44367783204645,9.287485794074442,10.090811213944713,10.848366503746957,11.555882992091657,12.210170201999661,12.809156150290411,13.351908011915883,13.838632819960619,14.2706582050278,14.650393510960185,14.981271951791406,15.267674792054658,15.514838833828588,15.72874877416785,15.916016251184526,16.083747621772616,16.23940270505068,16.390646879843036,16.545199039343725,16.710677979581373,16.8944498291849,17.10347911570812,17.344186008589617,17.62231218160395,17.942797599998727,18.309670361680748,18.72595151071534,19.193576498522948,19.713334697503733,20.284828077859782,20.906449845956445,21.5753835168096,22.287622559552684,23.038010418493766,23.820300379116023,24.62723442353578,25.450639908790087,26.281542608918564,27.11029439284716,27.926713568891817,28.720235717127203,29.480072656231794,30.195377054469162,30.855410097320487,31.449709568418843,31.96825568665767,32.40163207078114,32.74117927286734,32.97913843267877,33.10878275403627,33.124534689726666,33.022066939977776,32.79838561771611,32.45189420770421,31.98243724189501,31.391322925285884,30.681324270315127,29.856658628366368,28.922945839099118,27.887145546970686,26.757474554396747,25.543305387607234,24.25504753970939,22.904013121383056,21.502268888977163,20.062476828939573,18.59772565335258,17.121355701237075,15.646779842149538,14.187303040930779,12.755943264373052,11.365256391763191,10.027167732057459,8.75281265177755,7.5523886811090595,6.435021293219911,5.408645346124334,4.479903940617508,3.6540661854702607,2.9349650761717525,2.3249563903490156,1.8248991861602715,1.4341581642438257,1.1506278241355918,0.9707780174347089,0.8897201773802399,0.9012931927958401,0.9981675983002001,1.1719664767743758,1.413401218530188,1.712420058281478,2.0583671193049344,2.4401495370381134,2.846410114226306,3.265702878465401,3.686668871873054,4.098209502322689,4.489654826237876,4.850924213786191,5.1726769672296555,5.4464506203789345,5.6647848391779325,5.821329067489851,5.910932314741348,5.929713759336617,5.8751131394171345,5.745920216030761
-4.242114086307639,-4.22060235812762,-4.114269953337766,-3.9227954784685486,-3.647026487702163,-3.288955297371918,-2.8516766502679713,-2.3393279818451456,-1.757013322881472,-1.110712138728676,-0.40717464968885286,0.3461946037581358,1.1414629967668322,1.9703037444294023,2.824135278155868,3.694263750495011,4.572026295655304,5.448932662854285,6.316802868686892,7.167898582534885,7.995046064580828,8.791748617558978,9.552286688692066,10.271803964488313,10.94637803484956,11.573074460450737,12.149983354373658,12.676237880961647,13.15201437699784,13.578514107610669,13.957926976692832,14.293377813990725,14.588856153360204,14.849130694130125,15.079649895446625,15.286430387585359,15.475935090604787,15.654943105917098,15.830413587437391,16.009345903565983,16.198638467599555,16.404948641129188,16.634556102097207,16.893232016646838,17.18611626256506,17.517604823493887,17.89124930929254,18.309670361680748,18.77448647882793,19.286259541601666,19.844458051897234,20.44743880433176,21.092447411364745,21.77563779355517,22.492110436244836,23.235968906547825,24.000393825146496,24.777733200913787,25.559607767445463,26.337029713533642,27.10053297841292,27.840313090794993,28.546374371316247,29.208682193559618,29.817317911203432,30.36263400942159,30.835407028117647,31.226985832999024,31.5294328773443,31.735656201433862,31.839530056264827,31.83600221106338,31.72118620743757,31.492437053513477,31.148409105389167,30.68909515669874,30.115846045693846,29.431370388499133,28.639714352416192,27.746221689601605,26.757474554396747,25.68121592238272,24.526254711360973,23.302354969619227,22.020110741009155,20.69080843584733,19.32627872815182,17.938740160375783,16.54063676420508,15.144472098262366,13.762642159357382,12.40726964244126,11.090042005424507,9.822055738829668,8.613669147751203,7.474365826213827,6.412630843698105,5.435841472777672,4.550174068374328,3.7605284663892986,3.0704710060758886,2.4821970004555958,1.9965131865711117,1.6128403868290206,1.3292363086490093,1.142438106696714,1.0479240347152476,1.0399932268851972,1.1118623760872968,1.2557778225552583,1.4631413350522047,1.7246476614121418,2.0304317491985757,2.370223393049624,2.73350695522677,3.109683731672313,3.488234498675462,3.858879775653731,4.211735377606081,4.5374609059427655,4.827398937529484,5.073702817232013,5.269451136811704,5.408747190003853,5.486801926852316,5.499999186305589,5.445942260774639,5.323481135585862
-3.781378093638588,-3.7573292848617834,-3.656431821313686,-3.4783485649822614,-3.2237915474836347,-2.894500309897781,-2.493203951146996,-2.0235675646780247,-1.4901239971111222,-0.8981921011767429,-0.25378287476519934,0.43650492533752994,1.1655979357058994,1.9260682032767662,2.7102580551128783,3.510407731249115,4.318783647612714,5.127805147804247,5.930167629634289,6.718959994337624,7.487774462364176,8.230806928043418,8.942946184166914,9.619850534057822,10.25801051995414,10.854796729067221,11.408491888669305,11.918306724895695,12.384379332270608,12.807758077772142,13.190368339949753,13.534963655596712,13.845062109230687,14.124869049762712,14.379187450074623,14.613317434903635,14.832946686932598,15.044033597205823,15.25268515130202,15.465031634982244,15.687100300727659,15.924690158702491,16.18325004183212,16.46776204508452,16.782632354496275,17.131591363385063,17.517604823493887,17.942797599998734,18.408391394346083,18.91465757116662,19.460885978808356,20.045370391427287,20.665410928388415,21.317333528449833,21.99652627640715,22.697492103153134,23.413917110985423,24.13875351885894,24.864315981305925,25.582389813827785,26.284349460253406,26.961285367008816,27.6041372881572,28.203831935660197,28.751422813270402,29.23823003093661,29.655977890169797,29.99692805949739,30.25400622238209,30.420920176707423,30.492267493518042,30.463631001035324,30.331660545476904,30.09413968990854,29.75003624290096,29.29953575649909,28.744057394033742,28.08625183852962,27.329981187679564,26.48028105730043,25.543305387607234,24.526254711360973,23.437288895920908,22.285425608620237,21.080425973095398,19.83266907994801,18.553017185474165,17.25267357461818,15.943035176690097,14.635542103074902,13.34152632398717,12.07206171561161,10.837817689544465,9.648918563645248,8.514810748050419,7.444139703504748,6.444638483106672,5.523029495256645,4.684940927658738,3.934839052638866,3.2759773961132286,2.7103634998453074,2.2387437429680164,1.8606064180830373,1.5742029836532998,1.3765871419938787,1.2636711250466397,1.2302983123234696,1.2703310608176253,1.3767523990146873,1.5417800298377633,1.756990903588733,2.0134544645020473,2.3018725458212757,2.6127237903220735,2.936410407458054,3.2634050458311927,3.584395561015226,3.8904254939043708,4.173028143220212,4.424352216575548,4.6372771760581735,4.805516554676122,4.923707706768853,4.987486665794882,4.993547013544945,4.939681912270449,4.824808711661621
-3.252765895810072,-3.225504423238205,-3.130463950185833,-2.967286137736134,-2.7365248374755353,-2.4396273224185006,-2.078901352072248,-1.6574686689900209,-1.179205745439045,-0.648672806681748,-0.07103234842107753,0.5480414629557204,1.2024609704164915,1.8858291266690026,2.5915477592561253,3.3129281779668105,4.043302265490556,4.776132186300106,5.505116873687927,6.224293510345839,6.928132302999183,7.611622965029145,8.270351460908401,8.90056573036263,9.49922929577046,10.06406186038038,10.593566224092253,11.087041074199618,11.544579446793426,11.967052896526026,12.356081654093837,12.713991288081374,13.043756616746336,13.348933832074856,13.633581999354746,13.902175277218669,14.159507362531937,14.4105897989451,14.660545895119185,14.914502076738355,15.17747854411469,15.454281123637463,15.74939618622632,16.06689045954411,16.410317483769788,16.782632354496275,17.18611626256506,17.622312181603956,18.09197287234212,18.595022171461085,19.13053031514856,19.696703817267053,20.290890182949255,20.909597494442913,21.548528661177684,22.202629884344628,22.866152651732847,23.53272835498916,24.195454412497057,24.846990590094123,25.47966404193773,26.08558144770564,26.656746502295533,27.185180922147648,27.663047069673038,28.08277026496137,28.437158852406384,28.71952011906692,28.923770220928937,29.044536361722074,29.07724958508951,29.018226682798826,28.86473988700617,28.61507320068393,28.268564424220994,27.82563215467283,27.287787263736895,26.657628597666047,25.938822883322178,25.13606906568988,24.25504753970939,23.302354969619227,22.285425608620237,21.21244023726234,20.092224027421658,18.93413480725873,17.747943348621238,16.543707419817988,15.33164144176266,14.12198365278341,12.92486272595671,11.75016579211766,10.607409801629139,9.50561810890024,8.45320408629846,7.45786346969038,6.526477007954948,5.665024835405552,4.8785138114375215,4.170918878506098,3.545139280629646,3.0029702631286357,2.545090643564912,2.171066407287269,1.8793702421577998,1.6674166895024514,1.5316123556591386,1.4674204041780445,1.4694383361331114,1.5314878683330901,1.6467155394586042,1.8077025150201673,2.0065819259476614,2.235161964660603,2.485052878332192,2.7477959430499803,3.0149924755709647,3.278430941811125,3.530210253095252,3.7628574020714005,3.9694376791718535,4.143655826255238,4.279946624855533,4.373553580169491,4.420594546054121,4.4181133380801825,4.364116598018379,4.257595400712748
-2.6648750965577284,-2.6338053981843683,-2.544983540326508,-2.398025160230329,-2.1933060923942986,-1.931946809891846,-1.6157850583614422,-1.2473371888101616,-0.8297488804735615,-0.3667361187022258,0.13748254766560586,0.6782613023787658,1.2506086208784122,1.8492736999888253,2.468836286763354,3.1037983804594322,3.7486762523584383,4.398091224758148,5.046857673054051,5.690066763065939,6.323164508907242,6.942022833568618,7.543002433427248,8.123006387158066,8.679523606726605,9.210661400692388,9.715166605088772,10.192434931593196,10.64250838331716,11.0660607919711,11.464371732981675,11.839289273945258,12.193182203237466,12.528882566426976,12.849619505296738,13.158945544916094,13.460656605766614,13.758707128153901,14.05712178314776,14.359905306584405,14.670952029155671,14.99395668565679,15.332328069869558,15.68910705857723,16.06689045954411,16.46776204508452,16.89323201664684,17.34418600858962,17.820844583325883,18.322733997866884,18.848668836388615,19.39674690786805,19.964356605354478,20.548196717422897,21.144308476220743,21.748119423677863,22.354498481246686,22.957821422196865,23.552045772051834,24.130794005042603,24.687443765012056,25.21522372026572,25.707313565315975,26.156946609817062,26.55751334734731,26.902664374762697,27.186411036899766,27.403222201303635,27.548115622842488,27.616742437585508,27.60546342782876,27.511415823958686,27.33256955192632,27.06777199515897,26.71678051420161,26.280282153491733,25.75990015950266,25.15818713499829,24.478604857219203,23.725490990338063,22.904013121383056,22.020110741009155,21.080425973095398,20.092224027421658,19.06330450509133,18.001904824614986,16.916597155620824,15.816180345273231,14.709568398244077,13.60567712341079,12.513310588622499,11.441049028509694,10.397139829406461,9.389393170360192,8.425083830628807,7.510860583060583,6.652664480691055,5.85565721245985,5.124160555108896,4.461607784290423,3.870507731124724,3.3524219835273183,2.907955537344788,2.536761003577406,2.237556277673447,2.0081553780254433,1.8455119663383073,1.745774875365215,1.704354792409951,1.7160010826194303,1.774887586899405,1.8747060975217678,2.008766102140589,2.170099295698993,2.35156729098149,2.545970913404692,2.7461594447507864,2.9451381842774342,3.1361727239593082,3.3128883871339796,3.469363355774203,3.6002141098692966,3.7006719215067667,3.766649284417504,3.794795314903575,3.7825393298617005,3.7281219894722413,3.630613583275448
-2.027248696645019,-1.9918654400195848,-1.9095585210304082,-1.7799134478828944,-1.603111344037428,-1.3799168677170566,-1.1116568779115115,-0.8001902544567727,-0.44786942570440247,-0.05749429406060269,0.367740625007158,0.8243049231252965,1.3083958546140124,1.8160056245278329,2.342991245260791,2.88514575643943,3.4382695816325866,3.9982407948209935,4.561083089652104,5.123030284969755,5.680586260325949,6.230579294190963,6.77020987409503,7.2970911603785025,7.8092814117398035,8.305307819249146,8.784181343628354,9.245402305896803,9.688956641334475,10.115302888411362,10.525350145133661,10.920427382422474,11.302244654984666,11.672846892072045,12.034561081113191,12.389937774188308,12.741687948675562,13.09261633736454,13.445552408440408,13.803280220844872,14.168468404811172,14.543601520402,14.93091402856766,15.332328069869556,15.749396186226319,16.183250041832117,16.634556102097207,17.10347911570812,17.58965411661796,18.09216752212058,18.60954775251044,19.139765639721308,19.680244729432854,20.227881416170536,20.77907468666264,21.329765085901176,21.875482365653106,22.411401129144856,22.932403650698696,23.433148927439834,23.90814691379137,24.351836800038512,24.75866812519178,25.123183462817256,25.44010138720834,25.70439841669023,25.911388641076062,26.05679977109611,26.136844398430256,26.14828532490546,26.088493907290164,25.95550046846747,25.74803594488984,25.46556407218354,25.108303553467927,24.67723980612258,24.174126039998363,23.601473580979867,22.962531515881327,22.261255895415932,21.502268888977163,20.69080843584733,19.83266907994801,18.93413480725873,18.001904824614986,17.043013324013366,16.064744366281207,15.074543090731577,14.079924512201156,13.088381202904456,12.107291173359044,11.143827264048827,10.204869337584363,9.296920520259908,8.42602868273502,7.597714272988263,6.816905521850205,6.08788193370555,5.41422685395132,4.798789772291138,4.243658878878607,3.7501442407759074,3.3187718113539817,2.9492883273907897,2.640676990032344,2.391183668786062,2.1983532146171534,2.0590753212608033,1.9696392352058407,1.925796486492226,1.9228306963912112,1.9556334159253934,2.01878486255755,2.1066383525301315,2.2134071743265658,2.333252615345206,2.4603718396481473,2.5890843198085096,2.713915550381756,2.829676814031038,2.931539833219621,3.0151052197439636,3.0764637300514366,3.112249444850046,3.1196841153268475,3.0966120534940713,3.0415250887452023,2.953577264446351
-1.3502230629351955,-1.3101198215282923,-1.23455490930838,-1.1230803898462955,-0.9756693965085697,-0.7927077421567139,-0.5749789837432275,-0.3236432449945388,-0.04021020478563342,0.27349324361397986,0.615360068160574,0.9830442351879732,1.3740051670522582,1.7855547240701213,2.214905872903073,2.659222176150729,3.115667225296919,3.581453141565486,4.053887286698543,4.5304163579224435,5.008667087917217,5.486482830708132,5.961955387071698,6.433451507090943,6.8996336015021775,7.3594742958643815,7.812264570617236,8.25761534391426,8.69545247077116,9.126005249544782,9.549788643018784,9.967579534394286,10.380387446289234,10.78942025154392,11.196045496432816,11.601748038163569,12.008084767849983,12.416637246229095,12.828963121232242,13.246547223344297,13.670753245980988,14.10277691364288,14.543601520402,14.99395668565679,15.45428112363746,15.92469015870249,16.404948641129188,16.894449829184897,17.3922007042906,17.896814078750175,18.40650774165601,18.919110770144353,19.432077012187534,19.942505625639672,20.44716843836391,20.942543777995336,21.4248563091963,21.890122312996485,22.334199748700932,22.7528423554502,23.141756979192085,23.496663252726457,23.813354712533894,24.087760406972446,24.316006036549563,24.49447366851581,24.61985908489561,24.68922585492849,24.700055269161826,24.650291332303006,24.538380084385732,24.363302603618287,24.124601138082152,23.822397915711754,23.457406291071614,23.030934001624747,22.5448784236689,22.001713837084157,21.404470826665268,20.756708064308228,20.062476828939577,19.32627872815182,18.553017185474165,17.747943348621238,16.916597155620824,16.064744366281207,15.198310425044962,14.323312067098923,13.445787612069076,12.571726908320002,11.707001895597807,10.857298744497472,10.028052508193161,9.224385185428389,8.451048044492392,7.712368996556809,7.012205734223961,6.353905268508283,5.740270405935527,5.173533608319641,4.655338572486938,4.186729757265306,3.768149972010508,3.399446026410036,3.079882326917566,2.8081621925535183,2.5824565535643202,2.400439592121507,2.2593307863533907,2.1559427289394613,2.0867340105571497,2.047866387821922,2.035265396031717,2.044683519884282,2.071765001077996,2.112111340847566,2.1613465483484977,2.2151811925139686,2.2694743354892464,2.3202924597255885,2.363964547812026,2.3971325334709332,2.4167964129876376,2.420353387657878,2.405630498431772,2.370910312477955,2.314949326430967,2.236988861059469
-0.6447633134727436,-0.5996395724075931,-0.5309715075105051,-0.4382752700480108,-0.3213063556810172,-0.18005505720930381,-0.014738191999814187,0.17421270128797628,0.38616644087146024,0.6203102423226989,0.8756703574077234,1.1511349023132147,1.4454784284064108,1.757387758638411,2.0854885910764294,2.4283723582630197,2.7846228274249576,3.15284193210993,3.531674340573505,3.919830289967608,4.316106247730809,4.719403002029987,5.128740830983521,5.543271454901564,5.962286535976232,6.385222554700841,6.811661960657048,7.241330565971819,7.6740912214515555,8.109933886855874,8.548962276680195,8.991377329892591,9.437457815075486,9.887538440179455,10.341985887514685,10.80117323870214,11.265453290225391,11.735131287253216,12.210437620988351,12.691501042555743,13.178322944168686,13.670753245980988,14.168468404811172,14.670952029155666,15.177478544114688,15.687100300727655,16.198638467599555,16.710677979581373,17.22156674975249,17.729419278247438,18.232124715857534,18.72735936315724,19.212603508519596,19.68516243216279,20.14219132965303,20.580723838372435,20.997703785566348,21.390019717838342,21.7545417203762,22.08815999064521,22.38782459650885,22.650585823301395,22.87363449868608,23.054341678416236,23.19029708042995,23.2793456689339,23.31962181398217,23.309580485084883,23.248024978993264,23.1341307312703,22.967464817717094,22.748000814228046,22.476128751153603,22.152659969650884,21.778826761650464,21.356276750786364,20.88706204774554,20.373623288827755,19.818768739932462,19.225648718624292,18.59772565335258,17.938740160375783,17.25267357461818,16.54370741981799,15.816180345273231,15.074543090731577,14.323312067098923,13.567022158375144,12.81017935940515,12.057213864617793,11.312434214993955,10.579983094250439,9.86379534094913,9.167558711346036,8.494677888779627,7.848242189850034,7.230997366221937,6.645321844328724,6.093207684353901,5.576246475458316,5.095620317186572,4.6520979682282935,4.246036174151937,3.877386116297994,3.545704855637403,3.250171578975296,2.9896083912899094,2.762505338083091,2.5670492861767267,2.4011562411559986,2.262506635305633,2.1485830820048024,2.0567100616511116,1.9840949806959483,1.9278700296161988,1.8851342578436165,1.8529952839390618,1.8286100676421668,1.8092241867449557,1.7922090858178505,1.7750967953369656,1.7556116582956254,1.7316986464028112,1.7015478988539268,1.66361517269503,1.6166379542023401,1.5596470446086204,1.4919735000148524
0.07771126787581767,0.12804488831655342,0.18973543458396697,0.2633042436448291,0.3492193158369064,0.4478959278112877,0.5596980845712509,0.6849407270590127,0.8238925947791543,0.9767796279231324,1.1437887807076181,1.3250721074593599,1.5207509756276905,1.730920255591426,1.9556523360046034,2.195000815592319,2.449003727798691,2.717686163474083,3.001062168772967,3.299135810455119,3.6119013186145823,3.9393422372133102,4.2814295353206555,4.638118656253381,5.0093455074230455,5.3950214201376685,5.795027135350768,6.209205897858932,6.63735576716379,7.0792212775801175,7.534484602643872,8.002756398931052,8.483566521552536,8.976354817399772,9.480462212295809,9.995122314235624,10.519453756633599,11.052453502771106,11.592991325376298,12.139805663487246,12.691501042555743,13.246547223344297,13.803280220844872,14.359905306584398,14.914502076738353,15.465031634982243,16.009345903565983,16.545199039343725,17.070260894114966,17.582132421338798,18.07836289478944,18.556468769737016,19.013953984453657,19.448331469913978,19.85714560908407,20.23799536471459,20.588557776535175,20.906611515568677,21.19006017523067,21.43695497613674,21.645516564191414,21.814155589553494,21.941491767337165,22.02637113918808,22.067881277845068,22.065364204049732,22.018426816208194,21.92694866748384,21.791086961895257,21.611278679855403,21.388239783735237,21.1229614947731,20.816703673287325,20.47098537400506,20.08757268674666,19.668464009092418,19.215872931449443,18.73220894563462,18.22005621526572,17.68215066955358,17.121355701237075,16.54063676420508,15.943035176690097,15.33164144176266,14.709568398244077,14.079924512201156,13.445787612069076,12.81017935940515,12.176040732598365,11.546208782878688,10.923394901056891,10.31016480997385,9.708920472062417,9.121884074147403,8.5510842230572,7.998344456214478,7.465274141524455,6.953261810981742,6.4634709428446655,5.996838178328087,5.554073930864264,5.135665319368542,4.741881331884551,4.372780102702119,4.028218164740295,3.7078615198345943,3.4111983527011818,3.137553199879336,2.886102372958942,2.655890425936875,2.445847449644758,2.2548069718574837,2.0815242399106944,1.9246946633892716,1.7829721976402788,1.6549874544360181,1.539365333970482,1.4347419824023293,1.3397808912286993,1.2531879687391787,1.1737254294942785,1.1002243650181938,1.0315958774973208,0.9668406780256158,0.9050570716145514,0.8454472725568862,0.7873220155577365,0.7301034500740202
0.8055090155663647,0.8611274014271839,0.9158348084169985,0.9701907172990716,1.0248885966865517,1.0807525534435662,1.1387319155406024,1.199893775628472,1.2654135511748263,1.336563644030027,1.4147003084184178,1.5012488612647172,1.5976873921592647,1.7055291518571074,1.8263038177345425,1.9615378518585036,2.1127341820518515,2.281351448382392,2.4687830667162745,2.676336367237839,2.905212069059648,3.156484352170571,3.431081784969388,3.7297693595106574,4.053131877383233,4.401558916915189,4.775231597247813,5.174111336871904,5.597930783627414,6.046187070118456,6.5181375232041106,7.0127979289351625,7.528943425288768,8.065112064605575,8.61961105608081,9.190525666350231,9.775730723512888,10.372904637234734,10.979545815283766,11.592991325376298,12.210437620988351,12.828963121232242,13.445552408440408,14.057121783147755,14.66054589511918,15.252685151302014,15.830413587437391,16.390646879843036,16.93037016784128,17.446665355654844,17.936737565474942,18.397940420901445,18.82779985207286,19.224036130480016,19.58458386254925,19.907609696369377,20.191527525123096,20.435011003494377,20.63700322911363,20.79672347945933,20.91367093498804,20.987625360992034,21.018644763124726,21.007060073998314,20.953466970040186,20.8587149581886,20.72389391031625,20.55031825882522,20.33950909902844,20.093174472144597,19.81318812647829,19.501567073200686,19.16044826674713,18.79206474795681,18.398721590552096,17.982771988351214,17.54659381179708,17.092566948144082,16.623051720253613,16.14036865478975,15.646779842149538,15.144472098262366,14.635542103074902,14.12198365278341,13.60567712341079,13.088381202904456,12.571726908320002,12.057213864617793,11.546208782878688,11.039946039051221,10.539530220336639,10.045940475600423,9.560036479295075,9.082565795733686,8.614172412518936,8.15540619876505,7.7067330356056285,7.268545363413528,6.841172892122599,6.424893227890531,6.019942180839223,5.626523534428775,5.244818076760941,4.874991717295268,4.517202538567831,4.1716066609523965,3.838362828689343,3.517635656699064,3.209597509457376,2.91442901480828,2.632318246409389,2.363458637961057,2.1080457199138722,1.8662727944822501,1.6383256870723177,1.4243767312820341,1.2245781601419086,1.0390550880006635,0.8678982752625058,0.7111568719692688,0.5688313359864497,0.44086671736646094,0.3271464924671041,0.2274871198073648,0.14163347471765836,0.06925530191505885,0.009944804582092459,-0.03678453423208755
1.5268519795181263,1.5877140822823639,1.6355075862858008,1.6708298382996947,1.6945978274786826,1.7080409084853108,1.7126885763398585,1.7103534320698417,1.7031095499579687,1.6932665258821058,1.6833395509041997,1.6760159139596107,1.6741183913639759,1.6805660281210426,1.69833285601091,1.73040512560132,1.7797376532077873,1.8492098991049317,1.9415823997586954,2.0594541744302983,2.2052217152461773,2.381040149905992,2.5887871379050207,2.8300300248853416,3.105996736017499,3.4175508387674878,3.765171148730909,4.148936190207016,4.568513756700597,5.023155746499765,5.511698375849251,6.032567798023962,6.5837910818291485,7.163012428743508,7.767514435106928,8.394244135444918,9.039843496196301,9.700683966705222,10.372904637234738,11.052453502771112,11.735131287253216,12.416637246229099,13.09261633736454,13.758707128153898,14.410589798945097,15.044033597205818,15.654943105917097,16.23940270505068,16.793718630102845,17.314458065327777,17.79848475121775,18.24299063537014,18.645523152498946,19.00400778221389,19.316765601423977,19.58252562085036,19.800431771103675,19.97004448197194,20.0913368778089,20.164685691003438,20.190857073231584,20.17098755932822,20.106560509974624,19.99937842583445,19.851531586199464,19.665363518628144,19.44343385157457,19.18847913883248,18.903372272113074,18.591081115737175,18.254627004913942,17.89704374622741,17.521337745762786,17.13044986695282,16.727219587067122,16.3143519788279,15.894387992605196,15.469678455866974,15.042362141018463,14.614348181569497,14.187303040930779,13.762642159357382,13.34152632398717,12.92486272595671,12.513310588622499,12.107291173359044,11.707001895597807,11.312434214993955,10.923394901056891,10.539530220336639,10.160352544274435,9.785268838902804,9.413610469358524,9.044663734113547,8.677700536215239,8.312008601751037,7.94692066911626,7.581842096185989,7.216276365707756,6.849848011507763,6.48232253864577,6.113622968526206,5.743842704113604,5.3732544796413535,5.00231523229347,4.631666808967027,4.262132498040546,3.894709452719737,3.5305571476578916,3.170982082841322,2.8174190169354687,2.47140907523136,2.1345751339398578,1.8085949318968193,1.4951724019426684,1.1960077466480499,0.9127668061535039,0.6470502793191564,0.4003633629532267,0.1740863675884008,-0.030553147745124076,-0.21250620472556958,-0.370925716254051,-0.5051868382679013,-0.6149039730511577,-0.6999440911136228,-0.7604361012592122,-0.796776065611033
2.2300633811134607,2.296012716102463,2.33703514325738,2.353764667064382,2.347335958710371,2.319373250132595,2.271971470904128,2.207669875101722,2.1294185200728233,2.0405380683474705,1.9446734861781463,1.845742305798622,1.7478782020695385,1.6553707064779661,1.572601941408749,1.5039813043244838,1.4538790642972668,1.4265598517582294,1.426117026115742,1.4564088950042375,1.5209977335451055,1.623092512525327,1.7654961914317862,1.9505583666198623,2.1801339875288503,2.455548765937637,2.777571806087355,3.1463958785209147,3.561625649250363,4.022274059998782,4.526766936474209,5.072955781660857,5.658138591713437,6.279088414961057,6.932089261481007,7.612978863344181,8.317197685536698,9.0398434961963,9.775730723512892,10.5194537566336,11.265453290225393,12.008084767849988,12.741687948675565,13.46065660576661,14.159507362531931,14.832946686932592,15.47593509060479,16.083747621772613,16.652029796136947,17.176848178051237,17.6547349042605,18.082725533131853,18.45838970232184,18.779854185737587,19.0458180548541,19.255559768242428,19.408936134752093,19.506373218328857,19.548849374059444,19.537870723839738,19.475439494212875,19.36401574662486,19.206473129891794,19.006049374469917,18.766292326716552,18.49100238743929,18.184172271555056,17.84992504373168,17.492451407799816,17.115947235080114,16.724552308396962,16.322291234528922,15.913017438517253,15.500361099212189,15.087681817523311,14.678026728131778,14.274094673214393,13.878206954517104,13.492285069568347,13.11783572075926,12.755943264373052,12.40726964244126,12.07206171561161,11.75016579211766,11.441049028509694,11.143827264048827,10.857298744497472,10.579983094250439,10.31016480997385,10.045940475600423,9.785268838902804,9.526022844931989,9.266042692112448,9.003188963213471,8.7353948859762,8.460716796801181,8.177381915249017,7.883832586565076,7.578766213138546,7.261170172633989,6.9303511091560575,6.58595808269126,6.227999169511033,5.856851220371062,5.473262602248547,5.07834887099146,4.673581444542122,4.260769467267844,3.8420351733408817,3.4197831690818674,2.996664158837433,2.575533734557136,2.1594069341785977,1.7514093468212042,1.35472560243274,0.9725461289622894,0.6080130906204638,0.26416643586091193,-0.05610901683961855,-0.35013454346546313,-0.615485648691253,-0.8500365354760586,-1.0520001357029534,-1.2199630005006545,-1.3529144335002155,-1.4502693451331068,-1.51188440958103,-1.5380672164191713
2.9037534524384796,2.974520526855951,3.008985970825524,3.0078183263677736,2.972360309399962,2.90461403429388,2.8072157890076723,2.683400711580687,2.536957874813745,2.37217643423651,2.1937836327164684,2.006875581177462,1.8168418469480614,1.6292849775498393,1.4499361668067463,1.2845683308199611,1.1389079027023827,1.0185466763945477,0.9288550310849548,0.8748978487364356,0.8613543982869161,0.8924434018591452,0.9718544216815341,1.102686612568851,1.2873957751717673,1.5277505214475022,1.8247982278083335,2.1788413052288096,2.589424161443778,3.0553310705713965,3.5745950024522872,4.1445173001589675,4.761697931957659,5.422075885930637,6.120979123862055,6.853183368126867,7.61297886334417,8.394244135444907,9.190525666350226,9.99512231423562,10.801173238702136,11.601748038163565,12.389937774188304,13.158945544916088,13.902175277218662,14.61331743490363,15.286430387585355,15.916016251184525,16.49709009539797,17.025241514658997,17.49668767558309,17.908317083925873,18.25772345571692,18.543229228338888,18.76389840560422,18.91953859393111,19.01069225203854,19.03861734162297,19.005257728692577,18.91320384209459,18.765644244822287,18.566308912583462,18.319405140650503,18.029547112172573,17.70168025710842,17.341001609173816,16.952877427403404,16.542759388111655,16.116100671524425,15.67827326479246,15.234487779478453,14.78971703725772,14.348624613153595,13.915499442135907,13.494197493653665,13.088091401256213,12.70002880275733,12.332300002533502,11.986615413847208,11.66409307804885,11.365256391763191,11.090042005424507,10.837817689544465,10.607409801629139,10.397139829406461,10.204869337584363,10.028052508193161,9.86379534094913,9.708920472062417,9.560036479295075,9.413610469358524,9.266042692112448,9.113741895341015,8.953200124638862,8.78106568527913,8.594213016639088,8.389808284245298,8.165369568843484,7.91882062483792,7.648537290411539,7.353385756777607,7.032752042221597,6.686562165547518,6.315292670750015,5.919971317562623,5.502167918265021,5.063975467007017,4.607981871166815,4.1372327521977095,3.655185933418184,3.165658371790013,2.672766417612133,2.180860398153751,1.6944546167297259,1.2181539360334177,0.7565781724406,0.3142855655590826,-0.10430339606374894,-0.4949805166901413,-0.8538215517967622,-1.1772537785228345,-1.4621183395554378,-1.7057263065579837,-1.905907511253615,-2.0610513098829077,-2.170138578023159,-2.232764375525612,-2.249150873255908
3.5370007088761106,3.6122073387170373,3.6403978173957814,3.6222722264680804,3.5593680437343,3.4540419167396177,3.3094384541528576,3.1294464834043483,2.9186434178214395,2.682228561426476,2.425946351698528,2.1560006972926007,1.878961706547602,1.6016662214668478,1.3311136689047378,1.0743588144624394,0.8384030539677657,0.6300859016513523,0.45597833288189604,0.32227961262914695,0.23471918911622147,0.19846515621681426,0.21804068923135933,0.2972497382718844,0.4391131234570329,0.6458160186210398,0.9186676376912506,1.2580737529313133,1.6635224797096662,2.133583561306164,2.6659211825802136,3.257320136210395,3.903724962799112,4.600291489495171,5.34145000391171,6.12097912386206,6.932089261481002,7.76751443510692,8.61961105608081,9.480462212295809,10.341985887514685,11.196045496432816,12.034561081113191,12.84961950529673,13.633581999354742,14.379187450074618,15.079649895446625,15.72874877416785,16.320910591356114,16.851280794288186,17.315784802841865,17.71117730643958,18.035079120116862,18.286001084107866,18.463354691111235,18.567449330098135,18.599476241988228,18.561479487547626,18.456314428264598,18.287594413600914,18.059626549876782,17.777337594255535,17.446191169186246,17.07209762581526,16.661317997156097,16.220363571394547,15.755892681138018,15.274606344607758,14.783144409030113,14.287983834529252,13.795340718798602,13.311077599289378,12.840617481574192,12.388865931290425,11.960142434393138,11.55812207845319,11.185788438846757,10.845398370604958,10.53845921237239,10.265718706500703,10.027167732057459,9.822055738829668,9.648918563645248,9.50561810890024,9.389393170360192,9.296920520259908,9.224385185428389,9.167558711346036,9.121884074147403,9.082565795733686,9.044663734113547,9.003188963213471,8.953200124638862,8.889898628741879,8.808721103938247,8.705427541146175,8.576183653694844,8.417636070842178,8.226979103525343,8.002011962141342,7.741185465677171,7.443637456736141,7.10921632503913,6.7384922397085925,6.332755894804914,5.894004779813311,5.42491719366339,4.928814424002622,4.409611709505612,3.8717587887724987,3.3201710118151198,2.7601521464371457,2.1973101494410514,1.6374672893096511,1.0865661009275929,0.5505727225200554,0.03537920918309223,-0.4532935645292664,-0.9099908087771472,-1.3296149596704328,-1.7075115479762806,-2.0395483704223247,-2.3221866466415015,-2.5525429741571988,-2.7284410424695658,-2.8484522328459523,-2.9119244101425217,-2.9189984039673478
4.11952577769486,4.198691222265872,4.220952363359962,4.187036995201325,4.0986606411332955,3.9585051498805837,3.7701819769698814,3.538180689703745,3.267803464710546,2.9650865657800867,2.636709993043107,2.289896679409974,1.9323027736879457,1.5719006894221492,1.2168567121023048,0.875405043201268,0.5557202162524448,0.2657898469731512,0.013289675906451581,-0.19453717173824892,-0.35099484787223556,-0.45004159598768023,-0.48638706882550276,-0.45557864468296216,-0.3540754058497013,-0.1793086312737282,0.07027213818763167,0.39516818286554267,0.7948163248916496,1.2675895362320584,1.8108134409817125,2.42079847561076,3.092887231361742,3.821516270831564,4.600291489495171,5.422075885930643,6.279088414961053,7.163012428743501,8.065112064605575,8.976354817399772,9.887538440179455,10.78942025154392,11.672846892072045,12.528882566426972,13.348933832074847,14.124869049762708,14.849130694130125,15.514838833828588,16.115884227603686,16.64700964386876,17.10387819390194,17.483127670131793,17.782410097946432,18.000415938724277,18.13688261979941,18.192587310156096,18.169324105018603,18.069866024359285,17.89791246591069,17.65802297884467,17.355538436325013,16.996490880303305,16.58750348711633,16.135682254868044,15.648501140799667,15.133682476816338,14.599074562422638,14.052528375347325,13.501775350410478,12.954308156490963,12.417266350069605,11.897328702526455,11.400613888413954,10.932591085029056,10.498001871925016,10.1007946350996,9.744072477399746,9.43005541744291,9.160057427588224,8.934478620926614,8.75281265177755,8.613669147751203,8.514810748050419,8.45320408629846,8.425083830628807,8.42602868273502,8.451048044492392,8.494677888779627,8.5510842230572,8.614172412518936,8.677700536215239,8.7353948859762,8.78106568527913,8.808721103938247,8.812677674660305,8.787665278607845,8.728924958133458,8.632297934294142,8.494304352659181,8.31221045088893,8.08408303279331,7.808830342938322,7.486228659922705,7.1169341615231785,6.702479857156778,6.2452576285706165,5.748485664332802,5.216161813570918,4.653003615577476,4.064375980613454,3.4562076999376705,2.8348981464850755,2.2072156887417718,1.5801894766186841,0.9609963673159359,0.35684483954664403,-0.22514220522698114,-0.7780438364898168,-1.295254777012929,-1.7705945102632001,-2.1984100222597918,-2.573670489228759,-2.892052351734235,-3.150013370531893,-3.344854436681235,-3.4747681055885615,-3.5388730384377642,-3.5372337614428973
4.641855023458768,4.724403836938685,4.7411396570959425,4.69281339811295,4.581298746503499,4.4095679049971235,4.1816499260734386,3.902572254573329,3.5782863615876743,3.2155786008482856,2.821967650237623,2.4055901111917444,1.9750760244281333,1.539416218706155,1.107823537772957,0.6895900872790158,0.2939427067806206,-0.07010109898341232,-0.39387454097802044,-0.6691980505688333,-0.8885087938289531,-1.044981188176782,-1.1326365520813537,-1.1464401855236277,-1.0823843721888453,-0.9375560109798169,-0.7101878210202965,-0.39969231719260856,-0.006678018507771277,0.4670523748648705,1.0185218225060755,1.6436165118568669,2.3371405899824405,3.0928872313617424,3.903724962799112,4.761697931957666,5.6581385917134295,6.583791081829142,7.528943425288768,8.483566521552536,9.437457815075485,10.380387446289232,11.302244654984666,12.193182203237463,13.043756616746332,13.845062109230682,14.588856153360204,15.267674792054658,15.874935943899352,16.405029143413223,16.853390368104368,17.216560836392752,17.49222890998413,17.67925449727877,17.777675626811195,17.78869713730712,17.714661709382998,17.55900373885376,17.326186818747374,17.021625852257223,16.651595057976717,16.223123348077443,15.743878756136972,15.222043760974676,14.666183493402231,14.085108921979629,13.487737189917276,12.882951316930878,12.279461486430625,11.68567010975884,11.109542795690912,10.558487256050025,10.03924204856856,9.557776898090601,9.119206149376296,8.727716692116498,8.386511464679698,8.097769391328697,7.862622342192915,7.681149430423196,7.5523886811090595,7.474365826213828,7.444139703504748,7.45786346969038,7.510860583060584,7.597714272988263,7.712368996556809,7.848242189850034,7.998344456214478,8.15540619876505,8.312008601751035,8.460716796801181,8.594213016639088,8.705427541146175,8.787665278607843,8.834725897986818,8.841015534930946,8.801648233193927,8.712535451955404,8.570462165415446,8.3731483008095,8.119294501059017,7.808611454725657,7.4418323045957715,7.020707922712339,6.547985119496917,6.027368133215914,5.463464018920863,4.86171281870485,4.228303643411618,3.5700780257924536,2.8944221128162644,2.2091494470494135,1.5223762408023362,0.8423911696204855,0.1775218017125122,-0.4640001643729643,-1.0741726609645634,-1.6453538334547595,-2.170387315677005,-2.64272015521843,-3.056511462929733,-3.4067300094855844,-3.689239169102377,-3.9008678135631216,-4.0394659852485155,-4.10394442228804,-4.0942972682854775
5.09547137304294,5.180742844818517,5.1924097008204715,5.131240692694244,4.9992449403072134,4.799645193999457,4.536831861662183,4.216298490856491,3.8445596869702356,3.429052723865481,2.978024359288423,2.500404599504277,2.0056693625617545,1.5036941640954056,1.0046010909284968,0.5186014337536532,0.05583641920699711,-0.3737814873436589,-0.760724244468816,-1.0959984448310962,-1.371287738328618,-1.5790852535218494,-1.712813956851686,-1.766933075381007,-1.737028924116554,-1.6198887200335284,-1.4135562279763274,-1.1173683645516026,-0.7319721805977268,-0.25932194623350746,0.2973436298492551,0.9335437080523485,1.6436165118568664,2.42079847561076,3.2573201362103945,4.144517300158974,5.07295578166085,6.0325677980239565,7.0127979289351625,8.002756398931052,8.991377329892591,9.967579534394286,10.920427382422474,11.839289273945253,12.713991288081369,13.534963655596703,14.293377813990725,14.981271951791406,15.59166312858384,16.118644266975906,16.557464548911433,16.904592007815566,17.15775738597918,17.315978619037978,17.379565611824052,17.350105277545698,17.230427120377065,17.02454994528801,16.737610573550636,16.375775723189125,15.946138476267485,15.45660099518428,14.915745364256265,14.332694617418737,13.716966164902216,13.078319948823646,12.42660373786176,11.771598013258409,11.122862901588954,10.489589573980904,9.88045845725618,9.303506490967802,8.766005517234277,8.274353709953377,7.83398173924901,7.449275129210499,7.123514005904304,6.858831152437109,6.65618899300461,6.515375823095005,6.435021293219911,6.412630843698105,6.444638483106672,6.526477007954947,6.652664480691055,6.816905521850205,7.012205734223961,7.230997366221937,7.465274141524455,7.7067330356056285,7.946920669116259,8.177381915249017,8.389808284245298,8.576183653694846,8.728924958133458,8.841015534930948,8.906128944221877,8.918741236701436,8.874229831950444,8.768957388497638,8.600339291523154,8.36689365098057,8.068272987633964,7.705277082452012,7.279846771142139,6.795038775380856,6.254981970485753,5.664815790894618,5.030611764992626,4.359279444873728,3.6584582501171043,2.9363969735206306,2.2018228972781717,1.463802637096848,0.7315969665153743,0.014511972052678845,-0.6782510497765664,-1.3377445210464187,-1.9554199218083674,-2.5232671821508204,-3.0339458634478254,-3.4809059964136435,-3.8584966089947708,-4.162060174186373,-4.388011433373536,-4.533899301133797,-4.598450828566555,-4.581596489777965
5.47294994620343,5.560208976090044,5.5673087792502445,5.4950300603566395,5.3454921599887815,5.122124245993637,4.829615744717676,4.473846761761544,4.061799556124338,3.6014524291628804,3.101657666032451,2.5720054178786658,2.022675634099715,1.464280342045198,0.9076987236333607,0.36390755218818605,-0.1561903734410761,-0.6419371278476023,-1.0830872306077142,-1.4699692805187416,-1.7936391340094882,-2.0460222398193246,-2.22004290987661,-2.309738508723149,-2.3103567776589164,-2.21843477136453,-2.031858170012727,-1.7499000343545776,-1.3732383902154561,-0.9039523572922787,-0.34549686999572504,0.297343629849256,1.0185218225060755,1.810813440981713,2.6659211825802136,3.5745950024522934,4.526766936474202,5.511698375849246,6.5181375232041106,7.534484602643872,8.548962276680195,9.549788643018784,10.525350145133661,11.46437173298167,12.356081654093828,13.190368339949742,13.95792697669283,14.650393510960185,15.26046403837773,15.781997751057983,16.2101018776837,16.541197331465327,16.77306408303988,16.90486559252972,16.937151962549837,16.87184180682318,16.712183162021127,16.462694098269864,16.129084001302182,15.718156801488757,15.237697707186452,14.696345257530755,14.10345073889116,13.468927206060021,12.803090510716368,12.11649486320947,11.419765537249223,10.723431369309605,10.037759704736558,9.37259640065871,8.73721341245372,8.140166367010849,7.589164364281809,7.0909540511700415,6.651219781792834,6.27450141920729,5.96413104993537,5.7221895785768195,5.549483850315132,5.445544619311097,5.408645346124334,5.435841472777673,5.523029495256646,5.665024835405552,5.85565721245985,6.08788193370555,6.353905268508283,6.645321844328725,6.953261810981742,7.268545363413528,7.581842096185988,7.883832586565076,8.165369568843484,8.417636070842178,8.632297934294142,8.801648233193927,8.918741236701436,8.977513733669895,8.972891741564734,8.900880860120038,8.758638795695573,8.544528871650215,8.258153648455451,7.900368099747108,7.47327212184199,6.980182489075864,6.425584700243757,5.81506548707203,5.155227068773347,4.4535845322871275,3.7184479910327086,2.958791421508562,2.1841102928997724,1.404270286548472,0.6293495467901402,-0.13052299004553647,-0.8653305774005311,-1.565330317720066,-2.2212108859899695,-2.824243766589145,-3.3664255556435805,-3.840609023577693,-4.240620812093064,-4.561363853467347,-4.798902844415151,-4.950531377858144,-5.014819629458408,-4.991641806967291
5.76807633879743,5.856525570108279,5.859598366252494,5.778080996743203,5.61417573222816,5.3714704091813,5.0548860337992565,4.670603221922697,4.225968604496317,3.7293826430636345,3.19017059212396,2.6184386102793438,2.0249172558200526,1.4207948010845364,0.8175429604832023,0.22673774699320282,-0.3401217506480223,-0.8717938440946922,-1.3574711594094095,-1.7869512279599429,-2.150798090858397,-2.4404923928594067,-2.6485676203023765,-2.768730352959314,-2.7959626481578623,-2.7266049533972248,-2.5584182465157568,-2.2906244255695505,-1.923924308895392,-1.4604929540782772,-0.903952357292277,-0.25932194623350036,0.46705237486487405,1.2675895362320628,2.133583561306169,3.0553310705714063,4.02227405999878,5.023155746499761,6.046187070118459,7.079221277580121,8.109933886855877,9.126005249544784,10.115302888411364,11.066060791971095,11.967052896526022,12.807758077772139,13.578514107610669,14.270658205027804,14.87665202017152,15.3901891347812,15.8062834361176,16.121337021227887,16.333186609087537,16.441127774879206,16.445916668132025,16.349749229213057,16.15621827120373,15.870249140972241,15.498015008814248,15.046833155091388,14.525043919815403,13.941874252398621,13.307288039520191,12.631825595415513,11.926434867593997,11.202297039327625,10.470649296162595,9.74260756579075,9.028992038171246,8.340158225815623,7.685836233350315,7.074980772255475,6.515634283134406,6.014805316724439,5.578364079455783,5.21095677358938,4.915940060199664,4.695336650319118,4.549812690578976,4.47867726008165,4.479903940617508,4.550174068374328,4.684940927658738,4.8785138114375215,5.124160555108896,5.41422685395132,5.740270405935527,6.093207684353901,6.4634709428446655,6.841172892122599,7.216276365707756,7.578766213138546,7.91882062483792,8.226979103525343,8.494304352659181,8.712535451955404,8.874229831950444,8.972891741564734,9.003085121738891,8.96052905091641,8.842174210354122,8.646259124397485,8.372345258004245,8.0213303956587,7.595440076876041,7.098197218093301,6.534370403166985,5.909901669273548,5.23181494619269,4.508106619420443,3.7476199762890268,2.9599055546302435,2.155069641333434,1.3436133597713833,0.5362649374344235,-0.25619214420512626,-1.0230923483375705,-1.7540598379732604,-2.439176017728516,-3.069140158940601,-3.6354205147818432,-4.130393483616745,-4.54746856957597,-4.881197116136743,-5.127363047753542,-5.283054142113477,-5.346712666785765,-5.318164543907779
5.975945681052741,6.064738694184088,6.064354721245542,5.975578811581282,5.800667235814078,5.543315894514242,5.208605908974561,4.80292722508276,4.333881407207633,3.8101651264635734,3.2414361515502588,2.6381639258141796,2.011467056929826,1.3729402518506437,0.7344733962093226,0.10806560155459044,-0.49436287623512976,-1.06115790955936,-1.5811150364769402,-2.043656393985176,-2.438998280594893,-2.758306727158538,-2.9938386414585114,-3.1390663166710766,-3.188783352960952,-3.1391903310693814,-2.9879588922972644,-2.734273215815109,-2.3788482364896573,-1.9239243088953928,-1.3732383902154512,-0.731972180597726,-0.0066780185077677245,0.7948163248916522,1.6635224797096688,2.589424161443787,3.5616256492503586,4.568513756700592,5.597930783627416,6.637355767163793,7.674091221451558,8.695452470771162,9.688956641334478,10.642508383317157,11.544579446793422,12.384379332270603,13.152014376997844,13.838632819960623,14.436553608641166,14.939376965794366,15.34207502068038,15.64106112194028,15.834236783713067,15.921015567439841,15.902323563589038,15.780576504593796,15.559633906855925,15.244730999979371,14.84238954977777,14.360309012563768,13.807239766546232,13.192840446958115,12.527521660361657,11.822278566475589,11.088514989448196,10.337861851985807,9.581992813022422,8.832440031266916,8.100412972292698,7.396623125879163,6.731117403848632,6.113122848165621,5.550905096779325,5.051642833466756,4.621320191270977,4.264638791094019,3.9849507821735877,3.78421391455682,3.662969320648859,3.6203423190952755,3.6540661854702607,3.7605284663892986,3.934839052638866,4.170918878506098,4.461607784290423,4.798789772291138,5.173533608319641,5.576246475458316,5.996838178328087,6.424893227890531,6.849848011507763,7.261170172633989,7.648537290411539,8.002011962141342,8.31221045088893,8.570462165415446,8.768957388497638,8.900880860120038,8.96052905091641,8.9434092249157,8.846318684859781,8.667402913364946,8.406191663840435,8.063612410869856,7.641980934976026,7.144969185450762,6.577550931306005,5.945926068502628,5.257424795684529,4.520393195164566,3.74406205566845,2.9384010435391836,2.113960565409451,1.2817038639843337,0.4528320463686996,-0.36139514119194915,-1.1498399090290117,-1.9016654841063056,-2.606510751917715,-3.2546576675755765,-3.8371887383650396,-4.3461320381918815,-4.774591413179962,-5.116859773983808,-5.368513640377814,-5.526487403036858,-5.589126091338647,-5.5562157793108025
6.093040898376268,6.181296250455349,6.178047593652507,6.084071689227387,5.901648703511297,5.634529950151401,5.287882314756776,4.868210213590364,4.38325629164742,3.8418824002188696,3.253932704596892,2.6300810540646204,1.9816649943061733,1.3205090129909403,0.6587397792308161,0.008596264224899786,-0.6177622882801153,-1.208447538334997,-1.752029381902258,-2.237716506929379,-2.6555273467362186,-2.996448753513156,-3.2525799060873926,-3.4172591963843484,-3.485172104570757,-3.4524383695472753,-3.316677084608694,-3.0770486926443983,-2.7342732158151097,-2.2906244255695523,-1.749900034354574,-1.1173683645516017,-0.39969231719260634,0.3951681828655449,1.258073752931315,2.178841305228819,3.1463958785209103,4.148936190207012,5.174111336871906,6.2092058978589355,7.241330565971822,8.257615343914262,9.245402305896805,10.192434931593194,11.087041074199615,11.918306724895693,12.676237880961647,13.351908011915885,13.937588844383235,14.426862448454376,14.814712901958579,15.097596129753759,15.273486857821894,15.341901981277555,15.303900015718241,15.162056676856798,14.920417008177356,14.584424844551979,14.160830755546012,13.657579949914577,13.083681937215307,12.44906402855875,11.76441101175298,11.04099355245003,10.290488048923091,9.524790800982466,8.755829441139602,7.995374617033205,7.2548549076568065,6.545177902142821,5.8765602695849966,5.258369503180404,4.698979834122872,4.205644583142498,3.7843869539596513,3.439910977384507,3.1755339920393677,2.993141702844871,2.8931664969871536,2.8745893248372445,2.9349650761717525,3.0704710060758886,3.2759773961132286,3.5451392806296456,3.870507731124724,4.243658878878607,4.655338572486938,5.095620317186572,5.554073930864264,6.019942180839223,6.48232253864577,6.930351109156058,7.353385756777607,7.741185465677171,8.08408303279331,8.373148300809502,8.600339291523154,8.758638795695573,8.842174210354122,8.846318684859781,8.767771938499486,8.604619440062775,8.35636898854426,8.0239640981696,7.609773964520372,7.117560165628571,6.552420626467239,5.920711741266094,5.229949899657004,4.488693994165395,3.706410792697102,2.8933253355242883,2.0602587574339912,1.2184561383155552,0.37940714629428496,-0.44533764599378123,-1.244351821096791,-2.006516578530379,-2.7211996494287485,-3.3784267867447446,-3.969043071654746,-4.484861438969221,-4.918796028055654,-5.264978207777091,-5.518853400356159,-5.677257135463342,-5.73846909729655,-5.70224427866515
6.117288932228649,6.2041048146993605,6.198596785352265,6.101526085583445,5.915165983556351,5.643269350795357,5.2910127870285635,4.864918151748752,4.372752716846954,3.8234094914652306,3.2267695826182585,2.5935487382391895,1.9351304686691215,1.2633883543201714,0.5905003179829345,-0.07124223265126206,-0.7096274052076477,-1.312714943953855,-1.8690244634368745,-2.367716845669485,-2.798765958386232,-3.153118002735092,-3.422835991801799,-3.6012270935407353,-3.6829508393579062,-3.6641064985534784,-3.5422982443907225,-3.3166770846086977,-2.987958892297269,-2.5584182465157586,-2.031858170012727,-1.4135562279763274,-0.7101878210202974,0.07027213818763167,0.9186676376912506,1.824798227808341,2.7775718060873476,3.7651711487309023,4.775231597247813,5.795027135350768,6.811661960657048,7.812264570617236,8.784181343628353,9.715166605088767,10.593566224092244,11.408491888669298,12.149983354373656,12.809156150290411,13.378332455254323,13.851153121638664,14.222669120369641,14.489411004201328,14.649435331685988,14.702347356280193,14.649299657957272,14.49296677269476,14.237496252327954,13.888436957572168,13.452645744681233,12.938174045584931,12.35413615707155,11.710561341657488,11.018232096663526,10.28851116466474,9.533160034448557,8.764151814093294,7.993481444640553,7.232976262673953,6.494109912270715,5.787822551355072,5.124350195302758,4.513065893317342,3.9623352429365353,3.479388518027716,3.0702114194359185,2.7394561592727404,2.4903742644169125,2.3247721373115873,2.2429900481244616,2.243904857588852,2.3249563903490156,2.4821970004555967,2.7103634998453074,3.0029702631286357,3.3524219835273183,3.750144240775908,4.186729757265306,4.6520979682282935,5.135665319368542,5.626523534428775,6.113622968526206,6.58595808269126,7.032752042221597,7.443637456736141,7.808830342938322,8.119294501059017,8.36689365098057,8.544528871650215,8.646259124397485,8.667402913364946,8.604619440062775,8.4559679391825,8.220944233948531,7.900493915807553,7.497001929268487,7.014258722174048,6.4574034985186435,5.832845479083043,5.148164428730772,4.4119920425401,3.6338760906903955,2.8241294992592327,1.993666786383021,1.1538304767203644,0.31621027858689554,-0.5075420750671698,-1.3058993503448348,-2.0676437065342244,-2.7820469916729187,-3.4390435432625672,-4.029392716921619,-4.5448285292571615,-4.978194006524828,-5.323558074436361,-5.576313102861713,-5.733251527700778,-5.792620305935183,-5.7541523134792
6.0480940283393645,6.13256330435742,6.125405672546944,6.027359581020557,5.840660412395163,5.56900839873174,5.21751331847942,4.7926168268004075,4.3019936231078075,3.7544329931660494,3.1597025724363137,2.5283964576348037,1.8717700403065223,1.2015641457272443,0.5298212293470966,-0.13130349136418773,-0.7697330113801415,-1.3736586266355562,-1.9317261573716826,-2.4332153868749558,-2.868209901786763,-3.2277546699188258,-3.50399888304848,-3.6903218224739094,-3.781439770557556,-3.773492287904239,-3.6641064985534793,-3.4524383695472785,-3.1391903310693854,-2.7266049533972274,-2.2184347713645307,-1.6198887200335284,-0.9375560109798169,-0.1793086312737282,0.6458160186210393,1.527750521447509,2.45554876593763,3.417550838767481,4.401558916915189,5.3950214201376685,6.385222554700841,7.3594742958643815,8.305307819249146,9.210661400692382,10.064061860380374,10.854796729067214,11.573074460450737,12.210170201999661,12.758554863767603,13.212005487435501,13.565695211883318,13.816261452397217,13.961851253141951,14.002143131395954,13.93834510162361,13.7731689419378,13.510781138994709,13.156731313981322,12.71785928632456,12.202182267482677,11.618763989369718,10.977567855670902,10.289296455034624,9.565219988893096,8.816996340065986,8.056485638572028,7.295562266122213,6.545927279220676,5.818924222016705,5.125361244144118,4.475342336611534,3.8781103519640263,3.3419042857315695,2.87383306759686,2.479767846371061,2.164254456950659,1.9304474346403078,1.7800665976984202,1.7133768581792017,1.7291915498580055,1.8248991861602715,1.9965131865711117,2.2387437429680164,2.5450906435649117,2.907955537344788,3.3187718113539817,3.768149972010508,4.246036174151937,4.741881331884551,5.244818076760941,5.743842704113604,6.227999169511033,6.686562165547517,7.10921632503913,7.486228659922705,7.808611454725657,8.068272987633964,8.258153648455451,8.372345258004245,8.406191663840435,8.35636898854426,8.220944233948531,7.999411292742892,7.692703782013318,7.30318448576267,6.834611569298508,6.292082101545893,5.681953785864924,5.0117461499849,4.290022775605163,3.5262564527761966,2.7306794184939873,1.9141210786310296,1.0878358135633683,0.2633236274250345,-0.5478534837108208,-1.3342565000925442,-2.0847527161586,-2.78869450644833,-3.4360906503085404,-4.017767464349727,-4.52551715378513,-4.952230997339637,-5.29201522208178,-5.540287700441658,-5.6938539074168935,-5.750960906651574,-5.711328484417028
5.886347563444607,5.9675729407783935,5.959371154196798,5.86245066687252,5.6789782947190375,5.412547958890569,5.068126818466915,4.6519796138207115,4.171572394624047,3.635457131435815,3.0531390112058148,2.434928490096848,1.791780417470146,1.1351227489266007,0.47667753074588237,-0.17172303965912428,-0.7983225944650713,-1.3916257016430493,-1.9405791938703842,-2.434746875884959,-2.8644748691882587,-3.221044999200881,-3.4968138168912084,-3.6853350715896087,-3.7814637106301174,-3.781439770557556,-3.682950839357907,-3.4851721045707578,-3.188783352960953,-2.795962648157867,-2.3103567776589164,-1.737028924116554,-1.0823843721888453,-0.3540754058497013,0.4391131234570329,1.287395775171773,2.180133987528844,3.1059967360174943,4.053131877383233,5.0093455074230455,5.962286535976232,6.8996336015021775,7.8092814117398035,8.679523606726601,9.499229295770455,10.258010519954134,10.94637803484956,11.555882992091657,12.079242320431822,12.510445863384703,12.844843617582464,13.079211728958764,13.211796237991631,13.242333915195584,13.172049888371092,13.003632128128977,12.741183222164274,12.390150225925591,11.957233722080279,11.450277548069888,10.87814095491877,10.250555236490927,9.577967112211905,8.87137135401135,8.142135316592048,7.4018181564063426,6.661987606896211,5.934037214301707,5.229006929054629,4.557409892570664,3.929068158983873,3.352959947598859,2.83708083682977,2.388321087069518,2.0123610218218078,1.7135861076230743,1.4950230583669812,1.3582979536273072,1.3036170088044017,1.3297702730015981,1.4341581642438257,1.6128403868290206,1.8606064180830373,2.1710664072872685,2.536761003577406,2.9492883273907897,3.399446026410036,3.877386116297994,4.372780102702119,4.874991717295268,5.373254479641353,5.856851220371062,6.315292670750015,6.7384922397085925,7.1169341615231785,7.4418323045957715,7.705277082452012,7.900368099747108,8.0213303956587,8.063612410869856,8.0239640981696,7.900493915807553,7.692703782013318,7.4015014230881455,7.029189910519033,6.579434548834248,6.057207639544062,5.468712001667057,4.821284470343314,4.123280916424248,3.3839446265636774,2.6132601504750217,1.8217949553969948,1.0205314237014642,0.2206918848587997,-0.5664405148231213,-1.329702233931374,-2.0582281569834473,-2.7416259474372993,-3.370143136030948,-3.9348242631898254,-4.427655552468874,-4.841694790530744,-5.171184324821841,-5.41164535912312,-5.559952025221367,-5.6143840313073055,-5.57465702921203
5.634414254024321,5.711523346908685,5.7028698683561085,5.609125309274524,5.432358039293302,5.17600338332348,4.84481203164364,4.44477757969161,3.9830443227810024,3.467796742287625,2.9081324085631968,2.3139202873910527,1.6956466670883987,1.0642511187646997,0.43095505969981374,-0.19291439315967707,-0.7961025178018497,-1.3676042366929677,-1.8968377406322454,-2.373811762498777,-2.789283875475757,-3.1349073305669117,-3.4033641274616677,-3.5884822282346454,-3.685335071589608,-3.6903218224739085,-3.6012270935407362,-3.4172591963843493,-3.139066316671079,-2.7687303529593175,-2.309738508723149,-1.766933075381007,-1.1464401855236277,-0.45557864468296216,0.29724973827188395,1.1026866125688568,1.9505583666198563,2.8300300248853354,3.7297693595106574,4.638118656253381,5.543271454901564,6.433451507090943,7.2970911603785025,8.12300638715806,8.900565730362626,9.619850534057818,10.271803964488313,10.848366503746957,11.342595811229641,11.748769094083498,12.062466403095936,12.280633570591757,12.401623827195948,12.42521746975157,12.352619297984027,12.186433887245002,11.930619113345276,11.59041868760308,11.172274790396967,10.683722204507427,10.133265640411805,9.530242209858564,8.884671237302614,8.207093797429332,7.508404527870184,6.799678386751198,6.091995102984622,5.39626410195088,4.723052679846739,4.082420146620423,3.483760560897843,2.9356565421350336,2.4457464675842546,2.0206071473378024,1.6656538231063323,1.3850590594216898,1.1816917940249523,1.057077492108756,1.0113800119544187,1.0434054427111104,1.1506278241355918,1.3292363086490093,1.5742029836532998,1.8793702421577998,2.2375562776734474,2.640676990032344,3.0798823269175664,3.545704855637403,4.028218164740295,4.517202538567831,5.00231523229347,5.473262602248548,5.919971317562623,6.332755894804915,6.702479857156778,7.020707922712339,7.279846771142139,7.47327212184199,7.595440076876041,7.641980934976026,7.609773964520372,7.497001929268489,7.303184485762669,7.029189910519033,6.677224962972487,6.250803041044923,5.754691134549135,5.194836421845778,4.5782736817913054,3.9130150008258995,3.207923539130002,2.4725733755868657,1.7170976747407791,0.9520276064718645,0.18812459772922108,-0.5637913969902786,-1.2930148553641136,-1.989126105743238,-2.642158456942246,-3.2427583596862943,-3.782336030749039,-4.253204122523652,-4.648702211081805,-4.963305101646698,-5.192713208222309,-5.33392354976138,-5.385280214157124,-5.34650346857717
5.296094965289004,5.36825500039209,5.359720894440205,5.271120502810219,5.104395153910102,4.862771515855546,4.55071309027089,4.173852082199825,3.7389027045322814,3.253557268111329,2.72636668016895,2.1666072196807837,1.5841356747602084,0.9892351109294244,0.3924536871261796,-0.19556095369130455,-0.7642291222124367,-1.3032057221528772,-1.8025434766325625,-2.252850179780836,-2.6454375049801966,-2.972459033114143,-3.2270353328255004,-3.4033641274616677,-3.4968138168912084,-3.50399888304848,-3.422835991801799,-3.2525799060873934,-2.993838641458514,-2.64856762030238,-2.22004290987661,-1.7128139568516851,-1.1326365520813537,-0.48638706882550276,0.21804068923135933,0.9718544216815399,1.7654961914317817,2.5887871379050145,3.431081784969388,4.2814295353206555,5.128740830983521,5.961955387071698,6.770209874095029,7.543002433427242,8.270351460908397,8.94294618416691,9.552286688692066,10.090811213944713,10.55200874125929,10.930515126824302,11.22219129200253,11.424182265604472,11.53495617402793,11.554322590691102,11.48342998095714,11.324742307666337,11.081995190279844,10.760132332329416,10.365223242287119,9.904363567215992,9.38555963198586,8.81759902511003,8.209909291443296,7.57240697859929,6.9153394350263255,6.249121870815773,5.584172265692396,4.930746741068294,4.2987780039937915,3.697719420430795,3.136397184284346,2.6228729184792705,2.164318877109076,1.7669077159527324,1.435718565644387,1.1746608811844501,0.9864172574348116,0.8724060972618073,0.8327647018988902,0.866353026949068,0.9707780174347089,1.142438106696714,1.3765871419938787,1.6674166895024514,2.0081553780254437,2.3911836687860624,2.8081621925535183,3.250171578975296,3.7078615198345943,4.1716066609523965,4.631666808967027,5.07834887099146,5.502167918265021,5.894004779813311,6.2452576285706165,6.547985119496917,6.795038775380856,6.980182489075864,7.098197218093301,7.144969185450762,7.117560165628571,7.014258722174048,6.834611569298508,6.579434548834248,6.250803041044923,5.852021957772222,5.387575793969041,4.863059533570629,4.285091512770568,3.6612096331858526,2.9997525844872586,2.3097279765708976,1.6006694914133428,0.8824853410355791,0.16530045769059376,-0.5407050567371698,-1.2254586346760945,-1.8791564936268417,-2.4924208497892875,-3.0564505744832435,-3.563162877424231,-4.005323743639255,-4.376665029830432,-4.671986338451135,-4.88724003025164,-5.019598004704267,-5.067499168241198,-5.030676817994804
4.876566709974248,4.942998637284198,4.935125532684861,4.853525391739987,4.699985654399613,4.477477299998448,4.190110182931957,3.8430702986880156,3.4425399548274056,2.9956020910779806,2.5101302426907504,1.994665867668632,1.458284957859032,0.9104560230673683,0.3608916736449598,-0.18060387170542025,-0.7042889614640009,-1.2006379516260501,-1.6604915032045868,-2.075201378026003,-2.436767459747787,-2.7379648485342303,-2.972459033114146,-3.1349073305669135,-3.2210449992008834,-3.227754669918829,-3.153118002735094,-2.9964487535131594,-2.7583067271585424,-2.440492392859412,-2.0460222398193264,-1.5790852535218507,-1.0449811881767834,-0.45004159598768245,0.19846515621681382,0.8924434018591505,1.6230925125253222,2.3810401499059872,3.1564843521705725,3.939342237213312,4.719403002029988,5.486482830708136,6.2305792941909655,6.9420228335686165,7.611622965029143,8.230806928043416,8.791748617558984,9.287485794074449,9.712023750061306,10.06042382440311,10.328875394991393,10.514750239612884,10.616638432703855,10.634365236076853,10.568988740776609,10.422778320091762,10.199174255668694,9.90272919488617,9.539032383482198,9.114617888364647,8.636858277301506,8.113845450790517,7.554260523227388,6.967234822322926,6.362204214827516,5.748759070788209,5.136492246119362,4.5348474931226,3.9529707002514543,3.3995663159914598,2.8827612279345045,2.4099782482766017,1.987821202947523,1.6219734358188589,1.317111324874194,1.0768341672617385,0.9036115285954756,0.7987488728834995,0.762371997481238,0.7934304971444162,0.889720177380239,1.0479240347152476,1.2636711250466393,1.5316123556591381,1.8455119663383073,2.198353214617153,2.5824565535643202,2.989608391289909,3.4111983527011818,3.838362828689343,4.262132498040546,4.673581444542122,5.063975467007017,5.42491719366339,5.748485664332803,6.027368133215915,6.254981970485753,6.425584700243757,6.534370403166987,6.577550931306006,6.5524206264672396,6.4574034985186435,6.292082101545894,6.057207639544062,5.754691134549135,5.387575793969041,4.959991015498273,4.477088762565279,3.9449633260531525,3.3705557545288043,2.7615444811527325,2.1262238968920686,1.4733728130868582,0.8121149187387297,0.1517734665148635,-0.4982774856579997,-1.1287628948693607,-1.7306552152603245,-2.295319162503464,-2.814650440229971,-3.2812062037970113,-3.6883251682107883,-4.03023543186765,-4.302148283408226,-4.5003364822689,-4.622195750892796,-4.666288484078283,-4.6323689643273385
4.382300788451404,4.442292567379126,4.435585115903135,4.362700892717308,4.225248785420696,4.02590083722636,3.7683521224736936,3.457264390157249,3.098194350594981,2.69750772249287,2.262280382209701,1.8001881604530148,1.3193870107468462,0.8283854259901691,0.33591110188741047,-0.14922606294076357,-0.618272482190194,-1.0626687400702872,-1.4741846298229948,-1.8450492536355518,-2.1680741420145617,-2.436767459747787,-2.6454375049801984,-2.7892838754757596,-2.8644748691882613,-2.8682099017867646,-2.7987659583862348,-2.655527346736222,-2.4389982805948973,-2.1507980908584017,-1.7936391340094895,-1.3712877383286197,-0.8885087938289531,-0.35099484787223556,0.23471918911622103,0.8613543982869214,1.5209977335451008,2.205221715246174,2.9052120690596497,3.611901318614584,4.316106247730811,5.008667087917219,5.680586260325953,6.323164508907242,6.928132302999185,7.487774462364178,7.995046064580835,8.443677832046458,8.828269361490996,9.144368750255111,9.388537387644595,9.558398913084083,9.652671591892664,9.671183620381239,9.614871140526807,9.485759016488668,9.286924696414435,9.022445749066769,8.697331921589068,8.317442808164996,7.889392445565561,7.420442357036934,6.9183847474061375,6.391417706789164,5.84801440541836,5.2967883558671,4.746356879836477,4.205204943698783,3.6815515197175617,3.1832205883805282,2.717518822229009,2.2911218841191068,1.9099711346960895,1.5791823771843223,1.3029680750280885,1.0845742625160826,0.9262331337037351,0.8291320444460446,0.7933994001557414,0.8181076321851393,0.9012931927958401,1.0399932268851977,1.2302983123234696,1.4674204041780445,1.7457748753652154,2.0590753212608033,2.400439592121507,2.762505338083091,3.137553199879336,3.517635656699064,3.894709452719737,4.260769467267844,4.607981871166815,4.928814424002622,5.216161813570918,5.463464018920863,5.664815790894618,5.81506548707203,5.909901669273548,5.945926068502628,5.920711741266094,5.832845479083043,5.681953785864923,5.468712001667057,5.194836421845778,4.863059533570628,4.477088762565278,4.04154938754628,3.561912533859495,3.044409397216522,2.495933069379037,1.9239295365975324,1.3362795954044278,0.7411735762177883,0.14698088080573496,-0.4378835768462713,-1.005093886658202,-1.5465464601139567,-2.054490012614962,-2.521650126455963,-2.941346396418818,-3.3076002779672837,-3.615231906038241,-3.859944328093048,-4.038393795606333,-4.1482449803237555,-4.188210221866831,-4.158072167766822
3.8209603685135005,3.8738792126871275,3.868798157326994,3.8061790942058518,3.6874302792810827,3.5148860532715704,3.291771883676682,3.0221552669604246,2.7108832524866364,2.363507560669779,1.9861984633821927,1.5856487718572638,1.1689694333642282,0.7435783703543781,0.31708430251341113,-0.10283262847146946,-0.5085415608486605,-0.8925810494815691,-1.2477767536471394,-1.567354830248994,-1.8450492536355476,-2.0752013780259992,-2.2528501797808334,-2.373811762498774,-2.4347468758849553,-2.4332153868749526,-2.3677168456694826,-2.2377165069293774,-2.0436563939851755,-1.786951227959942,-1.4699692805187397,-1.0959984448310935,-0.669198050568832,-0.19453717173824803,0.3222796126291483,0.8748978487364389,1.4564088950042333,2.059454174430292,2.676336367237838,3.299135810455117,3.919830289967604,4.530416357922441,5.123030284969753,5.69006676306593,6.22429351034583,6.718959994337613,7.167898582534878,7.56561654860747,7.9073775064598175,8.189271010681548,8.408269248075209,8.562269947972789,8.650124855782792,8.67165334124153,8.627640946609787,8.519822916884703,8.350852990259487,8.12425795884139,7.844378733376514,7.5162988578966345,7.145761617445684,6.739077061239439,6.303020421921595,5.844723546488414,5.371561063815591,4.891033095789519,4.410646372504777,3.9377956359767077,3.4796472109345244,3.04302658558206,2.634311780289197,2.25933418902125,1.9232884583911436,1.6306528244218232,1.3851211597251352,1.1895477964914276,1.0459059864150748,0.955260640703401,0.9177557650990269,0.9326167700267343,0.9981675983002001,1.1118623760872968,1.2703310608176253,1.469438336133111,1.704354792409951,1.9696392352058407,2.2593307863533907,2.5670492861767267,2.886102372958942,3.209597509457376,3.5305571476578916,3.842035173340882,4.1372327521977095,4.409611709505612,4.653003615577476,4.86171281870485,5.030611764992626,5.155227068773347,5.23181494619269,5.257424795684528,5.229949899657004,5.148164428730772,5.0117461499849,4.821284470343314,4.5782736817913054,4.285091512770568,3.9449633260531525,3.561912533859495,3.140698022272195,2.686739585563828,2.206032563566885,1.705053048589782,1.1906551798543537,0.6699621705804005,0.15025281364414084,-0.3611547154143876,-0.8570198955215035,-1.3302958608857856,-1.7742425051233668,-2.1825348741398742,-2.54936510804646,-2.869536295021227,-3.1385467288170377,-3.3526632144993043,-3.508982241525885,-3.6054780366649277,-3.6410367183954953,-3.615475996010163
3.2012791294444005,3.2465825103286745,3.2435384663093956,3.1925440288710956,3.0947876880937657,2.952232422262973,2.7675864518133526,2.544262167103665,2.286323865818689,1.9984251120926662,1.6857366929784172,1.3538662960763461,1.0087711626613218,0.6566650814554658,0.3039211775549794,-0.04302798246893763,-0.3777914056493412,-0.6941202261599927,-0.9860062223338045,-1.2477767536471407,-1.4741846298229935,-1.6604915032045855,-1.8025434766325625,-1.8968377406322454,-1.9405791938703838,-1.9317261573716826,-1.8690244634368745,-1.7520293819022585,-1.581115036476941,-1.3574711594094127,-1.0830872306077142,-0.7607242444688156,-0.39387454097802044,0.013289675906451581,0.45597833288189604,0.9288550310849581,1.4261170261157388,1.9415823997586925,2.4687830667162745,3.001062168772967,3.531674340573505,4.053887286698543,4.561083089652104,5.046857673054046,5.505116873687923,5.930167629634285,6.316802868686892,6.660378780404434,6.95688327494459,7.202994570388462,7.396129005424683,7.53447734359488,7.6170290161530065,7.643583940124852,7.6147517433963205,7.531938426543157,7.397320688528854,7.213808337234582,6.9849953929897755,6.715100670891334,6.40889879292611,6.071642731131615,5.708979115861881,5.32685765656003,4.93143611447158,4.528982335993435,4.1257749007310105,3.728003959096112,3.3416738300753384,2.9725089006839966,2.625864315039641,2.3066428637784178,2.019219384909526,1.7673738667288408,1.5542343039986557,1.382230202455471,1.253057456312038,1.1676551414829874,1.1261945766829253,1.1280808083606422,1.1719664767743754,1.2557778225552583,1.3767523990146873,1.5314878683330901,1.7160010826194303,1.925796486492226,2.1559427289394613,2.4011562411559986,2.655890425936875,2.91442901480828,3.170982082841322,3.4197831690818674,3.655185933418184,3.8717587887724987,4.064375980613454,4.228303643411618,4.359279444873727,4.4535845322871275,4.508106619420443,4.520393195164566,4.488693994165395,4.4119920425401,4.290022775605163,4.123280916424248,3.9130150008258995,3.6612096331858526,3.370555754528804,3.044409397216522,2.686739585563828,2.3020662161963252,1.8953889130400987,1.4721079969372144,1.0379388366913054,0.5988209548401908,0.16082334592826988,-0.2699524738345674,-0.6874701298590279,-1.0858551978698552,-1.4594896036939973,-1.8031020979304062,-2.1118533516447,-2.381414304841173,-2.608036506950733,-2.788613316212846,-2.9207309705775906,-3.002708704278085,-3.033627258940972,-3.013345323221362
2.5329228954506506,2.5701681247928705,2.5695161657525514,2.5312957109416976,2.4564596092548134,2.3465714676685905,2.2037825726008426,2.030799483795201,1.8308428004894175,1.6075977385681544,1.3651572863136796,1.1079588232273272,0.8407151893687261,0.5683412801359231,0.29587731201963385,0.028409957506249917,-0.2290074188426543,-0.4714341765660912,-0.6941202261599927,-0.8925810494815699,-1.0626687400702868,-1.200637951626049,-1.3032057221528772,-1.3676042366929677,-1.3916257016430489,-1.3736586266355562,-1.312714943953855,-1.208447538334997,-1.0611579095593604,-0.8717938440946944,-0.6419371278476023,-0.3737814873436589,-0.07010109898341232,0.2657898469731512,0.6300859016513523,1.0185466763945505,1.4265598517582263,1.8492098991049295,2.281351448382392,2.717686163474083,3.1528419321099297,3.581453141565486,3.9982407948209935,4.398091224758145,4.776132186300103,5.127805147804244,5.448932662854285,5.735779780938502,5.985108549138877,6.194224765432454,6.361016265828249,6.483982160430654,6.562252575556348,6.595598608012928,6.584432351239769,6.529797008806002,6.433347266310138,6.297320245585476,6.124497512877729,5.918158752996971,5.682027852138484,5.420212251048938,5.137136535599633,4.837471321942894,4.5260585668357205,4.207834489242658,3.887751326085151,3.57069916239086,3.261429073823309,2.964478797661239,2.6841021070814524,2.424203003719798,2.188275765881643,1.9793517956679048,1.7999540991642986,1.6520601114386766,1.5370734443491303,1.455804992211677,1.4084636804893278,1.3946569882363629,1.413401218530188,1.463141335052205,1.5417800298377635,1.6467155394586042,1.7748875868994052,1.9228306963912112,2.0867340105571497,2.2625066353056336,2.445847449644758,2.632318246409389,2.8174190169354683,2.996664158837433,3.1656583717900126,3.3201710118151198,3.4562076999376705,3.5700780257924536,3.6584582501171043,3.7184479910327086,3.7476199762890263,3.7440620556684494,3.7064107926971017,3.6338760906903955,3.5262564527761966,3.383944626563677,3.207923539130002,2.9997525844872586,2.7615444811527325,2.495933069379037,2.206032563566885,1.8953889130400987,1.5679240515021415,1.227873930079239,0.8797213290521939,0.5281245275856935,0.17784297763548013,-0.16633882331522765,-0.49968803673806117,-0.8175995311403883,-1.115670050236067,-1.389769307419101,-1.6361068616015393,-1.8512936966633209,-2.0323975112039414,-2.176990825627192,-2.283191128220665,-2.3496924089738593,-2.3757875673777558,-2.3613813261644756
1.8263364534637097,1.8551886873282633,1.85722381652757,1.8326995962255759,1.782320880010864,1.7072300008411,1.6089902181324398,1.4895624816651722,1.3512758679477184,1.1967921440814646,1.0290650064416735,0.851294625191116,0.6668781994647422,0.47935729085332635,0.292362753593153,0.10955811784772096,-0.06541769294240213,-0.2290074188426543,-0.3777914056493411,-0.5085415608486611,-0.6182724821901939,-0.7042889614640003,-0.7642291222124367,-0.7961025178018497,-0.798322594465071,-0.7697330113801415,-0.7096274052076477,-0.6177622882801153,-0.4943628762351302,-0.3401217506480241,-0.1561903734410761,0.055836419206997334,0.2939427067806206,0.5557202162524448,0.8384030539677657,1.1389079027023852,1.4538790642972645,1.7797376532077858,2.1127341820518515,2.449003727798691,2.7846228274249576,3.115667225296919,3.4382695816325866,3.748676252358436,4.043302265490554,4.318783647612712,4.572026295655304,4.800250643356013,5.001031437665807,5.1723320169305165,5.3125325687395355,5.420451939550189,5.495362669102081,5.5369990286563375,5.545557951574648,5.521692855980257,5.466500470475199,5.381500883380445,5.268611141997045,5.130112829287755,4.968614139557785,4.787007060681425,4.588420346815346,4.376169031145283,4.153701281983931,3.924543446612834,3.692244154977428,3.460318369250335,3.232192265139644,3.011149816625133,2.800281927768556,2.6024389137972515,2.420187079451687,2.255770076469143,2.111075645092996,1.9876082578694683,1.8864680890987873,1.8083366316565834,1.7534691761169658,1.721694256898315,1.712420058281478,1.724647661412142,1.756990903588733,1.8077025150201673,1.874706097521768,1.9556334159253934,2.047866387821922,2.1485830820048024,2.2548069718574837,2.363458637961057,2.47140907523136,2.575533734557136,2.6727664176121326,2.7601521464371457,2.8348981464850755,2.8944221128162644,2.9363969735206306,2.958791421508562,2.959905554630243,2.938401043539183,2.8933253355242883,2.8241294992592327,2.7306794184939873,2.6132601504750212,2.4725733755868657,2.3097279765708976,2.1262238968920686,1.9239295365975324,1.705053048589782,1.4721079969372144,1.227873930079239,0.9753525040852193,0.7177198631754308,0.458276045353444,0.20039222926262665,-0.05254332650519922,-0.29717977901152703,-0.5302577514796704,-0.748662065494457,-0.949472302504147,-1.1300103767591458,-1.2878843494823051,-1.4210277740913626,-1.527733933717416,-1.6066844139341572,-1.6569715442179354,-1.6781143397436296,-1.6700676791123517
1.0925779854230806,1.112816517863948,1.1177700905531478,1.107623853907381,1.0828260397121892,1.044082268663839,0.9923457786196922,0.9288037178035033,0.8548597087096836,0.7721129467476389,0.6823341518566017,0.5874387405610808,0.4894576294633913,0.3905061183089862,0.2927513309390432,0.19837871519847028,0.10955811784772096,0.028409957506249917,-0.04302798246893752,-0.10283262847146968,-0.14922606294076346,-0.18060387170542014,-0.19556095369130455,-0.19291439315967696,-0.17172303965912417,-0.1313034913641875,-0.07124223265126184,0.008596264224898897,0.10806560155458933,0.22673774699320237,0.36390755218818605,0.5186014337536533,0.6895900872790158,0.875405043201268,1.0743588144624394,1.284568330819963,1.503981304324482,1.7304051256013182,1.9615378518585036,2.195000815592319,2.4283723582630197,2.659222176150729,2.88514575643943,3.1037983804594305,3.3129281779668083,3.5104077312491135,3.6942637504950104,3.862704371907273,4.014143667015119,4.147222994987381,4.260828878797467,4.354107140090288,4.426473085717868,4.477617600246868,4.507509062347821,4.516391067865568,4.504776007533571,4.473434611715115,4.423381637224048,4.355857931213741,4.272309163381964,4.174361569433036,4.0637950950475625,3.9425143697970793,3.812517973863094,3.67586648653919,3.534649823886859,3.390954383277478,3.2468305147080447,3.104260832680534,2.96512986816928,2.83119553798345,2.704062879006476,2.585160457827775,2.4757198227573776,2.376758315820798,2.289065507856246,2.213193461149089,2.149450962080063,2.097901802029549,2.0583671193049344,2.030431749198576,2.0134544645020473,2.0065819259476614,2.008766102140589,2.01878486255755,2.035265396031717,2.0567100616511116,2.0815242399106944,2.1080457199138722,2.1345751339398573,2.1594069341785977,2.180860398153751,2.1973101494410514,2.2072156887417718,2.2091494470494135,2.2018228972781717,2.1841102928997724,2.155069641333434,2.113960565409451,2.0602587574339912,1.9936667863830209,1.9141210786310294,1.8217949553969945,1.7170976747407791,1.6006694914133428,1.4733728130868582,1.3362795954044278,1.1906551798543537,1.0379388366913054,0.8797213290521939,0.7177198631754308,0.5537508324404384,0.3897007991099945,0.22749618659977766,0.06907217635400295,-0.08365868336481236,-0.22883764446789895,-0.3646901928213477,-0.48955525138203665,-0.601912674866367,-0.7004085854729237,-0.7838781338066536,-0.8513653104979986,-0.9021394814040437,-0.9357083719520647,-0.9518272832869935,-0.950504383491103
0.343143741700273,0.3546664835298524,0.3627036318572792,0.3673670327767992,0.368843544684719,0.36739335801082784,0.3633471530980431,0.3571021316210698,0.34911697399471336,0.33990579150602207,0.33003115716885817,0.32009631331835897,0.3107366665290311,0.30261069136946006,0.29639037363938275,0.2927513309390432,0.292362753593153,0.29587731201963385,0.3039211775549794,0.3170843025134114,0.33591110188741014,0.36089167364495933,0.39245368712617956,0.43095505969981374,0.47667753074588237,0.5298212293470966,0.5905003179829345,0.6587397792308161,0.7344733962093226,0.8175429604832012,0.9076987236333607,1.0046010909284968,1.107823537772957,1.2168567121023048,1.3311136689047378,1.449936166806747,1.572601941408748,1.6983328560109099,1.8263038177345425,1.9556523360046034,2.0854885910764294,2.214905872903073,2.342991245260791,2.468836286763353,2.5915477592561245,2.710258055112877,2.824135278155868,2.9323928182455834,3.0342982869723585,3.1291816912289896,3.2164427326235607,3.2955571335485865,3.3660819050742363,3.427659487473493,3.4800207108883603,3.522986541163083,3.5564685939423106,3.5804684184878326,3.595075571028026,3.6004645155379436,3.5968904073743357,3.5846838318843885,3.5642445857045653,3.5360346027170264,3.500570139303992,3.4584133444269156,3.4101633489755274,3.3564470156299127,3.2979094950380583,3.2352047363484058,3.1689861000060873,3.09989721821533,3.028563243621488,2.9555826196452832,2.881519496619717,2.806896906583317,2.73219079645454,2.6578250045651544,2.5841672494085905,2.5115261822301944,2.4401495370381134,2.370223393049624,2.3018725458212757,2.235161964660603,2.170099295698993,2.1066383525301315,2.044683519884282,1.9840949806959483,1.9246946633892716,1.8662727944822501,1.8085949318968193,1.7514093468212042,1.6944546167297259,1.6374672893096511,1.5801894766186841,1.5223762408023362,1.463802637096848,1.404270286548472,1.3436133597713833,1.2817038639843337,1.2184561383155552,1.1538304767203644,1.0878358135633683,1.0205314237014642,0.9520276064718645,0.8824853410355792,0.8121149187387297,0.7411735762177883,0.6699621705804005,0.5988209548401908,0.5281245275856935,0.458276045353444,0.3897007991099945,0.32283926741185204,0.25813976802172267,0.19605083686387162,0.13701346808711484,0.08145335159531962,0.029773244665722953,-0.017654387792278015,-0.06049433413894917,-0.0984550744275749,-0.1312945813595131,-0.15882537936891683,-0.18091876977887006,-0.19750814385958076,-0.20859132081765264,-0.21423186399703692
-0.41021426279803347,-0.4073881955939957,-0.3961700992794057,-0.3765211429292805,-0.34851663245486075,-0.3123436563284394,-0.2682969589501788,-0.21677311581593495,-0.15826311228391227,-0.09334345371333946,-0.022665958634587396,0.05305359198532941,0.13304775774822633,0.2165104870403388,0.3026106913694603,0.3905061183089855,0.47935729085332535,0.5683412801359216,0.6566650814554637,0.7435783703543759,0.828385425990165,0.9104560230673637,0.9892351109294203,1.0642511187646955,1.1351227489265954,1.2015641457272397,1.263388354320167,1.320509012990935,1.3729402518506386,1.4207948010845324,1.464280342045194,1.5036941640954022,1.5394162187061522,1.571900689422147,1.601666221466846,1.6292849775498381,1.6553707064779657,1.680566028121043,1.705529151857109,1.7309202555914278,1.7573877586384135,1.7855547240701246,1.8160056245278373,1.8492736999888293,1.8858291266690066,1.9260682032767718,1.9703037444294083,2.0187568514723764,2.07155020852896,2.1287030267246863,2.1901277325902697,2.2556284680948115,2.324901440069473,2.3975371264410446,2.473024316204062,2.5507559299202374,2.630036538238174,2.71009146795272,2.790077358926091,2.869094011196084,2.946197340185855,3.0204132394474668,3.090752135110226,3.1562240044044705,3.2158536224738414,3.268695797296703,3.313850351971571,3.350476616881594,3.3778072012777365,3.395160824487973,3.4019540010919536,3.3977113917649526,3.3820746518092717,3.354809632328737,3.3158118141965383,3.26510988201872,3.202867373779527,3.129382371324202,3.045085226831432,2.9505343504866617,2.846410114226306,2.73350695522677,2.6127237903220735,2.485052878332192,2.35156729098149,2.2134071743265658,2.071765001077996,1.9278700296161988,1.7829721976402788,1.6383256870723177,1.4951724019426684,1.35472560243274,1.2181539360334177,1.0865661009275929,0.9609963673159359,0.8423911696204855,0.7315969665153743,0.6293495467901401,0.5362649374344235,0.4528320463686996,0.37940714629428496,0.3162102785868955,0.26332362742503457,0.2206918848587997,0.18812459772922108,0.16530045769059376,0.1517734665148635,0.1469808808057349,0.15025281364414084,0.16082334592826988,0.17784297763548013,0.20039222926262665,0.22749618659977766,0.25813976802172267,0.29128348285685685,0.3258794422786331,0.3608873806725248,0.39529044561836923,0.428110518495117,0.4584228352074899,0.4853696875413257,0.5081730000120769,0.526145594562799,0.5387009758293169,0.5453614926116472,0.5457647563226327,0.5396682241427753,0.5269518829809934
-1.1556746375574285,-1.161404270901164,-1.1469760925772714,-1.1124230037622063,-1.05807928210249,-0.9845742341540791,-0.8928211708636729,-0.7840018887479092,-0.6595469113169989,-0.5211118131001397,-0.37055001127342735,-0.20988246636146735,-0.04126478287380836,0.13304775774822566,0.3107366665290313,0.4894576294633906,0.6668781994647413,0.8407151893687247,1.0087711626613196,1.1689694333642267,1.3193870107468417,1.4582849578590271,1.5841356747602044,1.6956466670883945,1.7917804174701408,1.8717700403065178,1.9351304686691169,1.9816649943061682,2.0114670569298214,2.024917255820049,2.0226756340997114,2.005669362561751,1.9750760244281307,1.9323027736879435,1.8789617065476003,1.8168418469480598,1.7478782020695387,1.6741183913639766,1.5976873921592656,1.520750975627692,1.445478428406413,1.3740051670522613,1.308395854614016,1.2506086208784168,1.2024609704164964,1.165597935705905,1.1414629967668382,1.1312722445028678,1.1359922129980018,1.1563217472259346,1.1926782079250597,1.2451882458262677,1.3136833041101625,1.3976999320955732,1.496484915941724,1.6090051548216981,1.7339621348348475,1.8698107790903795,2.014782382093842,2.1669112709247598,2.3240647757524524,2.483976038951255,2.64427914628997,2.8025460261074877,2.9563245336376283,3.1031771181610934,3.240719460742332,3.3666584701026325,3.478829033682265,3.575228939994351,3.6540514166607863,3.7137147655900966,3.752888622014747,3.770516416829329,3.765833681023272,3.7383818960412905,3.6880176636034943,3.614917041774928,3.5195749697379677,3.402799780600842,3.265702878465401,3.109683731672313,2.9364104074580544,2.7477959430499808,2.545970913404692,2.333252615345206,2.112111340847566,1.8851342578436165,1.6549874544360184,1.4243767312820341,1.1960077466480499,0.9725461289622894,0.7565781724406,0.5505727225200553,0.3568448395466439,0.17752180171251208,0.014511972052678845,-0.1305229900455367,-0.25619214420512626,-0.36139514119194915,-0.44533764599378123,-0.5075420750671698,-0.5478534837108208,-0.5664405148231215,-0.5637913969902788,-0.5407050567371701,-0.4982774856579997,-0.43788357684627144,-0.3611547154143876,-0.2699524738345675,-0.16633882331522776,-0.05254332650519927,0.06907217635400292,0.1960508368638716,0.3258794422786331,0.4560278312950648,0.5839884676531392,0.7073155551957643,0.8236630854845183,0.9308212260357096,1.0267504834657681,1.1096131109104441,1.1778012724626956,1.2299615283833119,1.2650152626796798,1.282174738417287,1.280954534827407,1.261178192826529
-1.8815341332542475,-1.895557931656845,-1.8779581925823665,-1.8288372830787833,-1.7487813169787672,-1.6388499182902965,-1.5005584785569956,-1.3358531965584584,-1.1470793037156672,-0.936942987127128,-0.7084676225552422,-0.4649450203071015,-0.20988246636146818,0.05305359198532794,0.3200963133183587,0.5874387405610799,0.8512946251911145,1.1079588232273254,1.3538662960763435,1.5856487718572627,1.8001881604530103,1.9946658676686269,2.1666072196807793,2.3139202873910487,2.4349284900968438,2.5283964576347984,2.5935487382391846,2.630081054064616,2.638163925814175,2.61843861027934,2.572005417878662,2.500404599504273,2.4055901111917413,2.289896679409971,2.1560006972925985,2.0068755811774595,1.845742305798622,1.6760159139596116,1.5012488612647175,1.325072107459361,1.1511349023132162,0.9830442351879752,0.824304923125299,0.67826130237877,0.5480414629557251,0.43650492533753504,0.34619460375814115,0.279293832118668,0.23758914789535646,0.22243943755184326,0.23475194546568479,0.2749655388473211,0.34304150531969024,0.4384620395896177,0.5602364528992669,0.7069150156568409,0.8766102217775524,1.0670251447613046,1.275488442279973,1.4989954598468385,1.7342547866812912,1.9777395297108216,2.2257424961509265,2.4744344124669397,2.7199242587385526,2.9583207632856667,3.1857940834080227,3.3986366945341353,3.5933225220158715,3.7665633770460056,3.9153618002778288,4.037059473014231,4.129380425410661,4.19046835289534,4.21891744465286,4.213796230075368,4.174664058943603,4.101579947021012,3.995103638897807,3.856288862412222,3.686668871873054,3.488234498675462,3.2634050458311927,3.0149924755709647,2.7461594447507864,2.4603718396481473,2.1613465483484977,1.8529952839390618,1.539365333970482,1.2245781601419086,0.912766806153504,0.6080130906204638,0.3142855655590827,0.03537920918309223,-0.22514220522698114,-0.4640001643729643,-0.6782510497765664,-0.8653305774005313,-1.0230923483375705,-1.1498399090290117,-1.2443518210967905,-1.3058993503448348,-1.3342565000925442,-1.329702233931374,-1.2930148553641136,-1.2254586346760945,-1.1287628948693607,-1.005093886658202,-0.8570198955215035,-0.6874701298590279,-0.4996880367380613,-0.29717977901152703,-0.08365868336481236,0.13701346808711484,0.3608873806725248,0.5839884676531392,0.8023793716437654,1.0122218057910688,1.2098367444863156,1.3917620195912657,1.5548064192111075,1.6960994413112007,1.8131359230783846,1.9038148477957155,1.9664717228606516,1.9999040239860517,2.003389309984902,1.9766957281311628
-2.5763933113064375,-2.598332406978165,-2.577665652084743,-2.514561656709079,-2.409847395588348,-2.2649942480381284,-2.082093823030272,-1.8638239590414611,-1.613405444558312,-1.33455015270446,-1.0314014199955661,-0.7084676225552445,-0.3705500112734298,-0.022665958634589922,0.33003115716885817,0.6823341518566018,1.0290650064416735,1.3651572863136798,1.6857366929784172,1.9861984633821947,2.2622803822096986,2.5101302426907495,2.72636668016895,2.9081324085631968,3.0531390112058148,3.1597025724363137,3.2267695826182585,3.253932704596892,3.241436151550259,3.190170592123961,3.101657666032451,2.9780243592884226,2.821967650237623,2.636709993043107,2.425946351698528,2.193783632716467,1.944673486178148,1.6833395509042015,1.4147003084184178,1.1437887807076181,0.8756703574077235,0.615360068160574,0.367740625007158,0.13748254766560697,-0.07103234842107642,-0.25378287476519845,-0.40717464968885286,-0.5280994731489788,-0.6139869426214588,-0.6628474796385377,-0.673306073322322,-0.6446261950665737,-0.5767234950322293,-0.4701690538440264,-0.3261821292132301,-0.1466125045154829,0.0660872880402743,0.3088994357409063,0.5782874169068879,0.8702509423208806,1.180388399853112,1.5039658159826557,1.8359912439713537,2.171293401815455,2.504603315148443,2.8306376720690456,3.14418256917917,3.440176321369174,3.7137900221822573,3.9605045766919513,4.176182984173224,4.357136722555385,4.500185179524234,4.602707184716241,4.662683821980044,4.678731838196183,4.650127113467223,4.576817814270072,4.45942701392164,4.299244730876066,4.09820950232269,3.858879775653731,3.584395561015226,3.2784309418111253,2.9451381842774342,2.5890843198085096,2.2151811925139686,1.8286100676421668,1.4347419824023293,1.0390550880006635,0.6470502793191565,0.2641664358609118,-0.10430339606374894,-0.4532935645292664,-0.7780438364898168,-1.0741726609645634,-1.3377445210464183,-1.565330317720066,-1.7540598379732604,-1.9016654841063056,-2.006516578530379,-2.0676437065342244,-2.0847527161586,-2.0582281569834473,-1.989126105743238,-1.8791564936268417,-1.730655215260324,-1.5465464601139567,-1.3302958608857856,-1.0858551978698552,-0.8175995311403885,-0.5302577514796705,-0.228837644467899,0.08145335159531962,0.39529044561836923,0.7073155551957643,1.0122218057910688,1.3048371370995655,1.5802057003641352,1.833665765472,2.060922911920005,2.258117352333872,2.4218843299877917,2.5494066412339813,2.638458458191956,2.687439764501896,2.6954008652471124,2.662056588956603
-3.2293374202930623,-3.258700726505669,-3.235134873440888,-3.1588705767414735,-3.0309610214057527,-2.8532644025674414,-2.6284137056988817,-2.359774211020121,-2.0513894019554533,-1.7079161417292705,-1.33455015270446,-0.936942987127131,-0.5211118131001425,-0.0933434537133424,0.33990579150602207,0.7721129467476389,1.1967921440814648,1.6075977385681548,1.9984251120926662,2.3635075606697815,2.6975077224928685,2.995602091077979,3.253557268111329,3.467796742287626,3.635457131435815,3.7544329931660494,3.823409491465231,3.84188240021887,3.8101651264635743,3.729382643063636,3.6014524291628804,3.429052723865481,3.2155786008482856,2.9650865657800867,2.682228561426476,2.3721764342365077,2.040538068347473,1.6932665258821085,1.3365636440300273,0.9767796279231324,0.6203102423226989,0.27349324361397986,-0.05749429406060291,-0.366736118702224,-0.6486728066817466,-0.8981921011767411,-1.110712138728676,-1.282256232847829,-1.409518017805274,-1.4899159090181813,-1.52163600631545,-1.5036627501597972,-1.4357968356737802,-1.3186600919709437,-1.1536872416045003,-0.9431046636174907,-0.6898964903919114,-0.39775856996461734,-0.07104101850387323,0.2853197308429576,0.6658783093936029,1.0647660012450295,1.4757831843706313,1.8924971612386123,2.308343829731702,2.7167315837653874,3.111145797161578,3.4852522345986414,3.8329977499750334,4.148706675023781,4.427171368819018,4.66373549084343,4.854368675073252,4.995731418263194,5.085229150123682,5.121054623928389,5.102217950564709,5.028563794223176,4.900775450725757,4.720365736709687,4.489654826237876,4.211735377606081,3.890425493904371,3.530210253095252,3.1361727239593082,2.7139155503817562,2.2694743354892464,1.8092241867449557,1.3397808912286993,0.8678982752625058,0.4003633629532267,-0.056109016839618775,-0.4949805166901411,-0.9099908087771474,-1.295254777012929,-1.6453538334547595,-1.9554199218083674,-2.2212108859899695,-2.439176017728516,-2.606510751917715,-2.7211996494287485,-2.782046991672919,-2.78869450644833,-2.7416259474372993,-2.642158456942246,-2.4924208497892875,-2.295319162503464,-2.0544900126149623,-1.7742425051233672,-1.4594896036939973,-1.115670050236067,-0.7486620654944571,-0.3646901928213477,0.029773244665722925,0.42811051849511705,0.8236630854845183,1.2098367444863156,1.5802057003641352,1.9286138937827175,2.2492719987676617,2.5368485586047553,2.7865538234202916,2.9942149682503327,3.1563415067466987,3.270179870728045,3.3337562971169836,3.345907348702246,3.3062975907066083
-3.8301096093230065,-3.8663007396012605,-3.8400634533722817,-3.7516855764675676,-3.6024284010616645,-3.394506006832268,-3.131049479150595,-2.8160565966520137,-2.4543277912883545,-2.051389401955453,-1.6134054445583117,-1.1470793037156706,-0.6595469113170024,-0.1582631122839157,0.3491169739947133,0.8548597087096836,1.3512758679477184,1.8308428004894175,2.286323865818689,2.710883252486639,3.0981943505949787,3.4425399548274034,3.7389027045322814,3.9830443227810024,4.171572394624047,4.301993623107807,4.372752716846954,4.38325629164742,4.333881407207635,4.225968604496318,4.061799556124338,3.8445596869702356,3.5782863615876743,3.267803464710546,2.9186434178214395,2.536957874813742,2.129418520072826,1.703109549957972,1.2654135511748263,0.8238925947791543,0.38616644087146024,-0.0402102047856332,-0.44786942570440225,-0.8297488804735591,-1.1792057454390428,-1.4901239971111198,-1.7570133228814715,-1.975098081591859,-2.140394893558865,-2.249777620311885,-2.301028694669789,-2.2928759786781083,-2.2250145569035844,-2.09811311197992,-1.913804774311573,-1.6746625845777952,-1.3841599522162942,-1.0466167315209587,-0.6671317655746005,-0.2515029633272605,0.19386382668912816,0.662055704391459,1.1457617710516006,1.6373886202920303,2.129180437860709,2.613341807363545,3.082161275794743,3.5281337202216916,3.9440795755440483,4.323259032556055,4.65947939480972,4.947193890742978,5.181590372485523,5.358668492544323,5.475304131665878,5.529300052687134,5.5194219729288925,5.44541947820626,5.308031441181528,5.108975851773254,4.850924213786191,4.5374609059427655,4.173028143220212,3.7628574020714005,3.3128883871339796,2.8296768140310378,2.3202924597255885,1.7922090858178505,1.2531879687391787,0.7111568719692688,0.1740863675884009,-0.35013454346546313,-0.853821551796762,-1.3296149596704328,-1.7705945102632001,-2.170387315677005,-2.5232671821508204,-2.8242437665891442,-3.069140158940601,-3.254657667575576,-3.378426786744744,-3.4390435432625672,-3.4360906503085404,-3.3701431360309475,-3.2427583596862943,-3.0564505744832435,-2.8146504402299706,-2.521650126455963,-2.1825348741398742,-1.8031020979304062,-1.389769307419101,-0.949472302504147,-0.48955525138203665,-0.017654387792277987,0.4584228352074899,0.9308212260357095,1.3917620195912657,1.8336657654719999,2.2492719987676613,2.631753803818198,2.974825462228811,3.2728414859279122,3.520885472413438,3.714847380403298,3.851488007341727,3.928489652718511,3.9444921697310096,3.899113839002947
-4.3692737299204145,-4.411599615640558,-4.382973768835244,-4.283735342898045,-4.115332459613358,-3.880298641010856,-3.5822120362293517,-3.2256380943141045,-2.8160565966520132,-2.3597742110201207,-1.863823959041461,-1.335853196558462,-0.784001888747913,-0.21677311581593894,0.35710213162106974,0.9288037178035033,1.4895624816651722,2.030799483795201,2.5442621671036645,3.0221552669604277,3.457264390157246,3.843070298688013,4.173852082199824,4.444777579691609,4.651979613820711,4.792616826800407,4.864918151748752,4.8682102135903635,4.802927225082761,4.670603221922699,4.473846761761544,4.216298490856491,3.902572254573329,3.538180689703745,3.1294464834043483,2.6834007115806835,2.207669875101725,1.7103534320698452,1.1998937756284718,0.6849407270590127,0.1742127012879765,-0.32364324499453856,-0.8001902544567725,-1.247337188810158,-1.6574686689900182,-2.0235675646780216,-2.3393279818451456,-2.5992569478409955,-2.798763173017675,-2.9342314731005477,-3.003081664241815,-3.0038109892957188,-2.936019395417479,-2.800417255455349,-2.5988154044491907,-2.3340976434409284,-2.010176141280888,-1.6319304367586462,-1.2051310038854255,-0.7363485883737935,-0.23285074940976558,0.2975127558927533,0.8464339306466573,1.4052778757146196,1.9652194259647955,2.5173829202238607,3.0529828898207167,3.5634634356597896,4.040634084157341,4.476799967788917,4.864884265547646,5.198540960877772,5.472256127683496,5.6814361363922306,5.822481378896646,5.892844340233149,5.891071092446547,5.816825548319972,5.670896085363685,5.455184429338829,5.1726769672296555,4.827398937529483,4.424352216575547,3.9694376791718535,3.4693633557742025,2.931539833219621,2.363964547812026,1.7750967953369656,1.1737254294942785,0.5688313359864499,-0.030553147745123854,-0.6154856486912528,-1.177253778522834,-1.7075115479762806,-2.1984100222597918,-2.64272015521843,-3.0339458634478245,-3.3664255556435805,-3.6354205147818432,-3.8371887383650396,-3.969043071654745,-4.029392716921619,-4.017767464349726,-3.9348242631898245,-3.782336030749038,-3.5631628774242308,-3.281206203797011,-2.941346396418818,-2.5493651080464597,-2.1118533516446996,-1.6361068616015388,-1.1300103767591458,-0.601912674866367,-0.06049433413894914,0.48536968754132565,1.026750483465768,1.5548064192111073,2.060922911920005,2.536848558604755,2.9748254622288104,3.3677116962460825,3.7090939727780055,3.99338873471484,4.215930075289189,4.373043097188199,4.462101553748447,4.481568863568279,4.4310218530398595
-4.838364143077152,-4.88604521475976,-4.855363507406,-4.746703015527213,-4.561674567084392,-4.303089741921688,-3.9749157567923974,-3.5822120362293517,-3.131049479150595,-2.628413705698881,-2.082093823030272,-1.5005584785569996,-0.8928211708636772,-0.2682969589501833,0.3633471530980431,0.9923457786196922,1.6089902181324398,2.2037825726008426,2.7675864518133526,3.2917718836766854,3.7683521224736904,4.190110182931955,4.55071309027089,4.84481203164364,5.068126818466913,5.21751331847942,5.2910127870285635,5.287882314756775,5.208605908974561,5.054886033799258,4.829615744717676,4.536831861662181,4.1816499260734386,3.770181976969881,3.3094384541528576,2.8072157890076683,2.271971470904131,1.712688576339862,1.1387319155406024,0.5596980845712509,-0.014738191999814187,-0.5749789837432275,-1.111656877911511,-1.6157850583614386,-2.0789013520722444,-2.493203951146993,-2.851676650267971,-3.148201605974144,-3.3776578221947258,-3.536003793060412,-3.620342985522897,-3.6289711167477328,-3.561404470278272,-3.4183887960085455,-3.2018886472697745,-2.915057318934635,-2.562187858444095,-2.1486459221757466,-1.6807855378308432,-1.1658491049467856,-0.6118532159376058,-0.027462105257926694,0.5781492691930428,1.1954403435761782,1.8146559653345267,2.425980917059234,3.0196954979855515,3.586329696988928,4.116813512925792,4.602621038875937,5.035906025326576,5.409626772027351,5.717658367002122,5.954890491350744,6.117309236837709,6.202061636225264,6.207501879857682,6.133218481807547,5.980041960364466,5.7500329060080375,5.4464506203789345,5.073702817232013,4.6372771760581735,4.143655826255239,3.600214109869296,3.015105219743963,2.3971325334709332,1.7556116582956254,1.1002243650181938,0.44086671736646094,-0.21250620472556947,-0.8500365354760586,-1.4621183395554378,-2.0395483704223247,-2.5736704892287587,-3.056511462929733,-3.4809059964136426,-3.840609023577693,-4.130393483616745,-4.3461320381918815,-4.484861438969221,-4.5448285292571615,-4.52551715378513,-4.427655552468874,-4.253204122523652,-4.005323743639255,-3.6883251682107874,-3.3076002779672837,-2.8695362950212266,-2.381414304841173,-1.8512936966633209,-1.2878843494823051,-0.7004085854729237,-0.09845507442757487,0.5081730000120769,1.109613110910444,1.6960994413112005,2.258117352333872,2.786553823420291,3.2728414859279122,3.7090939727780055,4.088230444414975,4.404087322742509,4.6515154672625805,4.826461258149735,4.926030305798282,4.948532781451937,4.893509654509959
-5.230020154180634,-5.282201926620662,-5.24984075266583,-5.133358372611792,-4.934501725372412,-4.656314769005962,-4.303089741921685,-3.880298641010855,-3.394506006832266,-2.85326440256744,-2.264994248038127,-1.6388499182903,-0.9845742341540831,-0.3123436563284439,0.3673933580108278,1.0440822686638385,1.7072300008410997,2.3465714676685896,2.9522324222629717,3.5148860532715727,4.025900837226356,4.477477299998443,4.862771515855545,5.1760033833234775,5.412547958890566,5.569008398731737,5.6432693507953555,5.634529950151398,5.543315894514241,5.3714704091813,5.122124245993636,4.7996451939994556,4.409567904997123,3.9585051498805823,3.454041916739617,2.904614034293876,2.3193732501325997,1.7080409084853154,1.0807525534435667,0.44789592781128845,-0.1800550572093026,-0.7927077421567122,-1.3799168677170546,-1.9319468098918404,-2.439627322418495,-2.894500309897775,-3.2889552973719143,-3.61635144145416,-3.8711241416849322,-4.048874555189832,-4.146440589058694,-4.161948238843464,-4.094842453517863,-3.9458970322010227,-3.7172033907612523,-3.412138371802715,-3.0353116041736055,-2.592493242741636,-2.090523230610886,-1.5372035192634386,-0.9411749526482489,-0.3117807647185462,0.341081147521186,1.0071148351257126,1.6757893109833786,2.336505382945805,2.97876366214622,3.592331083398252,4.167403297838729,4.694760363089681,5.165913262130297,5.573238927106816,5.9101016261648205,6.170958787180336,6.351449578571041,6.448464840283174,6.460197253248254,6.386170948409807,6.227250081879144,5.98562623573652,5.664784839177933,5.269451136811704,4.805516554676122,4.279946624855533,3.7006719215067667,3.0764637300514366,2.4167964129876376,1.731698646402811,1.0315958774973208,0.3271464924671041,-0.370925716254051,-1.0520001357029538,-1.7057263065579833,-2.3221866466415015,-2.892052351734235,-3.4067300094855844,-3.8584966089947708,-4.240620812093065,-4.54746856957597,-4.774591413179962,-4.918796028055653,-4.978194006524829,-4.952230997339636,-4.841694790530744,-4.648702211081805,-4.376665029830432,-4.03023543186765,-3.615231906038241,-3.1385467288170377,-2.608036506950733,-2.0323975112039414,-1.4210277740913626,-0.7838781338066536,-0.1312945813595131,0.526145594562799,1.1778012724626956,1.8131359230783846,2.4218843299877917,2.9942149682503327,3.520885472413438,3.9933887347148405,4.404087322742509,4.746334090822685,5.01457707806618,5.204447034853224,5.312826194639119,5.337897204961898,5.279171445727156
-5.538102942290295,-5.593868821069709,-5.560241480019637,-5.437672805923787,-5.228017195256287,-4.934501725372413,-4.561674567084391,-4.115332459613357,-3.6024284010616636,-3.030961021405752,-2.4098473955883475,-1.7487813169787714,-1.058079282102495,-0.3485166324548655,0.36884354468471914,1.0828260397121892,1.7823208800108639,2.4564596092548134,3.0947876880937653,3.6874302792810854,4.225248785420692,4.699985654399608,5.1043951539101,5.4323580392933,5.678978294719036,5.840660412395161,5.91516598355635,5.901648703511296,5.800667235814078,5.614175732228161,5.34549215998878,4.999244940307212,4.5812987465034976,4.098660641133295,3.5593680437342994,2.9723603093999578,2.3473359587103744,1.6945978274786873,1.0248885966865529,0.3492193158369071,-0.3213063556810163,-0.9756693965085678,-1.6031113440374265,-2.193306092394293,-2.73652483747553,-3.2237915474836285,-3.6470264877021603,-3.9991755177621435,-4.274323105390804,-4.467787259009064,-4.57619486845481,-4.59753625399965,-4.531198053762456,-4.3779739233665165,-4.140052873782609,-3.8209854281606055,-3.4256281304461176,-2.9600672821220413,-2.4315231130577497,-1.8482359029627968,-1.2193358564034618,-0.5546987922071698,0.13521006673520009,0.8395017283248785,1.5470358661334829,2.2465973215914374,2.9270738760204784,3.57763247463694,4.187891108911683,4.748083632209584,5.249214895356628,5.683203741921911,6.043011595124646,6.322754596336474,6.517797515529862,6.624827942597789,6.64190958066448,6.5685137933754385,6.405528902456018,6.155247084107504,5.821329067489851,5.408747190003853,4.923707706768853,4.373553580169491,3.766649284417504,3.112249444850046,2.420353387657878,1.7015478988539268,0.9668406780256158,0.22748711980736475,-0.5051868382679011,-1.2199630005006548,-1.9059075112536146,-2.5525429741571988,-3.150013370531893,-3.689239169102377,-4.162060174186373,-4.561363853467347,-4.881197116136743,-5.116859773983808,-5.264978207777091,-5.323558074436362,-5.29201522208178,-5.171184324821841,-4.963305101646698,-4.671986338451135,-4.302148283408225,-3.859944328093048,-3.3526632144993043,-2.788613316212846,-2.1769908256271924,-1.527733933717416,-0.8513653104979987,-0.15882537936891683,0.5387009758293169,1.2299615283833116,1.9038148477957155,2.5494066412339813,3.1563415067466987,3.714847380403298,4.215930075289189,4.651515467262581,5.01457707806618,5.299247037690405,5.500908671142817,5.6162692458236565,5.643411729931342,5.581824744749052
-5.757793127840624,-5.816178235079898,-5.781727597350221,-5.654915257934035,-5.437672805923791,-5.133358372611796,-4.746703015527215,-4.283735342898047,-3.751685576467569,-3.158870576741474,-2.5145616567090796,-1.8288372830787887,-1.1124230037622118,-0.37652114292928596,0.36736703277679916,1.107623853907381,1.8326995962255763,2.531295710941698,3.1925440288710965,3.8061790942058567,4.362700892717306,4.853525391739985,5.27112050281022,5.609125309274525,5.862450666872521,6.027359581020558,6.101526085583445,6.084071689227388,5.9755788115812845,5.778080996743206,5.49503006035664,5.131240692694245,4.692813398112951,4.187036995201326,3.6222722264680813,3.0078183263677696,2.353764667064387,1.6708298382996993,0.9701907172990711,0.2633042436448285,-0.4382752700480116,-1.1230803898462964,-1.7799134478828953,-2.3980251602303264,-2.967286137736131,-3.4783485649822596,-3.92279547846855,-4.293275271830884,-4.583619290264236,-4.788940644609587,-4.905712673522896,-4.931825805044419,-4.866621911603093,-4.710905609584626,-4.466932320396547,-4.138373278675158,-3.730258039047725,-3.248895389886851,-2.7017739251091015,-2.097443847843615,-1.4453818776101515,-0.7558414007782635,-0.039690238280022605,0.6917613988937972,1.4269400400837644,2.154192332331607,2.8619697582536165,3.539011766445478,4.174524411361943,4.758351670543496,5.2811367228765835,5.734470630435783,6.1110260658444195,6.404673963843499,6.610581246122651,6.725288068156381,6.746763361054368,6.674437785137816,6.509213569650004,6.253451079031393,5.910932314741348,5.486801926852315,4.987486665794881,4.420594546054121,3.794795314903575,3.1196841153268475,2.4056304984317713,1.66361517269503,0.9050570716145514,0.14163347471765836,-0.6149039730511575,-1.3529144335002155,-2.0610513098829073,-2.7284410424695658,-3.344854436681235,-3.9008678135631216,-4.388011433373535,-4.798902844415151,-5.127363047753542,-5.368513640377813,-5.518853400356158,-5.576313102861712,-5.540287700441657,-5.411645359123119,-5.192713208222308,-4.88724003025164,-4.500336482268899,-4.038393795606333,-3.5089822415258847,-2.9207309705775906,-2.283191128220665,-1.6066844139341572,-0.9021394814040437,-0.18091876977887,0.5453614926116472,1.2650152626796796,1.9664717228606514,2.6384584581919555,3.2701798707280445,3.851488007341727,4.373043097188199,4.826461258149735,5.204447034853224,5.500908671142817,5.711054293390947,5.831467483412487,5.860161046220194,5.796608123254548
-5.885667429889415,-5.945673230627873,-5.9108639734741075,-5.781727597350219,-5.560241480019639,-5.249840752665832,-4.855363507406,-4.382973768835244,-3.8400634533722817,-3.2351348734408876,-2.577665652084743,-1.8779581925823714,-1.1469760925772765,-0.39617009927941094,0.36270363185727916,1.1177700905531478,1.85722381652757,2.5695161657525514,3.2435384663093956,3.868798157326998,4.435585115903131,4.935125532684857,5.359720894440205,5.7028698683561085,5.9593711541967975,6.125405672546944,6.198596785352265,6.178047593652508,6.064354721245543,5.859598366252496,5.5673087792502445,5.192409700820471,4.7411396570959425,4.220952363359961,3.6403978173957814,3.0089859708255196,2.337035143257385,1.635507586285806,0.9158348084169985,0.18973543458396702,-0.5309715075105049,-1.2345549093083799,-1.9095585210304078,-2.5449835403265033,-3.1304639501858285,-3.6564318213136806,-4.114269953337765,-4.49644943002787,-4.7966499030124465,-5.009860692455074,-5.132461097465426,-5.162278638833456,-5.098624306758594,-4.942304251043077,-4.695607724941906,-4.362271470582614,-3.9474211076097796,-3.4574904515440563,-2.9001200384869787,-2.2840364626983494,-1.6189144379920226,-0.9152237680117442,-0.18406364991694435,0.5630130629666559,1.3141828545797127,2.057538895448658,2.781279778427869,3.473896649205008,4.124355765135378,4.722273588214684,5.25808163611337,5.723178477305197,6.110066459855673,6.41247100516585,6.625440574060059,6.745425718687207,6.770335964922591,6.699573621062686,6.534043974036175,6.276141708321055,5.929713759336617,5.499999186305588,4.993547013544944,4.4181133380801825,3.7825393298617,3.096612053494071,2.370910312477955,1.6166379542023401,0.8454472725568862,0.06925530191505885,-0.6999440911136225,-1.4502693451331068,-2.1701385780231583,-2.8484522328459523,-3.474768105588561,-4.0394659852485155,-4.533899301133796,-4.950531377858144,-5.2830541421134765,-5.526487403036857,-5.677257135463342,-5.733251527700778,-5.6938539074168935,-5.559952025221366,-5.33392354976138,-5.019598004704267,-4.6221957508927956,-4.1482449803237555,-3.6054780366649277,-3.002708704278085,-2.3496924089738593,-1.6569715442179354,-0.9357083719520647,-0.1975081438595807,0.5457647563226325,1.2821747384172868,1.9999040239860515,2.687439764501896,3.333756297116983,3.928489652718511,4.462101553748447,4.926030305798282,5.312826194639118,5.6162692458236565,5.831467483412487,5.954934133307654,5.984642550228949,5.920058000259615
-5.919753195636829,-5.980362693251169,-5.945673230627873,-5.816178235079896,-5.59386882106971,-5.282201926620664,-4.88604521475976,-4.411599615640558,-3.8663007396012605,-3.2587007265056687,-2.5983324069781646,-1.89555793165685,-1.1614042709011692,-0.4073881955940011,0.35466648352985236,1.112816517863948,1.8551886873282633,2.57016812479287,3.246582510328674,3.8738792126871315,4.4422925673791225,4.942998637284194,5.36825500039209,5.711523346908685,5.967572940778393,6.1325633043574195,6.2041048146993605,6.181296250455349,6.064738694184089,5.85652557010828,5.560208976090044,5.180742844818517,4.724403836938685,4.198691222265872,3.6122073387170373,2.9745205268559465,2.2960127161024673,1.587714082282369,0.8611274014271839,0.12804488831655342,-0.5996395724075931,-1.3101198215282919,-1.9918654400195843,-2.6338053981843634,-3.2255044232382004,-3.757329284861779,-4.2206023581276195,-4.607740024987494,-4.912373715982604,-5.129451669193271,-5.255319789309382,-5.287780321223535,-5.226127404465956,-5.071158941530567,-4.825164588866802,-4.491890058072348,-4.076478290609344,-3.585388436221371,-3.0262939173321524,-2.4079611934763756,-1.740111145987857,-1.0332652788964483,-0.2985791728923619,0.4523341685134322,1.2075882810760108,1.9552115945486745,2.683337194634313,3.3803909842298565,4.03527526121675,4.6375448025064205,5.177572662631838,5.6467030580028705,6.037388912430808,6.343311882434578,6.559482958315726,6.6823220446337555,6.7097152566516005,6.641049022277205,6.4772204464087615,6.22062377057751,5.875113139417134,5.445942260774638,4.939681912270449,4.364116598018379,3.728121989472241,3.0415250887452023,2.314949326430967,1.5596470446086204,0.7873220155577365,0.009944804582092459,-0.760436101259212,-1.51188440958103,-2.2327643755256115,-2.9119244101425217,-3.538873038437764,-4.10394442228804,-4.598450828566555,-5.014819629458408,-5.3467126667857645,-5.589126091338646,-5.738469097296549,-5.792620305935183,-5.7509609066515734,-5.614384031307305,-5.385280214157122,-5.067499168241198,-4.666288484078283,-4.188210221866831,-3.6410367183954953,-3.0336272589409714,-2.3757875673777553,-1.6781143397436296,-0.9518272832869935,-0.20859132081765258,0.5396682241427752,1.2809545348274067,2.003389309984902,2.695400865247112,3.3459073487022457,3.9444921697310096,4.481568863568279,4.948532781451937,5.337897204961898,5.6434117299313415,5.860161046220194,5.984642550228949,6.014821562379544,5.950163276586873
-5.859559935854053,-5.919753195636829,-5.885667429889415,-5.757793127840622,-5.538102942290296,-5.230020154180636,-4.838364143077152,-4.3692737299204145,-3.8301096093230065,-3.229337420293062,-2.576393311306437,-1.8815341332542523,-1.1556746375574336,-0.4102142627980388,0.343143741700273,1.0925779854230806,1.8263364534637097,2.5329228954506506,3.2012791294444,3.8209603685135045,4.3823007884514,4.876566709974243,5.2960949652890035,5.63441425402432,5.886347563444606,6.048094028339364,6.117288932228649,6.093040898376268,5.975945681052742,5.768076338797431,5.472949946203429,5.0954713730429395,4.641855023458768,4.11952577769486,3.5370007088761106,2.9037534524384747,2.2300633811134656,1.5268519795181315,0.8055090155663647,0.07771126787581772,-0.6447633134727434,-1.3502230629351952,-2.0272486966450187,-2.6648750965577235,-3.2527658958100676,-3.7813780936385837,-4.242114086307639,-4.627458700067116,-4.931099050026569,-5.148025321222335,-5.274610870744864,-5.308670377784452,-5.249495116641237,-5.09786479060632,-4.856035736398865,-4.527705683642345,-4.117955625736782,-3.6331697215356598,-3.0809344957083065,-2.469918934035924,-1.8097373729454378,-1.1107973555256727,-0.38413486476882486,0.35876045494343684,1.1061273182088374,1.846119175958906,2.566991995693469,3.2572904680814156,3.9060296881866186,4.502869431136374,5.038278259257696,5.503684858704606,5.891614205832954,6.195806403842819,6.411316304691635,6.5345923356343825,6.563533279145798,6.497522104204183,6.337436310433114,6.085634618646582,5.745920216030761,5.323481135585862,4.824808711661621,4.257595400712748,3.6306135832754474,2.9535772644463507,2.2369888610594684,1.491973500014852,0.7301034500740201,-0.03678453423208755,-0.7967760656110328,-1.5380672164191713,-2.2491508732559073,-2.9189984039673478,-3.537233761442897,-4.0942972682854775,-4.581596489777964,-4.99164180696729,-5.318164543907778,-5.556215779310802,-5.702244278665149,-5.7541523134792,-5.711328484417027,-5.574657029212029,-5.346503468577169,-5.030676817994803,-4.632368964327338,-4.158072167766822,-3.615475996010163,-3.0133453232213614,-2.3613813261644756,-1.6700676791123517,-0.950504383491103,-0.21423186399703692,0.5269518829809934,1.2611781928265289,1.9766957281311626,2.6620565889566024,3.306297590706608,3.899113839002947,4.4310218530398595,4.893509654509959,5.2791714457271555,5.581824744749051,5.796608123254548,5.920058000259615,5.950163276586873,5.886396946086254
