0.0,1.400885589995441,2.769812969821838,4.075955946144808,5.290709638363364,6.388695955868094,7.348647343697053,8.154135508789226,8.794117728755026,9.26328027541853,9.562166192829885,9.697082860944889,9.679793140267657,9.527002111436737,9.259659184525471,8.902102360659192,8.481077416996357,9.446829175824723,10.484163735813462,11.430690607909435,12.25900528818767,12.94496266393053,13.468566441881263,13.814705751675756,13.973711007305438,13.941707962689287,13.720756551346156,13.318769263790859,12.749212179278445,12.030600012959471,11.185804351962512,10.241201337392328,9.225691134447045,9.46096932742995,9.902705489893956,10.258019365680653,10.501617735586754,10.611368490276918,10.569192476241616,10.361805272970711,9.981280482579844,9.425412885288667,8.697867410329073,7.808108003261681,6.771108828147723,5.6068585088087515,4.339675973238107,2.9973636202680147,1.6102297058029866,1.37018752254545,1.5030610126834079,1.5844406139966798,1.5899120068662809,1.4980084927094661,1.2911102982221347,0.9561970340319839,0.48542437290267193,-0.12349729971231627,-0.8671369750961389,-1.7363964674597678,-2.7167814853252725,-3.788880312841755,-4.929032181784414,-6.110160191286825,-7.3027373636744795,-7.447170274576055,-7.049496684879903,-6.667778902437951,-6.327788234921622,-6.052556237408041,-5.8614594652161385,-5.7694478679244945,-5.786446301429374,-5.916952033224167,-6.159843644098098,-6.508408671366402,-6.950589001047833,-7.469434716224279,-8.04374916185121,-8.648900694806116,-9.257770229308992,-8.944894269617697,-7.949445236437537,-6.9642852323322115,-6.017719483099659,-5.135400797119112,-4.339394477274582,-3.647384119937569,-3.0720483260436233,-2.620631833450274,-2.2947271707088563,-2.0902749119185096,-1.9977822855012684,-2.0027515732336463,-2.086301745987032,-2.225959423237169,-2.3965887943938657,-1.8065423795900828,-0.42735831253693535,0.9143270142750147,2.1886453957099135,3.368417610622423,4.4301038456578405,5.354615554805267,6.12795820818224,6.741680813516272,7.193115439560408,7.485397952914242,7.627269494899627,7.632666557086984,7.520115545975861,7.311955153808859,7.033416391174128,7.3442456594892,8.542703323536315,9.670809009127792,10.69936456006656,11.601910020763643,12.355680393994886,12.942426177211972,13.349066652009867,13.568151243646712,13.598111547782377,13.44329456308012,13.113775969093073,12.624960633363958,11.99698560267126,11.253948324028574
0.0,1.4004091238079002,2.768861898037022,4.074533982677684,5.28882233595084,6.386350684385704,7.345853261379744,8.150903526468655,8.790460467252988,9.259212016262927,9.557702822485656,9.69224180877771,9.674593310482644,9.521463809257922,9.253804036904342,8.895953231821906,8.474658319159433,9.440165175427845,10.477280855635568,11.423615725450325,12.251766030711941,12.937587300583706,13.461083773299379,13.807144997519492,13.966101692157972,13.934079800763431,13.713139330450986,13.311192729010958,12.741705916819992,12.023193334616728,11.178526180655906,10.234080094225057,9.21875462772128,9.454244644056013,9.896218889616511,10.25179617853497,10.49568226298546,10.6057439101135,10.563900752381246,10.356867069481819,9.976715083041377,9.42123811748812,8.694099576645367,7.804761817004719,6.768197356103229,5.6043931202127535,4.337666295380312,2.995817500897451,1.6091531824827079,1.3695847990759846,1.5029344426870055,1.5847906917264678,1.5907373652762162,1.4993059087926208,1.292874705596469,0.9584215427244596,0.48810029625445006,-0.12038041112465914,-0.8635912926558356,-1.7324358369808692,-2.712421372985041,-3.7841377447855713,-4.923925677639046,-6.1047096918416806,-7.296964153013249,-7.441096896962823,-7.043146856724279,-6.661177419682994,-6.320960876216217,-6.045529663441826,-5.854261114610082,-5.762105850083666,-5.778989286776321,-5.909409141241529,-6.152244329617648,-6.500782609548558,-6.942965971500797,-7.461844486715296,-8.03622137206408,-8.641464740598861,-9.250455147923663,-8.937728626290557,-7.942457012852433,-6.957501717352694,-6.0111671662065564,-5.129105264969668,-4.333380313787116,-3.6416748102917955,-3.066666164971528,-2.6155978381756646,-2.290060998875551,-2.085994784827661,-1.9939049169575704,-1.999292104278286,-2.0832736857722463,-2.2233745962732954,-2.394457294374883,-1.80487252997795,-0.4261566340586531,0.9150558290907049,2.188898500856753,3.36819401773023,4.429404427852075,5.353443043297492,6.126317181604801,6.739577680042835,7.190558411882181,7.482397016169587,7.623836367682312,7.628814645685322,7.515859892021443,7.307312375539307,7.028404618539227,7.338884463353837,8.537013639256669,9.664813054799211,10.693085749762385,11.595372873103745,12.34891043640098,12.935449846223582,13.34191119005021,13.56084459264161,13.590682240047643,13.435771609903467,13.106188747445664,12.617338771183961,11.989358863167377,11.246346489455352
0.0,1.3989804521825409,2.766010133718426,4.070270261744488,5.2831633081420435,6.379318448083795,7.33747527731699,8.141212510493531,8.779494262575488,9.247013445677638,9.54431952114966,9.67772603819632,9.659001754429342,9.50485735242543,9.23624752715121,8.87751522694301,8.455410819169247,9.420183341401929,10.456642716208178,11.402401872114265,12.230059303110508,12.915472463023656,13.43864718374812,13.784474270379075,13.943285356132725,13.911206953157254,13.690299289244301,13.288474684075897,12.719198581635851,12.000984599845744,11.156702770932085,10.212727229496345,9.19795569046749,9.434080853682017,9.876768985292212,10.233136111720523,10.477884900842446,10.58887875096022,10.548033654303275,10.342059993157593,9.96302584978707,9.408720183466635,8.68280182412117,7.7947283634596465,6.759467381958655,5.597000715830889,4.331640327942071,2.991181501676721,1.6059252549572358,1.3677775482336787,1.5025549258037294,1.5858403908075291,1.5932121812691669,1.5031961775939702,1.2981652357898001,0.9650916749025864,0.4961239836939586,-0.11103450075151189,-0.8529596549290521,-1.7205599882182536,-2.6993476881218648,-3.769917276281447,-4.908613956119161,-6.088366509250895,-7.279653329129834,-7.422886030183588,-7.0241070600942805,-6.641383043200617,-6.30048921649802,-6.024460661880912,-5.832677045206666,-5.740090998166865,-5.756629619871749,-5.886791973369945,-6.12945798033558,-6.47791605906232,-6.920108513200688,-7.439085378486824,-8.01364948773783,-8.619168222900083,-9.228521064276817,-8.916242628822895,-7.921503003924261,-6.937161521920456,-5.991520212298129,-5.110228273519616,-4.315346999043082,-3.6245555919619363,-3.0505278932370685,-2.600503532642365,-2.2760696024834988,-2.073160933680348,-1.9822787269690791,-1.9889189754717194,-2.074194124993606,-2.2156240590131193,-2.3880660463153083,-1.7998655288058751,-0.4225534320065043,0.9172411615960232,2.189657430138574,3.3675235801859498,4.427307241525956,5.349927297657258,6.121396605561939,6.733271488341492,7.182891230065996,7.473398784419473,7.613542223900689,7.617264788283361,7.50309942294513,7.293391124147307,7.013376947020309,7.322809054443688,8.519953267083064,9.646834339750397,10.674258898335875,11.575771403751464,12.32861089244127,12.914531496941196,13.320455721151435,13.538935787273346,13.568405651626,13.41321422802951,13.083438658212877,12.59448481320394,11.966490280656954,11.223552583739842
0.0,1.396601754822075,2.761262027759783,4.063171288439825,5.273741188830195,6.3676099759390405,7.323526173672492,8.125077246300506,8.761235845695312,9.226703174837493,9.522036707522535,9.653557695692573,9.633042259909239,9.477208077159537,9.20701644096774,8.846816476607959,8.42336428264571,9.386914159729232,10.422280804828786,11.367081413556761,12.193918223009694,12.8786518915239,13.40129090439316,13.746728158640364,13.905296809768824,13.873124316628756,13.652271274431872,13.250649789563571,12.681724512827238,11.964007692177592,11.120367418437523,10.177175320949281,9.16332605530998,9.400508719898275,9.844385451346211,10.202067634619306,10.448252802324223,10.560798743735573,10.521615390199496,10.317406634930654,9.940233668273258,9.387878181647006,8.663991389566808,7.778022950514937,6.744932224903648,5.58469257414283,4.321607264650854,2.9834626956797896,1.6005508480268238,1.364768527313836,1.5019230410567541,1.5875881097298359,1.5973326790557658,1.5096733637891837,1.3069738171201495,0.9761972540464812,0.5094831936025042,-0.09547382750711852,-0.8352582824448294,-1.700787039974939,-2.677580377059204,-3.746240603283314,-4.883120378086929,-6.0611555780612125,-7.250831302886676,-7.392565458282639,-6.992406343719946,-6.608425972971937,-6.26640448906895,-5.989381377382644,-5.79674018749446,-5.703436899901032,-5.719401414521611,-5.849135036280705,-6.091519361040705,-6.439843907058263,-6.882051499426272,-7.401192114766411,-7.976067946455323,-8.582045159169942,-9.192001442868467,-8.880469058076404,-7.886615178867835,-6.9032956787643345,-5.9588085964351,-5.0787986231095905,-4.28532204619831,-3.596052583480737,-3.0236581327575904,-2.5753719460042626,-2.252774327994772,-2.051792938889352,-1.9629214534381947,-1.9716480129398342,-2.059076916199806,-2.2027196363342316,-2.3774248012457373,-1.791529015179893,-0.4165542037314176,0.9208796776621854,2.1909210256684384,3.3664073208660126,4.423815486324974,5.344073681804567,6.113203987302175,6.722771859673635,7.170125591815301,7.458416986130121,7.596402769174387,7.598034606324028,7.481853607201786,7.270212639075766,6.988356304108751,7.296043958767236,8.491548235767556,9.616900293835245,10.642912729629789,11.54313551837242,12.294812732823264,12.879703044174246,13.28473297959826,13.50245825347524,13.531315769571815,13.375656832914938,13.045560410862105,12.55643362736227,11.928414745390798,11.185601383199586
0.0,1.3932766608691254,2.754624824274612,4.053247893560005,5.26057035320037,6.3512431313904845,7.304027232382914,8.102522351218362,8.735713073203218,9.198312190815837,9.49088837815635,9.619773654541453,9.596754432930895,9.438558167541752,9.166155375780455,8.803903817436295,8.378567602505395,9.340408388697554,10.374247546946393,11.31770823766776,12.143397930309341,12.82718176267404,13.349071929145484,13.693964250975716,13.852194011617478,13.81988999328108,13.599113304781312,13.197775754344026,12.629340884014727,11.912319026721601,11.069575559470515,10.127478609593565,9.114918556159882,9.353579463202044,9.79911769484695,10.158638147937408,10.40683117667578,10.52154672968231,10.484686266016293,10.282944608057152,9.908373312186907,9.358743910356504,8.637696971778064,7.754671065366711,6.72461406100771,5.56748747349438,4.307582412799732,2.9726728593723393,1.5930381613429214,1.3605623271342089,1.5010397525030907,1.5900311820250355,1.6030925720547977,1.5187275852331499,1.3192870104680732,0.9917213365418434,0.5281575440353792,-0.0737221320755368,-0.8105141819197095,-1.6731471595393046,-2.6471526498546565,-3.713143848933427,-4.847483838709162,-6.0231184135792075,-7.210542047613733,-7.350181440898398,-6.948093072905268,-6.562356491101039,-6.218758696482645,-5.94034532988135,-5.746505369794288,-5.652199477890067,-5.667361469236315,-5.796495782593752,-6.038486354111251,-6.386624239643451,-6.828852993188445,-7.348222508733971,-7.923534085806264,-8.530152187505864,-9.140952001133199,-8.830462493247456,-7.837846765510712,-6.855955856489541,-5.91308222623554,-5.03486426548234,-4.243351263869696,-3.556209271457572,-2.98609787832067,-2.540241421143366,-2.220210716657681,-2.0219234012814704,-1.935862629464666,-1.9475055667292116,-2.037945123487889,-2.184681016319336,-2.3625497943529905,-1.7798757079928835,-0.4081681021653272,0.9259658260602052,2.1926873595977376,3.3648469428303978,4.418934489567281,5.335891126512681,6.101751826179402,6.708094813164082,7.152280973471495,7.437474478804816,7.572444152910515,7.57115343900538,7.45215485921148,7.237812283389145,6.953380863421397,7.2586300114265505,8.45184188243724,9.575056586975329,10.599095068020095,11.49751500904383,12.247567522888417,12.831017625166881,13.234797467037724,13.451467644469451,13.479469181357734,13.32315672531001,12.992611795663016,12.503243267778265,11.875190348637762,11.13255078940783
0.0,1.3890102433692957,2.746108649543987,4.04051521707866,5.243670895797483,6.330242885085562,7.279008202688368,8.073582236909736,8.702964884807562,9.161883809308023,9.450922055586588,9.57642545854409,9.550193637283641,9.388966591155201,9.113726672699126,8.748842720623735,8.321089124366342,9.280736981459087,10.312616226176798,11.254357672355722,12.078575503056687,12.761140603671981,13.282069927706626,13.626263048481823,13.784057979815469,13.751585201917019,13.53090648260374,13.129933247533906,12.562127616109308,11.845997464093678,11.004404686402854,10.063712916950825,9.052807047607237,9.293364682851191,9.741034780126553,10.102913911386464,10.353683220245507,10.471182595005196,10.437302623960448,10.238726490730787,9.8674933903919,9.32136181931263,8.603958687750865,7.724708335633307,6.6985438893865,5.54541166344764,4.289587169893267,2.958828454644596,1.58339865689809,1.355165365030859,1.4999064077627398,1.5931658803346405,1.610483072484543,1.5303450280370154,1.3350860297805252,1.0116402375305698,0.5521185438182865,-0.04581260068982962,-0.7787651050539961,-1.6376825166593072,-2.608110929631871,-3.670677508449825,-4.801758708115542,-5.974313048532011,-7.1588470320190245,-7.295798642685792,-6.891234855737981,-6.503244885100334,-6.157624531204952,-5.877427332933797,-5.682049234608498,-5.586456904294566,-5.600589180574088,-5.728954523223086,-5.970439871204592,-6.318338253260341,-6.760594158644377,-7.280257375317086,-7.85612805590809,-8.463568480230649,-9.075450624432948,-8.766299228596441,-7.775272169084289,-6.795214280747646,-5.8544108657315626,-4.978492230623471,-4.189498686245686,-3.505086444231588,-2.93790443503899,-2.495165556170655,-2.1784284502820257,-1.9835978923589188,-1.9011435382873878,-1.9165284706052574,-2.0108309873147077,-2.1615357202184353,-2.3434637202103312,-1.7649233865195466,-0.3974079218566835,0.9324918469303203,2.1949537370574848,3.3628448267242974,4.412671698115882,5.325392115782575,6.087057594582811,6.689262741360929,7.129384600299163,7.410603214110557,7.541702928407908,7.536662298518238,7.41404848990529,7.196239489820563,6.9085039864596425,7.210624294315786,8.400894786475451,9.521367059481967,10.542872765451058,11.438979478287479,12.186947343939682,12.768549518527276,13.170725369326847,13.386041755857706,13.412944988540021,13.255794003835655,12.924673595517799,12.434994886179862,11.806898294055786,11.06448174085396
0.0,1.383809011531302,2.735726496567019,4.024992685047914,5.223068599868352,6.304641276782758,7.248507255744432,8.03830105686976,8.663041243924576,9.1174736085453,9.402198715827721,9.52357924338815,9.493430910069891,9.328509009118676,9.049810321403875,8.681717192053744,8.251016542274176,9.20799097777825,10.237480872494885,11.177126370620948,11.999549839849562,12.680629172516163,13.200387124017821,13.543727841860404,13.700992668477024,13.668314154124712,13.447754870017182,13.047225775420785,12.480187255378269,11.76514419009984,10.924954229450883,9.985975529374866,8.977086292242173,9.219956247626289,9.67022532341041,10.034979942592217,10.288890020067502,10.409783179503538,10.379536756538712,10.184819745865052,9.817656272767255,9.275788941806871,8.562828011475386,7.688180474998759,6.666761484906957,5.518498824732445,4.2676489910016615,2.9419506036956733,1.571647041538614,1.348585875067322,1.498524735962647,1.5969874220968032,1.619492904770162,1.5445079676438274,1.3543467707324552,1.0359235670463844,0.5813296360158944,-0.01178781450033739,-0.7400594909345508,-1.5944472192047385,-2.560514781753496,-3.61890637208654,-4.7460147484469335,-5.914813944527654,-7.095825126406763,-7.22950003465836,-6.821918439940923,-6.431181340653953,-6.083095264708136,-5.800723379577274,-5.603470121688647,-5.506309481565729,-5.519186422006854,-5.6466143048476205,-5.8874837298115565,-6.235090130806597,-6.677379137266579,-7.197400407892897,-7.773952697122145,-8.382395623100441,-8.995597247228453,-8.688077157046765,-7.698986858704865,-6.721163624042986,-5.7828840289314005,-4.90976852449482,-4.12384647539028,-3.4427620991278456,-2.8791513309207875,-2.440213122652248,-2.1274912754403092,-1.9368748847715835,-1.8588171502991817,-1.8787639858554819,-1.9777758753081416,-2.1333190604600794,-2.320195698152699,-1.7466948632908337,-0.3842900794500035,0.9404477836210936,2.1977167002698326,3.3604040271460036,4.405036667017066,5.312592667796287,6.069143711279526,6.6663043760715865,7.101471404948903,7.377844189129874,7.504225997088304,7.494613807474503,7.367592637595101,7.145557685353029,6.853794141196607,7.1521000490321995,8.338784677096715,9.45591362465604,10.474331599440212,11.3676182328782,12.113044683268146,12.692394030901871,13.092614440297009,13.306280406929709,13.331844686074518,13.173671442778213,12.841849462711906,12.351792608091673,11.723642773800691,10.98149808945687
0.0,1.3776809007959718,2.723494205237638,4.006703979960349,5.198794898024589,6.274477366469034,7.212570926385009,7.99673263906174,8.61600306144993,9.065149344499964,9.344792695343042,9.46131563574562,9.426552853324901,9.257277660651614,8.974503838106138,8.602629644131035,8.168456764908644,9.122281365133713,10.148956118774516,11.086132163093579,11.90644150894829,12.585770304280626,13.104148140298475,13.446484553829144,13.603124809092584,13.570203895283596,13.349785330180588,12.949779523545203,12.38364481699191,11.66988256135857,10.831345404976323,9.89438504962334,8.887871816077059,9.1334661556678,9.58679735761674,9.954939887384418,10.212550430148285,10.337442159337854,10.311476796262198,10.12130661816609,9.758937995050315,9.222094807689858,8.51436769540296,7.645143213468122,6.629315337503382,5.486790017860185,4.241801346872981,2.9220650568077478,1.5578012445264868,1.3408338954720231,1.4968968450986018,1.6014899768429989,1.63010832274667,1.5611947958706216,1.3770398475024117,1.064534276380352,0.6157462537061997,0.028300315390747066,-0.6944563921320186,-1.543507230615666,-2.504436822943198,-3.557909426284091,-4.680337007420346,-5.84471187845012,-7.021572482346117,-7.151386767600638,-6.740249580522345,-6.346275804022819,-5.9952846051679956,-5.710350495874467,-5.510887918000033,-5.411879489415437,-5.423277388493407,-5.549600752694419,-5.789744494863648,-6.137006882684814,-6.579334888955838,-7.099778020084684,-7.6771333831517135,-8.28675746031689,-8.90151370061078,-8.595915620831104,-7.6091072217178635,-6.633916864343635,-5.698610843249229,-4.828797997816453,-4.046494795889613,-3.3693313234579856,-2.8099282046892937,-2.3754679606856643,-2.067476906210556,-1.8818256631061852,-1.8089480422306754,-1.8342697291836672,-1.9388302191531366,-2.100074086775724,-2.292781227849782,-1.7252179492892123,-0.3688345886392439,0.9498214978801258,2.2009720338235548,3.3575282679865537,4.396041044922421,5.297512310478217,6.048037507210635,6.639254744527087,7.068583974161109,7.339247383812215,7.460070536939565,7.4450721186216295,7.312858179272863,7.085844194449844,6.789334797616573,7.083146565132553,8.265606314756468,9.378796143814096,10.393576142208936,11.283540147589889,12.025972293046568,12.602667351567474,13.000583852612424,13.212305288370372,13.236292007467318,13.076914335288263,12.744265760773335,12.25376337397224,11.625550809561787,10.883726442119663
0.0,1.3706352607292625,2.7094304381779013,3.985677004616986,5.170886824286335,6.239797174766597,7.171254042124825,7.9489404037926565,8.561922102827907,9.004990847511081,9.278791577630633,9.389729630261916,9.349661501889361,9.175381222346102,8.88792211676964,8.511700739532504,8.073535752474639,9.023738909386461,10.047177025894882,10.981513878261167,11.799392564326517,12.476708723707368,12.993499806911936,13.334681547003301,13.490603717176485,13.457404110733199,13.237147333740623,12.837743164181298,12.272647594289776,11.560357917097498,10.723721030548303,9.78908121590733,8.785299732290198,9.034026363602212,9.49087816753241,9.862915861665936,10.12478092064675,10.254269904109584,10.233226581183954,10.048284008653185,9.6914281428302,9.160361337290725,8.45865167470561,7.595662212341046,6.586262578197076,5.450333620478405,4.212083672867326,2.8992021530592478,1.5418823901850083,1.3319212533231028,1.4950252188190989,1.6066666750934817,1.6423131306312528,1.5803800538757005,1.4031306376060448,1.0974287146055333,0.6553158879756067,0.07439062712935662,-0.6420253846052044,-1.4849402692630056,-2.439962610495429,-3.4877797331610614,-4.604825688572911,-5.764113803962421,-6.936202385974215,-7.061578017743928,-6.646352878427092,-6.248657814301297,-5.894326523981023,-5.606446562368555,-5.404443874811961,-5.3033109982559274,-5.313008406997051,-5.438061878874182,-5.677371285634845,-6.0242381530246725,-6.466610998340409,-6.987539152894507,-7.565817829761232,-8.17679990557992,-8.793343526425453,-8.489955229412752,-7.505770386127402,-6.533607112712617,-5.601719883011123,-4.735704186097506,-3.957561662032359,-3.284906149446951,-2.7303406690222762,-2.301028850986255,-1.9984769056091198,-1.8185342151284551,-1.7516122986265565,-1.7831135848049362,-1.8940534376488418,-2.061851520519407,-2.2612621351447038,-1.7005254115178707,-0.3510650296332114,0.960598688373203,2.2047147711054356,3.354221936748247,4.3856985563166555,5.280174051701668,6.023771183792784,6.6081551159415755,7.030772483792025,7.294871684720276,7.409303915280076,7.388112816965756,7.24992862247463,7.017190121081844,6.715224300366097,7.003869043905386,8.181471346576446,9.290132273931459,10.300729601138148,11.1868734990869,11.925863018305094,12.499506375163024,12.894774015950194,13.104259776598171,13.126432735996426,12.965670302222762,12.632071371681704,12.141056745542894,11.512772058766801,10.771315967567404
0.0,1.3626828407577678,2.693556652264717,3.961943839556401,5.139386957580017,6.200653612719931,7.1246196395099215,7.894997266953742,8.500880878559945,8.937089900488541,9.204296059598548,9.308930444623979,9.262874167736372,9.08294464236066,8.790197253818429,8.409069207114015,7.966398324526633,8.912513955272312,9.932298876680168,10.863431130660157,11.678566328941601,12.353610824402018,12.868610938348619,13.20848939754111,13.363601064458534,13.330086897400468,13.110012730786565,12.71128762950974,12.147364934057439,11.436737357411516,10.602245307048744,9.670224688694855,8.669526533560019,8.9217885852178,9.382614095616447,9.759048265102379,10.025715400177393,10.16039330847184,10.144905496474811,9.965863326818342,9.615229714868402,9.090682716432504,8.39576495447428,7.539812964033321,6.537668891932414,5.409185253561754,4.178541308790913,2.8733967740369772,1.5239147656697223,1.3218615465040227,1.492912712636074,1.6125096188379482,1.656088707732929,1.602034471000804,1.4325793347191116,1.134556695174544,0.6999781680309862,0.12641280142326927,-0.5828464615500901,-1.41883568987478,-2.367190511741952,-3.4086242885306275,-4.519595998382861,-5.673142688329014,-6.839845085157199,-6.960210804940929,-6.540371590434828,-6.138476305781356,-5.780375051366269,-5.489170103720966,-5.2843003921928124,-5.180769649393756,-5.188547713236753,-5.312167856561411,-5.5505355482325704,-5.8969559913731455,-6.339379446557011,-6.860855047466173,-7.440175869408596,-8.052690719469394,-8.67125175827284,-8.370357644959899,-7.389134011382184,-6.420387410222374,-5.4923589732911555,-4.630629121159924,-3.8571827577571165,-3.1896153833071157,-2.640510149420382,-2.217009364178956,-1.9205965458943655,-1.7470971036442764,-1.686897395764531,-1.7253736008758285,-1.8435138460542466,-2.018709677282945,-2.225686508240969,-1.6726549230085972,-0.33100851317959346,0.9727629125036271,2.2089392018777536,3.3504900778506967,4.374024980578369,5.2606043441860875,5.9963817637889605,6.573052938548486,6.988094622261196,7.24478479518767,7.3520035859774495,7.323822804452796,7.178899977874381,6.939700209731444,6.631575718711069,6.914388437866997,8.086508136006373,9.190057288134746,10.195933630792705,11.077765770214274,11.812869594251607,12.383068492831521,12.775346362779386,12.982308715017917,13.002434482292417,12.840109066922125,12.50543746872125,12.013844677603698,11.3854785862518,10.644438168762665
0.0,1.3538357737684819,2.67589706589341,3.935540694109933,5.104343356776324,6.1571064010702115,7.07273886794375,7.834985528773824,8.43297251831961,8.861550098881278,9.121419797933061,9.219041352928508,9.166323260990342,8.980108949788708,8.68147834659934,8.294891630253876,7.84720793901966,8.78877619702321,9.80449693898689,10.732064077354407,11.544147145555257,12.216664414969607,12.729672075668294,13.068100634898316,13.222310616967047,13.188446501234097,12.968575488661209,12.57060585082911,12.007987978156667,11.299209488320699,10.46710356815356,9.537996805593629,8.540728853306558,8.796924059997199,9.262170318727566,9.643495566916448,9.915505011507978,10.05595559852817,10.04664829227923,9.874170320650508,9.530458965955152,9.013165252734234,8.325803480027844,7.477680676899241,6.483608417362305,5.363407696551908,4.141225429721806,2.844688290617806,1.5039257839138716,1.3106701229574809,1.4905625495682913,1.6190098935854107,1.6714140368618549,1.62612500942891,1.4653410094093777,1.175861572488412,0.7496649533064774,0.18428746882719027,-0.5170099113554225,-1.3452943472089611,-2.286231553974292,-3.320563858658671,-4.424777970500748,-5.571937324806499,-6.732647590773023,-6.847439783616615,-6.422467410595324,-6.015899380725762,-5.65360404136376,-5.3587000468526735,-5.1506407712387245,-5.044442402313354,-5.050085195012457,-5.1721107603637595,-5.409430794024969,-5.755354590201103,-6.197834348861807,-6.719918983825214,-7.300399192134338,-7.9146192534953475,-8.535424669718875,-8.237305335700093,-7.2593760478368505,-6.294430494462312,-5.370694964376904,-4.513733114442659,-3.7455112296414725,-3.08360440872059,-2.54057369895008,-2.1235376875253045,-1.8339546479543842,-1.6676233191752674,-1.6149020681940907,-1.661137870417405,-1.7872885518606239,-1.970714377924716,-2.1861086243350183,-1.6416490053446031,-0.30869563920250154,0.9862956114984368,2.2136388809903083,3.3463383849346364,4.361038127905684,5.238833045138542,5.965911034823426,6.534001767209494,6.9406155025371215,7.189063132024973,7.288256971278326,7.252300167383456,7.099880612801982,6.853492685585563,6.538516674028638,6.814841266226018,7.980861566981775,9.078723869317713,10.079348116801162,10.956383424985404,11.687164413245918,12.25353135209073,12.642483102065961,12.846638162521646,12.864486428617422,12.70042219626589,12.364557255324364,11.872321255684607,11.243864601744471,10.50328662124603
0.0,1.344107557597836,2.656478622028079,3.906507851157653,5.065809487367515,6.1092219791402815,7.0156908811356,7.768996748255102,8.35830062886607,8.778486692623238,9.03028923569439,9.120199497604535,9.06015608791087,8.867031039492613,8.561931265906441,8.169342207955946,7.716146442923992,8.652714419467316,9.663966198300374,10.587613143072264,11.39634009548458,12.066078432477823,12.576895195794465,12.913729448088892,13.066947939402946,13.032699020846415,12.81305139602783,12.415912464203526,11.854729371903176,11.147984134016959,10.318501997571873,9.392599304687016,8.399103196204523,8.659623291859909,9.129730596116332,9.516434064113831,9.79431790096328,9.941116113314642,9.93860487812904,9.773344884783764,9.43724522954123,8.927927213419037,8.248873990530786,7.409360145230504,6.424163633735981,5.313070791575928,4.10019296793288,2.8131205029011186,1.4819459418048995,1.298364057269286,1.4879783152240342,1.6261575819649026,1.6882657363949354,1.6526149145895324,1.5013656776847792,1.2212803283199118,0.8043004374245242,0.2479263308355133,-0.4446161798510819,-1.2644284421808871,-2.197209255051072,-3.2237327960125066,-4.320516267359067,-5.4606521208888505,-6.614773452419179,-6.723437006814317,-6.292820223534301,-5.881114052897013,-5.51420690658802,-5.215235447958118,-5.003668934413867,-4.894537249435768,-4.89783210249613,-5.018104273276721,-5.254272304403523,-5.599649988626799,-6.042191658471687,-6.564945985994464,-7.146701053103034,-7.762796161207236,-8.386069490100299,-8.09100129753123,-7.116694465255817,-6.1559285359956695,-5.236913477208498,-4.3851945124169305,-3.6227174532485806,-2.967034965029538,-2.4306837891438726,-2.0207564293500684,-1.738683400023755,-1.5802341136735905,-1.5357361580987035,-1.5905043969130643,-1.7254633371497932,-1.9179388481477693,-2.1425888668063284,-1.6075549637859878,-0.2841604501166275,1.0011761387232467,2.2188066382136875,3.3417731921752183,4.346757812143498,5.21489337070104,5.93240548562697,6.491061181706671,6.8884075627953845,7.127791708931753,7.21816132842958,7.173654026764448,7.012991085908787,6.758699074161245,6.436189145097208,6.705379406598123,7.864692822876758,8.956301877195267,9.951150931920672,10.822911654610383,11.54893926178336,12.111092585799048,12.496386941279306,12.697455109621405,12.712799040232621,12.546822808402034,12.209645670304003,11.716702399932107,11.088146163561271,10.34807667780083
0.0,1.3335130344382549,2.63533094709513,3.8748896056693845,5.023844139895921,6.057073403469174,6.953562716336984,7.69713160348296,8.276979135972809,8.688026410298312,8.93104340940441,9.012555680177279,8.944534626149796,8.743883432731575,8.431738402914458,8.032612489076849,7.573413794783959,8.504536210002827,9.510921060248345,10.430298714421594,11.235370685712589,11.902082623684892,12.410513388104388,12.745611358900096,12.897750066255949,12.863082077814992,12.64367773364468,12.247443482995628,11.687822939636877,10.983292016738428,10.156667314474637,9.234254016745277,8.244865638379071,8.510095758513339,8.985496989066442,9.378057612509526,9.66233896188679,9.816050061698686,9.820940094228739,9.663540847062201,9.335730720415878,8.835098644875599,8.165093856142875,7.334955604629991,6.359425235061643,5.258251336889172,4.055506526031111,2.778741573383664,1.4580087736558085,1.2849621246179215,1.4851639523305953,1.6339417788562602,1.7066180959488124,1.681463771234615,1.5405983772532394,1.2707436679595228,0.8638012638525181,0.31723229459801816,-0.3657757170593974,-1.176361350680022,-2.1002594349486845,-3.1182788342813517,-4.206969959462969,-5.339456862730229,-6.486402508887541,-6.58839166369699,-6.151627830006162,-5.734325962233244,-5.36239632314137,-5.058995188808169,-4.843609114429024,-4.731282898787763,-4.732020725930566,-4.8503833606706905,-5.085296802331493,-5.430079742808253,-5.872688837087706,-6.39617249393516,-6.979315947243113,-7.597453076803006,-8.223414088357982,-7.931668744313776,-6.961306950773787,-6.0050928451677965,-5.091218620179548,-4.245209424485704,-3.4889887731877414,-2.8400849004729025,-2.3110080773767776,-1.9088224014658812,-1.634928156005952,-1.4850628155296786,-1.4495204477112504,-1.5135809447861002,-1.6581325277176957,-1.860463606780479,-2.095193633091402,-1.5704248150968152,-0.25744037888924765,1.017381791182506,2.224434589178777,3.3368014646180586,4.331205820553804,5.188821845273153,5.895916235109751,6.444296695842512,6.831550455900816,7.061064006792445,7.1418236012944005,7.088004371824217,6.918363963233127,6.655464000639165,6.324749251481561,6.586169863288641,7.738179140588957,8.822978089151064,9.811537664659223,10.677554094952594,11.398405027889014,11.955969510630037,12.337280777124505,12.53498716264693,12.547603744294564,12.379545247595821,12.040939059924806,11.547225535683106,10.91856084897052,10.179045139892644
0.0,1.3220683681936451,2.6124863057826775,3.8407341971245352,4.97851134025811,6.000740236350856,6.886449161550214,7.619499738022938,8.18913211061282,8.59030726579244,8.82383373692074,8.896274131192557,8.819635277624357,8.61085401394854,8.291098390907319,7.884911080082769,7.41922775964422,8.344467641885037,9.345595023485508,10.260360803649258,11.061484504835613,11.724927194518404,12.23078049880812,12.564002862560432,12.714975140164638,12.679854454147,12.460712912349322,12.06545593778458,11.50752332797962,10.805384404760034,9.981846427592625,9.063202526781717,8.078251497741736,8.348569591855844,8.829689552612892,9.228577330964962,9.519769552551734,9.680948255065577,9.693833459961276,9.54492573384709,9.226070317731839,8.73482117424836,8.074590898949275,7.254580572981091,6.289491991735989,5.199032969705366,4.007234281445721,2.74160395347876,1.4321508000423673,1.2704847721295376,1.4821237547189177,1.6423506080279016,1.7264431156058082,1.7126275650994638,1.5829792513778105,1.3241761259373188,0.9280766530786009,0.3920996210529659,-0.280608808683215,-1.081227435337226,-1.9955300085428043,-3.00436286298127,-4.084312282698789,-5.2085364561048175,-6.347730613787047,-6.442509790904174,-5.99910564511238,-5.5757590611065,-5.198403906137202,-4.890217642805506,-4.670705512133137,-4.554928425065443,-4.552904041227679,-4.66920391180787,-4.902762091179271,-5.246902563507398,-5.689584492603361,-6.213856002814068,-6.798499251481494,-7.418842261728294,-8.047706625380737,-7.7595507673167505,-6.793450576773795,-5.842153549713148,-4.933832677732061,-4.093991423782545,-3.34452921728556,-2.702947900846035,-2.1817291510740078,-1.787906379927826,-1.5228472137090914,-1.3822546261551274,-1.3563864750384007,-1.430484874985153,-1.5853988491629523,-1.7983763429301804,-2.043995233382204,-1.530315208183926,-0.22857619192930856,1.0348878441571157,2.2305141474058243,3.331430787552771,4.314405880575188,5.160658245787302,5.856498954369952,6.393779657486515,6.770130927882327,6.988981831053987,7.059360257189659,6.995481876947189,6.816143615946307,6.543944969211172,6.204367015343593,6.457394512496613,7.601513540131894,8.678955915274079,9.660721320869204,10.520532515844538,11.235791379369047,11.788398795515667,12.165407355472203,12.359482196490127,12.36915257677026,12.198844726694308,11.858694817313179,11.364149231228696,10.735367391724354,9.996449896384892
0.0,1.3097910198183746,2.587979551814804,3.8040937359138534,4.929880252021535,5.940308424447236,6.814452610911781,7.536219593639194,8.09489357966537,8.485478347727915,8.708823786420822,8.771532259652709,8.685648599383443,8.468145744117749,8.140225802226354,7.726463326781726,7.253823576808927,8.172752929309786,9.168240323448174,10.078058682458058,10.874946848372502,11.534882428339925,12.037970743659205,12.36918103640877,12.518902018072128,12.483295697459406,12.264436078805115,11.870227484218386,11.314105617324689,10.614532729037293,9.79430605851151,8.879705805470088,7.899514974969449,8.175291229919326,8.662545999807316,9.068221279287128,9.366827188951794,9.53601681620039,9.55747889999805,9.417680514424466,9.108431328708589,8.627247793359121,7.97750319794433,7.168357677255168,6.21447059985171,5.135506038592568,3.9554498824109094,2.701764303491969,1.4044114720842191,1.2549540876820817,1.478862360772562,1.651371240256212,1.747710548632976,1.7460587500546458,1.6284436401991909,1.3814961811594961,0.9970285411125936,0.472414086251586,-0.1892453925878237,-0.9791718405297205,-1.8831807599368977,-2.8821586819884724,-3.9527303740306836,-5.068090644298874,-6.1989693367328,-6.286013958204999,-5.835486369645925,-5.405655272641978,-5.02247985632831,-4.709160311301941,-4.485221923939753,-4.365742889624753,-4.360755324006972,-4.474842349435869,-4.706946661397666,-5.050397921378995,-5.493157984550434,-6.018274670146998,-6.604526835118864,-7.227236219804954,-7.859215175389991,-7.574909964337055,-6.613381439189439,-5.667359243652882,-4.764995771220418,-3.9317712213263087,-3.1895591853037786,-2.5558331939972074,-2.043044249140094,-1.6581928444829948,-1.4026115733333584,-1.2719663984510943,-1.2564763331750615,-1.3413429659283866,-1.5073732701599714,-1.7317717821972285,-1.9890717803035927,-1.4872873376685545,-0.19761192689073415,1.0536675889265585,2.2370360374047014,3.3256693549402065,4.296383623622238,5.130445541021688,5.814213781757225,6.339587139720818,6.704242685585804,6.911655156402784,6.970897109193483,6.896227702305836,6.7064860000876925,6.42431212277853,6.075226102042074,6.319249824829021,7.454904530147246,8.524455088018904,9.498931998767585,10.352086482736958,11.06134641341001,11.60863610056409,11.981028901004914,12.171207976426084,12.177717797909708,12.004996937751953,11.663190989756462,11.167752803320406,10.538845287312549,9.800569530081688
0.0,1.2966997206773552,2.5618480747757544,3.765024123835393,4.878025070902732,5.875870167660649,6.737682908471168,7.447418229589701,7.994407321433243,8.373699592001124,8.586189026848391,8.638520382346364,8.542779012877583,8.31597635109024,7.979350820900515,7.557510970516879,7.077453600940672,7.989654054819534,8.979127547522458,9.88367048643982,10.676042314007244,11.332238273577747,11.83237828958783,12.161443117161626,12.309829845778241,12.2737056944774,12.055146689611366,11.662055979398861,11.107864902150798,10.411028169088198,9.594332334738773,8.684043810985564,7.708928765674396,7.990525040882458,8.484321339042788,8.897234110281182,9.203745212940241,9.381476864809567,9.412084448430953,9.281999324902996,8.98299323337422,8.512542625289736,7.873978878366525,7.076418466421455,6.134475518412875,5.06776746562972,3.9002323356018502,2.659283406175321,1.3748331112549044,1.2383937662061557,1.475384746350994,1.6609899128988967,1.7703879476290858,1.781706320646401,1.6769221793862956,1.4426163812838757,1.0705517291007465,0.558053155627829,-0.09182486055671157,-0.8703502709365019,-1.7633830986820307,-2.751852736375465,-3.8124249859885797,-4.918333703365415,-6.040345640557503,-6.119142928926852,-5.661019635063184,-5.224274121619566,-4.834892578379378,-4.516099430732472,-4.287441339356834,-4.164014929978634,-4.155867732663053,-4.267595208053713,-4.498149265629239,-4.840865620586468,-5.28370899788437,-5.809726891418076,-6.397694638940059,-7.022927281476093,-7.658227316942997,-7.378028039057984,-6.421374266783191,-5.480976608018715,-4.584965492561855,-3.7587963140288307,-3.024315112678683,-2.3989652306118394,-1.8951649610344687,-1.519879697112518,-1.2744046765785835,-1.154366397500195,-1.1499424535150884,-1.246291220079566,-1.424174833155716,-1.660751542153577,-1.9305070697380684,-1.4414068505226192,-0.1645948254848415,1.073692373517991,2.243990308826379,3.3195259569110496,4.277166545980081,5.0982298260434735,5.769125231120522,6.281801823250959,6.6339862537069845,6.82920195897799,6.876569124194143,6.790393278494736,6.589558418624936,6.296747983367457,5.937523539917186,6.171946565548554,7.29857578978637,8.359711326963263,9.32641653787855,10.17247299119744,10.875336278060706,11.416955687002883,11.784426717144763,11.970451749587635,11.973591476862543,11.798297631411419,11.454725854490412,10.958335891020859,10.32929436654047,9.591702892698262
0.0,1.2828144439678848,2.534131743065217,3.723584968805982,4.823024911568032,5.807523778465847,6.656257180603445,7.353231128773853,7.887826646282333,8.255141537770768,8.456116560203196,8.497441433484997,8.391244492076233,8.154577997409769,7.808718891458088,7.3783117793454105,6.890386917046788,7.795450369600577,8.77854522221321,9.677492790728113,10.465074367382588,11.117303901356955,11.614316805894786,11.941106047423593,12.08807760153729,12.051404213501748,11.83316405442693,11.441259027445561,10.889115840800912,10.195181208745026,9.382230353163287,8.476515061876794,7.506783644356452,7.794552919728144,8.295287484991366,8.715876696487364,9.030772436223803,9.21756418016194,9.257871931377919,9.138089172023468,8.849947410735489,8.390880673981998,7.764175885706048,6.97890321074477,6.049628794706557,4.995920598534102,3.841665885595406,2.6142260739919907,1.3434608448126286,1.2208290735340188,1.4716962171979926,1.671191950892438,1.7944407140291305,1.8195158899148913,1.7283409059643702,1.5074434761446178,1.148534043826038,0.6488861709475042,0.011504154376369424,-0.7549287539820684,-1.6363197982599083,-2.6136438319546214,-3.663610180383081,-4.7594941152064845,-5.872101535037703,-5.942151295677778,-5.4759716226250195,-5.031892338520817,-4.635928271366037,-4.311329551165553,-4.077665509233926,-3.950052319427123,-3.938553861098302,-4.047778681493622,-4.276688462905907,-4.6186253413952265,-5.061557085759473,-5.5885308448222775,-6.178318223701674,-6.806227157801931,-7.4450496941785795,-7.169205371258162,-6.2177220019968775,-5.283290003981699,-4.394016511232371,-3.5753306070926234,-2.8490491097951365,-2.2325833417714858,-1.7383169039526254,-1.3731779600955094,-1.1384221267700148,-1.0296340438470146,-1.0369473731890149,-1.1454746564511558,-1.3359304727484436,-1.585423977306386,-1.8683904529796627,-1.392743745912132,-0.1295752614043768,1.0949316464201249,2.251366351644023,3.3130099663548505,4.2567839668537175,5.064060251882243,5.721302093380286,6.22051187026117,6.559468821422451,6.7417480363770945,6.776520216973112,6.6781400754952,6.465539266202369,6.161447173658033,5.791469419687357,6.01570947301223,7.1327658274464,8.184975979174219,9.143438142434178,9.981966074816174,10.678044766174132,11.213649998742838,11.575900756873121,11.757519806716761,11.757085046072563,11.579062165681284,11.233617463622117,10.736217998548982,10.107034338081746,9.370168648907416
0.0,1.2681563742468407,2.5048728430717033,3.6798394939183283,4.764963686929512,5.735373531916152,6.570299657311322,7.253801991028251,7.775314162738344,8.12998506726884,8.318804836082268,8.348510655089266,8.231276230908183,7.984196926105909,7.62859034445567,7.1891391547656935,6.692908929940424,7.590438167281148,8.566799372943473,9.45984015751806,10.242364879107097,10.890407233801714,11.384118985690964,11.708505992132809,11.853983609397764,11.81673041654313,11.598826848804276,11.208173494931966,10.658192175412761,9.967321162453853,9.158323714573607,8.257436181620651,7.293388020772918,7.587673858160601,8.095732843747985,8.52442573217169,8.848172760754402,9.044528841363848,9.095076628546153,8.986169617331734,8.709496846793751,8.262447557236777,7.648261744729741,6.875960687777303,5.960059878097129,4.920075052985279,3.7798398863394453,2.5666610502329004,1.3103425369502861,1.2022868078518885,1.4678024008467545,1.6819617891416156,1.8198321508908375,1.8594297723715643,1.782621371159181,1.5758785600225935,1.2308565088491594,0.7447745496515732,0.12058400469457631,-0.6330833865308847,-1.50218471722813,-2.467742831963161,-3.5065130017145947,-4.591814218981761,-5.694493707663117,-5.755309091918385,-5.28062465728804,-4.828803437325428,-4.425890492125264,-4.09516308691248,-3.856214485385456,-3.72418149749229,-3.7091452618030805,-3.8157281405088694,-4.042902132628242,-4.384016152441309,-4.827041181991486,-5.355024005825746,-5.94673228868579,-6.577466464886944,-7.220007548974799,-6.948760558526662,-6.0027353540138115,-5.074601039006685,-4.1924401552076525,-3.3816540113747005,-2.6640285773455705,-2.056941373810017,-1.5727393786053692,-1.2183114540555562,-0.9948713904292759,-0.8979596397588869,-0.9176634870836033,-1.039047089351004,-1.2427748220255068,-1.5059040137831876,-1.8028167004120175,-1.3413722684005254,-0.09260666346913182,1.1173530031952061,2.259152912340556,3.3061313246199484,4.2352669836361505,5.027988950541008,5.67081733157519,6.155810789906676,6.480804078852727,6.649426815728434,6.670903030636457,6.5596393563229665,6.334617756966984,6.018616120051314,5.637286573917027,5.850776915791478,6.957727616881585,8.000515635731743,8.950275979807696,9.780856387117034,10.46977288242901,10.999029216200702,11.35576916509687,11.532737014861421,11.528528826129932,11.347625024799092,11.000203158882705,10.501738007817249,9.872404300703579,9.136304790157645
0.0,1.2527478751097212,2.4741160146568495,3.633854440982498,4.703929980120331,5.659529506552577,6.47994148268932,7.149282513886037,7.657041529397422,7.99842112983135,8.174463348908407,8.19195526859751,8.063118290532469,7.805093085004788,7.439239999295786,6.990281714592761,6.48532092880273,7.37493023188071,8.344213057156116,9.231044656143546,10.00825363368202,10.651894443729436,11.142136038312493,11.463997825679176,11.607905023026447,11.57004234186778,11.352492597477324,10.963154996933243,10.41544622273351,9.72779567284447,8.922954029945126,8.02714141555459,7.06906746940241,7.370203488438243,7.885961872813635,8.323173311177705,8.656224776097922,8.862634845817231,8.923946914269443,8.826472442196971,8.561855824852284,8.12743922351974,7.526413303891095,6.767747955370943,5.865905422527326,4.840346545386111,3.7148486648268797,2.516660904136119,1.2755287157697839,1.1827952588143527,1.4637092380340537,1.693282996266939,1.8465235188826365,1.9013870720090318,1.839680760085127,1.6478172225443446,1.3173935260290692,0.8455719962894643,0.23524826891841277,-0.505000066219059,-1.361182503453124,-2.3143723353522905,-3.341373130774967,-4.41554984137537,-5.507793132012422,-5.558901379975873,-5.075276776965681,-4.615317267701397,-4.205099692123296,-3.8679298398816147,-3.623426132292515,-3.486747071874382,-3.4679919400111,-3.571797621103687,-3.7971469590679727,-4.137395993419495,-4.580519083951387,-5.109562632284589,-5.703290161054329,-6.336994219463871,-6.983444224732336,-6.717029930183476,-5.776742324714501,-4.855228106694367,-3.9805439664883813,-3.1780620163308066,-2.4695357983607904,-1.8723073010241027,-1.3986850041213432,-1.0555164564809805,-0.8439714807458345,-0.7595440788846055,-0.7922727848215758,-0.9271708937101772,-1.1448500071556855,-1.4223129739908278,-1.7338858569186437,-1.2873707946748458,-0.05374543411040289,1.140922235917977,2.2673381110779722,3.2989005263461055,4.212648424463567,4.990070955459212,5.617747969543522,6.087797295648175,6.398112043606972,6.552379150123432,6.559878703729556,6.435071915734796,6.196993635887273,5.868472737727696,5.475210237044377,5.6774005289968175,6.773728211245058,7.806611724994737,8.747224754592057,9.569450758111891,10.250838384091507,10.773420783061605,11.124367793259522,11.296446321730812,11.288271521806069,11.104339308913806,10.754839056950164,10.255253661404659,9.62576222590887,8.890468119004701
0.0,1.2366124550708464,2.4419081830490508,3.5856999686989495,4.6400169093447845,5.580107416458659,6.385320514839199,7.039832161134259,7.533189193029225,7.8606504505697865,8.023312318307674,8.02801412819744,7.887027226977953,7.617539730130623,7.2409567449390755,6.782042852618467,6.267939627510509,7.1492553606001055,8.111125871429993,8.99145535644405,9.763097811097222,10.402129426500146,10.88873715348597,11.207954590477879,11.350217280804465,11.311716357743917,11.09453712889136,10.706577354469704,10.161248336595406,9.476970180337286,8.676480399249389,7.785982120923579,6.834164232720802,7.142473601818306,7.666294616589154,8.112426481283313,8.455221334394334,8.672159706442786,8.744743878567192,8.65924129418635,8.407249598587494,7.986061653005745,7.3988164655152415,6.654430112056492,5.767309078027394,4.7568567163159905,3.6467913771823914,2.464301920169074,1.239072496192081,1.1623841643832724,1.4594229736365483,1.7051382996737536,1.8744740953876735,1.9453237752091865,1.8994320180946576,1.7231497079794122,1.4080130671461801,0.9511247257198323,0.35532200551246174,-0.3708742078331273,-1.2135282818819864,-2.153766337171353,-3.1684425189701253,-4.230969906284972,-5.3122846543329505,-5.353227816128745,-4.860241277816265,-4.3917595422720686,-3.973892728547678,-3.6299764964045944,-3.3796556116281202,-3.2381112926890716,-3.2154618197017375,-3.316359284385884,-3.5397978871801823,-3.879141128980118,-4.322366906679354,-4.852521220907639,-5.448363256783153,-6.0851773064041605,-6.735720642540658,-6.474367034146954,-5.540087708249123,-4.625505901012977,-3.7586512318880634,-2.964865239191626,-2.265867507535023,-1.6789628168288804,-1.216419332629839,-0.8850413412398459,-0.6859526234318865,-0.6145985397540192,-0.6609665731027929,-0.810016757349981,-1.0423054305494401,-1.334778391515707,-1.6617030892459554,-1.230821713967626,-0.013050863318651906,1.1656033853661891,2.275909459822232,3.291328603452995,4.1889627981299435,4.9503641175490305,5.562174974409088,6.016575154646215,6.311518877673931,6.450753103719169,6.44361662439046,6.304627804392656,6.0528768740053485,5.711246098177011,5.305487686487694,5.495844830361964,6.581048335649875,7.603560083230037,8.534594258973584,9.348071726174703,10.021575296217764,10.537168906703176,10.88204968693775,11.049008232465228,11.036679690040032,10.849576195366247,10.497899506127506,9.997141016754306,9.367484411784519,8.633033704743312
0.0,1.2197747316967726,2.408298487250349,3.5354495456184587,4.573321985809265,5.497228434717233,6.286581115541939,6.92561791952238,7.403946113272013,7.716883224127866,7.865582353123651,7.85693735640991,7.703271699719666,7.42182300880312,7.034043099150763,6.5647402757281546,6.041096681430636,6.9137578621806295,7.867893433362548,8.741437796194068,9.507271441887054,10.141493244826822,10.624308938061258,10.9407669278242,11.081313533026607,11.042146588222364,10.825354001807243,10.438832024173717,9.89598634287255,9.215227365596391,8.419278863580669,7.534326230819657,6.589036699047047,6.904831642347936,7.437066218088317,7.892506775742621,8.245469103557598,8.473394028282684,8.557740928803314,8.484731315335626,8.245914048382787,7.83853054331799,7.265665902170575,6.536180045155325,5.664421271550403,4.669732944945649,3.575771857381432,2.409663981642489,1.2010294989205543,1.1410846654570213,1.4549501471430664,1.7175096119047786,1.9036412366336917,1.991172848407815,1.9617839835962345,1.8017610826929986,1.5025768753358189,1.0612716977382268,0.4806220197910469,-0.23091044516866388,-1.0594473263295976,-1.9861698715651075,-2.987985003921618,-4.038356024528641,-5.108266558955077,-5.138602193425755,-4.635846236251782,-4.158471339681302,-3.7326223503693314,-3.381666098302221,-3.125274840392418,-2.978653499787917,-2.9519401822639604,-3.049802848766265,-3.271247550555454,-3.6096455746677707,-4.052978509051719,-4.5842919358924865,-5.182340513998307,-5.822399918967257,-6.47721475052615,-6.2211420975310805,-5.293132564990307,-4.385784905660752,-3.527100489799204,-2.742388951058758,-2.053334438502268,-1.4772029039825618,-1.0262204441119196,-0.7071461996396953,-0.5210559054704595,-0.4633441635861346,-0.5239451838305125,-0.6877634205661276,-0.9352975429179098,-1.2434338165477103,-1.58637852555195,-1.1718113023568768,0.029414961814335783,1.191358795883048,2.2848538813960646,3.283427108308968,4.1642462414375006,4.908929016933117,5.504183133050889,5.942253029445198,6.221156694938497,6.344703725839131,6.322294171916964,6.168506038906283,5.902487348087293,5.547176079707615,5.128377865377951,5.306386816673122,6.3799819588709505,7.3916705032594905,8.312708900086722,9.117057045949588,9.782333402036913,10.290634033043544,10.629184547205082,10.790800259618816,10.77413718068814,10.58372437238943,10.22977651520521,9.727793872428194,9.097964908889104,8.36439431116963
0.0,1.2022603940476437,2.3733382050658003,3.483179838052265,4.50394696495089,5.411019008538489,6.183873930007156,6.806814043993115,7.269509474339783,7.56733879399073,7.701514099581015,7.678985962480764,7.512132061789108,7.218241523066844,6.818814746953883,6.338705519180072,5.8051381814184815,6.668797031597392,7.614886839009445,8.481373423407657,9.241164836477637,9.870383547393786,10.349254826171281,10.662842481897998,10.801604042077885,10.761744311827437,10.545353904854771,10.16032750105024,9.620064947780815,8.942966565679455,8.151741831435773,7.272557692831983,6.334058855755538,6.65764017677407,7.198626407615212,7.663749722727514,8.027288099397069,8.266641065128864,8.363223372552763,8.303208752882787,8.078095321449421,7.685070980441417,7.127164759659762,6.4131781670078265,5.55739897746812,4.579108154696673,3.5018984588322994,2.352830448833628,1.1614577655813338,1.1189292583592882,1.4502975826774076,1.7303780582358663,1.9339804427539904,2.03886434036669,2.026641527138194,1.8835314104984757,1.6009406760246336,1.1758448627736948,0.6109571434155932,-0.08532231882359609,-0.8991747157817707,-1.8118386379288456,-2.800275906933547,-3.8380020641954875,-4.896050113204328,-4.915351962936593,-4.402434008396667,-3.9158085842149415,-3.4816566601587904,-3.1233774889970554,-2.8606719234845377,-2.708769544005292,-2.6778290786783523,-2.7725349953711422,-2.9919056723847395,-3.329320495777748,-3.7727648928764412,-4.305284010606492,-4.905627799579012,-5.549062972642763,-6.208320947222388,-5.957741461795572,-5.036253670668772,-4.136430859338258,-3.2862450136904138,-2.5109725806435215,-1.832260849754701,-1.2673353845357047,-0.828378522138006,-0.522102443610176,-0.3495329072926574,-0.30601171689730755,-0.38141766846803504,-0.5605974034273733,-0.8239896045784267,-1.1484186121247029,-1.5080270873853459,-1.1104295911359803,0.07358725182078829,1.2181491728278768,2.2941577294306192,3.2752080961057786,4.138536464063331,4.86582887051842,5.443860922745062,5.864944312188578,6.1271633596175485,6.2343928144168075,6.196096446141692,6.026914298196562,5.746054505160501,5.376513001467687,4.944150987493191,5.109315541159178,6.170835844841341,7.171266261813733,8.081907205070966,8.87675917304367,9.533477709292107,10.034192296614457,10.366158166584565,10.522216347194377,10.501044550890045,10.307189446092808,9.950879155379344,9.447623167294747,8.817614919055913,8.084959797347446
0.0,1.1840961634837797,2.337080674869706,3.428970593103438,4.431997691190766,5.321610666341373,6.077355657035971,6.683601791824303,7.130084384181295,7.412245317835911,7.531357874135219,7.494431444162979,7.313899932043862,7.007105874118585,6.595600058993409,6.104283440787031,5.560424125792318,6.414746601888398,7.352492096708904,8.211659014368953,8.965183989696124,9.589213962170103,10.06399446371864,10.374605277827147,10.51151555650239,10.470937334075517,10.254964029951221,9.871488695242158,9.333905120423672,8.660603164775207,7.874277480022316,7.001075883263795,6.069619718689218,6.401276341380811,6.951338969185988,7.426504333417395,7.801011197374208,8.05221625685329,8.16148798231206,8.114950553058668,7.904049456283435,7.525917095312421,6.983524347083261,6.285612139721,5.4464054780775815,4.485120610442262,3.425283889062976,2.2938880318047747,1.120417670170069,1.095951745259927,1.4454723785868793,1.7437240054728842,1.9654454256802,2.088325488897121,2.093905696546314,1.9683359356422119,1.702954397048134,1.2946694182794758,0.7461285260572743,0.06566804959746353,-0.7329549757387928,-1.6310386107916814,-2.6056016129390116,-3.6302137022955616,-4.675959092505518,-4.683817734164735,-4.160360707760238,-3.6641415027725106,-3.2213785524776637,-2.855504735517725,-2.5862505615768105,-2.428871183214745,-2.393546716113993,-2.484978747575086,-2.702198440350869,-3.0385935800473636,-3.482153575833856,-4.015923123225617,-4.61864728993269,-5.265583493479722,-5.929449479842243,-5.684566993310538,-4.7698429415322945,-3.8778241977463743,-3.0364522731224057,-2.2709691964056926,-1.6029840299263798,-1.049680450191751,-0.6231954111391746,-0.33019239161395886,-0.1716453189451861,-0.14284123942424864,-0.23360147909204088,-0.42871272120466086,-0.7085514363707179,-1.0498777415084488,-1.426768314351509,-1.0467702294543038,0.11939861370526028,1.245933642527358,2.3038068091855264,3.26668410646616,4.111872691026316,4.821129435547107,5.381300376176437,5.784766951618183,6.0296822759226005,6.119988669143021,6.06521598502809,5.880068606642923,5.583817012449817,5.1995172415370785,4.753088124997443,4.904931672487552,5.953929084627145,6.942683626313755,7.842541304585121,8.627544726290875,9.275387893353697,9.768234946698495,10.093371840450937,10.24366626960895,10.217818453944764,10.020393321635147,9.661632936137819,9.157056353565569,8.526862168028508,7.795156492292409
0.0,1.1653097528973007,2.299581214228055,3.3729045169979246,4.357583936448758,5.229139817082667,5.967188809948031,6.556169146087412,6.985883561549973,7.251839419436607,7.355373281568463,7.303555373496641,7.108877750249107,6.788738188427805,6.364739590546118,5.861831694772054,5.307327871089328,6.1519941739557,7.081109538154621,7.9327060682766,8.679749961350542,9.298413465343637,9.76896306812821,10.076495074758803,10.211490659919495,10.170169334778636,9.954627420541112,9.572756283751307,9.037943450526019,8.368567960458059,7.587309132508923,6.720294997810018,5.7961227386439855,6.136131266598312,6.69558118550909,7.181132569518088,7.566983624739517,7.830446748146115,7.952842542717991,7.9202439385542664,7.72404199203158,7.361311706608822,6.834963814448217,6.153676588855225,5.331610114483761,4.387913707558585,3.3460450377649567,2.2329266581110048,1.0779718269402372,1.072187182603496,1.4404818966124564,1.7575270919057824,1.9979881797632872,2.139480831872125,2.1634738678936505,2.0560452731415433,1.8084623976135221,1.417564075426605,0.8859299387799551,0.2218302963707921,-0.5610417051465637,-1.4440456340232362,-2.404259133566944,-3.4153079583930506,-4.448329286403478,-4.444352755384671,-3.9099956619196883,-3.40385406001762,-2.952185129702188,-2.5784565272768103,-2.3024294351947505,-2.139385454116233,-2.099526819876107,-2.187572825600551,-2.402567856400449,-2.7379083851392307,-3.1815879392194053,-3.716650747283663,-4.3218368268867975,-4.972393981836284,-5.641025818369912,-5.40203547023504,-4.494306836405009,-3.610359473161296,-2.7781033731052402,-2.02274496788229,-1.3658537831970765,-0.824570173795391,-0.4109841558876801,-0.1317088379177247,0.012335459166191498,0.025918322100972446,-0.08072213662924366,-0.29231058836495727,-0.589159160563814,-0.947961547016352,-1.3427261817326843,-0.9809303414381092,0.1667791537651081,1.2746698146358781,2.3137863992055947,3.257868144312314,4.0842956028421025,4.774898909271729,5.31659694102566,5.701843273121604,5.928862169270165,6.001665834693635,5.9298524709181475,5.728193004498218,5.416022393246555,5.016458839672412,4.555480779613165,4.693547036038554,5.729592609595086,6.70627134183279,7.59497639556688,8.369793928407134,9.008457717954274,9.493167750405966,9.811241754780333,9.955575006507175,9.92489100362902,9.723773559530212,9.362479156066989,8.856536744638072,8.226150252886027,7.4954265445282795
0.0,1.1459298244309866,2.260897035501354,3.3150671489009147,4.2808192326661265,5.133747542139906,5.853541468637378,6.42471052884461,6.837127011462114,7.086365827648365,7.173828818914603,7.106648967218739,6.897378315649842,6.563471626273158,6.126585561940551,5.61172018610073,5.046235562441174,5.8809406252085585,6.8011532076157515,7.6449401794256335,8.385298233825196,8.998425726838573,9.46461076434249,9.768966694925513,9.901987095780717,9.859899191128893,9.644802295651512,9.264586038104227,8.732631482335805,8.067306506426759,7.291274612167474,6.430643419625153,5.5139851858299185,5.86260948026098,6.431743262370722,6.928008791022354,7.325562433824544,7.601670889395965,7.737605380965235,7.71938597030943,7.53834756336226,7.191505950285074,6.681709818314609,6.0175728064869904,5.213188028238402,4.287635753148633,3.2643027984564146,2.170039335599072,1.034184994873522,1.047671827624172,1.4353337506570842,1.7717662583741465,2.03155905501505,2.1922523223578505,2.2352399020723137,2.146525606185483,1.9173037057584992,1.5443413356935394,1.030148088680562,0.38292616711600713,-0.38369718948451714,-1.2511449999828104,-2.196555653995956,-3.193612710934328,-4.213507986254025,-4.197322374696349,-3.6517208490425865,-3.135343372568892,-2.674487096170138,-2.2926555525395877,-2.0096415659425073,-1.8407540207126813,-1.796217971677915,-1.880770977169063,-2.09347106238817,-2.4277236619120455,-2.8715265514835013,-3.4079234781227745,-4.015649249680172,-4.669941752520439,-5.343490006427789,-5.110577946644947,-4.210065736559317,-3.334444752472085,-2.5115924726521732,-1.7666786070282505,-1.1212318956013272,-0.5923480026940373,-0.19206852388927187,0.0730453941196223,0.20212873034815226,0.20000949376519506,0.07698711321747753,-0.1515991115813793,-0.46599493214896603,-0.8428255206464548,-1.2560289113407805,-0.9130103780097407,0.21565658422625422,1.3043138468098379,2.324081273781117,3.2487736600244936,4.05584727345746,4.727207824907712,5.24984933434611,5.616299792102193,5.824856859373626,5.879604834429381,5.79021242588008,5.571519206073885,5.242926649265955,4.8276170853115055,4.3516304378814805,4.475484138158116,5.498168686515528,6.46239009902122,7.339590184057369,8.103900025890313,8.733094434429288,9.209410373602152,9.520198351181643,9.658382094376277,9.6227091149278,9.417782708067293,9.053874229569072,8.546522838738921,7.915937965253821,7.186227247507618
0.0,1.1259859457488792,2.2210871585565894,3.2555467304110235,4.201820698591563,5.035579380065648,5.736587023135504,6.28942650452196,6.684041689538562,6.916077003029965,6.987001465817277,6.904012642458188,6.6797243097378,6.3316498734448725,5.881501321179785,5.354330506122802,4.777545544438207,5.601999497950836,6.513050230235818,7.348800387884699,8.082278047671775,8.689708433414904,9.151401898072782,9.452489329729817,9.583477068997441,9.54060027759645,9.325961350794188,8.947448128988427,8.418435025709814,7.7572784327298345,6.986625574392741,6.132563065745572,5.223637513248409,5.581128290425477,6.160227733303778,6.6675191850544895,7.077115957292536,7.366237720473866,7.516104881139368,7.512683094291463,7.347249481459559,7.016758896417932,6.523996175988756,5.877508444100606,5.0913198941291995,4.184439739772307,3.1801818840367844,2.105322010506742,0.989123978878014,1.022443083028634,1.4300357951692613,1.7864197803968414,2.0661068328583525,2.246559447688612,2.3090943067283005,2.2396388902970124,2.0293122639437584,1.6748077769298204,1.178562944306845,0.5487098802971784,-0.2011920006006256,-1.052631014253143,-1.9828080642865473,-2.9654661970087535,-3.971853455366784,-3.9431034826191014,-3.385930315108558,-2.8590191031251244,-2.388708131575416,-1.9985378535349274,-1.7083336558483442,-1.533432500469885,-1.4840829252462915,-1.5650412852251758,-1.7753796426223816,-2.1085126545113235,-2.552442468600565,-3.0902123362728195,-3.7005517040730425,-4.358688252328578,-5.037295989908561,-4.810639094880246,-3.917553304346534,-3.0505009945991866,-2.2373261834172014,-1.5031607904213127,-0.8694915830569414,-0.35336823474539614,0.03321748858399909,0.28375791405998063,0.3974449298745206,0.3791666672982279,0.23928565582852812,-0.006792972227986915,-0.33924666092852607,-0.7346300668456456,-1.1668087758912895,-0.8431139636311695,0.2659563335315541,1.334820511597254,2.3346757261775033,3.239414528919965,4.026571106058693,4.678128944021883,5.18115939195278,5.52826702095643,5.717825025562835,5.7539918949740905,5.6465088966207215,5.410286246216934,5.0647938700692325,4.633280091465698,4.141848111188708,4.251075674114729,5.26001039537123,6.211411983806296,7.076772308940751,7.830268689049977,8.449718160379831,8.917395740629429,9.220685670178241,9.352540955951882,9.311733822182898,9.102887612865123,8.73628899051758,8.227487619400215,7.596698591332002,6.868030341926065
0.0,1.1055085449253435,2.1802123207215134,3.1944340709314236,4.120708861094884,4.934785104541504,5.616503909072802,6.15052347391131,6.526861155741946,6.741232752668166,6.795176261946255,6.695955558393962,6.456247803941178,6.093626616888548,5.629860789586867,5.090055350384003,4.501667753381147,5.315596368445752,6.217240160374345,7.0447385096592505,7.771151716209838,8.372732590382672,8.829814327353949,9.127545823906003,9.256446525505032,9.212759743709267,8.998591036781207,8.621826408920079,8.095833445434595,7.438956744514984,6.673826817618588,5.826508712863367,4.925522699956532,5.292117148690117,5.881448845448515,6.4000611766704765,6.822023246178855,7.124506438208384,7.288678983206234,7.300450673955145,7.151039301779656,6.837337153947157,6.362063508791795,5.733697195777475,4.96619164452701,4.0784831120279845,3.0938106365141786,2.0388734210790673,0.942857527864972,0.9965394399313194,1.4245961131596263,1.8014653013167232,2.101578804270536,2.30231935230384,2.3849244033123234,2.335243063945449,2.1443171824044596,1.8087643484573253,1.330948071356036,0.7189285022080001,-0.013804583904022394,-0.8488065466228307,-1.7633424759067389,-2.731216496305465,-3.723734382408271,-3.6820839370754697,-3.1130295727192854,-2.5753028354491114,-2.095284244566353,-1.6965521611922552,-1.3989654058381067,-1.2178897691878308,-1.1635979003053998,-1.2408654537893984,-1.4487789043760473,-1.7807623783479638,-2.224822512334678,-2.7640020488224906,-3.3770249296297994,-4.039108356023086,-4.722910924396819,-4.502676527115175,-3.617215821564797,-2.7589614082437635,-1.9557229493338055,-1.2325935632126752,-0.6110169219551196,-0.10799547777058338,0.26453016606684177,0.5001072409954199,0.5979860667707917,0.5631165053073715,0.40592587476968145,0.1418869011563446,-0.20910772482480344,-0.6235402577830178,-1.0752018971968023,-0.7713477382057194,0.3176016601134922,1.3661432654405978,2.3455535925988076,3.229805030083644,3.996511766852056,4.627737145521257,5.110631913052915,5.437879269953127,5.607929964689449,5.625018662091554,5.498961129443387,5.244740115618079,4.881895830146126,4.433744355150185,3.9264538612609954,4.020664020511305,5.015481090668561,5.953719909706271,6.806923747478069,7.549317393082337,8.158761238705573,8.617569373801153,8.913160673742071,9.038518208437806,8.992439575699807,8.779568704612572,8.410207973913208,7.899917833835666,7.268919189809844,6.541321295994699
0.0,1.084528864021414,2.138334884118615,3.131822409123305,4.037607471281005,4.8315184958707,5.493475335442007,6.0082133592677165,6.365825218037774,6.562099833793947,6.598645872116714,6.482795144575594,6.227289752988268,5.849765005090321,5.372047891318707,4.8192979194964,4.219023091847454,5.022168197620608,5.914174310985398,6.733218447362697,7.452393920182356,8.047981802996265,8.500338693483634,8.794631938851198,8.921394410862455,8.876877770816412,8.66319081755428,8.288217674037533,7.765318929866851,7.112827100372258,6.353355574182019,5.512947303480425,4.620095575220583,4.996016994987054,5.595831927541946,6.1260428225125665,6.5606734915785445,6.87684584836445,7.055674667422033,7.083012509097475,6.950016379229066,6.653514463914277,6.196158874947362,5.586358472166258,4.837994185711633,3.969927526341672,3.005320831195923,1.9707949469249373,0.8954562298596472,0.9700004191291134,1.4190230038688312,1.8168798664098538,2.1379208502007785,2.359446964159564,2.462614498991774,2.4331922652875817,2.262142999874166,1.9460066747588813,1.4870709781422478,0.8933223328689279,0.17817916645495346,-0.6399825690024681,-1.5384937241887224,-2.4912210000534456,-3.4695293188991623,-3.414661971642235,-2.833434982414059,-2.2846274311636554,-1.7946631075338906,-1.3871592105195467,-1.0820088143764588,-0.8946072456439667,-0.8352518560154487,-0.9087380730296415,-1.1141671374607598,-1.444972877066192,-1.8891665275029648,-2.4297903098784994,-3.045562526261909,-3.711689641823088,-4.400814462436838,-4.187160097186236,-3.309511508573658,-2.4602707909477237,-1.6672124082013657,-0.9553897257327755,-0.3462022631809014,0.1433959067225259,0.5015165983022216,0.7217632940267484,0.8034461784544646,0.7515783583041515,0.576653529576737,0.29421366993525977,-0.07577667484628736,-0.5097255815017556,-0.9813480384880158,-0.6978211943791754,0.3705137694776337,1.3982343196875995,2.35669827684859,3.2199598245827095,3.965715116917197,4.576109311411415,5.0383745003554425,5.345274442318285,5.495339341987389,5.492881908294467,5.347794235747099,5.07513338550747,4.694511574272661,4.22931430502299,3.7057763118509732,3.784600712926359,4.764953847073008,5.689707033625019,6.530456203542288,7.261474781134636,7.860667577985717,8.310388713674993,8.59809254811367,8.716792951595224,8.665313517886029,8.4483192660828,8.076128676636094,7.564313250317715,6.93309984876769,6.206598564768511
0.0,1.0630789114192551,2.095518740520176,3.0678072706530637,3.9526433156847496,4.725937106357787,5.367689005079019,5.86271328098287,6.20117956652304,6.378951546795041,6.397710139774958,6.264856616625717,5.993199474717986,5.600437094026702,5.108455967618788,4.54247130398131,3.930042786526634,4.7221626644021,5.6043150650562445,6.4147154824472,7.126490983542483,7.715951538625211,8.163477672458251,8.454255596249697,8.578831909018573,8.533466808968948,8.320272408160186,7.947130906146966,7.427395740009102,6.779387071372097,6.025700782217011,5.192357233501315,4.307822124589948,4.693279584846891,5.303812741000215,5.845882188243443,6.293465430863357,6.623633802961985,6.817447424950799,6.860700341841212,6.7444874114433855,6.465571281820022,6.026535392648588,5.435717065731366,4.706923106608995,3.8589386043302376,2.914847475640962,1.9011904543437437,0.8469924043062004,0.9428665108050642,1.413324970105514,1.8326399579071755,2.1750775241387106,2.4178551245215396,2.542046063161526,2.5333370547068776,2.3826099512834427,2.0863253672909017,1.646693470305522,1.071625302247512,0.37446634376914245,-0.42647768097950145,-1.3086048574756608,-2.245845865755136,-3.2096261016639636,-3.1412455879714702,-2.547573117434797,-1.9874363693411403,-1.487303373604592,-1.0708310376668986,-0.7579474573459652,-0.5640781570998539,-0.49954574497509396,-0.5691658646724802,-0.7720548539935135,-1.1016564596345297,-1.5459866193699185,-2.0880870212412104,-2.7066702011499872,-3.3769316475137323,-4.071498021733939,-3.864571183743302,-2.9949098251942172,-2.1548848504728335,-1.3722347361932616,-0.671972203688068,-0.0754516304579842,0.40042237469698705,0.7438152186712039,0.9483878958629495,1.013511797537526,0.9442646928869993,0.7512081436463509,0.4499549314592013,0.06054306783862473,-0.393359683333788,-0.8853903911790855,-0.6226465104885108,0.42461193441819267,1.4310447135016715,2.3680927756504797,3.2098939330984404,3.934228142237603,4.523324209498791,4.964497395903148,5.250593823838221,5.380224935268535,5.35778323263159,5.193238848577523,4.901724822310577,4.502926991776758,4.0203018369227745,3.4801521473614687,3.5432459095814948,4.508810890214805,5.419776156018498,6.24779147948793,6.96718001033079,7.555891975214408,7.996322421142783,8.275961987971815,8.38785603678742,8.330854740025288,8.109644679539183,7.734560798422351,7.22118589568865,6.589752922700136,5.864372829661068
0.0,1.0411914129874562,2.0518292138695573,3.002486322450231,3.865946022834555,4.61820201993347,5.239336828287515,5.714245226327787,6.0331753985805605,6.192067318245659,6.192675629531798,6.0424724800635,5.754334117130924,5.346023279524404,4.839487176702381,4.259997854023336,3.6351677303041923,4.4160374826993545,5.288135170156603,6.089715550073935,6.7939401314764485,7.37714837082707,7.819745208047802,8.10693610314452,8.229281662406537,8.183050795082625,7.970358994034833,7.599086496176527,7.082579440166291,6.439145381928665,5.691362339688991,4.865227622351872,3.9891787789499826,4.384366800162097,5.005836815083989,5.560006710709746,6.020806739334166,6.365256623792772,6.574360715496895,6.633853350500932,6.534765970863343,6.2737943497376,5.853451853879506,5.282002807790494,4.5731783803840775,3.7456856801150185,2.8225286036808668,1.830166137858134,0.7975399917310185,0.9151791127531246,1.4075107052736937,1.8487215308752165,2.212992136708322,2.477454720942016,2.6230979082842896,2.6355246428112498,2.5055342420247095,2.2295063439443235,1.8095720142213683,1.2535653761974244,0.5747574756579006,-0.20861762373565362,-1.0740266137380121,-1.9954654585454612,-2.944421261114225,-2.8622519333085794,-2.2558801129096926,-1.6841830698942053,-1.173673976880485,-0.7480502597480965,-0.42727575026266873,-0.22680678679178223,-0.1569917489256265,-0.2226669089054667,-0.4229640095160785,-0.7513369187237426,-1.1958063723361287,-1.7394135144551583,-2.3608649971939917,-3.03534510830894,-3.7354640354059248,-3.535401955817484,-2.673890754461358,-1.843269509534274,-1.0712399762867357,-0.38277340290966366,0.20082189606417034,0.6626917847541316,0.9910563558296825,1.1796352887731674,1.227862430078909,1.1408815304266193,0.929323401641255,0.6088730736386212,0.1996435222582298,-0.2746201009717293,-0.7874753564026462,-0.5459383794130919,0.47981361818231105,1.4645243885607173,2.379719704589819,3.1996227130093837,3.902098882014792,4.469462373215824,4.889113312878054,5.15398186730198,5.262762372843906,5.21992875311112,5.035530770753624,4.724778992852169,4.307434380361199,3.8070258380140625,3.2499255991711933,3.296967841853445,4.2474430135330605,5.144339106348176,5.959360832613584,6.666882081755993,7.244899421923808,7.675849662401679,7.947260463044911,8.052209318095276,7.989573520821491,7.764061655681237,7.386025464222878,6.871059274168973,6.23940225082451,5.515166219305594
0.0,1.0188997621516669,2.0073329606174464,2.9359592236985197,3.7776478654801755,4.508477606391293,5.108614630044299,5.56303571077019,5.862069035630921,6.001732274589586,5.9838551594415605,5.8159820230060015,5.511058113494033,5.086911716896168,4.565551880189824,3.97230853509707,3.3348478095980156,4.104259703076719,4.966117017174829,5.758714497729164,6.455248731794599,7.0320892064758365,7.46966572767964,7.753203359638498,7.873276974556096,7.82616435357525,7.613984432787168,7.24461545022376,6.731396111357115,6.092621133646687,5.350850341708066,4.532057566737091,3.6646516876386146,4.069749944500769,4.702358767161197,5.268852545808136,5.7431134082369235,6.102108513015139,6.326785412780037,6.402817632103797,6.321172026322062,6.0784762588346535,5.677172329580024,5.125450217864449,4.436964059344875,3.630341541971302,2.7285050648237013,1.7578303581946342,0.74717444093277,0.8869804672181618,1.4015890801093742,1.8651000499010828,2.2516068421580817,2.5381548232172504,2.7056463747846076,2.739599123541522,2.6307283283648983,2.3753311556664487,1.9754581085563347,1.4388649714968493,0.778746980967588,0.013265216931477752,-0.8351168854579047,-1.7404617800285964,-2.6743194162680823,-2.5781066640570494,-1.9588010004484373,-1.3753302017998343,-0.8542534169933944,-0.41930933851898144,-0.09049819395380787,0.11669229544654369,0.1918875026769733,0.13023014604998373,-0.06742720665531143,-0.39454873156427306,-0.8391600511134758,-1.3843017554213946,-2.008674504168681,-2.6874511776304004,-3.3932251854284576,-3.200154621926271,-2.3469440703208853,-1.5259001949493862,-0.7646873516391208,-0.08823454963828326,0.482196810040481,0.9298039964177742,1.242862797710365,1.4151526621040529,1.4461710445572593,1.341128895584744,1.1107275558035452,0.7707256374651579,0.34131246495094714,-0.15368799360230279,-0.687752321647817,-0.467813833589485,0.5360346003951354,1.4986222654303578,2.3915613246368017,3.1891618349608377,3.869376355375632,4.4146059787523075,4.812337263636624,5.055585972111901,5.143130865570203,5.079528792229558,4.874910615106861,4.5445658607107005,4.108332000149442,3.589811700265912,3.0154479204461313,3.046142252469024,3.9812489820481094,4.863816114759038,5.665604317199167,6.361039155422543,6.9281643947535585,7.349459377897536,7.612489468283046,7.710364886646071,7.641990547874214,7.412097445306905,7.031054429130895,6.514467568654926,5.882582357867297,5.159511512951196
0.0,0.9962379689467533,1.9620978680251178,2.8683274737873092,3.687883558786153,4.396931270611125,4.975721851232093,5.409315432383277,5.6881215320667575,5.808236807127077,5.771567323740307,5.585730798521416,5.263742626330304,4.8234977287380705,4.287068017024003,3.6798422704495795,3.0295412179734673,3.787305000181785,4.6387519043414205,5.422217328717218,6.1109335208480005,6.6813004971249175,7.113773342327469,7.393597050433707,7.511360996440482,7.463351980698283,7.251692439700675,6.884258579407622,6.374381548680162,5.74034301333599,5.004684302284617,4.193355379176816,3.3347359767356424,3.7499090240459148,4.393841609104177,4.972863903048836,5.460809110091101,5.834590951725685,6.07509923869886,6.167945674354549,6.104031454873447,5.8799150029713285,5.497965766756884,4.966298145874263,4.298487963622878,3.5130821687078733,2.63292030936206,1.6842934769593252,0.6959725938713137,0.8583135964476036,1.3955691291465961,1.8817505265257666,2.290862726615331,2.5998628221183444,2.7895655197144,2.845401712034948,2.7580012035780883,2.5235773197453595,2.144098663402736,1.6272413793530072,0.9861236359921164,0.23883231772440716,-0.5922401735979899,-1.4812238854638993,-2.3997326574291353,-2.2892432963609077,-1.6567890291642218,-1.0613489772122928,-0.529529029065281,-0.08510982903598929,0.2518713951514675,0.465895018255424,0.5465597300298963,0.4889868904891932,0.29401311746061465,-0.03183624450240874,-0.4765917856055304,-1.0232935327851438,-1.6506360537878721,-2.3337806319916767,-3.045303620443918,-2.8593406638615892,-2.014568590388819,-1.203261112286168,-0.4530445649580108,0.21119498264794645,0.7682438220161045,1.2013514806224892,1.498850367029522,1.6545806905576455,1.6681045708179831,1.5447012739819728,1.2951438405561266,0.9352656869276785,0.4853337537514455,-0.030747865514508366,-0.5863734328419665,-0.38839206645683694,0.5931891055535696,1.5332863214950525,2.4035995692106416,3.178527258956383,3.836110486584598,4.358838719680427,4.734286384237142,4.955556259398568,5.021512933430509,4.936797556085861,4.711623437381826,4.3613603743389655,3.905923618634654,3.3689908240063073,2.777076850237893,2.7911518222401273,3.710634923971752,4.578635170940814,5.3669701131217575,6.050117851262039,6.60617013154893,7.017649536355854,7.2721597587347375,7.362844289323796,7.288636123273508,7.054289034893978,6.67018926709124,6.1519548257237195,5.519837638547843,4.797951327609628
0.0,0.973240608128202,1.9161929505898634,2.7996942574555623,3.5967900547989244,4.283733197152065,4.8408612443556,5.253318919873158,5.5115982769660095,5.611876128969236,5.556136006771421,5.352070097423975,5.01276498114171,4.5561832017918125,4.004460465827223,3.3830452714418415,2.7197137570843832,3.4656569470157574,4.306539287662732,5.080737431684581,5.761519815151589,6.325317435807955,6.752611031626291,7.0286658214426545,7.144085897799167,7.095167213807137,6.884035758195184,6.5185656747611365,6.012080443859427,5.382848486402015,4.653392361714625,3.8496378124810153,2.9999349936563564,3.425332015257261,4.080756040879462,4.672492367831884,5.174324552298925,5.563112087425637,5.8196861870463295,5.929595817850348,5.883675544606493,5.678413524055552,5.3161055781552795,4.804789407731476,4.157961364105037,3.394086461178798,2.53592016951312,1.6096676882608085,0.6440125684310813,0.8292222370530447,1.3894600369335857,1.8986475573686605,2.330699897970288,2.662484570683746,2.8747273089022167,2.9527709868808807,2.887158689361587,2.6740186592484356,2.3152363864141043,1.8184071967266895,1.1965710493022548,0.4677395343256425,-0.3457670314878263,-1.218147290190173,-2.121079917466499,-1.9961025446956917,-1.3503049741584083,-0.7427184325418603,-0.19999624018841056,0.25403838555882174,0.5993106689440659,0.8202686083169186,0.9064838150747625,0.853055974667777,0.6608055187903497,0.3362471575007153,-0.10865474073678216,-0.6569396313370581,-1.2872958999055577,-1.9748730612004926,-2.69223015912711,-2.513480056329759,-1.677271414912891,-0.8758445071181502,-0.13678708493430314,0.5150583588358235,1.0585265143868736,1.47691994147455,1.7586285074204664,1.897554082408551,1.8933244082333511,1.751288078316445,1.4822908947597755,1.102242185758823,0.63148765755548,0.09401271539578393,-0.4834933622239697,-0.3077942506052452,0.6511899338926652,1.5684636703282169,2.4158160717434836,3.1677352100079474,3.802352028875076,4.302245679264737,4.655079755727005,4.854045342983278,4.898094127066316,4.7919528075704285,4.5459183623584005,4.175442047579391,3.7005180472262396,3.1449001123096822,2.5351760676866473,2.532385586213398,3.436013711083575,4.289231371150569,5.063913842074327,5.7345925372104,6.279407894092147,6.680926375038423,6.9267905702956565,7.010177733052953,6.930049354526005,6.691182327327947,6.303980544629171,5.784074125589887,5.15172152700355,4.431037290192696
0.0,0.9499427664219369,1.8696882447506178,2.7301642873644285,3.504506333501153,4.1690560906044345,4.704238564205065,5.0952841747619555,5.332768589191822,5.412949824635832,5.337889888840159,5.115356412314868,4.7585080907293875,4.285375973792188,3.7181603966703065,3.082370356770813,2.4058381260065294,3.139806277153437,3.9699860189084872,4.734795797350591,5.40754070991671,5.964683140502906,6.38672981545659,6.658966442727516,6.7720120247008335,6.7221717868376025,6.5115753165145875,6.148094668423515,5.6450455542163755,5.020682976842969,4.297510480803999,3.501429271347824,2.6607595392019925,3.096514120372946,3.7635797324079516,4.368196212470124,4.884096820021604,5.2880861113163675,5.5609359376562075,5.688131709365937,5.660440489204041,5.474279249849134,5.131869225117158,4.6411704148775685,4.01559866010096,3.2735359693370976,2.4376526369246334,1.5340668475373491,0.5913736392378011,0.7997507732819599,1.3832711240200273,1.915765362885112,2.371057577252532,2.7259245278578477,2.961001812293039,3.061543136398974,3.018003732090828,2.8264256480970773,2.4886101753522323,2.0120707648187337,1.4097681444592547,0.6996376264534703,-0.09607349947626465,-0.9516333661938918,-1.8387863326552527,-1.6991316494770299,-1.0398164335229236,-0.41992469759621787,0.13384218644027657,0.5976178719587777,0.9512895445735672,1.1792724031990502,1.271110627073262,1.2218819438848767,1.032390387709205,0.7091398951601886,0.2640897275027272,-0.28579899168918255,-0.9192083851046575,-1.6112760451147194,-2.334543480323231,-2.1631004736339365,-1.3355671530973607,-0.5441499140127621,0.18360257917319567,0.8228919791634963,1.352602007235041,1.7560889483369135,2.0218008792995015,2.14370213682401,2.1214869423003595,1.960574122222194,1.6718831909815763,1.271400380437242,0.7795511915603173,0.2204034037953394,-0.3792690723631105,-0.2261433529045685,0.7099485944249837,1.6041006423802453,2.4281921937019972,3.1568021533815496,3.7681524870159238,4.244913200651912,4.574838222462565,4.751208096537437,4.7730627446857055,4.64521553412755,4.3780482037658395,3.987094533213999,3.492428670100938,2.917881456988992,2.2901146371613508,2.270238340125334,3.157804328818714,3.99604625439292,4.756897872430608,5.414944605471867,5.9483762185917115,6.339803627384769,6.576908827518278,6.652903275869857,6.5667773320467475,6.323331309026216,5.932986980859349,5.411386738279161,4.778795652423782,4.059329195903435
0.0,0.9263799889930326,1.8226547020344208,2.6598436443387183,3.41117319077207,4.053074912096988,4.566062253939306,4.93545230827247,5.151905306496819,5.211761392983726,5.1171619447510786,4.875950893686859,4.501359870989368,4.011489211235218,3.4286046132429404,2.7782762616107837,2.088393200047763,2.8102501360384187,3.6296055723157035,4.384920223639778,5.049536265715802,5.59994782550514,6.016687913261627,6.285062959044455,6.395707044631848,6.344934773276863,6.1348793719270995,5.773410782411526,5.273836859336452,4.654399035104678,3.9375816231612797,3.149261012287221,2.317727088238668,2.763957011886949,3.4427965947911323,4.060439697010053,4.590568709325103,5.0099326263741455,5.299243261874424,5.4439217470432455,5.434666875017171,5.267823624929883,4.945537794262645,4.475690798337752,3.87161705223713,3.1516146152467277,2.3382676368863056,1.457606297849354,0.5381361167103997,0.7699441693013281,1.3770118327368424,1.9330778266978845,2.411874191360563,2.7900859042565296,3.048257402180601,3.1715522085641914,3.1503367034611127,2.9805657612511793,2.663955516446914,2.2079366140494456,1.6253896498763187,0.9341727906925756,0.15645946878762773,-0.6820887297420275,-1.5532825940524526,-1.398783694712701,-0.7257971149329145,-0.09346025389954726,0.4714769185773773,0.9451044361327625,1.307271013187619,1.5423586762363048,1.6398838604076276,1.5949020859320022,1.408200802797102,1.0862730516603558,0.6410729285097556,0.08956214249229033,-0.5469350949449157,-1.243544318208061,-1.9727893011936943,-1.8087364846094112,-0.9899771379715276,-0.20868339439899342,0.5076356136948585,1.1342261865276173,1.650021634024477,2.038432577273891,2.287965964555231,2.392649309436554,2.3522440688881843,2.172240101144223,1.8636314711198125,1.442482188861197,0.9292984574692799,0.34823136732055626,-0.2738595766836614,-0.14356394689573132,0.76937543994996,1.6401428668613323,2.4407090530239066,3.145744769476493,3.7335640387314197,4.186928755138313,4.493684207738722,4.647201417294134,4.646609544779625,4.4968096105982,4.208269078568689,3.7966051901996343,3.2819729660773205,2.6882812169765398,2.0422664451838224,2.005110038068401,2.87643123702811,3.6995271287706477,4.446390613816655,5.091661738066203,5.6135801550732385,5.9948017392168245,6.223048339691049,6.291566006015624,6.1993742944716015,5.951297204729391,5.55777459505652,5.034461267307268,4.401628982180693,3.683394154165005
0.0,0.9025882252149924,1.775164080806745,2.5888396155209925,3.316933023577327,3.935966612361365,4.426543127067129,4.774067173468439,4.96928436925867,5.008617784163249,4.894288935793405,4.63421879892244,4.241712649075145,3.7349407790162648,3.1362348864288805,2.471226937728055,1.767863300135212,2.4774913224957995,3.285917261188796,4.031644510428535,4.688052684520143,5.231667961973814,5.643049892380461,5.907525829289062,6.015745080414554,5.964031717936674,5.754522643743719,5.395085666268802,4.899020706716687,4.284555495062714,3.574154926806254,2.793670333090998,1.971361000193797,2.4281680671549424,3.1188960420152183,3.749692360917286,4.2941880516128705,4.729076007168209,5.035007420262396,5.19733851833192,5.2066991614377365,5.059361635525313,4.757395568640436,4.308603027862678,3.726236211077185,3.0285084124754627,2.2379167995910447,1.3804026939022078,0.48438122453260923,0.7398479005964822,1.3706917127901672,1.9505585354425201,2.4530874670029523,2.8548708098372613,3.136360954029792,3.2826303641973045,3.283955705057495,3.1362038294690695,2.8410048879606076,2.4057059148520725,1.8431065950805476,1.1709872002865696,0.41144658756979724,-0.4099246210137517,-1.2650042903982883,-1.095516916739205,-0.40872611291810457,0.23617681667909163,0.8123928320135341,1.2959679230801373,1.6667119592382302,1.9089734721879326,2.01224088332771,1.9715472896145503,1.7876633957820176,1.4670712406426079,1.021719704710525,0.4685710883964296,-0.17104400116029628,-0.8722389232200458,-1.6075195446237023,-1.4509287370400032,-0.6410286309998057,0.13004323552288533,0.8348176463258665,1.4485859830320904,1.9503316261244277,2.323520060876862,2.556717679138681,2.6440157853063755,2.5852437253353973,2.3859630794966407,2.0572431877206823,1.6152265941005215,1.0805009881413645,0.4773015807788905,-0.1674256968605043,-0.06018202273075446,0.829379803827282,1.6765353546941637,2.4533475529260667,3.13457992837633,3.6986394550945008,4.128380808716346,4.411741527009548,4.542183986672411,4.518927455084537,4.346961457657584,4.036840016212997,3.6042646452487506,3.0694720242431517,2.4564496898893866,1.7920096299957191,1.737405182287112,2.5923237223865243,3.400126389033483,4.13286580246535,4.7652371627795915,5.275530496832264,5.646447074702587,5.86574898641362,5.9267172103032735,5.828400783063751,5.57564762124918,5.178915843088464,4.65387278217015,4.020796953764303,3.303805723390429
0.0,0.8786037738223327,1.727288836790842,2.517260530685189,3.2219296127160995,3.8179098617610343,4.285894045812353,4.611374993211599,4.785184399482024,4.803828931308997,4.669610895949423,4.390528935026164,3.9799625648300783,3.4561526028998797,2.84149728030279,2.1616908456367385,1.4447374538941518,2.14203752161961,2.939445445591121,3.6755076451347177,4.323641476367756,4.8604054289322205,5.266385806696096,5.5269310561558385,5.632705834276753,5.580043758853347,5.371085436477669,5.013696524908768,4.52116894769788,3.9117166214179977,3.2077848663583866,2.4351997530856355,1.6221897205745193,2.0896595942963287,2.7923722442596324,3.4364283067072887,3.9954070303762395,4.445944752398901,4.768631553451218,4.948758231538276,4.976885155361887,4.8492113289429195,4.5677295940014435,4.140162026739163,3.5796779419738645,2.904405182296808,2.13675322879507,1.3025738240679514,0.43019097573122006,0.7095078845898479,1.3643204066915113,1.9681808190658108,2.494634525707761,2.9201804032484606,3.2251780495827496,3.39460813303459,3.418656876388144,3.293102398101669,3.019488168342307,2.6050769335925597,2.0625868126182194,1.409719551068862,0.6684988268758252,-0.1355562766775098,-0.9743912435449282,-0.7897940050975124,-0.08908717791550913,0.5684835918417412,1.1560697964906583,1.6496730256802088,2.0290639891049547,2.2785574523990855,2.3876135963497376,2.351242913036152,2.170199226319294,1.850953484063653,1.405449309069936,0.8506495978010726,0.2078914048869096,-0.49792635518159867,-1.239291497161841,-1.0902231327999128,-0.2892540176468723,0.47151318565156486,1.1646495003825643,1.7654917546851823,2.253073805117454,2.610916445479599,2.827645992619594,2.8974180583992406,2.8201304275866463,2.601416983360604,2.252422950313528,1.78937004262621,1.232928096160107,0.6074171236958444,-0.06012981745593127,0.02387520504851587,0.8898701383056129,1.7132225824099225,2.4660884110401375,3.123324664110434,3.6634320200147314,4.069358687103244,4.329135198984927,4.436316028179415,4.390211278235486,4.195899696368523,3.8640225634290073,3.4103663494246255,2.855250054074623,2.2227405775855695,1.5397260046387389,1.467532206035068,2.3059152434363455,3.0983008263662715,3.8168017784441943,4.436168900654462,4.934743001124633,5.295271113290273,5.505555893910702,5.558913533027773,5.454422786504356,5.196955681479252,4.796988744028722,4.270201940969106,3.6368805968462166,2.921143035913178
0.0,0.8544632275301522,1.6791020125231397,2.4452155969595224,3.1263079034568917,3.699084777696619,4.144329596353121,4.447623984503181,4.599886275709123,4.597707277679531,4.443470613109768,4.145253095941364,3.716508966402807,3.1755500257940366,2.544841471577022,1.850140239875627,1.1195086495459494,1.8044005302053354,2.5907187323367484,3.3170529803926847,3.9568586179328786,4.486726656017462,4.887270326912889,5.143859307339589,5.247173703408777,5.19355674065422,4.98515275448256,4.629825237981833,4.1408580649996445,3.5364512488066717,2.839030407083264,2.0743961854187667,1.2707459747263754,1.7489480505734811,2.463723373949024,3.121125476614332,3.6946814913049044,4.160970831143675,4.500522067076104,4.698560141849972,4.7455754805463375,4.637693328330206,4.3768292408574325,3.970624782857576,3.4321658466639278,2.7794942671339196,2.0349312682298226,1.2242384306773415,0.37564804755004555,0.6789704105854267,1.3579076350463226,1.9859177915158945,2.5364519797552743,2.98591504263025,3.314573181938763,3.507314672286051,3.5542347059112185,3.451022089373461,3.1991330483479135,2.805745492919994,2.2834954448376554,1.6500056126989713,0.9272240059881115,0.14059770362929047,-0.6818868374269627,-0.48208139661461935,0.23263202178129627,0.9029530761624978,1.5019834692568066,2.005680101402218,2.3937742677707528,2.650546748175355,2.765429298997116,2.733409660321133,2.5552246652721737,2.2373340985849413,1.7916762911285489,1.235214739297405,0.5892929871731889,-0.12117769712213078,-0.8686669587764109,-0.7271699949794772,0.06481000487478927,0.8152054804435456,1.496627956388785,2.084460003139343,2.557786281835326,2.9001832547605053,3.10033755376366,3.1524695166958523,3.0565458125493072,2.8182730979703714,2.448872976083614,1.9646468464100524,1.3863472257898881,0.7383794807535597,0.04786436182802828,0.1084794915997126,0.950754154195613,1.7501485768596055,2.4789121888314005,3.111996148665434,3.6279954489438486,4.009952439458161,4.245991254891392,4.329759062959816,4.260657394558666,4.04385479937776,3.6900803851932604,3.215206130427508,2.639633890794851,1.9875104465265223,1.2858004744282303,1.1959028504345133,2.017642769266443,2.794510931469566,3.4986807558590947,4.104959006166308,4.591737602283445,4.9418096388381425,5.143018603341218,5.18871612670224,5.0780108773721775,4.8157991499902995,4.412575998281634,3.884034104509517,3.2504656468114312,2.535989914413727
0.0,0.8302034172051795,1.6306771259133486,2.3728147322108217,3.0302137843967323,3.5796726498034976,4.002065761431017,4.283063979782992,4.413672704487663,4.390567299967413,4.216213106087121,3.898765495309756,3.451753800967821,2.893561158810883,2.2467200635366527,1.5370504484965823,0.7926730837633805,1.4650954759092778,2.2402691685030325,2.956827405068391,3.5882637042807497,4.111201759287305,4.506281863790128,4.75889502961949,4.859736888357524,4.805160320743366,4.597313409420094,4.244057472110386,3.758668293189438,3.1593319139376876,2.4684541520877366,1.711810102642049,0.9175659550622958,1.4065532544407053,2.133450845699134,2.8042649234022465,3.3924702468100376,3.874589023808398,4.231088011729435,4.447125972712096,4.513123042666998,4.425130343504794,4.184985762992801,3.800249956629297,3.283924982122368,2.65396624168273,1.9326062661220653,1.1455160288564723,0.3208356553104997,0.6482820691459036,1.351463181723407,2.0037423917618997,2.57847602888769,3.0519744376365363,3.4044099622951056,3.6205780272876824,3.690482344580716,3.609721967597547,3.379665446498331,3.007405435845395,2.5054954547764794,1.8914787843632512,1.187227391810072,0.4181159959514208,-0.38793734159723386,-0.17284856376792979,0.5559406440503244,1.2390749746027723,1.8496060950479938,2.3634459956297964,2.7602863622740244,3.0243738210687163,3.145111563560892,3.117464465437478,2.942152285145957,2.6256235891408837,2.1798113902155016,1.6216797876596019,0.9725788470672038,0.25743225122320934,-0.496211385725706,-0.3623232282655473,0.42062324643571936,1.1605957537576543,1.8302465198302014,2.4050040833573316,2.864004161056342,3.1908791587193144,3.374376321176253,3.408781032039967,3.2941291848426424,3.036200569228452,2.646293544194869,2.1407895882808465,1.5405243077827055,0.8699888446626385,0.15639207590377005,0.19350175744116618,1.0119389616741608,1.7872570006114108,2.4917993212558405,3.1006116657861784,3.59238380692291,3.9502527009955353,4.162436546188189,4.222675663365436,4.130463462456918,3.8910587392873253,3.515278862458926,3.0190817412547646,2.4229524967263174,1.7511181837690108,1.0306204497089682,0.9229315362891259,1.7279461128350282,2.4892201919959223,3.1789880871475837,3.772112801246763,4.247037618463101,4.58660192217717,4.778690232371663,4.816689795916039,4.699739341629613,4.43275955154336,4.026264098565133,3.495958443224695,2.86214165111071,2.1489339811901074
0.0,0.8058613556734755,1.582088058079297,2.300168397344499,2.933793864881145,3.4598556633609494,3.8593195908294584,4.1179460457638255,4.226827789049677,4.182725028506875,3.9881850982262184,3.6514421955393406,3.1861010014807287,2.6106162281040888,1.9475878955094887,1.222899147863707,0.464729404630865,1.124640031326075,1.888631429694425,2.5953805098793103,3.2184190951018734,3.734403671402729,4.124001685669486,4.372625557177473,4.470986495617776,4.415447069670198,4.208159121919007,3.856981787346092,3.375182733427446,2.780933982082201,2.09662148396486,1.3479946968635095,0.5631885030019368,1.062997592465075,1.8020585513160876,2.4863300764294887,3.0892343760211287,3.587236258789461,3.9607404588784627,4.19483933343748,4.279882490896122,4.211846678600929,3.992491853103083,3.6292974863524385,3.135181517196383,2.528012622155015,1.8299343381814435,1.0665267241843521,0.26583742545123906,0.6174896810101299,1.3449968789278273,2.0216274250805504,2.620642557648205,3.1182578024464784,3.4945513280333684,3.7342253938501018,3.827191921432941,3.7689599067675825,3.5608099272414413,3.209749092840806,2.7282481403738186,2.1337706540922126,1.4481123011044577,0.6965751948234251,-0.0929912303601238,0.13743270158181015,0.8803454218115843,1.5763364710607208,2.1984073112764255,2.7224248703437546,3.1280410906499703,3.399468328762366,3.5260811145467983,3.502821381771865,3.330391756317254,3.0152295483225675,2.569262434474613,2.009455119002638,1.3571642111237399,0.6373258503768071,-0.12249302784994259,0.003760526142523646,0.7776428481493993,1.5071570488725416,2.1649961939053526,2.726634946079193,3.171260250788949,3.4825606470076025,3.649344198050498,3.665961553825342,3.5325180671052894,3.254866908484705,2.844383453069436,2.317529529918734,1.6952241164940887,1.0020444210051056,0.26528774567771923,0.27881228538651914,1.0733312120049532,1.8244912379039073,2.5047301466102336,3.0891885846061817,3.5566514260960753,3.890350554704311,4.078598551031925,4.115229204921067,3.9998281168452943,3.737744634737439,3.3398846872680905,2.8222924059236307,2.2055364593980222,1.5139244494165753,0.7745752547890452,0.6490347318084603,1.4372672599536704,2.1828943854137894,2.858211522583946,3.4381381043215598,3.9011689532206995,4.230189898353684,4.413126631292836,4.443402135620949,4.320185302443283,4.048421283866282,3.638642435107669,3.106567038287467,2.4725010697969445,1.760565761631448
0.0,0.7814741812505249,1.533408940627627,2.2273874277760157,2.8371952513244865,3.3398166213348244,3.7163088702241196,3.952522100382779,4.03963659585953,3.9744975651111076,3.7597344884132817,3.403660534051666,2.9199558704038484,2.3271469184792997,1.647901348924576,0.9081656338697329,0.13617795086461687,0.7835536241834434,1.5363420042959857,2.2332637488921803,2.8478890567283366,3.3569072675132183,3.7410130316426926,3.9856402155113373,4.081515635789941,4.0250115670535385,3.818283618795844,3.469188739212708,2.9909864638379537,2.401834769247471,1.7240997021982136,0.9835050357507058,0.20815428686946996,0.7188052223291397,1.47005209101628,2.167806004088275,2.7854365213245234,3.29935094585872,3.6898918736997772,3.9420851339397607,4.046209676819416,3.9981677372835613,3.799641196238127,3.458028191627909,2.9861623875429832,2.401825574085002,1.7270721294171025,0.9873910294496367,0.21073726794056866,0.5866402256594293,1.3385185922000566,2.039545604546745,2.6628872332010016,3.184664009531888,3.5848597518338288,3.84808338190329,3.964154860732093,3.928492959965769,3.742290121179962,3.412467751246044,2.95141365122292,2.3765115608410983,1.7094807057069772,0.975550459252941,0.2025015014589171,0.4482890079962258,1.205351415597213,1.9142230107670224,2.547854957196686,3.082069036898904,3.4964773750660676,3.7752579952333756,3.9077567124671244,3.888892476099562,3.71935074769097,3.4055575602047883,2.959435244332035,2.3979491103625437,1.742462323263717,1.0179235024144053,0.25191793839893506,0.3705227397919477,1.135324110603853,1.8543606224565903,2.5003662560943756,3.0488618839573283,3.479085775059503,3.7747827055858254,3.924821670051252,3.923618705615737,3.7713487530214977,3.473938499809248,3.0428404799263666,2.4945970218651965,1.8502106287633104,1.1343447345834181,0.374385230671852,0.36428091845227784,1.1348372399592617,1.8617944810238451,2.5176849365297147,3.077744333147805,3.5208528228168765,3.8303373923839987,3.9946051797850664,4.007583617064906,3.868950666096772,3.5841463947409244,3.164165455863739,2.6251383629496488,1.9877174871730878,1.2762911263658574,0.518055533953657,0.37463031720869083,1.146049694956223,1.8760008683778657,2.5368404661259887,3.1035444555396325,3.5546592931529264,3.873117339807254,4.046885534967449,4.069422665160123,3.9399278396759336,3.6633707260469297,3.2503023964244413,2.716453978280867,2.0821383716178015,1.3714777832623128
0.0,0.7570791010798689,1.4847140425523215,2.1545828643309646,2.7405653227719102,3.2197386654778217,3.57325178891062,3.7870445284538614,3.852384719692325,3.766202599274819,3.5312098202919477,3.155798547583827,2.653724461342366,2.043585714779154,1.3481176510179496,0.5933300906815209,-0.19248001154657393,0.44235664485914417,1.1839383749611563,1.8710295981778655,2.4772389012411935,2.9792884881784367,3.357900221712459,3.5985294223097384,3.6919185186801817,3.6344494944404766,3.428281727214928,3.0812699777044434,2.6066656468644918,2.0226126613745516,1.351457157641652,0.6188972156723711,-0.14699502299591155,0.3745012731314701,1.1379380020397662,1.8491786737430633,2.481540182516923,3.011372307288333,3.418955485787422,3.6892489974821414,3.8124611115186564,3.7844195262848954,3.6067280217312505,3.2867033754308914,2.837094949396688,2.275597619145318,1.6241765751467667,0.9082296807860887,0.15561924825627124,0.5557807696417131,1.3320382053642723,2.0574695926648046,2.7051456034828814,3.2510917439459748,3.6751974514988013,3.961978280035202,4.101162200191113,4.0880777300232936,3.9238291467240622,3.615252126266941,3.174651507075783,2.6193311584761565,1.970933839791853,1.2546161608941822,0.4980900250636757,0.7592460867054784,1.5304627686731431,2.252219085333316,2.8974158858153447,3.441829791624345,3.8650330978500396,4.151169483865573,4.2895560406290185,4.275088725585262,4.108435830410911,3.796012107237446,3.3497345390270525,2.7865690423266187,2.127885339979074,1.398644535248899,0.6264502798668528,0.7374038491149237,1.4931213249013093,2.201676751263627,2.835845037360635,3.371193280221278,3.787011089116688,4.0670994956745155,4.200388445361788,4.181359383787715,4.0102568622223576,3.6930811089852416,3.2413618418783567,2.671721914923157,2.0052473840103584,1.2666879368081303,0.4835180825017122,0.44977725843635497,1.1963632067195566,1.8991098169768268,2.530643926087042,3.066296371732582,3.485042614473441,3.7703047752095857,3.9105845798650325,3.8999031330438814,3.738030787960475,3.4304983618117664,2.988389260422209,2.427920407277301,1.7698279031663198,1.0385807681873347,0.2614526554650183,0.10013694715908164,0.8547377240814746,1.5690078636901097,2.2153652287388197,2.7688423393754142,3.2080373028125875,3.5159290267452947,3.680525711902475,3.6953219593610314,3.5595471063930395,3.27819534390348,2.8618364670448764,2.3262144528061666,1.6916491270437408,0.9822636717324061
0.0,0.732713334366728,1.4360776569236227,2.081865783831759,2.644051506045388,3.0998049969128845,3.43036660691641,3.621765796608295,3.6653578479062605,3.5581579234801697,3.302959750495494,2.9082343954235275,2.387812959534485,1.7603652420476914,1.0486941772479486,0.27887285813033114,-0.5207430541152871,0.1015696524292442,0.8319581985825989,1.5092307129069638,2.107034123982362,2.6021234606644157,2.9752477653042844,3.211883786660846,3.3027895467234867,3.2443567264840327,3.0387484671695426,2.693817344614505,2.222806634970653,1.643846231903599,0.9792623853949932,0.25472751327058707,-0.5017175806582457,0.030611044205124394,0.8062229858340472,1.530934210297487,2.1780090096507507,2.723739707735979,3.1483446586947426,3.4367166723378095,3.5789934216481187,3.570928158020841,3.4140466542979935,3.1155844254448386,2.6882066326955556,2.1495213414195846,1.5214046615628938,0.8291634534672822,0.10056745912817792,0.5249583947627591,1.3255656054487548,2.075372043076879,2.7473531955368045,3.3174396578980265,3.765426600164858,4.075736320520644,4.23800490978229,4.247470740867712,4.105150032525417,3.817792832846481,3.3976211173087267,2.8618589808061374,2.2320728082628167,1.5333465334226748,0.793323365509859,1.069829515192962,1.8551834635602302,2.58980901925556,3.2465567773052704,3.8011582529723693,4.233145959104298,4.526629272180555,4.67089659356627,4.660820916446326,4.49705338324522,4.185997478817675,3.739564844822944,3.1747220033364867,2.5128452271967245,1.778908088552966,1.0005325782193988,1.1038441091463174,1.8504886052380223,2.5485755403236747,3.1709207027964417,3.6931373587300023,4.09456639596142,4.3590650339637715,4.475624095916668,4.4387903572829,4.248877896215424,3.911960393444983,3.4396446578830178,2.8486339723195315,2.160097845000266,1.3988721136552371,0.5925197988241969,0.5351708648646369,1.2578152430479734,1.9363803143186018,2.5435873439476517,3.054862166342272,3.4492754361595668,3.710344294038038,3.8266649402316197,3.7923520393454755,3.607268224916353,3.2770349544322714,2.81282428002901,2.230939431361709,1.5522001382238522,0.8011560459828151,0.005158114457719021,-0.17402658795311776,0.5637757976018342,1.2623837459392884,1.8942762803348177,2.4345424057903813,2.861831818133089,3.1591699159801383,3.3146061117444825,3.321670778018067,3.1796234437320394,2.893482793696693,2.473837323567935,1.93644384441109,1.3016290996151434,0.5935172451308905
0.0,0.7084140555932243,1.3875739875402162,2.009347129629404,2.547801050816831,2.9801985966260145,3.287871322004746,3.4569380681099897,3.4788413245737546,3.3506809483455857,3.0753325167066836,2.6613457824571682,2.122627062140745,1.477917605480863,0.7500877534843893,-0.03472630113539876,-0.8481103508773392,-0.2382874195409993,0.480938485997199,1.148419084172162,1.7378395407869274,2.225987619954889,2.593639469489255,2.8262932079689778,2.9147224081128575,2.8553284218262025,2.650278143668918,2.3074219705710135,1.8399950760509969,1.2661133590531166,0.6080832373986069,-0.10844846324208435,-0.8554721912709583,-0.31234079632360556,0.47541313498732707,1.2135581545209368,1.8753060956502672,2.436891983912832,2.8784722592718635,3.1848734432596215,3.346162805334677,3.3580193530462283,3.2218910649893444,2.9449324152662366,2.539724594094761,2.023789093579788,1.4189131862212152,0.7503129776415925,0.04566589223916093,0.49422012625421186,1.3191106676013984,2.09322564228487,2.7894456138773065,3.383606525378206,3.855409536583189,4.189183944436065,4.374474210651213,4.406428808990714,4.285976140048213,4.019780857688908,3.6199823005563596,3.1037250067969673,2.49249919534133,1.811316322120506,1.087751089750752,1.379565441014568,2.1790180788006257,2.926477756672356,3.594744952683633,4.159506198938741,4.6002543345983975,4.901064526852271,5.0511965657590965,5.045500542907345,4.884610498265323,4.5749186801565065,4.1283314035122665,3.5618157942843007,2.896754657433262,2.158133999968891,1.3735941017461424,1.469284447518098,2.206880721753994,2.8945277313957045,3.5050820325218384,4.014202934267307,4.401282463109027,4.650233873043254,4.750108698842492,4.695518867554664,4.486847794494558,4.130242412371311,3.6373864108439102,3.0250632820013887,2.314525758724403,1.5306955937233482,0.7012240773676655,0.6203314540020437,1.3190995925011904,1.9735491100145113,2.5564954425344806,3.043459161971275,3.4136058573187857,3.65054742966951,3.7429742958110395,3.685094425048309,3.4768624794310963,3.1239903094043355,2.637738371522044,2.0344959661015585,1.3351662237384292,0.5643791950636164,-0.25043706435948726,-0.44744200096483816,0.27360783173226655,0.956596326908942,1.5740635014710946,2.1011546911421277,2.516571039591443,2.8033843094966553,2.9496850124985983,2.9490391950929533,2.800736495484629,2.509820025551636,2.0868969304243787,1.5477368202236585,0.9126733369948814,0.20583160800709965
0.0,0.6842183378018344,1.3392770357176187,1.9371375423389017,2.4519608049514936,2.861101946294946,3.1459833370787975,3.292812818133866,3.2931197151362994,3.144088218357173,2.848675406356793,2.4155093829112086,1.8585713592779958,1.1966737311701587,0.45275395903623883,-0.3469889336166778,-1.1740824424943894,-0.5766960562519237,0.13141478267674467,0.7891451968237675,1.3702184262521557,1.8514548308188343,2.213657548278417,2.4423459759539963,2.5283091710182037,2.4679581150734125,2.263463440016059,1.9226733731579388,1.458815019916908,0.8899903441598886,0.23848601607029107,-0.4700766217656551,-1.207719136769664,-0.6538310120134279,0.1460131610906985,0.8975347222663437,1.5738932697776993,2.1512667750570276,2.609750027760968,2.9341035436569767,3.1143244887317048,3.146017943107878,3.0305544226845536,2.7750077060885623,2.39187537039712,1.8985927034167172,1.316858518817073,0.6717985542886025,-0.009001689919707873,0.46361286102789767,1.312683240023346,2.111003151322224,2.831358638737717,3.449491396596541,3.9450089751472897,4.302148066455786,4.51036189364752,4.56470941446953,4.46603158563238,4.220908030716642,3.8413958037211486,3.3445602251072457,2.7518156724235174,2.088101432681021,1.3809239938561122,1.6879813047481993,2.50147254481481,3.261711647177897,3.9414491865121777,4.516326903476729,4.965798132630642,5.273903977670165,5.429875739286035,5.428540705074514,5.270515885436595,4.962182340053431,4.515441079830464,3.947259832021972,3.2790279058716214,2.53574369025351,1.745065676117381,1.8331673174276026,2.561753932381933,3.2390055104489335,3.837819201645047,4.333900161935711,4.706691338490164,4.940161781014572,5.023423477127878,4.951153227793903,4.7238034899815435,4.347594136186063,3.834285409156304,3.2007406684366906,2.468295516848115,1.6619572559207003,0.8094650696568024,0.7051290976244553,1.3801227544732173,2.0105594961945608,2.569348528156549,3.032104756011067,3.378088298488589,3.591005413276474,3.659640332154968,3.5782939314739153,3.347012509580237,2.971597924630463,2.463398660826473,1.8388897223236504,1.119057285074125,0.3286114622936258,-0.5049429232841736,-0.719692146111595,-0.015323468645970229,0.6521121418440152,1.2552154359461345,1.7691878400295975,2.172781726340781,2.4491150240189454,2.5863191687721985,2.5779957289615134,2.423464323742989,2.127792387956747,1.7016056367255823,1.1606864246775381,0.5253752631130897,-0.1802017535201108
0.0,0.6601630960336093,1.2912604873854867,1.865347191036536,2.3566769904644023,2.7426967498796087,3.004919128493321,3.1296404500939747,3.108476372247268,2.938694928921579,2.6233342267744257,2.1711002656659906,1.596048716742367,0.9170627086451835,0.15714643158114594,-0.6574386249332358,-1.4981619982715064,-0.9131399527596569,-0.21607964834570814,0.4319571896032881,1.0047316543579516,1.479096512273663,1.835881734347655,2.060627873106567,2.1441393802768824,2.082836811249734,1.878894513559783,1.540158557497026,1.0798480272206212,0.516051032424738,-0.12896538969377325,-0.8296052316826572,-1.5579209993118615,-0.9933385964019827,-0.18147437529270638,0.5833460657093679,1.2742303930273085,1.8672998552340863,2.3425879496104374,2.684789569376712,2.883832184055903,2.9352473755537165,2.840328646807799,2.606069549473145,2.2448845329293126,1.7741231811711984,1.2153963626145392,0.5937399716777143,-0.06335188184432403,0.4331832961259142,1.3062931289437387,2.128677447312009,2.8730283240492884,3.5149937520004957,4.0340882153475395,4.41445633892566,4.645460636986446,4.722071070975908,4.6450416614051235,4.420867495240709,4.0615238195667445,3.5839971970832774,3.009626604278417,2.3632795782431,1.6723947883558175,1.9946065609705426,2.822054897696084,3.594999229490627,4.286140517379852,4.871075970628772,5.329219648551526,5.644578789117512,5.806356369053656,5.809357004359928,5.654180774740636,5.3471976161938715,4.900303266393379,4.3304660504049615,3.659081743992587,2.911161046007818,2.1143805527648163,2.1949375482782685,2.9145668124263127,3.581483312940718,4.1686245580946,4.651741284505397,5.010327064398212,5.2284064192491755,5.295151438545222,5.205303420519687,4.959383462952037,4.563683954648274,4.030041246993503,3.375398103291337,2.6211725151748047,1.792456836312566,0.9170776340451308,0.7894344212482399,1.4407916268478582,2.0473550066717605,2.582126991055326,3.0208162717072624,3.342776948271834,3.531809087213695,3.576790190632627,3.472113502521647,3.217916425500819,2.8200903028695423,2.2900711354047334,1.6444191335186207,0.9042030363733795,0.09421255494041736,-0.7579711665728139,-0.9903616554604797,-0.30257728541347295,0.3493957376650829,0.9382185454359002,1.4391483292617075,1.8309883925418726,2.0969025628430584,2.2250629623428084,2.2091064750337726,2.0483825269591813,1.7479827347064896,1.3185512755768147,0.7758831747131074,0.14032577278924085,-0.5639938741837984
0.0,0.6362850310074544,1.2435976006661085,1.7940856051765786,2.2620949804316366,2.6251636563991387,2.864893915779957,2.967669913606795,2.9251930034650533,2.7348144454771233,2.3996527775924967,1.9284913220188167,1.3354596613630105,0.6395111362182435,-0.13628382494270896,-0.9656017266817456,-1.819854574927095,-1.2471058016947685,-0.5610146400671869,0.07740001885643766,0.6419368427499017,1.1094807657798622,1.4608883945483115,1.6817212809686648,1.7627991579340447,1.7005520841094528,1.4971580953005725,1.1604611206629531,0.7036722821769223,0.1448659374055734,-0.49371036483578856,-1.1864857656252081,-1.9055434812072165,-1.3303455678975311,-0.5065498313767736,0.271471537736111,0.9767746565224205,1.5854244684830072,2.0773936299662408,2.4373118949823978,2.655037549933909,2.7260292198540395,2.6515039619511356,2.4383756918129746,2.098976343391117,1.6505704281126596,1.1146815168922979,0.5162563226089977,-0.11730176226806796,0.40297785747565956,1.2999500836585,2.146221564847883,2.914391095002745,3.580013655636133,4.122511350333099,4.525937414811297,4.779564322556542,4.8782736942081595,4.822733254398574,4.619354176127356,4.280030502105378,3.8216706173546715,3.26553865266267,2.6364309236678407,1.9617187806626541,2.2989733961611085,3.1402760297924703,3.9258320117819925,4.628293054931237,5.22321216510317,5.6899644156452975,6.012523428235167,6.1800640642535285,6.187368435089681,6.035019814452788,5.7293770965883795,5.2823307847780185,4.710849797495904,4.036336329397731,3.2838132986444784,2.4809752735612802,2.5540431926950244,3.264781080606846,3.9214386256624385,4.496993397136441,4.967241376578057,5.311726388393913,5.514528017257718,5.564878011849443,5.457581692623036,5.193228292600753,4.7781821827869075,4.224355262631475,3.5487691143559412,2.772923511578007,1.921995233660914,1.0238975876691263,0.8731188015149494,1.5010136480432024,2.083879503091735,2.5948113353230418,3.009610931729802,3.3077256806620126,3.473048766421425,3.4945502744531196,3.366715136067633,3.089771187137755,2.669698597010903,2.118020238443484,1.4513809005254716,0.6909312775171126,-0.13845990812469178,-1.0091357528577325,-1.2590375726307372,-0.5877153597622373,0.04890896421613222,0.6235564673066045,1.1115396951333312,1.491712507119797,1.747284291199286,1.866467556346207,1.8429342420707466,1.6760633617632927,1.3709705356501245,0.9383182672291523,0.3939141588346837,-0.24188766978715148,-0.9449592081443425
0.0,0.6126205731263961,1.1963610941055933,1.7234615074838548,2.1683590771968246,2.508681984318404,2.726121333290043,2.807148324672565,2.743549241456101,2.532757825396881,2.1779723262183266,1.6880526967693288,1.0772017699243701,0.3644424701297484,-0.4270891284265075,-1.2710080790740341,-2.138669370957538,-1.5780840764075676,-0.9028639303825892,-0.27398537289852865,0.2823875019904576,0.7431715084971788,1.0892496505529872,1.306204291602858,1.3848703090050911,1.3216871796846674,1.11883659472395,0.7841603612980905,0.33086171043622814,-0.22299862940652515,-0.8551924234582644,-1.5401737363549286,-2.2500562200874747,-1.6643377600556404,-0.8287172444498561,-0.03761303939834093,0.6819798839858384,1.3060706678223837,1.8145716717949285,2.192048093422614,2.4282896548820503,2.518682676987834,2.4643684550832186,2.272181981092928,1.9543734117027243,1.528122946809633,1.0148676407687245,0.43946582271510404,-0.17076902067352842,0.3730426290584957,1.2936637816559822,2.1636087371348025,2.9553838450434107,3.644451907618889,4.210143474262944,4.6364212091196295,4.912468350390964,5.0330789681841495,4.998835263234119,4.81606524524657,4.496582478993009,4.057217871175228,3.5191613764307395,2.9071387260746855,2.2484545535330764,2.6006174424382515,3.455650435930865,4.253705247474743,4.967384782209514,5.572198238028584,6.047482051071446,6.377176527446657,6.55042866470159,6.5619982709354385,6.412451964204418,6.108137695778224,5.660940781371792,5.087830727559238,4.410216090466196,3.6531318982522016,2.8442905304802855,2.909936368622061,3.6118624203061036,4.258352783930001,4.822424731394303,5.279919084430237,5.610429470082613,5.798090043641249,5.832191679283062,5.707603146955978,5.424981205404357,4.990761563896235,4.416930994112534,3.7205891920984575,2.92331698185538,2.05037481319016,1.129761956939532,0.9560545624300327,1.5606969382314317,2.1200772605821596,2.6073822086473006,2.998505831896583,3.272987972848513,3.414814100633263,3.4130460558139637,3.2622596368070638,2.962772303745016,2.520652257407842,1.9475084653966293,1.2600695388595857,0.4795673940053995,-0.36905094204034783,-1.2580534841245847,-1.5253099828350771,-0.8703026608404998,-0.24888973037276618,0.31170927673648885,0.7868617651875827,1.1554716981666817,1.4007936164021455,1.5110800543751552,1.4800376935156176,1.3070748698801369,0.9973309926033176,0.5614867274383322,0.015362141398463702,-0.620681927341771,-1.322516522347883
0.0,0.5892058268962675,1.1496230357282846,1.6535826480771256,2.075612292211237,2.393429447964526,2.588813104255911,2.6483205886541326,2.563822217363576,2.3328333434131507,1.9586310871671133,1.450151223495182,0.8216690625892866,0.09227637848742098,-0.7148258016126239,-1.5731917282527696,-2.4541199754456398,-1.9055698083452144,-1.2411059649948246,-0.6216628822786383,-0.07336780892376504,0.380727612924729,0.7215325059781494,0.9346498256059776,1.0109294338245465,0.9468201264356297,0.7445072112271274,0.4118303957853149,-0.038014896545107923,-0.5869814226001919,-1.212860057846145,-1.8901295274788967,-2.5909335980723145,-1.9948056060351642,-1.1474850885575916,-0.3434361000247419,0.3902958393478433,1.0296646591250092,1.554523058586995,1.9493723599736061,2.2039344447377784,2.3135240924426643,2.2792076360193665,2.1077419765463596,1.811296356372145,1.4069675535342312,0.9161070187664915,0.3634856301014614,-0.22367208287241544,0.3434232826001149,1.2874438138521676,2.1808124368267197,2.995944032151925,3.708210195481338,4.296850888129665,4.745739158395029,5.043969950822546,5.18625070883639,5.173079011737676,5.0107005834923894,4.710849360150474,4.290279587658772,3.770107827225064,3.17498997065974,2.532164638530827,2.8990784860382344,3.767696954144947,4.578118705327156,5.302898352089857,5.91750174662653,6.401227095575484,6.7379817410282135,6.91688511072293,6.932674944817093,6.785901381467431,6.482901544440074,6.035555616623478,5.460833686485932,4.780150604495627,4.018553381023757,3.203772018923834,3.262074095218206,3.9552812947683043,4.591711762902714,5.144422055198589,5.589297360407446,5.90598058268581,6.078659872100573,6.096684604422627,5.954986329563317,5.654288619445438,5.2010977688264495,4.607474631552867,3.890596193222376,3.072123472961678,2.1773997081155567,1.2345092261877018,1.0381151701561735,1.619750439518486,2.1558930527713582,2.61982043183661,2.987517915090629,3.238616823627279,3.3571939375989093,3.3324018844700563,3.158906370916899,2.837113535600115,2.3731786818086875,1.7787959634999728,1.0707769293748526,0.270433860521728,-0.5972087375502029,-1.5043445903517794,-1.7887726382804727,-1.1499080494727354,-0.5435459991328433,0.003152754272375269,0.4656098956364847,0.8227789632043425,1.0579591740389027,1.1594426657717118,1.1209704951493604,0.9419800114765766,0.6276341617714181,0.1886315823909066,-0.3591953265022516,-0.9954790791992287,-1.6960897833048123
0.0,0.5660765158416088,1.1034547330836637,1.584555640076359,1.9839961278433758,2.2795818863908233,2.453178717767951,2.4914290266285484,2.386286137992567,2.1353460212873525,1.7419637060531603,1.2151498648795989,0.5692514017483918,-0.17657189901499004,-0.9990548490063105,-1.8716916371902177,-2.765725110170406,-2.22906335747461,-1.5752246931423253,-0.965102062961035,-0.42478631949015977,0.022702054237672353,0.3582979813152858,0.5676247580128249,0.6415470483356458,0.5765228533614599,0.3747410534946076,0.04403928232732168,-0.40239474930132424,-0.9465271191274192,-1.5661675798937937,-2.235819216734221,-2.927655543696601,-2.3212449160366666,-1.4623670244166198,-0.6455310545203026,0.10216754054816368,0.7566281508620207,1.2976445425824292,1.7096549413352098,1.982314214855334,2.110866473571146,2.096304001823554,1.9453065618036138,1.6699634679008861,1.287289093239388,0.8185503284743721,0.28843166659992436,-0.2759302354620665,0.31416500788987767,1.2812996699579549,2.197806416498952,3.036009774263657,3.7711912441670385,4.382501303742023,4.853724477894014,5.173868493846422,5.337555224354503,5.345198658854875,5.202963238670076,4.922504241834639,4.520500188065895,4.01799513983732,3.439576000826218,2.812416183465919,3.193901169456408,4.075939499776718,4.898577432628283,5.6343218765881105,6.258595866551273,6.750659845687894,7.09438859391703,7.278874305254799,7.298832920934007,7.15479830010851,6.853096871032491,6.405603746339143,5.8292895892974075,5.145575467987463,4.379520228924184,3.558871283416562,3.6099191212745865,4.294513755005539,4.9210069618232195,5.462494102097562,5.8949041907485515,6.197928808336613,6.355809441487656,6.35795325440859,6.199353811661165,5.880800683867092,5.408869890807745,4.795695465403834,4.0585307406147875,3.2191159530818005,2.3028761184741886,1.337979584087613,1.1191754260640512,1.6780840548697153,2.1912722360463435,2.632107028081784,2.9766639454105897,3.204664672541351,3.300276187530499,3.25274079801513,3.0568130229133006,2.71298659838698,2.2275028684194926,1.6121401348685114,0.8837918729454626,0.06384974893824924,-0.8225851977529781,-1.7476333089198601,-2.0490235779742774,-1.4261049359421814,-0.834610289446936,-0.30164234006152046,0.14827421560348375,0.4941418865117191,0.7193040214382429,0.8120918783866338,0.7662804703712269,0.5813358062617096,0.2624440840233242,-0.179678308451948,-0.7291867881980307,-1.3657073030079003,-2.0651090359353614
0.0,0.5432679280028254,1.0579266244534993,1.5164857969447036,1.8936503614909506,2.167312995101817,2.3194251091602704,2.336713005681453,2.2112118674569015,1.9405971624429357,1.5283007490261142,0.9834071589446847,0.3203338972129455,-0.44169218462264137,-1.2793426266444958,-2.1660523890854737,-3.07300936388596,-2.5480711745756466,-1.9047103549298963,-1.3037789349769184,-0.7713318757968852,-0.33035893337866096,0.00010025799041102346,0.20568905342348964,0.27728671366277613,0.2113603174167098,0.010102268166290784,-0.31865184573119754,-0.7617219189966389,-1.3010871655515421,-1.9145759536530937,-2.5767153905851767,-3.2597083253755703,-2.6431576465371878,-1.7728826414150847,-0.9434370011774282,-0.18196541942117284,0.4873777107086519,1.044328039451814,1.47326157075105,1.7637670878708955,1.9110190120403514,1.9159366058069058,1.7851235621226589,1.5305903757414308,1.1692701575437026,0.7223464106607203,0.2144184409085852,-0.3274637489686659,0.28531244383543375,1.2752407240008485,2.2145647486934834,3.075519943681238,3.8332989644416187,4.466964045555048,4.960212416046223,5.3019657952181936,5.486761671725288,5.514931604240738,5.392559878551604,5.131224205390501,4.747528428305053,4.26244511634009,3.7004931416656337,3.0887816127906826,3.48463568617928,4.3799077918316724,5.214592510339828,5.961149707840566,6.59496019565778,7.0952471771415535,7.445853321562753,7.635843966852546,7.659913557594459,7.518579899672703,7.218158874139128,6.77052059367849,6.192636288389899,5.505933157748833,4.735481720287641,3.909046554375978,3.952940744890685,4.62904223917883,5.245735979981982,5.776155594375151,6.196273315730043,6.485828726038312,6.629115908892052,6.615599015609282,6.440332765474335,6.104171812635097,5.613760935052934,4.981306329983135,4.22413661907413,3.364070158009799,2.4266126068026477,1.4400151674775954,1.1991116577460008,1.7356087855695654,2.2261608329217517,2.644223251908575,2.9659604825940096,3.1711833198746415,3.2441476889793166,3.1741843341651563,2.9561353550747453,2.590580870698231,2.083847072627668,1.4477952437819148,0.6993996498467745,-0.1398697584873605,-1.0448364691886498,-1.9875484579068592,-2.305665740990041,-1.6984719308323266,-1.1216385289251243,-0.6022109849950508,-0.16466112065915173,0.17006186471120577,0.38534483964960575,0.4695576400679653,0.4165087643928609,0.22569248365030692,-0.09768207565715459,-0.5428810202547223,-1.0940477533061204,-1.7308017471606554,-2.429011273141459
0.0,0.5208148620977587,1.013108171385225,1.4494769718133298,1.804712832324613,2.0567940610486293,2.1877563442925836,2.184408573708337,2.038866513925867,1.7488838922712961,1.317968198431188,0.7552766720353872,0.0752963186586193,-0.7026799883215942,-1.5552615036998214,-2.4558248821869904,-3.3755039176492945,-2.862106554241797,-2.2290602590616855,-1.6371767841398635,-1.1124757585247855,-0.6779166901100107,-0.35251416714215766,-0.15060508832617314,-0.08129582370521371,-0.14811035843492304,-0.3488528208725272,-0.675689636016215,-1.1154481855974723,-1.650120614966927,-2.257553617732449,-2.9122979488900613,-3.5865853351973374,-2.9600526601477166,-2.078558190567842,-1.23669942939449,-0.461669543196225,0.22232412999322682,0.7949600303565107,1.2405529100148605,1.5486264978339834,1.7142866121027596,1.7383806317802781,1.627437366285836,1.3933897193146396,1.053090806154169,0.6276420421893589,0.14155887388758448,-0.3781939994892982,0.2569096103578157,1.2692762200231482,2.2310618654760925,3.114414260336162,3.894438599494666,4.550110250039737,5.065040505813386,5.428066418820632,5.633642408926413,5.682018888905056,5.579201238408201,5.336690809923299,4.971017934820377,4.503084803097719,3.957343315838517,3.360839279945318,3.770838466947517,4.679138070479408,5.525681799032529,6.282883209563261,6.9260815479714015,7.43446335825138,7.791839699540844,7.987249472297074,8.015365959526811,7.876691164070085,7.57753058417772,7.129749410521217,6.550319431194558,5.860673881497264,5.085894770045125,4.2537635746821225,4.2906156231582075,4.9583563622344045,5.565403383222464,6.084927983431832,6.492944941031448,6.76924109123647,6.898162294765946,6.86922880177972,6.677555533054047,6.324061211793301,5.815458302391592,5.164024041599156,4.387161166213846,3.5067649333053876,2.5484203902102767,1.540460302209769,1.277801907701135,1.792236867005573,2.2605056143924767,2.6561506177773593,2.955423856752384,3.1382238476210316,3.188894076347533,3.0968523453300887,2.8570269697978743,2.4700831051031233,1.9424304679102966,1.2860120287573584,0.5178815845075104,-0.3404138499807048,-1.2636234664504764,-2.2237240023949454,-2.558307572257365,-1.966593487934374,-1.404192802919266,-0.898094607488058,-0.47271867243715704,-0.1489666582045972,0.05659114515071817,0.132362550127616,0.07218901862122573,-0.12440735671388659,-0.4521948782294909,-0.9004224201277999,-1.4532215589648922,-2.0902053925804145,-2.78724129477815
0.0,0.4987515744298073,0.9690677527155067,1.3836313990342761,1.717319230988818,1.9481937012990689,2.05837330821001,2.034748099279831,1.8695130221013074,1.5604987048120598,1.1112869554628229,0.5311064593886647,-0.16548748378336153,-0.9591371249631186,-1.8263905149105384,-2.740567014980336,-3.672747260090249,-3.170690377439195,-2.5477795497896962,-1.96478695038885,-1.447697489606469,-1.0194409523383268,-0.6990073155817931,-0.5007140746474925,-0.43365347980903435,-0.5013407352146833,-0.7015765612661031,-1.0265293613657258,-1.463033874283469,-1.993094952313493,-2.5945772962919644,-3.2420548984101263,-3.9077878618469395,-3.271446474934086,-2.3789273073081283,-1.5248709131157803,-0.7365180904215154,-0.03812820304096176,0.5499209723001908,1.0118839992142346,1.3372206814921679,1.5209694254084432,1.5639069742104756,1.4724885537395869,1.2585708235890016,0.9389282921517996,0.534581712084337,0.06996412627746051,-0.42804358864724845,0.22899984123090994,1.263415257978453,2.2472725974449665,3.1526333837571796,3.954516869508765,4.631813062288199,5.168048812562837,5.551977974837614,5.777973342236411,5.8462055903022065,5.762602562337175,5.538590578138979,5.190627733048576,4.739547059776049,4.209734650914987,3.62817411065768,4.052072856502858,4.9731738046049845,5.831370674479005,6.59903151781382,7.251454736647963,7.767790852015211,8.131819861662073,8.33255468751826,8.364647818372113,8.228585728355416,7.930663713160158,7.482742126889205,6.901793305944793,6.209256416670455,5.43022475830116,4.592496414785589,4.622428570617451,5.281953694590461,5.879521459817529,6.388340179898993,6.78446643923658,7.0477335059677,7.162538119103541,7.118455653787338,6.910660187208103,6.540133399407807,6.013654266197902,5.343569830600039,4.54735565794557,3.6469825717059337,2.6681136284023763,1.63916174065974,1.3551261194040616,1.8478819025695081,2.294254181144358,2.667870928286247,2.9450701434565576,3.10583654154934,3.1345996492370913,3.0208628157568516,2.759639075248634,2.351677143221975,1.8034688114444748,1.127037320001555,0.3395146162973268,-0.5374765584514964,-1.4786123895224788,-2.455799612924368,-2.8065636199515542,-2.2300605382398127,-1.681842022642759,-1.1888417823683333,-0.7754284409783541,-0.4624569452386118,-0.2664554875140004,-0.1989789379805127,-0.2661534435100248,-0.4684295727942316,-0.8005534488672805,-1.2517570125596365,-1.8061602191259594,-2.44336990255574,-3.139252554714072
0.0,0.47711172662360257,0.9258725602456835,1.3190495382030434,1.631602892580657,1.8416776057811168,1.9314733986557995,1.8879599171204875,1.7034097720468666,1.375729016499342,0.9085723505705814,0.31123853411087143,-0.4016501499037144,-1.2106723217687594,-2.0923160028408434,-3.019844360695796,-3.964285891532436,-3.4733518424913115,-2.8603819619077284,-2.2861096038432316,-1.7764856263118283,-1.3544106616569618,-1.0388505479672312,-0.8441037495499821,-0.7792486678966886,-0.8477918946738252,-1.0475308077331675,-1.3706357509117488,-1.803948678821219,-2.3294869068268937,-2.925132797397496,-3.5654831339499244,-4.22282585148265,-3.576864002058057,-2.673531723012936,-1.8075117934626905,-1.0060917288213438,-0.2935819202046872,0.30958471767133267,0.7876037150513264,1.1298721775052227,1.3313623930682312,1.3927818249206574,1.320513527546027,1.1263393797166903,0.8269567915592788,0.4433074010852083,-0.000256570897112951,-0.47693646167753656,0.20162571796777307,1.2576667798479984,2.2631722121312747,3.190119003605156,4.013442113975103,4.711947829554268,5.269080178077365,5.673511413280357,5.91953426813109,6.0072412112626346,5.942484037709695,5.736615474611762,5.406022767638667,4.97147111948287,4.457282077248604,3.8903782362158243,4.327909779786445,5.261566388331558,6.1311927517807705,6.909112289895166,7.5705833447297,8.094721105712196,8.465275105329994,8.671232785566598,8.707226240075773,8.573726712308888,8.277019491207188,7.8289601871286045,7.246521674260461,6.5511489361613755,5.767946345995287,4.9247282751102865,4.947873345267979,5.599340528686392,6.187610964563859,6.685929272372864,7.070393040400347,7.320881078562705,7.421840027704214,7.362899329989704,7.139291083687734,6.7520587174066975,6.208046441884511,5.519669766688341,4.704475687953714,3.7845091452791366,2.785509707213931,1.7359688955341872,1.4309663204733087,1.9024589954713749,2.327355043499024,2.6793663019345813,2.9349151392104673,3.0740708144830866,3.081347243835076,2.9463316815225573,2.6641202546662646,2.2355436352417826,1.667174114929842,0.9711136628256378,0.16457087700460038,-0.7307572283029247,-1.6894752330530842,-2.6834212152426695,-3.050055123571647,-2.488471114050826,-1.9541625828761895,-1.4740089210641827,-1.072328586562648,-0.7699307089965663,-0.5833021909781406,-0.5239613015543925,-0.598002418018575,-0.8058492950936311,-1.1422263021627992,-1.5963487716710212,-2.1523252606082126,-2.7897564593298734,-3.4845079946886246
0.0,0.4559283342679771,0.8835884962282525,1.2558299208889077,1.5476945932225157,1.7374082844923093,1.8072502249045743,1.744267979741943,1.5408101849814297,1.19485672765484,0.7101336623642491,0.09600834537352698,-0.63283136989102,-1.4569018152892994,-2.352632248991781,-3.2932308301067303,-4.249675015890841,-3.7696291833739535,-3.166390562638854,-2.6006545073856295,-2.0983385415484896,-1.6823147598416028,-1.371525370613654,-1.1802502085950608,-1.117554118611452,-1.1869352615130349,-1.3861877431070528,-1.7074838067350004,-2.1376724706444614,-2.658783250384814,-3.248715797515506,-3.882089205937304,-4.5312186554037215,-3.875839270613176,-2.961921964176524,-2.0841908495146133,-1.2699791739687045,-0.5436472796214287,0.07431794386228363,0.5680542385669392,0.9268973343527667,1.1457547956665142,1.2252662669654941,1.1717441537063658,0.9968971312136812,0.7173471376032363,0.35395836502916245,-0.06899608297945026,-0.5247980234625232,0.17482900485466063,1.2520395559980118,2.2787364517331246,3.2268139286362745,4.071124431538522,4.790392291434317,5.367980460329129,5.792481312418127,6.058109209244714,6.164880062172594,6.118571222076691,5.93046337574914,5.61687441364087,5.198503139184526,4.699607915471309,4.147051615747139,4.597928396572161,5.543875825451579,6.42469059692462,7.21265244025847,7.882980482521111,8.414755326793998,8.791696682917657,9.00276705038513,9.042578557915956,8.911587539546161,8.61606948854148,8.167875371576063,7.5839785892786695,6.885829819718833,6.098544276403938,5.2499522745267475,5.266453420934387,5.9100326322249455,6.489201849959114,6.977241233671457,7.350288510627538,7.588267071897078,7.67567240756391,7.602186886363434,7.363099403788662,6.959513834534371,6.398338248246127,5.692055176852337,4.8582815405824835,3.9191348318096413,2.900429517221285,1.830734069619618,1.5052068026600063,1.9558848782651614,2.359757699970914,2.6906192004044756,2.924974337350655,3.0429751309120956,3.029218106531797,2.873372653652585,2.570616239672094,2.121859764300962,1.5337543211255373,0.8184789475974452,-0.00668272435092776,-0.9199609741373558,-1.8958902867879321,-2.906241530510423,-3.2884105918095847,-2.7414309622563335,-2.2207390082554133,-1.753160948380807,-1.3629661331239094,-1.0709188414028445,-0.8934655570135943,-0.8420887199122116,-0.9228516079380618,-1.1361517274399868,-1.476692153006249,-1.9336719590216571,-2.491188544638213,-3.1288365861668437,-3.822480863693647
0.0,0.435233716544579,0.8422800728207973,1.1940690003067929,1.4657223505389188,1.6355448195606872,1.6858933123755868,1.6038915157619535,1.3819623366381966,1.0181577923967677,0.5162736457521278,-0.11425573337641515,-0.8586784340509577,-1.6974499369068603,-2.6069420927998257,-3.560309321607469,-4.528479219290498,-4.059070374224715,-3.4653384792845494,-2.9079417646093018,-2.412765189186687,-2.0026529685640924,-1.6965242265706757,-1.508640598209141,-1.4480536844387673,-1.5182534098217872,-1.7170306836183702,-2.036559604846291,-2.463696092406387,-2.9804815805313636,-3.564832610951867,-4.19139007327197,-4.83249576336885,-4.167916138549552,-3.24365803816536,-2.3544859562161906,-1.527777816775722,-0.7879427603506679,-0.15552040616490048,0.35357053308007913,0.728605827686164,0.9644298119102239,1.0616158763006944,1.0264074074064515,0.8704415661627185,0.6102665600765749,0.26667092239049817,-0.13614953513458183,-0.5715552523405534,0.14865058523188646,1.2465421717988974,2.2939415701253223,3.262662173957855,4.127475817158665,4.867026766398106,5.464598768651823,5.908706161673377,6.193486743883414,6.318881635819085,6.290595461881547,6.119838530737276,5.822860977884726,5.42029673955888,4.936342452713127,4.397802646554659,4.8617167435362,5.819671400722365,6.7114164246828025,7.509188862282642,8.188169530429205,8.727405243885041,9.110586577956177,9.32665166515531,9.37019312992831,9.241652740908004,8.947296421704952,8.49897060245548,7.913649198082952,7.212788449775618,6.421514161259833,5.56767222369301,5.577682744808792,6.2135559869581325,6.783833983346311,7.261831613536971,7.623725817628287,7.849483539200835,7.923647990455939,7.835953245499269,7.581743686538523,7.16218223965315,6.584239359948979,5.860463055276386,5.008538556566444,4.050654234921625,3.0126977270066813,1.9233126811217771,1.577734298382213,2.0080780398887232,2.3914127143166346,2.701612455318759,2.9152629044083187,3.0125969330509523,2.9782917699643954,2.8020970446333875,2.479269687929008,2.0107989761637097,1.4034129865950722,0.669366046795778,-0.17398490873721206,-1.1047991306585283,-2.0975426263983517,-3.1239206051393107,-3.5212663693288895,-2.988554145838002,-2.481164587156046,-2.025871966287954,-1.6468976593487152,-1.3649621294115906,-1.1964723740591916,-1.1528758308585032,-1.2402053957677084,-1.4588329324029474,-1.8034407119025837,-2.263211925721362,-2.822233072623545,-3.460092953640438,-4.152655521629473
0.0,0.41505944691898533,0.8020103136607645,1.13386100416006,1.3858112283419757,1.5362426225355994,1.5675878134766505,1.4670446954306078,1.2271085787792861,0.8459017976208307,0.32728807003245164,-0.3192329054109737,-1.0788467709301561,-1.9319496859868317,-2.854857537578753,-3.820672357578931,-4.800273134370846,-4.341233818992006,-3.7567696115253173,-3.207502551988832,-2.7192858532409234,-2.314936552659506,-2.013351269994304,-1.8287738981365762,-1.77024312718471,-1.8412408525072315,-2.039554867191624,-2.357361079272583,-2.781522134793298,-3.2940910869849143,-3.87300094306066,-4.492913840293983,-5.1261975214465325,-4.452648988602887,-3.518310104508227,-2.6179847284071296,-1.779094337748254,-1.0260956444686178,-0.37957967151230765,0.14447983313948498,0.535300187861067,0.7876640865873634,0.9020803318546333,0.8847250267241602,0.7471656159087301,0.5058784301985013,0.18157824630158692,-0.20161447235520402,-0.6171368115140025,0.12313039911872836,1.2411830145266651,2.3087643690884767,3.2976090464436565,4.182410296377926,4.9417343343850835,5.558787693952285,6.022008638549688,6.325460328588066,6.469010974328068,6.45829430234078,6.304452012763556,6.023668189781503,5.636513533461014,5.167124506667512,4.642248761579383,5.118872362783288,6.088532337001838,6.990932781792166,7.79826913482909,8.485684866134818,9.032193851730778,9.421458264950935,9.64239248401409,9.689570119510389,9.563418740903789,9.270194942770317,8.821740732775758,8.23503052720659,7.531525990490008,6.736363250289533,5.877403382083192,5.881086479014251,6.509447511889697,7.071057848931259,7.539266216726842,7.890287782234781,8.10413194645664,8.16538844378025,8.063841753595145,7.794890349658711,7.359754724639548,6.765466150475804,6.02463646460492,5.155017491046602,4.1788666974489415,3.1221430506587575,2.013563484251905,1.6484381535355535,2.0589588500239793,2.422271790959088,2.7123292944345105,2.9057956569699637,2.982982568457137,2.928645931675106,2.7326135985847118,2.3902199654908074,1.9025307145964232,1.276348971143158,0.5240024597203803,-0.33708042573937247,-1.2849896930838356,-2.2941245939566484,-3.3361263294541743,-3.7482671915881154,-3.229463632688531,-2.735041992207236,-2.2917259037061086,-1.9236899751975427,-1.6516119556211115,-1.4918603491924216,-1.455848471193908,-1.5495795996284527,-1.7734006001436247,-2.1219734635124774,-2.584465897622098,-3.1449537749297507,-3.783020168915895,-4.4745282260092365
0.0,0.39543630496954235,0.762840657711252,1.0752977908787225,1.3080831458234123,1.4396531972786488,1.452514225119908,1.333936303874009,1.076485169443314,0.6783515516955712,0.14346526764263423,-0.5186104401558613,-1.2930004730236537,-2.1600432898051953,-3.0960003424803215,-4.073922706071067,-5.0646420892622945,-4.615689025171465,-4.040239327286052,-3.4988798341571052,-3.0174328797653986,-2.6186890657820108,-2.321523122651459,-2.1401616858386947,-2.0836308872845746,-2.155404812508213,-2.3532682235530906,-2.6693987880514696,-3.0906656954144927,-3.5991333004599237,-4.172750626073829,-4.786200476747849,-5.411875833302133,-4.729603408166,-3.7854591306973373,-2.874285149992011,-2.023545307067498,-1.257742585718331,-0.5975180083442,-0.05889885473318346,0.34727533837142266,0.6157273084942299,0.746903034596984,0.746913174326961,0.6272573607063912,0.4043420113615275,0.09881016137263665,-0.265291015775736,-0.6614731578867502,0.09830738227754415,1.2359702605665916,2.323182233702174,3.3316012281783536,4.235844056491388,5.014401015187561,5.650403533610325,6.132215879170023,6.45382861325453,6.615039027636145,6.6214118878673345,6.484022159827852,6.218989680802093,5.84682364219538,5.3916019766417245,4.8800170130770555,5.36900291587061,6.350048437221846,7.262813214369999,8.079452212493825,8.775072574985549,9.328656138957395,9.723837451666173,9.9495077859648,10.000222258014778,9.876394626009018,9.584272410342798,9.135693317025938,8.547632250011617,7.841556148812072,7.042611182995091,6.178673197548796,6.176201725057742,6.797255769790798,7.350435233602022,7.809121765458858,8.149567714885213,8.351823780437133,8.400524947779761,8.285504724597526,8.002214198505829,7.551929856138425,6.941742124850524,6.18432492794789,5.2974948633258325,4.303576607574727,3.2285985091008733,2.101348784723302,1.7172104963165142,2.1084496805876856,2.4522878486713022,2.722753367232216,2.8965870390719632,2.9541772193192557,2.880356335569286,2.665028325350341,2.3036029341735267,1.7972201628499058,1.1527561344183064,0.38260996539969483,-0.4957204429913977,-1.4602577473947589,-2.4853362673251564,-3.542534944387731,-3.969066726862591,-3.463791870843832,-2.981983886488038,-2.550317151299849,-2.1929207828162722,-1.930430982722672,-1.7791788134427637,-1.7505444001388066,-1.850502211971929,-2.0793747995242806,-2.43180442722964,-2.8969437423928968,-3.4588582814574433,-4.097125546820109,-4.787607900511174
0.0,0.3763942294274281,0.7248308655245113,1.0184687094724274,1.2326566915443011,1.34592390881654,1.3408481133404209,1.2047694225539658,0.9303219124900717,0.5157626834996103,-0.03491430574517418,-0.712084150318796,-1.5008128092639041,-2.3813827493969693,-3.33000259957062,-4.3196739868536485,-5.321182740244829,-4.882017260601885,-4.315315141104481,-3.781629061197257,-3.306751390346573,-2.9134470773118606,-2.6205696114028405,-2.442328881672687,-2.387738833767885,-2.4602659746177937,-2.657692124974993,-2.972196659965374,-3.3906551186105087,-3.895142822660305,-4.463624336429045,-5.070802519643718,-5.689094843851686,-4.998356852065584,-4.044697531499901,-3.122996187290173,-2.2607577695830745,-1.4825301638615933,-0.8090029114329971,-0.2562552387467716,0.16481814588915,0.44888179897529623,0.5963207361855334,0.6131821076757995,0.5108997427689199,0.3058122161457164,0.01849294562024628,-0.3270820150559972,-0.704496648165032,0.074219406810067,1.2309118629386322,2.3371731668482187,3.364586857803876,4.287695574418599,5.084915942348588,5.739306510723638,6.239159742012536,6.578395748330462,6.756743002948786,6.779699352425581,6.6582750044699885,6.408527451898838,6.050906198806746,5.60943238075155,5.110744641618906,5.6117267823926476,6.603820710219641,7.52664291854827,8.352309098503765,9.055891142526482,9.616339797532646,10.017262802745492,10.247529009831583,10.30167558816754,10.180102893644673,9.889049641175644,9.440349362491867,8.850977434772787,8.142405916413633,7.3397907215328075,6.471022027284378,6.462578230067394,7.076541655950972,7.6215398955040365,8.070986545199679,8.40117003610391,8.592181141453686,8.628698758243097,8.500603970660752,8.20339892221623,7.738414435455308,7.112798341482463,6.339284811029575,5.435753297830001,4.424593697273397,3.331901684848563,2.1865346498294245,1.7839464018008244,2.1564750241674293,2.4814150924075515,2.7328687698615104,2.887651100163507,2.926224833523255,2.8334966563540878,2.599444338760474,2.219550744273114,1.6950279916417754,1.0328230401440934,0.24540428422594784,-0.6496629258159241,-1.6303358897690345,-2.670885917742916,-3.742831535434892,-4.183328104637501,-3.691181349251516,-3.2216135144814944,-2.801251180309885,-2.454179320829641,-2.200993820739416,-2.057989409370526,-2.0365140045670906,-2.14251411971525,-2.376288710332013,-2.732460898634096,-3.20016871730735,-3.7634676728439276,-4.4019298615239615,-5.091416884206348
0.0,0.35796227249958246,0.6880389280661756,0.9634604632120218,1.159646942506285,1.255197758508484,1.23275984543772,1.07974111942967,0.7888418069922509,0.3583832524125308,-0.2075784991110683,-0.8993588559834591,-1.7019667235094302,-2.5956303704929646,-3.556507295141646,-4.557551260910746,-5.569503687123425,-5.139812192318537,-4.581577373967697,-4.055318846885772,-3.586799976104288,-3.198760879404487,-2.910034485538979,-2.7348144737134423,-2.682102993735587,-2.75535921676722,-2.9523621165106038,-3.265292720876219,-3.681032715051045,-4.18166803633057,-4.745178292501354,-5.346285755944917,-5.957431604239417,-5.25849928723299,-4.295629790804755,-3.36373838562989,-2.490369813825068,-1.7001154238868414,-1.0137117214574696,-0.4472882152481321,-0.011793017404003514,0.28738211170349537,0.45056317775775634,0.4837358582384659,0.39827028715590673,0.21043936997090018,-0.059250862193058085,-0.3868931966020115,-0.7461416420597906,0.05090322337651221,1.2260155391636183,2.350715822771305,3.396515609643498,4.337885741082105,5.153171532309236,5.8253609873633145,6.342677064441547,6.698971683620013,6.893906704651921,6.932915199222479,6.826944691757757,6.591992328158182,6.248449837622058,5.82028337844073,5.334079629548231,5.846673642213666,6.849461979472662,7.782019373333632,8.616423499230638,9.327712128112127,9.894805912845374,10.301286643564238,10.536001469136117,10.593470187177644,10.474080180695676,10.184061641252784,9.735244060048158,9.144603272325075,8.43361629134993,7.627448463570946,6.754003839097631,6.739779073736499,7.346879068113553,7.883958214350874,8.324461032811477,8.644710880030953,8.824837319912259,8.849561753835209,8.708811318115126,8.398137576296737,7.918923945885208,7.278373822486468,6.489279693897711,5.569581855754588,4.541733332599698,3.43189496980744,2.268991112782989,1.8485440520258276,2.202961609222145,2.5096090831721636,2.74266006940544,2.8790014736715697,2.8991680576017993,2.7881383871340666,2.535961699312515,2.138191632945721,1.5961101140235803,0.916732668430333,0.11259474883380749,-0.7986730064928889,-1.7949646345546246,-2.8504904549118324,-3.9367105131130624,-4.3907244295661405,-3.911285143220101,-3.4535652768848415,-3.044145144479624,-2.7070669910336678,-2.4628876760374303,-2.327866759862169,-2.3133209849741214,-2.4251698047029033,-2.6636893354992996,-3.023484170690169,-3.493678196602785,-4.058317211143238,-4.6969680776899265,-5.385491660318716
0.0,0.3401685555441942,0.6525209782393209,0.9103569773476832,1.0891652885803376,1.1676131658711872,1.128414330048995,0.959042148294095,0.6522607070091282,0.2064533698544322,-0.37426388130408306,-1.0801488349610264,-1.896155318272585,-2.80245927873483,-3.775168854401718,-4.787191602479513,-5.8092260703814125,-5.388680506489228,-4.838619793610086,-4.319531626851914,-3.8571513711426215,-3.474195173102961,-3.1894761128750493,-3.017172221112468,-2.9662742602364855,-3.0402343196556276,-3.236828624606125,-3.5482397985523804,-3.9613554600246452,-4.4582717942814485,-5.016982931674088,-5.612229885040211,-6.216476717124411,-5.509633818285483,-4.537873065055319,-3.5961444482766285,-2.712031124166881,-1.910166399250441,-1.211332117279193,-0.6317063281114108,-0.1822886985246912,0.13147464431153333,0.3098527394182353,0.3587719202018702,0.28954083092601657,0.11836898174746091,-0.13430264951435822,-0.44463330739780615,-0.7863446024330718,0.028394405125650612,1.2212887594887527,2.363789539645912,3.427338770482962,4.38633798210297,5.219063648547203,5.908435671514579,6.442609911642313,6.815372458240543,7.026320864158322,7.080825669155568,6.989773884897759,6.769104399990462,6.439153169296345,6.023833277527925,5.549681238048406,6.073485040459545,7.086597473807903,8.028552954727603,8.871392459323864,9.590120818571831,10.163629633350908,10.575475643239908,10.814485045805888,10.875160868434227,10.757877970456999,10.468858315223157,10.019927493310432,9.428061782164644,8.71474297835194,7.905145534038817,7.027186891913961,7.007381334926211,7.607855556573444,8.137289822478454,8.569158506098358,8.879818680080522,9.049437355796677,9.062776967220831,8.90980910815653,8.586133050925204,8.093182986795455,7.438215951852916,6.634080731625839,5.698776356890839,4.654816795381922,3.5284258057334816,2.348592371004336,1.910904891332608,2.2478385118714,2.536826805819423,2.7521123274262305,2.870651356200601,2.873048171669101,2.744350730335235,2.4746772615102848,2.059649728558211,1.500617447506611,0.8046621366030919,-0.015616015275252249,-0.9425233425936566,-1.9538928101630533,-3.0238758589032644,-4.123876079195394,-4.5909392802092,-4.1237674437167655,-3.6774852883988345,-3.278628464157916,-2.9511979665309047,-2.7157129811187466,-2.5883991171217344,-2.580543021132281,-2.698038023427064,-2.9411381922347766,-3.3044302335888722,-3.7770243773013954,-4.342957048869792,-4.981790059969452,-5.669383563405657
0.0,0.3230402261663693,0.6183312052433417,0.8592392710654315,1.0213192625609162,1.0833037573942836,1.0279707655504735,0.8428566577438099,0.5207869922612862,0.06020483295155987,-0.5347161429551281,-1.2541782587122063,-2.083082322948416,-3.0015539183823283,-3.9856536687137236,-5.008244652760556,-6.039984149200723,-5.628242508487286,-5.086050234295763,-4.573864295649393,-4.117393104423019,-3.7393297324670414,-3.458468153542427,-3.2889713349208205,-3.2398190774629456,-3.3144566536428406,-3.5106576430082814,-3.8206062049126155,-4.231195669354818,-4.724532086338759,-5.278623565716075,-5.868229159990102,-6.465834961291962,-5.751377293063536,-4.771057767348223,-3.819859796812129,-2.9254035152965,-2.1123626183530284,-1.4015625924461919,-0.8092282134082649,-0.34640877478832,-0.018602737533262026,0.174404100956691,0.23848094915814189,0.18487726096777912,0.0297415218755801,-0.20654791096572778,-0.5002142542287598,-0.8250441922356779,0.006727293421392333,1.216738735490367,2.376374371099741,3.457009313891496,4.432978374629155,5.282491760456337,5.988403817387032,6.538805817579785,6.927420481288963,7.153783459185535,7.2232050974557165,7.146514157850278,6.939593450183747,6.622725240637889,6.219771525007618,5.757220527002959,6.291814934406971,7.314865399184641,8.265867530170036,9.116826976493467,9.842716860931404,10.422400818760643,10.839411475758535,11.082554861655701,11.146317860721076,11.03106327692882,10.743005153104399,10.293965325065965,9.700920495925926,8.985357066680962,8.172458254711852,7.290154394477325,7.264976736909951,7.859072953445406,8.381148215679953,8.804705633822564,9.106134735834424,9.265638580225765,9.26801909917046,9.103290681493657,8.767098524246494,8.260925693800283,7.5920808608601575,6.77346700345856,5.823139691140426,4.76367155588953,3.6213469169888417,2.4252169780565267,1.9709337767308721,2.2910372641028873,2.5630267346811313,2.761211122756639,2.8626134873986597,2.84790502644047,2.7022004921239637,2.415684526094565,1.9840448613073849,1.4086956838093339,0.6967824289794571,-0.13903239887562124,-1.0809944638339353,-2.106877942278108,-3.1907775982260977,-4.304042678005682,-4.783667191794187,-4.328304069706129,-3.89303191764521,-3.504343391686838,-3.186199780380716,-2.9590840042354487,-2.8391889908682453,-2.837772416418574,-2.9607024649693057,-3.2082119810098164,-3.5748704521669743,-4.049774962416488,-4.616952915323917,-5.255961259767671,-5.942659463880077
0.0,0.3066034167994405,0.585521771898311,0.8101853338773826,0.9562123761048049,1.0023981626684204,0.9315823971708674,0.7313619102262527,0.3946212502088242,-0.08013922911306359,-0.6886904844729411,-1.4211816131746642,-2.2624625458302474,-3.192610533751951,-4.187640604576771,-5.220373154455041,-6.2614258594671215,-5.858132702185904,-5.323491195139905,-4.817928821768245,-4.367128129065114,-3.9937600457055327,-3.7166002104489784,-3.5497971353372875,-3.5023201022204273,-3.577607841857232,-3.7734313949210936,-4.0819763946460395,-4.490141651911318,-4.980042683197947,-5.5297010134651945,-6.113893006568799,-6.705125894636601,-5.983360887200281,-4.994828131306464,-4.03454311210934,-3.1301614481807096,-2.306395593478186,-1.5841129151967772,-0.9795830286805489,-0.503902850674292,-0.16262106303699264,0.044423914314274615,0.12304647122427559,0.08443926090847453,-0.0553077920683247,-0.2758764230433537,-0.5535512380840879,-0.8621813680881754,-0.014065054551313017,1.2123724090713266,2.3884511166455917,3.4854819719693264,4.477735760118491,5.34335909672466,6.065143418788788,6.631118017613742,7.034944802789488,7.276100021978209,7.359836257980434,7.296926374349125,7.103199366170144,6.798885978511111,6.407799180856144,5.956380856854528,6.501330221435585,7.533917490678121,8.493601032398859,9.352352595004971,10.085114873225596,10.670724665786882,11.092691458208359,11.339801926617888,11.406527463912088,11.293219305416732,11.006083893208157,10.5569394599354,9.962763117192072,9.245045684511258,8.428978790611058,7.542505141242347,7.512172270275027,8.10014798014278,8.615161342889424,9.030743045290304,9.3233137603059,9.47311113825809,9.46497501486447,9.288960846213463,8.940757899972244,8.421896144386112,7.739733800141329,6.907225849866982,5.942482119243339,4.8681315360591455,3.710516535238061,2.4987480289343336,2.0285391230571683,2.3324919582330343,2.58816889692169,2.7699425735021066,2.85490013052073,2.823776982432684,2.661751980481827,2.359073497390434,1.911492380396862,1.3204850665777368,0.593258135999351,-0.2574661074555893,-1.2138751069162654,-2.253686623795236,-3.350941033418435,-4.4769354320863295,-4.968614122258402,-4.524582962748347,-4.09987630838851,-3.720945557211878,-3.41171389386645,-3.192629437894762,-3.0798537547806157,-3.0846167198311982,-3.212762386159875,-3.464503231380213,-3.8343922198691858,-4.311513820501455,-4.87988677915208,-5.519063378227618,-6.20490242882966
0.0,0.29088320483510827,0.5541427350609517,0.7632700066343285,0.8939439618049427,0.9250198181370348,0.8393962831874413,0.6247280115930907,0.2739559700181018,-0.2143646955244627,-0.8359519895311314,-1.5809041038538196,-2.434022309222358,-3.3753376326523843,-4.380821493574715,-5.423253466313071,-6.473213350909109,-6.078000347590064,-5.5505804160561425,-5.051352839648638,-4.605975428115162,-4.237097932333822,-3.963478455415705,-3.7992516843791004,-3.7533768406616947,-3.8292863985070054,-4.0247489704016255,-4.331951599203325,-4.73779833772108,-5.224413756202001,-5.769832209853047,-6.348846619157412,-6.93398443459687,-6.20523066683128,-5.20884275386679,-4.239866855077851,-3.3259925267350825,-2.4919692914474894,-1.758704571261755,-1.1425108661605639,-0.6545306398506723,-0.30036060561646805,-0.0798895117021785,0.012644603039108304,-0.011619932512766606,-0.13664920163101435,-0.3421824122838728,-0.6045628835334134,-0.8976994703624865,-0.033950916221323624,1.2081964418698767,2.400001350975258,3.5127133044122285,4.520541852904195,5.401572792976898,6.138537395269477,6.719405672415373,7.137781374509433,7.393083936004626,7.490510694632527,7.4407810527482265,7.259672536875625,6.967366617139923,6.5876293741199605,6.146858371697056,6.70171124723762,7.743419543822101,8.711406011850642,9.577609976980868,10.316945032469542,10.908222310488242,11.334929165147072,11.58583376273229,11.655392680147287,11.543946088429092,11.257693160275615,10.808448682254548,10.213190156632102,9.493412628842345,8.67431577223069,7.78385412448756,7.7485907925311635,8.330712832139833,8.83897217381448,9.246925878638196,9.53102440673876,9.671538492146647,9.653344221638173,9.466536328151001,9.1068462286168,8.575848748368653,7.880949497837918,7.035153197000158,6.056621562260219,4.968037362877354,3.7957986157418775,2.569073338424445,2.08363304270499,2.3721393474613635,2.612214933524051,2.778293358220158,2.8475230537188563,2.8007008514379255,2.623066907091884,2.304930545989026,1.842102978050542,1.2361201774177202,0.4942472031123821,-0.3707364484954403,-1.340962537851246,-2.3940948709272414,-3.504121805547178,-4.642290561574748,-5.145497900864474,-4.712304663101966,-4.2977028812670754,-3.9281044940818273,-3.627396243512548,-3.4159929653572862,-3.3100262302648487,-3.3206993247461107,-3.453833222985488,-3.709620923657687,-4.082599588255745,-4.561841620535235,-5.131357486131015,-5.770695004422478,-6.455712358125122
0.0,0.2759035743632434,0.5242419692536475,0.7185648673421803,0.8346090216401874,0.8512867787712359,0.7515530705614211,0.5231176515722913,0.15897524888392311,-0.342266780516602,-0.9762759834764676,-1.7331020445589567,-2.5974998669859093,-3.549456431109735,-4.564901602544067,-5.616576056908248,-6.67502350255098,-6.287509995955243,-5.7669714304513136,-5.273780217793398,-4.833570595857844,-4.468972135414974,-4.198726230034449,-4.0369543930099,-3.9926062593142304,-4.069108341420996,-4.2642269380222295,-4.57015043519186,-4.973787880720513,-5.457272472097142,-5.998650790341549,-6.57273153257923,-7.152061415156274,-6.416648128586074,-5.412775116153199,-4.435517766385338,-3.512597974441962,-2.668800585273858,-1.9250711887894463,-1.2977631493084112,-0.7980623317754123,-0.43161121813274184,-0.1983465139768983,-0.09255621693517879,-0.10315376323593917,-0.2141586054529414,-0.4053647166413461,-0.6531713628800304,-0.93154430962663,-0.052899952029953234,1.2042172050960804,2.41100745207074,3.538661764787744,4.56133134437728,5.457044033456253,6.2084737707481255,6.803534082843724,7.2357733002451265,7.504556720674712,7.615029039398409,7.577858716138311,7.408774233547863,7.127910108159615,6.758987740590336,6.328362462864153,6.892652293509653,7.943051924499555,8.918950166759142,9.792255450636985,10.537853638892106,11.134531406296656,11.565755018165266,11.82027500294395,11.89253381952647,11.782861095901392,11.497449077849682,11.048109268203081,10.451819541495752,9.730078969979937,8.90809489264479,8.01383312171587,7.973871603511102,8.550415740125578,9.052239243652032,9.4529243069838,9.72894977413813,9.860617904275731,9.832839327438947,9.635746203076542,9.265110111726647,8.722548622586142,8.015512503293635,7.157053868037476,6.165383879367434,5.063236611533697,3.87706304491863,2.6360856122647447,2.136131479713568,2.4099189423651777,2.635128157813493,2.7862507362447246,2.8404935120876513,2.778711840360585,2.5862042931860962,2.253338276973226,1.775982520631151,1.1557297305659704,0.3999006898028581,-0.47867060714729925,-1.462062861265717,-2.5278884649329605,-3.6500862090227635,-4.799855786648294,-5.314048658703998,-4.891182766605121,-4.486209815267711,-4.125504143036754,-3.8329177660169904,-3.6288338042640658,-3.5293552466528704,-3.5456600435000634,-3.683547177312841,-3.943191085482718,-4.319113871094974,-4.800376441175627,-5.370981371202662,-6.0104722277821745,-6.694706594846926
0.0,0.2616873795797232,0.49586509362300757,0.6761381219564873,0.7782980820322316,0.7813115379551219,0.6681867803550507,0.42668585555486604,0.049854511155230874,-0.4636503458109358,-1.109448376111601,-1.877543229191565,-2.7526458038810717,-3.7147012787040308,-4.7396000832439125,-5.800045976885092,-6.866548415693606,-6.4863420015765,-5.972334093824296,-5.484871602112435,-5.049566393784567,-4.689028887980832,-4.42198462032993,-4.2625426017986765,-4.2196433694686135,-4.296707777884471,-4.491499929866079,-4.796209486246622,-5.197750235229528,-5.6782635618588895,-6.215807649879763,-6.785206169004614,-7.359024119560585,-6.617290716037658,-5.606314081641848,-4.621197344392591,-3.68969309018928,-2.836619686124119,-2.082958944745192,-1.4451030120614639,-0.9342789423148234,-0.5561726535094169,-0.31076636445133143,-0.19239548539707396,-0.19002257947853307,-0.2877177486078164,-0.46532693982866236,-0.6993025149014456,-0.9636642493207161,-0.07088325171957777,1.200440769811359,2.4214526280898925,3.5632877639219442,4.60004200262691,5.509688186529264,6.274845844353362,6.883374895454134,7.328771075196076,7.610348303645187,7.733201316520871,7.7079502271995075,7.5502769739810836,7.280271512791654,6.921612841396672,6.500616212306345,7.073862044382394,8.132510056603612,9.115916850143089,9.995961534617335,10.747503655570263,11.349306676844048,11.784816849746639,12.042767963794942,12.117589079396353,12.009599818816602,11.724985853949487,11.275555571246144,10.678287198536086,9.954683629663254,9.12995947858161,8.232091257446054,8.187670995685393,8.758921506692882,9.254637174055972,9.648424041637503,9.916787890761507,10.04006089904314,10.003186479295936,9.796332310040572,9.4153080884866,8.861771949257037,8.143217515764228,7.272741880966981,6.268603133541109,5.153584037972907,3.9541858388565805,2.6996826108415526,2.185954338010779,2.44577310318736,2.6568736114299223,2.793802567124386,2.83382223049257,2.7578434975026234,2.5512203794975274,2.2043754038883416,1.7132318871215322,1.0794363765125965,0.3103625391206144,-0.5811039098961328,-1.5769913162259988,-2.6548632789475635,-3.7886115481602456,-4.949390712423794,-5.474009240432438,-5.060944361638042,-4.665109508209439,-4.3128433344148425,-4.027964900298203,-3.830827226563081,-3.737506176978311,-3.7591556569234785,-3.9015537780326617,-4.164857362388517,-4.543574222119137,-5.0267543534509,-5.598392843826144,-6.238029223819919,-6.921520509099172
0.0,0.24825630991813064,0.4690554023394231,0.6360545003216409,0.7250970557308101,0.7152008558563194,0.5894246032576818,0.33557974807496915,-0.05323975930717362,-0.5783301983359301,-1.235265988329246,-2.0140072860186726,-2.8992234160960915,-3.870820063868051,-4.904650400841842,-5.9733833089588195,-7.0474958836708375,-6.674193009467096,-6.166355087462492,-5.684304933670161,-5.253633280370005,-4.896932452768937,-4.632913004349382,-4.475672134223787,-4.434141784036278,-4.511737462876113,-4.706221198963482,-5.009783857489039,-5.4093437052677915,-5.887049862720642,-6.420971475528208,-6.98594635909114,-7.554556787938784,-6.806852311821952,-5.789164370857353,-4.796622300572956,-3.857007682634748,-2.9951705549317555,-2.2321269521653235,-1.5843056602173395,-1.0629726478443589,-0.6738548702465903,-0.4169775458582068,-0.2867208790831981,-0.27209384680014326,-0.3572144030223634,-0.5219775983879,-0.7428859579960347,-0.994010284538067,-0.08787337844157794,1.1968728976659673,2.4313209429854834,3.586553730300034,4.636614767386689,5.559424933807009,6.337552353215332,6.958806298325152,7.416632814062179,7.710297280296362,7.8448472323422225,7.830857107278997,7.683964869582233,7.424218375543089,7.075256561879838,6.663356815080762,7.24506403087691,8.311504886724721,9.302005552909694,10.188417437627466,10.945575222641263,11.552220442745273,11.99178044056464,12.252973191136638,12.330215096347407,12.22381632533106,11.939956339153685,11.49044057999577,10.892247609470555,10.16688393195666,9.339571034594629,8.438295538538183,8.389662778551779,8.9559120177441,9.445857169561998,9.833126811608032,10.094252174832482,10.209593702983035,10.1641257811334,9.948049645246064,9.557211004112922,8.993306317455419,8.263869697641718,7.3820407323353265,6.366121844724734,5.238941800491561,4.0270493324742995,2.7597673051750538,2.2330256036145135,2.47964712777648,2.6774181176633176,2.8009373291448725,2.827519387207143,2.7381276613794294,2.518168540454706,2.1581166286500384,1.6539468152151056,1.007356514875129,0.225769358069277,-0.6778800757996453,-1.6855725581248624,-2.7748255894158236,-3.9194864769427404,-5.090667195724378,-5.6251355966071666,-5.221330445500187,-4.834129015533812,-4.489836247642393,-4.2122400658904615,-4.021665053941934,-3.934161448511812,-3.9608604379847523,-4.107520415768185,-4.37428156148566,-4.755638185562143,-5.240629976000737,-5.813244945753734,-6.453018812265113,-7.135808054319912
0.0,0.2356308569585126,0.44385379854380713,0.5983751574135296,0.6750871107379139,0.6530555965436133,0.5153867055328609,0.24993832834422314,-0.15015027313253926,-0.6861313727733318,-1.3535368620994728,-2.1422860138906716,-3.037009072382712,-4.017574598530135,-5.059800740562109,-6.136323594980912,-7.217589837664792,-6.85077641818261,-6.348738396467452,-5.871775940045943,-5.445459913848627,-5.092365634451793,-4.831189571844309,-4.676017821777876,-4.635774246027067,-4.713869328854502,-4.908063148318489,-5.210547701727891,-5.608245465875119,-6.083312832577813,-6.613829251937996,-7.174645836563859,-7.73836109905311,-6.985043704676432,-5.9610470118762215,-4.961524991721356,-4.014286482432696,-3.1442112930318373,-2.3723476276747606,-1.7151587143990175,-1.1839471023219792,-0.7844783223642957,-0.5168180134028413,-0.3753884871656057,-0.3492423503082671,-0.4225425387009971,-0.5752302612652531,-0.7838551975631891,-1.0225361167912628,-0.10384441061632477,1.1935190321085285,2.440597340818581,3.608424167388647,4.6709938401420175,5.6061783926856625,6.396497626960922,7.029713206905144,7.499224467515989,7.80425115998473,7.949796450375598,7.946391839206894,7.809633954748939,7.559531078860371,7.219684490136962,6.816335980308669,7.40599705270917,8.479763325155076,9.476932362336841,10.369329532604057,11.13176614530797,11.742963121533606,12.18633002939586,12.45056997802976,12.530087470078223,12.42518378855746,12.142032556241075,11.692436447640894,11.09337433813301,10.366356126065172,9.536609759499948,8.63213136223622,8.579538776299122,9.141086727832924,9.625607488712186,10.006750818669994,10.26107187177423,10.368957662457984,10.315411690290222,10.09066673584705,9.69060235947131,9.116951047183136,8.377284971715198,7.484783666536423,6.457791230094109,5.31917967004109,4.0955423590405,2.8162480249549473,2.2772734606060587,2.511489335045038,2.696730332070935,2.8076441369075713,2.8215945983841375,2.719594412144282,2.487099202749065,2.1146325275727538,1.5982177552503156,0.9396001168093835,0.14625020918702258,-0.7688514549237491,-1.7876409262021413,-2.887592371653219,-4.042511321468848,-5.223469693154078,-5.767197156029996,-5.372096319566746,-4.993010466732291,-4.656212847305955,-4.385462116957912,-4.201056128010842,-4.119021027276943,-4.150466648747059,-4.3011328503322535,-4.5711441674378595,-4.954982218639131,-5.441677002019348,-6.015209880379812,-6.655112986751035,-7.337242295239164
0.0,0.22383028316368636,0.42029873194228906,0.5631575800363151,0.6283445464709985,0.5949705741001581,0.44618604568247733,0.16989225818271914,-0.24072917541418493,-0.786889398500116,-1.4640805533371735,-2.2621836998906635,-3.165792555246998,-4.154740981514124,-5.204814391875634,-6.288618239418916,-7.37657076789988,-7.015822817084438,-6.519205761380334,-6.046998599557929,-5.624753627224122,-5.275030263576987,-5.016511815251528,-4.863274000072547,-4.8242331278402695,-4.9027949862858105,-5.096717830718684,-5.398194716599444,-5.794152055640642,-6.266753035982709,-6.794086738913626,-7.35101670548113,-7.910156625443271,-7.151593030685385,-6.121699765950094,-5.115653828293489,-4.1612895316946625,-3.2835145112221644,-2.5034070387075307,-1.837462534078845,-1.297017736850342,-0.8878742333330929,-0.6101354419924334,-0.4582630308143618,-0.42135038569676997,-0.48360248549418117,-0.6250036816775866,-0.8221477274531224,-1.0491982246490432,-0.11877198148134238,1.1903842900810486,2.4492676687291723,3.628865707792365,4.703126769261039,5.6498772321194295,6.451591733676608,7.095987439595049,7.576420026719742,7.89206659869564,8.047888851184766,8.05437815338836,7.92709249805675,7.686003178196546,7.354676274660122,6.959320309989102,7.556415576799366,8.637028662537451,9.640430395234425,10.538421804697276,11.305792354892908,11.921243699986025,12.36816879487215,12.635256854042117,12.716901258328157,12.613394985199706,12.330906200580502,11.88123499213829,11.28136052851244,10.552795880276145,9.720775034292117,8.813302996152697,8.75700929798657,9.314163118702059,9.793613889160534,10.169031167299174,10.416992467295675,10.517909638282916,10.456813392140646,10.223965993103265,9.81527864138636,9.23251749554424,8.483290302014652,7.580813930227942,6.543471431053045,5.3941752289162705,4.159560419779437,2.869038598400456,2.3186304006985625,2.5412511438185224,2.7147807902990477,2.8139127579372154,2.8160569033843417,2.702272025695513,2.458059768399702,2.073989443692482,1.5461297322119179,0.8762705572281302,0.07192641363781327,-0.853879253609839,-1.8830406962908537,-2.992991579083932,-4.157498384592108,-5.347595589949135,-5.899977177526185,-5.513011962621642,-5.141511458775386,-4.811719295141274,-4.547366771234526,-4.368726754518594,-4.291802875807502,-4.327685009879481,-4.482095690158822,-4.755144829941694,-5.1413021851708045,-5.62958869709684,-6.203979512855192,-6.844003415249191,-7.525515906679106
0.0,0.21287259249079105,0.3984261401440792,0.5304554991156851,0.5849406773541119,0.5410344079670657,0.38192820210768375,0.09556366267025362,-0.3248382712894933,-0.8804505505188249,-1.566728407202878,-2.373517417930701,-3.2853773816749876,-4.282109940142002,-5.3394701096456805,-6.430034888634897,-7.524196119572952,-7.16908039737553,-6.677497102718151,-6.209705577642012,-5.791240874787016,-5.444647651479819,-5.188596991224383,-5.037154975185906,-4.9992309006074045,-5.078226194149053,-5.271897418565589,-5.572438611888349,-5.966779839689296,-6.437090600988673,-6.961468920330806,-7.514789879473105,-8.069681261270382,-7.306246188058587,-6.270877527599451,-5.258773658252194,-4.297792550089519,-3.412867676687534,-2.625105229900453,-1.9510305221670783,-1.402012041270777,-0.9838848535738687,-0.6967874586361562,-0.5352180695904072,-0.4883079388255709,-0.5403010851636747,-0.6712219210694241,-0.8577051253315588,-1.0739559301362986,-0.13263331626730868,1.1874734542120753,2.4573186985289674,3.647847164161855,4.7329645300193075,5.690454781449248,6.502750617116213,7.157527882799419,7.648101715575141,7.97360961774109,8.138974776675933,8.154651296735453,8.036161294780868,7.803441716980576,7.480025960523317,7.092091655090677,7.696090111878031,8.783060961522787,9.792250205124015,10.695436272382475,11.467388342237545,12.086790178117706,12.537019308336497,12.80675204519749,12.890371442123122,12.788162764278841,12.506289110506568,12.056548166401255,11.455919372918544,10.725918746273575,9.891785880794018,8.981534029463143,8.921803579520663,9.474877130317038,9.949620046080355,10.319720268819626,10.561776075700099,10.65622237667889,10.588115152244654,10.347744044351986,9.93104963313854,9.33982934455461,8.58172395780932,7.669985011487531,6.623031726613516,5.463814057526066,4.219005843303119,2.918058483731309,2.3570333262334047,2.56888714695497,2.7315419530362695,2.8197336282934145,2.810914750985345,2.6861869305363957,2.431094542432836,2.0362493855482064,1.4977622160096415,0.8174644570835485,0.002911366113528935,-0.9328337462301795,-1.9716263184032101,-3.0908624057297045,-4.264272232287701,-5.462855509104278,-6.023273080623162,-5.643862381797416,-5.2794054259433025,-4.956118337310499,-4.697707013235557,-4.524421120923728,-4.452243383447817,-4.4922451420061,-4.650132842977412,-4.9260028219665255,-5.314313819599414,-5.804078367199268,-6.379265840203802,-7.0194019104868515,-7.700341642435473
0.0,0.20277450292292165,0.37826939383200187,0.5003188077223903,0.5449417240145591,0.4913293877380607,0.3227112120295228,0.027065943821936944,-0.4023492367817272,-0.9666720839934797,-1.6613238154168934,-2.476117307839361,-3.3955811029038565,-4.3994871495180625,-5.463562451678216,-6.560357785383871,-7.660240662915495,-7.310315336281269,-6.823370917773115,-6.359648634720141,-5.94466764945923,-5.600959015474388,-5.3471825520100005,-5.197395459541468,-5.16050057287068,-5.239895299701056,-5.433334643008892,-5.733013546316285,-6.125865442419266,-6.594065646146475,-7.115720423724398,-7.6657154922827475,-8.21669162220789,-7.448767224810551,-6.408352698567333,-5.390666125835361,-4.423587277024584,-3.5320734372578464,-2.737256528162014,-2.055689409700236,-1.4987698273594354,-1.072363701133988,-0.7766418596614768,-0.6061361943538275,-0.550012853567551,-0.5925518335126445,-0.7138144649712574,-0.8904731418138077,-1.0967714607958419,-0.1454072669451777,1.1847909655199125,2.464738146883448,3.665339576775932,4.760461599396065,5.727849132121212,6.549896224944256,7.214240645193897,7.714160170412569,8.048755808168991,8.22291525842883,8.247058284028444,8.136673940306101,7.911667521008265,7.59554230360479,7.214447448378271,7.824807558617398,8.91763742283899,9.932160162815572,10.840133381058704,11.616307562785614,12.239349984168275,12.692623957111747,12.964793903873925,13.050233360624738,12.949220485234965,12.667913706963533,12.218108497768696,11.616784549559892,10.885460593116596,10.049381390341015,9.136567794621913,9.073670196756012,9.622983563738638,10.0933879432352,10.45858821914599,10.695201802823757,10.783684855990764,10.709116645490752,10.461812043290637,10.037738704674968,9.438722870147632,8.672435760357837,7.752160863343841,6.6963507328346985,5.527989908961868,4.273787934627062,2.9632328920491195,2.392423646447343,2.594355180621961,2.746988248029864,2.8250978671622167,2.806175986491368,2.6713636674535772,2.4062446652862945,2.0014699325764065,1.4531890002321513,0.7632715359541034,-0.06068963817060036,-1.0055944731083368,-2.053262638794031,-3.181055531549096,-4.362669961309489,-5.569073600302364,-6.136896754624504,-5.76444794058661,-5.406481985493831,-5.08918966637678,-4.83625347112534,-4.667901686683875,-4.6000977685395465,-4.643895978219742,-4.804987937042911,-5.083457468055485,-5.473753160688419,-5.964879796073398,-6.5408014307244855,-7.1810408696299985,-7.861452773524737
0.0,0.1935514209627559,0.35985924584934903,0.4727934849511417,0.5084087122510894,0.4459313476114919,0.26862542191502303,-0.03549639242754443,-0.4731438145819813,-1.0454224520332156,-1.7477224551941877,-2.5698268345148327,-3.49623558278124,-4.506693529007464,-5.576902092161965,-6.67938809799137,-7.784496836823283,-7.439312153789345,-6.956604649069666,-6.496599004935684,-6.084799870328835,-5.743725873674418,-5.492026546014424,-5.3437509766533875,-5.307796097927811,-5.387555646830204,-5.580783201714477,-5.879674533131994,-6.271166149330152,-6.737438677001518,-7.2566059099063205,-7.803563278982987,-8.350963416769352,-7.578938698748916,-6.533915535062565,-5.511130004698018,-4.538481789385656,-3.640949922505331,-2.8396898259509973,-2.151279520194944,-1.5871434732240353,-1.1531757851725897,-0.8495768124153065,-0.670909206393203,-0.6063709876666135,-0.640275012363813,-0.7527163305824034,-0.9204017832322271,-1.117610007317275,-0.15707434449140711,1.182340916637027,2.4715146940523627,3.6813162577249714,4.785576025528027,5.762003232139506,6.592956627819214,7.266039200973795,7.774494606845583,8.117390520572021,8.299582229718737,8.331458131323032,8.228477084007858,8.01051547180564,7.701049062365285,7.326201013466791,7.942371534753822,9.040552725212397,10.059946809800605,10.972292368533548,11.752322812732407,12.37869035994673,12.834745337536358,13.109141307995559,13.196243114919366,13.096322424736702,12.815533401746638,12.365669496084129,11.76371062886707,11.031178010220065,10.193321121845372,9.278167758955972,9.212377449089313,9.758256455219186,10.224698236116629,10.585423149544663,10.817066083050761,10.900102608639733,10.819633261728955,10.565995958096739,10.135183082091208,9.52904719196553,8.755287312033651,7.827216111341318,6.763316588016605,5.586604871096802,4.323823113542257,3.0044929014416755,2.424747366863554,2.617616388625336,2.761096109100944,2.82999729040543,2.8018478397637985,2.6578248520755734,2.3835480500421733,1.969704147262985,1.4124780895612838,0.7137744751607382,-0.11877956412331203,-1.0720504243026854,-2.1278251061627733,-3.263433350252809,-4.452541447729036,-5.666087808206544,-6.240674845607575,-5.874584663424154,-5.522547258640116,-5.2107302574239895,-4.962794766666427,-4.79894954566776,-4.73514045188135,-4.782406147130953,-4.946424712278075,-5.227268542034084,-5.619376954244153,-6.11174765140881,-6.688339832007491,-7.328673682560939,-8.00860349512849
0.0,0.18521741812708492,0.34322378428073086,0.44792152577099986,0.4753973799277573,0.40490955069124324,0.21975334963695659,-0.0920278956670546,-0.5371139944725711,-1.1165815063913849,-1.8257925094354874,-2.654503026748165,-3.5871872542880205,-4.603565515456841,-5.679316110519937,-6.786944223707927,-7.896775065529226,-7.555874041404351,-7.076995023917048,-6.620347745178039,-6.211423739783768,-5.8727304088414805,-5.62290798694451,-5.475998234120556,-5.440892749221769,-5.520981952375946,-5.714018134644193,-6.012197813883849,-6.402460277328834,-6.866990951486913,-7.383910432019008,-7.928122927288457,-8.472291788506574,-7.696562009222706,-6.647374467762688,-5.61998150492032,-4.6423007943512165,-3.7393310212215045,-2.9322488423326725,-2.237655013263932,-1.6669981485283536,-1.2261978119140822,-0.9154810411422325,-0.7294382825027466,-0.6572963563691023,-0.683397811184276,-0.7878681659142834,-0.9474453879108096,-1.1364397766450283,-0.16761674862206732,1.1801270455659805,2.477638001160085,3.6957528316282473,4.808269491714709,5.792864973109781,6.63186612913504,7.312844521865204,7.8290129735361385,8.1794090400065,8.368858720905957,8.407722071047434,8.311430663216886,8.099834758547702,7.796385266737106,7.427181849630513,8.048602674705235,9.151619338623357,10.175415183922592,11.09171160183666,11.87522657566619,12.504598715947093,12.963166617167586,13.239574028908931,13.328177940131,13.22924415157758,12.948922973717996,12.499006029761984,11.896473447940835,11.162848678722414,10.323385468633576,9.406117885539228,9.337713712961472,9.880489420952046,10.343350586594815,10.70003154987874,10.92718298989007,11.005298017819586,10.919496387427706,10.660136836945629,10.223234095972966,9.610664503555254,8.830152207476214,7.895036244822135,6.823827123365802,5.639569515968776,4.3690350421322375,3.0417755621360616,2.4539551716701915,2.6386352816915073,2.773844012099034,2.83442442304704,2.7979369141907036,2.6455911403684422,2.3630393245834185,1.941000494186632,1.3756915960183314,0.669048791621234,-0.17126978482228505,-1.1321002089725987,-2.1951999616795685,-3.3378701792475276,-4.533749575977417,-5.753750119705647,-6.334449020906988,-5.974104516376118,-5.627424166348598,-5.320554677808775,-5.077137837716177,-4.917364760136991,-4.857165400891667,-4.907564325867829,-5.074227380731953,-5.357216633519656,-5.750963024245079,-6.2444578591377065,-6.821655946943201,-7.462075108127631,-8.14156930161414
0.0,0.17778520947811305,0.3283883895985107,0.425740876954285,0.44595809193550684,0.36832658331306023,0.17616955857757022,-0.14244231663625895,-0.5941621781165876,-1.180040680773927,-1.8954148678386291,-2.730016695352275,-3.6682973538332067,-4.689955312740151,-5.770648255231739,-6.882862065777648,-7.996904047836243,-7.659823162415536,-7.184358364539385,-6.730706053863994,-6.324346069699612,-5.987775800705451,-5.739627190963375,-5.593935464300436,-5.559587463202689,-5.639970649839901,-5.83283616727397,-6.130381199804757,-6.519547512948001,-6.982524813654936,-7.497439763476566,-8.039204398425762,-8.580491628555997,-7.801457700124354,-6.748556394088379,-5.717054553413064,-4.734885896834033,-3.827066634850537,-3.0147923614142584,-2.3146841071225066,-1.7382120202008373,-1.2913183727555837,-0.9742539967562598,-0.7816341257553798,-0.7027112636094408,-0.7218544381714342,-0.8192163403428563,-0.9715626958305101,-1.1532320404845455,-0.17701839495046578,1.1781527299764163,2.4830987259694814,3.708627272823084,4.828507374877637,5.8203872697401415,6.666565365253476,7.354585197697242,7.877632092635914,8.234716745754387,8.430639037894606,8.475733748461117,8.385408116910762,8.179489108148232,7.881405463713717,7.517235891933462,8.143338903226502,9.25066781041794,10.278389116827793,11.198208884848144,11.984831339172862,12.616882955693022,13.077691865599467,13.355893067382505,13.445836545290275,13.347782869087329,13.067878912423094,12.617914669267467,12.014870452554106,11.280271710674173,10.439375993496931,9.520222962796804,9.449487764728454,9.98949597194827,10.4491639685714,10.802238563843497,11.025384519640715,11.099110588483978,11.008553662925006,10.744091050520865,10.301757408218762,9.683450282617706,8.89691622644571,7.9555177916333655,6.877790018872784,5.6868030362193736,4.409354741240678,3.0750239925401757,2.4800024989607747,2.6573797916129074,2.7852125077411447,2.838372510677666,2.794449176612138,2.634681197121291,2.344749778762586,1.9154027660771495,1.34288564420067,0.6291627226351877,-0.2180802167308955,-1.1856522100689233,-2.2552844125453486,-3.4042524513879524,-4.606170448040372,-5.8319267897355465,-6.418076210680362,-6.06285566350654,-5.7209526995058155,-5.418495370072338,-5.179108232778748,-5.022966665788035,-4.96598644394952,-5.019179562488143,-5.188200955804312,-5.4731034826724585,-5.8683106118123884,-6.3628079453013315,-6.9405463771493885,-7.581041617790704,-8.260147329059773
0.0,0.17126613422427983,0.3153756959402012,0.40628537918176044,0.4201357633512175,0.3362382595575246,0.1379405438683574,-0.18666273881481787,-0.6442013279622114,-1.2357031564773155,-1.9564833086233504,-2.796252630263939,-3.7394421329634473,-4.765731117248977,-5.85075918222416,-6.966995283798148,-8.084731018468922,-7.751000923219586,-7.278530868310089,-6.827505558989435,-6.423394576183805,-6.088686526250235,-5.842006081345005,-5.697382732142902,-5.663699149138857,-5.744340199964201,-5.937056020726698,-6.234044380288501,-6.6222492179613885,-7.083863995237723,-7.597020694293355,-8.136638217072761,-8.675397858056495,-7.893465733683165,-6.837306942303442,-5.802201047292881,-4.816095841142154,-3.904022906492348,-3.087194447795879,-2.3822492796460337,-1.8006764383134755,-1.3484381142413544,-1.0258060102470337,-0.8274171017417,-0.7425464205498447,-0.7555862206305499,-0.8467130264320477,-0.992716911579034,-1.167961179132608,-0.18526493952685275,1.176420982051798,2.487888537135218,3.719919938969076,4.846258798384248,5.844528131678464,6.69700139607426,7.39119754535147,7.920277786689507,8.283229255684692,8.484828923388523,8.535389399175465,8.450296578806146,8.249356993169576,7.955979939265198,7.59622574628396,8.226435682685178,9.337547023839296,10.368711502742649,11.291621736272422,12.080969880920803,12.715371768816482,13.178146353390883,13.457920957216793,13.549039420441053,13.451757724535693,13.1722197285836,12.722213997485925,12.118721006185847,11.38326795552969,10.5411157314442,9.620308902336394,9.54752907240832,10.085109798560024,10.541976944168281,10.891888255742018,11.111520847712528,11.181397192211298,11.086669214881232,10.81773051114729,10.370633216997541,9.747293480989516,8.955477508087164,8.008568475992877,6.925122944163226,5.728233368380419,4.444720695711856,3.1041874660261146,2.502849608721616,2.673821320173968,2.7951842512852454,2.8418355297596642,2.791389948216628,2.625111667469689,2.328707316663392,1.8929500170015485,1.3141102856533093,0.5941771217753962,-0.2591394418804591,-1.2326247241127257,-2.3079867888212693,-3.4624788882444753,-4.66969357248763,-5.900498545331981,-6.491428826187818,-6.1407026985312205,-5.802990163041891,-5.504402907580319,-5.268550377163103,-5.115594147389023,-5.061437554433738,-5.1170815673118195,-5.288171549733734,-5.574752282677725,-5.97124068150478,-6.466617344961423,-7.044829733293051,-7.6853917061438795,-8.364156664760557
0.0,0.16567013842020062,0.3042055565759021,0.3895847154124159,0.39796979091144946,0.3086935360953542,0.10512463093944158,-0.22462169577275892,-0.6871551000345861,-1.2834840101034004,-2.008904660592254,-2.853109776318052,-3.800513047164182,-4.83077731898331,-5.919526667466318,-7.0392155169899,-8.160121981145181,-7.829268215284483,-7.3593688576630445,-6.910598575011978,-6.508418142426573,-6.175308627506569,-5.929888460163232,-5.786182209714434,-5.753068965404108,-5.833931367703185,-6.026518688346662,-6.3230291979869095,-6.71040870192942,-7.170853884577116,-7.682501295347836,-8.220275729924516,-8.756865680007698,-7.972445734632522,-6.913490707037436,-5.875291079840572,-4.885806726490585,-3.9700824251260594,-3.1493446387082935,-2.440247447671665,-1.8542961018473552,-1.3974698896448543,-1.070058429486493,-0.8667173600669988,-0.7767410512932567,-0.7845416944907937,-0.8703162729033516,-1.010875760489042,-1.1806047205649293,-0.19234380072276835,1.174934443893769,2.4920001269147702,3.7296136010161094,4.861496679155916,5.865250727576446,6.723127785805041,7.422625705922263,7.95688499180585,8.324872554994009,8.531345700698186,8.586598007465547,8.505997049557148,8.309331817235218,8.019994916240977,7.664030899054718,8.297766233580388,9.412124428584201,10.446244538167692,11.371807637533491,12.163495523789464,12.799914892423402,13.264376818647616,13.54550203600186,13.63762911051605,13.541010085056714,13.261786230992831,12.811744886508196,12.207866665615505,11.471680273474398,10.628449459694426,9.706223004552278,9.63168805585929,10.167185024216723,10.621647910030942,10.968843848393924,11.18546055721124,11.252032285573545,11.15372386357904,10.880942868212479,10.429756439528528,9.802096694067563,9.005746706338005,8.054107359273111,6.965753684108185,5.763797302820123,4.475078948243395,3.1292214883230245,2.5224616434625604,2.6879347827829854,2.8037440289928783,2.8448081968171453,2.7887638964227133,2.6168971515004356,2.3149364140278683,1.8736765027798454,1.2894094225060058,0.5641453660444786,-0.2943848168315464,-1.2729460858490569,-2.353226683288149,-3.5124606546221537,-4.7242220330480205,-5.959360767603516,-6.5543949544521904,-6.207526851405046,-5.873411393638247,-5.578146222500755,-5.345327810340977,-5.195105884590827,-5.143373104027265,-5.2011209727293455,-5.373986638895564,-5.662007949497138,-6.059596194470139,-6.5557276776854225,-7.134346911833383,-7.774966167834028,-8.453438623244534
0.0,0.16100575979212128,0.2948950136184676,0.3756643655966274,0.3794939929054393,0.2857344374949502,0.07777188653334921,-0.25626127410298816,-0.7229579604126655,-1.3233103431257422,-2.052598945280698,-2.900501387425955,-3.851416921464358,-4.884994677935969,-5.9768457934450145,-7.099412580034326,-8.222961913012378,-7.8945056273852945,-7.426748999299313,-6.979858328172561,-6.579287049257552,-6.247509946443378,-6.003140246600543,-5.860198416993814,-5.827560561820091,-5.908607465165902,-6.101087678293603,-6.3971998901081255,-6.7838914612594445,-7.24336176251331,-7.753751150178544,-8.289989332491382,-8.824770800184584,-8.038277204378321,-6.976991455871598,-5.936213138697827,-4.943912196034839,-4.025144404742212,-3.2011481125442796,-2.4885901242707607,-1.8989892040919836,-1.438338891927192,-1.1069437392272317,-0.8994749409209533,-0.8052429856082117,-0.8086766828231964,-0.8899900686402573,-1.026011537879121,-1.1911433747213822,-0.19824417842664355,1.173695383491136,2.4954272223177356,3.7376934694904644,4.87419776898818,5.882523441282629,6.744904673807762,7.4488217299398976,7.987397856925213,8.359583109129789,8.570118399879293,8.629281445131426,8.552424547797147,8.359322077662267,8.073352727957909,7.720547900948648,8.357221727968394,9.474286243033058,10.510869932122251,11.438644250213356,12.232282359652439,12.870383340347495,13.336251700851715,13.6185026826091,13.711470455563658,13.615403779672496,13.336441769391355,12.886370740409658,12.282171422657427,11.545373775170669,10.70124393449798,9.77783419159682,9.701836314991905,10.235596427986684,10.688055313370548,11.032987931814262,11.247090839439252,11.31090810167603,11.209615304754072,10.933631679578356,10.47903687240442,9.8477763094177,9.047647126241996,8.09206496348791,6.999620249001632,5.793440580181062,4.5003831817081,3.1500878654013356,2.53880868139853,2.699698646743302,2.8108787813405276,2.8472859764968943,2.7865750277579373,2.610050181976429,2.303458080914095,1.8576116287214766,1.2688207404924476,0.5391132744383924,-0.32376256824813066,-1.3065547775855473,-2.390935074122547,-3.5541214940952184,-4.769672636473159,-6.008423651347006,-6.606878529002969,-6.263226169527651,-5.932108950687386,-5.63961280577229,-5.409323394142631,-5.261380567537373,-5.211668084900085,-5.2711695610896605,-5.44551529650488,-5.734737358478217,-6.133242348037333,-6.630002989185097,-7.208961337763634,-7.8496283404583655,-8.52785698837664
0.0,0.15728011471203884,0.2874582720226109,0.3645455678017806,0.36473655757904666,0.2673959921061493,0.055924042318936884,-0.28153320177890295,-0.7515552852133323,-1.355121393109803,-2.087499498978728,-2.938355158922642,-3.892076092592086,-4.928300475501599,-6.022629109235803,-7.147494631181884,-8.273154940135939,-7.946613627788082,-7.480568492354875,-7.035179149912265,-6.635893173056379,-6.305180326599276,-6.061649681513163,-5.919318428571934,-5.887060287683678,-5.9682545601587655,-6.160649221786257,-6.4564432955478575,-6.842585384415835,-7.301277004872493,-7.8106615539585045,-8.345672663783256,-8.87900961677131,-8.090859704841847,-7.027712306672891,-5.984874275999944,-4.990323599137974,-4.06912483811046,-3.2425258335265283,-2.527203553752065,-1.934687557456554,-1.4709827678690917,-1.1364056641094935,-0.925639866557403,-0.8280087385241734,-0.8279543632407251,-0.9057043976298684,-1.0381011513224,-1.1995610629365536,-0.2029570705213668,1.1727056912596336,2.498164594676439,3.7441472170588934,4.8843426900201905,5.896319920078695,6.76229883541343,7.46974565052634,8.011769829030314,8.387307960724042,8.601087866010541,8.66337459069718,8.58950823979357,8.399251505065713,8.115971967208866,7.7656905248299,8.404711455499747,9.52393762784479,10.562489086619223,11.492029602701917,12.287225441473577,12.926669599942493,13.393661341581392,13.676811521054983,13.770450796959437,13.674825307047213,13.396072442952242,12.945977703652568,12.3415219116665,11.604236027556434,10.759388094424533,9.835033207363947,9.757866825667106,10.290239635624836,10.7410978374152,11.08422264234414,11.296317666006168,11.357934814575707,11.254258265679015,10.975716558721523,10.518399329213379,9.884262634340978,9.081114840961583,8.122383377294042,7.026670969137214,5.817117974162857,4.520594789819311,3.166754761744819,2.5518657821007396,2.709094964105421,2.816577622944339,2.8492650884878916,2.78482668174615,2.6045812052156174,2.294289829641473,1.8447799047620617,1.2523756514536997,0.51911903804108,-0.3472278749387572,-1.3333995230490228,-2.4210544302023207,-3.587397845350357,-4.805976039464134,-6.0476123420620365,-6.6487994764434575,-6.30771567329096,-5.9789932802134045,-5.688708878757553,-5.460439491472795,-5.314317081946259,-5.266218300431779,-5.327120460319897,-5.502648392369522,-5.7928295474605775,-6.192066781382618,-6.689329958739946,-7.268559172981547,-7.90926431306822,-8.58729822118162
0.0,0.15449888734035944,0.2819066779126196,0.35624528580967185,0.353720000128372,0.25370617861799705,0.03961443122201347,-0.3003989218022922,-0.7729034439302276,-1.378868626417269,-2.1135530744388937,-2.9666133378808888,-3.922428527464311,-4.960628640679175,-6.056806763925541,-7.183388312373629,-8.310624483772768,-7.985512716103951,-7.520745225242358,-7.0764766380892254,-6.678150150715261,-6.34823178114663,-6.105327497940289,-5.9634520459404,-5.931477365162127,-6.012781650010181,-6.2051124466776555,-6.500669027537561,-6.886400922966861,-7.344511251244463,-7.853145679344556,-8.387240768582927,-8.919499378424922,-8.130113011696633,-7.065575875405608,-6.021200250184984,-5.024970126623524,-4.101956624948133,-3.273414672291328,-2.5560288241896436,-1.9613366975027198,-1.4953517132022607,-1.1583992545196393,-0.9451722175446422,-0.8450035766758961,-0.842345324077642,-0.9174352847578808,-1.0471261558783165,-1.2058449424707198,-0.2064752866186783,1.1719668771577463,2.5002080676232326,3.748964997336242,4.891915964299212,5.9066191148854,6.775283732612504,7.4853655443720974,8.029963724171557,8.408004810389597,8.624206849445383,8.688825428765742,8.617191547517852,8.429059179721477,8.147787610464473,7.799389897279297,8.440162961814693,9.561002830651795,10.601023247094526,11.531882245773502,12.328240943423104,12.968687796112587,13.43651815181521,13.720339590425706,13.814480149287679,13.71918400865437,13.440587274057824,12.990474834793734,12.38582758249839,11.6481772253826,10.802793229807815,9.877732784179551,9.799694102981345,10.331031278814912,10.780694555987404,11.122469811959824,11.333065932286484,11.393040676327246,11.287584635262913,11.007133297377743,10.547783755249796,9.91150000220275,9.106098789310096,8.145016344345656,7.046864573639943,5.834793360523263,4.5356829360319155,3.17919674892155,2.5616130245479334,2.7161093990499143,2.8208318591677837,2.850742513288877,2.7835215258124446,2.600498565153212,2.2874456480724428,1.8352009080689662,1.2400992454136333,0.5041931617569113,-0.3647449362395552,-1.3534393656169392,-2.443538798880984,-3.612238939161247,-4.8330768544675236,-6.0768670501553,-6.680093838617548,-6.340927485731292,-6.013992851503139,-5.725359536319801,-5.498598115274107,-5.3538346633772935,-5.306940524182732,-5.368888306978484,-5.545298759388382,-5.836195886069227,-6.23597974695684,-6.733618072088919,-7.3130494899704175,-7.953783099961249,-8.631671633068699
0.0,0.1526663209536615,0.2782487012717465,0.3507761832351248,0.3464611283486647,0.24468588337208796,0.02886793656980169,-0.3128296510291668,-0.7869698660001538,-1.394515812253088,-2.1307199221147703,-2.9852328112240225,-3.942427917829757,-4.981929850875547,-6.0793266131828725,-7.207038861162499,-8.335313377206283,-8.0111435445816,-7.547217900927441,-7.103687785749711,-6.705993511401861,-6.376598627131715,-6.134107057297346,-5.992531935106026,-5.960744027791446,-6.042120800411936,-6.234409516097393,-6.529809611546161,-6.915271228207383,-7.372998539792772,-7.881138708948508,-8.414630227060972,-8.946178310527843,-8.155977236765503,-7.090524394195034,-6.045135639262995,-5.0477989188079935,-4.12358967429412,-3.2937675022040898,-2.575021957303924,-1.978895966040164,-1.5114085485950022,-1.1728909551690903,-0.9580421936698897,-0.8562015712955926,-0.8518276092624362,-0.9251648323870494,-1.053072782233781,-1.2099854261038212,-0.20879345902943658,1.171480068382986,2.5015545234623175,3.7521394599079354,4.896906037395105,5.913405312376842,6.783839554543517,7.4956575804411365,8.041951784198025,8.421642081255637,8.639440077900103,8.705595129378022,8.635432234965673,8.448699624510713,8.16875111707853,7.8215946036734705,8.463522159085699,9.58542530163418,10.626413622561753,11.558141376852728,12.355266288769416,12.996373822330753,13.464756745565337,13.74902048060351,13.843491337630795,13.74841220709316,13.469918347102876,13.019794245232497,12.415020838660542,11.67713032822757,10.831393118088593,9.905867775944447,9.82725433168961,10.357909122363235,10.806785056971918,11.14767108753253,11.357279572005577,11.416172126447806,11.309543567967236,11.027833963503541,10.567145319138847,9.92944685736241,9.122560853655031,8.159929333866891,7.06017025343254,5.846439772192376,4.5456246005892105,3.1873948443796847,2.568035537519585,2.720731249759371,2.8236349993869343,2.8517159968151535,2.7826615512135096,2.5978084906114702,2.2829359782714116,1.8288892531727114,1.2320102522994536,0.4943584177698117,-0.3762870266347704,-1.36664373080428,-2.458353876096969,-3.628606875846395,-4.850933734179355,-6.096143142160681,-6.70071387018971,-6.362810936088219,-6.037054266239497,-5.7495088611045615,-5.523741047510788,-5.379873020453575,-5.333772626871456,-5.396409376492862,-5.573401326540919,-5.864770210936593,-6.264914247411921,-6.7627997595266445,-7.342364410525837,-7.983116779496938,-8.660909524193816
0.0,0.15178521147079227,0.27648992301968267,0.3481466042053023,0.3429710169909215,0.2403488684965871,0.023700954126819163,-0.31880642408376625,-0.7937330904954956,-1.402039077942252,-2.1389738508062397,-2.994185171502893,-3.9520437509207214,-4.992171607156166,-6.090154298814047,-7.218410194263552,-8.347183952964807,-8.023467008653288,-7.559946130448816,-7.116771077256882,-6.719380774921476,-6.39023758568622,-6.147944451045463,-6.00651372932129,-5.974815623866661,-6.056227249065563,-6.24849573194932,-6.543820588224933,-6.929152253148909,-7.386695407891712,-7.89459793422805,-8.427799251534429,-8.959005709436468,-8.168412919391066,-7.102519799463009,-6.056643925372512,-5.058775146148076,-4.133990980931897,-3.303553271259733,-2.5841539755586873,-1.9873385731581905,-1.5191287763761685,-1.1798586562891256,-0.9642301594050311,-0.861585637772067,-0.8563867518158736,-0.9288812476633452,-1.055931957710813,-1.211976196762539,-0.20990805095302068,1.171246007652145,2.5022019079263647,3.753665761544392,4.899305296028745,5.916668158954044,6.7879532477182245,7.500606056329536,8.04771571910767,8.428198967144054,8.646764310268216,8.713658107255176,8.644202472595806,8.458142874303563,8.178830503345743,7.832270766627375,8.474753408538431,9.59716777979698,10.638621475308684,11.570766932780066,12.368260245351452,13.00968543844511,13.478334039635959,13.762810433587605,13.857440100057069,13.762465309342849,13.484020912112427,13.033891202787352,12.429057140443124,11.691051162779795,10.845144124849448,9.919395257526803,9.840505463567379,10.37083215915001,10.819329534485604,11.159788019856888,11.368921642779188,11.42729387363344,11.320101561380138,11.037786974405384,10.57645448123505,9.938075818574207,9.13047591807355,8.167099593334964,7.066567708240387,5.85203944041588,4.550404615643793,3.1913365404088507,2.5711235222846938,2.7229534647459985,2.824982766893113,2.852184053837614,2.7822480699995964,2.596515085796475,2.280767700573458,1.8258545696698074,1.2281210133657359,0.4896298108000856,-0.38183653653148086,-1.372992472910589,-2.4654770587108157,-3.636476683092109,-4.859519434628059,-6.105411208835857,-6.7106281114893305,-6.373332637112176,-6.048142339970457,-5.761120008851894,-5.53582992799102,-5.392392426847135,-5.346673671164295,-5.409641680383102,-5.5869132181650425,-5.878508926646964,-6.278826137817703,-6.77683049899352,-7.356459209316448,-7.997220597723637,-8.674967286748256
0.0,0.15185690318717637,0.2766330264978327,0.3483605606291986,0.34325499086530753,0.24070175090956036,0.02412136708010859,-0.3183201222937462,-0.7931827988668281,-1.4014269453519708,-2.13830226761901,-2.9934567602366884,-3.9512613560059493,-4.991338283828226,-6.089273301182699,-7.2174849626056945,-8.34621810029026,-8.022464306596081,-7.558910494539024,-7.115706551630568,-6.71829151652843,-6.389127848057157,-6.146818567682075,-6.005376096774018,-5.973670684566256,-6.055079473975491,-6.247349603106746,-6.54268058123846,-6.928022819721421,-7.385580958436575,-7.8935028206465345,-8.42672775022164,-8.957962004582095,-8.167401086640234,-7.101543790000957,-6.055707550495301,-5.057882062379563,-4.133144675745087,-3.3027570494582683,-2.583410946371664,-1.9866516380986816,-1.5185006179108824,-1.1792917273634256,-0.9637266738642403,-0.861147561716447,-0.8560157959230468,-0.9285788605081347,-1.0556993201085887,-1.211814217158159,-0.20981736187337363,1.1712650520681436,2.502149233310678,3.753541573590267,4.899110079687485,5.916402676541285,6.787618535937105,7.500203422222398,8.047246734952086,8.427665464313119,8.646168372079064,8.713002060833682,8.643488879789208,8.457374521676499,8.178010391298779,7.831402097680504,8.4738395748253,9.596212349818684,10.63762817999884,11.569739650935603,12.36720298848599,13.008602335124081,13.477229319354654,13.761688410255083,13.85630515515043,13.761321874797664,13.48287345301613,13.032744199943151,12.427915072872583,11.68991849023234,10.844025270387133,9.918294590252362,9.839427281562962,10.369780672693274,10.818308849608659,11.158802122312336,11.36797438247584,11.426388949602512,11.319242507330603,11.03697714492492,10.575697038690452,9.937373720762398,9.129831906671464,8.166516183193341,7.066047177563347,5.851583821864576,4.5500156883989185,3.1910158232229735,2.5708722675515614,2.722772653609967,2.8248731054177987,2.8521459702487317,2.7822817130127455,2.5966203240364094,2.280944123087102,1.8261014875310217,1.228437462365556,0.49001455521193993,-0.38138499912628765,-1.3724759057559606,-2.464897478990437,-3.635836354052385,-4.858820856740185,-6.104657110031538,-6.709821436508258,-6.372476536002888,-6.047240155789465,-5.760175264609118,-5.534846312892509,-5.391373781888801,-5.3456239741329,-5.408565030323091,-5.585813819371857,-5.877391072249365,-6.277694193013193,-6.775688884002334,-7.355312382120697,-7.996073036658978,-8.673823473016089
0.0,0.1528812867238456,0.27867779337538257,0.3514177260767306,0.34731261671717295,0.24574399222364152,0.030128534011979458,-0.3113714876024001,-0.7853198306857743,-1.3926803484036876,-2.1287061971774017,-2.9830486887514716,-3.9400819267735385,-4.979431152280531,-6.0766849644136,-7.204264577800882,-8.332417292769478,-8.008136968217356,-7.54411257325212,-7.10049583300143,-6.7027273980877915,-6.373271107354457,-6.130731124950417,-5.989120773132996,-5.957310956706822,-6.038679226284833,-6.230972878201126,-6.526391329878172,-6.911884651084432,-7.369656891726055,-7.877855039002209,-8.41141735789596,-8.943048788329452,-8.152943282250948,-7.087597854891767,-6.042327943244363,-5.045121030066866,-4.121052049928724,-3.291380051583266,-2.5727940033712557,-1.9768362089080789,-1.5095250315710218,-1.1711910333468856,-0.9565325052077984,-0.8548880114947508,-0.8507153075457561,-0.9242581322689312,-1.0523752243587823,-1.2094997344205158,-0.2085215301534541,1.1715371725752042,2.501396579980123,3.751767085517246,4.896320686209948,5.912609270181068,6.782835929864865,7.4944502924125,8.040545547253318,8.420042386720036,8.637653172546536,8.703627991033652,8.633292545263643,8.446395738893514,8.166292032170196,7.818989922147943,8.460782052168595,9.582560469384372,10.623435252087868,11.555061098627728,12.352096131213854,12.993126164842039,13.461444270176466,13.745656122459986,13.84008823447917,13.744983647978417,13.466477720474982,13.016354986664807,12.41159637838416,11.673734038686593,10.828038261720998,9.902567453392551,9.824021430642354,10.354756267230023,10.803724559584575,11.144714899067855,11.354439236316264,11.413458734983937,11.306967716464408,11.025405710606755,10.564874147123694,9.927341635107009,9.120629802007237,8.158179993542062,7.058609455567208,5.845073611668804,4.544458412235008,3.1864331821354175,2.567282156655738,2.7201890922120944,2.8233061822698478,2.8516018041520628,2.7827624289243205,2.5981240447708807,2.283464976647182,1.829629630037505,1.2329591164974576,0.49551206400663883,-0.37493310332298657,-1.3650948174590978,-2.456616021191855,-3.626686865667562,-4.848839066325463,-6.093881996264874,-6.698295075978321,-6.360243938900882,-6.034349090145293,-5.746676069758249,-5.520791702901952,-5.376818639709793,-5.330625137284171,-5.393181068941555,-5.570104807497492,-5.861418353237363,-6.261520139989475,-6.759376656297831,-7.33892567863551,-7.979675847119538,-8.657479828096644
0.0,0.15485679919431594,0.28262110398240226,0.3573134362767669,0.3551377038880643,0.255467899567444,0.04171328987860834,-0.29797112143668736,-0.7701561823640843,-1.3758126316482118,-2.110200280061097,-2.9629768364846467,-3.918522519509754,-4.956468379043777,-6.052408494341958,-7.1787692099904605,-8.30580258608597,-7.9805068525208025,-7.515574943553023,-7.0711621281330554,-6.672712165539904,-6.342691555967823,-6.099706667218793,-5.9577725588998955,-5.925761400077965,-6.007051527603689,-6.199390542954208,-6.49497768640875,-6.880762368997996,-7.338947502868128,-7.847678462879094,-8.381891433391637,-8.914288813547246,-8.125061564276916,-7.060703271237921,-6.016525516684325,-5.020511518524173,-4.097731553019304,-3.269439635348486,-2.552319344666983,-1.9579072608383923,-1.4922157112730505,-1.15556893334597,-0.9426586294701265,-0.8428165372081735,-0.8404933735590312,-0.9159256550155253,-1.0459647419840534,-1.2050362797209517,-0.20602253282413774,1.172061954003181,2.4999450962465146,3.7483450046349693,4.890941371331616,5.905293727416161,6.7736127262513275,7.483355444363063,8.027622379912184,8.405341364779114,8.621231703181898,8.685550199731747,8.613629025412635,8.425223276117618,8.143693304483458,7.795053177098361,8.435600762233337,9.556232966961751,10.59606434551143,11.526753670701913,12.322962721838925,12.963280539358149,13.43100297511242,13.714738030421564,13.808814079954129,13.713475555870904,13.434858729210397,12.984748567727385,12.380125954163468,11.642522500515739,10.797207489988606,9.872237841602455,9.79431141527953,10.325781865268665,10.775598915444283,11.117547842787104,11.32833685466845,11.388522957210796,11.283295916244516,11.003090325813385,10.544002318856917,9.90799486740954,9.102883643592913,8.14210374277972,7.0442658898720385,5.832518742357893,4.533741265804336,3.1775956088124486,2.560358666975172,2.7152067222529706,2.820284388080232,2.8505523857735984,2.7836894843133178,2.6010239537958855,2.2883264152255096,1.8364336143555429,1.2416790771420505,0.5061139497180784,-0.3624906926815208,-1.350860469234891,-2.4406453202101046,-3.6090421771738255,-4.829589292450709,-6.0731023069641346,-6.6760666154936255,-6.33665350889473,-6.009488810742019,-5.720643019816907,-5.493687540925449,-5.348749206870616,-5.301700044116865,-5.363513267315934,-5.539810149544008,-5.830615138947012,-6.230328655254867,-6.727918703199351,-7.3073240998068005,-7.948054046049646,-8.625961287242031
0.0,0.15778042658905977,0.2884569420694796,0.3660386962333362,0.3667183137607166,0.26985863732245496,0.0588579599930088,-0.2781394685327947,-0.747714988850888,-1.3508495299061343,-2.082812750468227,-2.9332718267579447,-3.8866160270765104,-4.922484998074138,-6.016480929211359,-7.141037757071879,-8.266414585895594,-7.939616114356463,-7.473341144872181,-7.02775019101575,-6.628291612671553,-6.297435848656768,-6.053792528033606,-5.911379281571518,-5.879070149361542,-5.960244631834067,-6.152650782057688,-6.448487578151393,-6.834703456257652,-7.293499644713376,-7.803019132223436,-8.338195023965563,-8.871725958894457,-8.083798471433973,-7.02090107169934,-5.978339637187528,-4.984091074111411,-4.063218764746602,-3.23696927491547,-2.5220182081362714,-1.9298936734996879,-1.4665990655854135,-1.13244926176261,-0.9221262138138107,-0.8249515561226421,-0.8253655894131091,-0.9035941414825646,-1.0364776533605036,-1.198430662884862,-0.20232418256789164,1.1728385957009781,2.4977969966166533,3.7432805519605346,4.882980342191921,5.894467209459629,6.759962996798889,7.4669358053161226,8.008496949609835,8.383584827617401,8.596929017972842,8.65879626794101,8.584528320571316,8.393889435855366,8.110248686775943,7.7596283824620125,8.39833412373311,9.517270010023477,10.555557219648136,11.484860555373237,12.279847208763703,12.919110993692257,13.385951877986452,13.66898130540569,13.762530406080334,13.666845669895185,13.388064719839601,12.937973164566705,12.333551814161243,11.596331494691979,10.75157999323256,9.827352028312516,9.75034256359603,10.282901672616486,10.733974828058088,11.07734240183737,11.289707061541684,11.351619660422472,11.248263222378853,10.970065036790224,10.513113397723144,9.879362934741156,9.076620506474255,8.118311958199202,7.023038364239299,5.813938368706254,4.5178806000952845,3.164516586606156,2.55011236157346,2.70783314525916,2.815812333154689,2.848999316195103,2.7850614647853384,2.6053156267640394,2.2955210217986988,1.846503059749065,1.2545840403871327,0.5218040372094168,-0.34407675039980923,-1.3297945782133533,-2.4170097423023664,-3.582929208805811,-4.801100904205072,-6.042349745387316,-6.643169968680474,-6.301741237547054,-5.972697246532302,-5.682115833016042,-5.453575179373405,-5.30720830848084,-5.258892825208585,-5.319606889162905,-5.494976065613313,-5.785028425376941,-6.184167327186346,-6.681363019630626,-7.2605558596859066,-7.901255878353406,-8.57931593781381
0.0,0.1616477083739355,0.2961764039866217,0.3775801939491561,0.3820367779736249,0.28889424975751776,0.08153638699103372,-0.251906785743913,-0.7180304883360544,-1.3178291290046058,-2.046585393138881,-2.8939789800558793,-3.844411128727223,-4.877532857302489,-5.968957083165076,-7.091127785352754,-8.214313385875107,-7.885527140105717,-7.417475612678112,-6.970326254586041,-6.56953351124908,-6.23757303137015,-5.993058757903269,-5.850011722670109,-5.817308440693292,-5.898329951549613,-6.090824905658555,-6.3869919343618315,-6.773778184250642,-7.233382656372291,-7.7439451831012365,-8.280394796569373,-8.815425161875323,-8.029216958199408,-6.96825198189047,-5.927828564373353,-4.935915262950326,-4.017566340750219,-3.1940185098225227,-2.481936823765293,-1.8928381867988975,-1.4327141774373833,-1.1018672919304144,-0.8949665842351839,-0.8013203245698683,-0.8053550353396881,-0.8872824056739235,-1.0239284327959004,-1.1896929620020462,-0.1974321219018218,1.173865912758092,2.4949555584136878,3.7365814542528653,4.872449744812734,5.880146234166334,6.741907566693532,7.445216426466878,7.983198435726312,8.354805968854917,8.564782195158994,8.623407013730937,8.54603482924537,8.352442023673408,8.06600920499556,7.712769585312823,8.349038993815194,9.465731043764238,10.501975675607875,11.429445668334772,12.222815372675031,12.860684916652815,13.326359712576744,13.60845575775636,13.701307827159692,13.605165132563743,13.32616708527566,12.876100141708617,12.271945015839172,11.53523149413498,10.691225384635251,9.76797849512987,9.692181958204522,10.226181110935519,10.678915802667195,11.02415991705243,11.238608793827662,11.302805147421283,11.201923083719127,10.926380229721739,10.472254510482635,9.84148952040891,9.041880459922744,8.086840938566763,6.994959265184111,5.789360838509229,4.496900613485878,3.147216069983102,2.536558873083938,2.6980796109856735,2.8098968404398477,2.8469449649113665,2.7868762771305056,2.61099251593474,2.305037819664208,1.8598226034173795,1.2716543173252677,0.542558388351237,-0.31971937035136566,-1.301929284306123,-2.385745347912734,-3.548387800724803,-4.763417365892053,-6.001671230252963,-6.599655325455858,-6.255560389982746,-5.92403052984976,-5.631153289702435,-5.4005158170697625,-5.2522593228614785,-5.2022687908864285,-5.261528921780217,-5.43567095838984,-5.724727763487252,-6.123106583424674,-6.619780634894647,-7.19869231187014,-7.83935274328818,-8.517614945916815
0.0,0.16645274429555623,0.30576771226741806,0.3919203207355473,0.4010697253773916,0.31254569452635694,0.1097139707392687,-0.21931309587781245,-0.6811479700135048,-1.2768018076703633,-2.0015734796047626,-2.8451582448809725,-3.7919722158376117,-4.821680539530805,-5.909909462616966,-7.029115441722828,-8.149578476038164,-7.818322452499329,-7.348063580169191,-6.8989779296761,-6.496527507620025,-6.16319443590381,-5.917598017423222,-5.773763509753056,-5.740570502978947,-5.821401949042544,-6.014007240562278,-6.310584578014633,-6.698079505743926,-7.158688257425658,-7.670546743744098,-8.20857893613668,-8.74547231976519,-7.9614002987632695,-6.902836327732135,-5.865069362222403,-4.8760575861481,-3.9608439322436633,-3.1406528694029854,-2.4321363431165763,-1.8467973357321954,-1.3906127444908276,-1.063869682298681,-0.8612211777707302,-0.7719588963627788,-0.7804922411387709,-0.867015334158465,-1.0083362264464488,-1.1788365080507197,-0.19135381456897027,1.1751423378124108,2.4914251167769526,3.728257932224115,4.859365645567366,5.8623526508319,6.719473982832167,7.418230444743476,7.951765435821996,8.319048695961644,8.524840280662199,8.579436429951965,8.498207280372899,8.300944275262264,8.011042354651227,7.654548277409595,8.287790581314486,9.401694700406138,10.435401461942803,11.36059355524239,12.151954226183516,12.788091448022772,13.252317397749662,13.533253730387118,13.625239749555828,13.528528048940426,13.249260261804395,12.799223897889233,12.19539955175862,11.459315718192405,10.616235746311096,9.694207827357,9.61991833386188,10.155706717929707,10.610505841994737,10.958081528145765,11.175120011381381,11.242153893772162,11.144346200714718,10.872102553858019,10.421487994922302,9.79443240730881,8.9987165063025,8.047738698741545,6.960071432563644,5.758823649333288,4.470833314824693,3.1257204540800996,2.5197188798592083,2.68596100025238,2.802546935113564,2.844392466215102,2.7891311525170455,2.618045960163954,2.316862289187327,1.8763719239339607,1.292863864092853,0.5683453385435877,-0.28945571422290506,-1.2673071011710855,-2.346899836655341,-3.5054706522352133,-4.716596170716682,-5.951128824156988,-6.545589075453465,-6.198181423623168,-5.863562910768709,-5.567833142658404,-5.334590405881895,-5.183986084849645,-5.131914331584005,-5.1893679738451794,-5.361985308779616,-5.649805153086682,-6.047239583424014,-6.5432655043053325,-7.12182784063968,-7.762439085531818,-8.44095244782212
0.0,0.1721882033832176,0.3172162335977433,0.4090371980777423,0.4237881176917395,0.34077688697704867,0.14334772112393734,-0.18040812663465067,-0.63712370498417,-1.2278301606676667,-1.9478456838622469,-2.7868841062912266,-3.7293792936647514,-4.755013257796412,-5.839428155629523,-6.955095337477806,-8.072308621458594,-7.738104584713756,-7.265210948234637,-6.813814071347208,-6.409384985941045,-6.074413540557032,-5.827525435905047,-5.6827509735667405,-5.648973414130612,-5.7295779922039465,-5.9223149863198215,-6.219382082658902,-6.607722913067534,-7.069530407989359,-7.582935797041942,-8.122857011040647,-8.661974158558316,-7.88045195997819,-6.824753912899492,-5.790157781501142,-4.8046093676578145,-3.8931380797485513,-3.076953772808121,-2.372692746030991,-1.791841364130402,-1.3403590002658627,-1.0185144052463038,-0.8209414792772174,-0.7369120677887544,-0.7508151395998075,-0.842823848100976,-0.9897248231057862,-1.1658778645586414,-0.18409853415099509,1.176665923441515,2.4872110580479094,3.71832268494608,4.843748006668343,5.841113606857569,6.6926964717947275,7.386019032250487,7.914245906749912,8.276367563268565,8.477164213257906,8.526951601859395,8.441118643722568,8.239474759958583,7.945431997835999,7.585053286122107,8.21468233200851,9.32525867923068,10.35593614992481,11.27840926272472,12.067371881069688,12.70144134256038,13.163937898746202,13.44348995789486,13.534442229185395,13.437051343065779,13.157461585004352,12.70746172203219,12.104032206177575,11.368699990416564,10.526725488818235,9.606152575787087,9.5336619420879,10.071586015315633,10.528849318084076,10.87920804991692,11.09933757807893,11.169758434176394,11.075620417546077,10.80731481982903,10.360891304747877,9.738263389767301,8.947194500205379,8.001064896420042,6.918428094216992,5.722373391306556,4.439718474595434,3.100062534433544,2.4996180744224916,2.671495802240572,2.7937738308153413,2.841345714415004,2.79182265071565,2.6264651981183946,2.3309763899535643,1.8961257722505476,1.3181803216048493,0.5991255450261863,-0.2533319548173161,-1.22598085134993,-2.3005324745397795,-3.454243241382037,-4.660708753068995,-5.890799638884704,-6.4810537067340155,-6.1296918806903316,-5.791386643821951,-5.492251998475562,-5.255899527213553,-5.102492757893003,-5.047936786036853,-5.103234140225746,-5.274031537864904,-5.560374902469883,-5.956682076319963,-6.45193436584132,-7.030079716956907,-7.670632251089834,-8.349445406344739
0.0,0.17884533513364897,0.3305045011415848,0.4289047110146065,0.4501572938087768,0.37354475520582753,0.1823863236402632,-0.13525123473817002,-0.5860248604040241,-1.170988903298415,-1.8854839775975023,-2.719245472259401,-3.6567278592842585,-4.677632725363752,-5.757620694467888,-6.869180403972334,-7.982621711586028,-7.644995923937831,-7.16904412388314,-6.714964612811244,-6.308238898240797,-5.971365797000422,-5.722978435725421,-5.577112970562476,-5.542656922442765,-5.622998175457363,-5.815888036418069,-6.11352359456379,-6.5028462619096805,-6.966045134847152,-7.481246009692399,-8.023359805927187,-8.565058070137646,-7.786495443501568,-6.734123866553075,-5.703208113676409,-4.721679614946879,-3.8145520810610387,-3.0030184047871504,-2.303696724706452,-1.7280541174890383,-1.2820296161407492,-0.9658706586341888,-0.7741889428820352,-0.6962333092646138,-0.7163690086282117,-0.8147448560862152,-0.9681226179107827,-1.1508368023323896,-0.17567734991960682,1.1784343451338313,2.4823198115522898,3.706790870475415,4.825620655711359,5.816461506331823,6.6616158876252145,7.348631333453256,7.870697091488664,8.22682768873494,8.421826731601795,8.466032604762432,8.37485601856474,8.168127260873097,7.869278235279934,7.5043906389085375,8.129825786048608,9.236539597520474,10.26370097857977,11.183018178115097,11.969197383339498,12.600866801022299,13.061356054832629,13.339301391511004,13.429053794453326,13.330874579567793,13.050911110729706,12.600953614302727,11.997982376874678,11.26352256185418,10.422831176604078,9.503947084986995,9.43354438295623,9.97394734477826,10.434070813059959,10.787659818439902,11.011377114033778,11.08572922129283,10.995850588102172,10.732115873301671,10.290556891413983,9.67306816400577,8.887393047977618,7.946890741117237,6.870092784756265,5.680065676036964,4.403603564239711,3.0702814569437646,2.4762871242689313,2.6547060862842935,2.7835909125378513,2.837809357894259,2.794946665348185,2.636237384693924,2.3473585882926375,1.9190540102192326,1.3475650649245474,0.6348520469030734,-0.2114032056085149,-1.1780135856775917,-2.2467140035498456,-3.3947837250519974,-4.595840379537673,-5.820775717762543,-6.406147679934472,-6.050196254645054,-5.7076118472494235,-5.404525170163605,-5.164563238549351,-5.007903675129175,-4.950464277517369,-5.00325883401044,-5.171943835385058,-5.456573454018983,-5.851572224332838,-6.345926562040609,-6.923587919547861,-7.564072308262394,-8.24323343239524
0.0,0.18641398286152433,0.3456122411899287,0.4514925479818388,0.48013702267492464,0.4107993057712407,0.22677021768223904,-0.0839113153760418,-0.5279293970081684,-1.1063647574101383,-1.8145835051235286,-2.6423455380274565,-3.5741287558918446,-4.5896570005419814,-5.664611891539488,-6.771501720322337,-7.880654580383741,-7.539138524648484,-7.059709827385587,-6.602580367193532,-6.19324356157702,-5.854208423619328,-5.604116522662874,-5.457010671045314,-5.421783233380392,-5.5018251060188454,-5.694888764846437,-5.993170620425121,-6.383609560992409,-6.848390323916672,-7.3656325282675565,-7.910239122178795,-8.454871917914936,-7.679674097370967,-6.631084461585221,-5.604353016542641,-4.627394852685985,-3.725205833651934,-2.918959567413941,-2.225253545330203,-1.655532915046516,-1.2157135843755236,-0.9060187602311265,-0.7210348982235564,-0.6499846837576038,-0.6772064021655462,-0.7828211978080428,-0.9435625690195069,-1.133736269293341,-0.1661031099483481,1.180444904835103,2.476758839790967,3.6936800827272207,4.8050112493218755,5.788433960591957,6.626279649501283,7.306124390198933,7.821185431807698,8.170504654598828,8.358912263253515,8.3967723818545,8.29952050078543,8.087010631807141,7.782697253627922,7.412683401550972,8.033350407784818,9.135672812637987,10.158836669714981,11.074565838150008,11.85758051634077,12.48652126846694,12.944728373578249,13.220846990157046,13.30923523490213,13.210159750730266,12.92977140142914,12.479862072511521,11.877411862472147,11.143943900118833,10.304711319650984,9.38774728832977,9.319718404314118,9.86293967216196,10.326314929055453,10.683576507468231,10.911372819196881,10.990194457221936,10.905158416006511,10.64662044417245,10.21059206307233,9.598946197395096,8.819403387791315,7.885298885523339,6.815139248632787,5.6319650517664535,4.36254368373058,3.036422658150712,2.44976162507666,2.6356174681994977,2.7720137162056515,2.8337887920185785,2.7984984301527276,2.6473476106131364,2.365983890132066,1.9451216565737797,1.3809732621930513,0.6754703367901422,-0.16373343665565043,-1.1234784870865493,-2.1855265337135625,-3.3271828197307594,-4.522090018820088,-5.741163895228939,-6.320985278048136,-5.959815830762858,-5.612366334992469,-5.304786501218983,-5.0607208902848635,-4.900363149692547,-4.839645518359042,-4.889594586013384,-5.055877955005263,-5.338559176035501,-5.732070391975665,-6.225403827407736,-6.8025149213388225,-7.442921833944205,-8.12247857197747
0.0,0.19488259919536288,0.3625164040920521,0.47676624705786685,0.5136815646708279,0.45248369996838456,0.2764316874133379,-0.026466697087522473,-0.46292595016731886,-1.0340563190857859,-1.7352524382199137,-2.5563016286631384,-3.481708003691534,-4.491220306565198,-5.560543648969647,-6.66220831341959,-7.766562797563147,-7.420693891880367,-6.93737486842617,-6.476832797439558,-6.064574422597355,-5.723120165648144,-5.471121042542233,-5.322627313278957,-5.286536762104566,-5.366243655809582,-5.559501778365333,-5.858506780957078,-6.250194727948714,-6.716745479365259,-7.236271742509174,-7.78366754631348,-8.331583811237788,-7.5601508973001685,-6.51579290365923,-5.4937433118278935,-4.521898929712326,-3.6252356517409403,-2.8249055079865935,-2.1374828874757905,-1.57438840130565,-1.141512082337853,-0.8390500251741821,-0.6615604416245917,-0.5982367520968723,-0.6333870700087672,-0.7471015787095456,-0.9160821473274645,-1.1146023554663744,-0.1553904215104821,1.1826945350647722,2.4705366270545355,3.679010324632267,4.781951230959825,5.757073730841024,6.586741669387532,7.258563054688585,7.765786466898099,8.107484392062403,8.28851679586682,8.319276602411206,8.215227028645835,7.996248631176057,7.685821148175486,7.310071490395808,7.925403388244072,9.022812215512877,10.041503213222043,10.953217706925887,11.732691572241022,12.358579200145627,12.81423279207418,13.088307477923362,13.175169355897733,13.07509102934363,12.794227278126781,12.344371844194269,11.74250461558206,11.010146444567974,10.172546131639988,9.25773047008946,9.192357668737335,9.738732360195588,10.205746067594658,10.56711691533682,10.79947726860987,10.88329989790978,10.803682268935756,10.550958971525802,10.121118820853297,9.5160105766998,8.743329250443729,7.816383299401808,6.753651327626307,5.5781449048907,4.3166014775073425,2.9985377959121196,2.42008204639901,2.614259071202378,2.7590599049722617,2.829290150904571,2.8024725262553805,2.6597789251722155,2.386823879130251,1.9742889403000117,1.418353943028566,0.7209184439762306,-0.11039537700495172,-1.0624587589527312,-2.1170634178291534,-3.251543663098163,-4.439570190727262,-5.652085633838646,-6.225696432064812,-5.858688501090867,-5.505795421690036,-5.193188161421914,-4.944530913121841,-4.7800352545379035,-4.715649583068316,-4.762414812060348,-4.926010976685532,-5.206512121120234,-5.598358901388471,-6.090550041657909,-6.667045441573814,-7.3073656655834265,-7.987365058957441
0.0,0.20423826369518006,0.38119119942202784,0.5046872485418816,0.5507397413956019,0.49853434054685986,0.33129496507954803,0.03699497774122129,-0.39111369465815526,-0.954173908217169,-1.6476118110967866,-2.46124502005889,-3.3796066076285336,-4.38247282681008,-5.44557474210364,-6.541466930563648,-7.640520431233431,-7.2898427348200645,-6.80222589160336,-6.337913754716521,-5.9224277898630255,-5.578301022461385,-5.324194904558031,-5.1741679239218925,-5.137123852113017,-5.216460679399599,-5.409933634854412,-5.7097375307448415,-6.10280531177355,-6.571311449743168,-7.093361016213511,-7.643838186672116,-8.195381848907743,-7.428108198029594,-6.388425091363038,-5.371547755087404,-4.405352799561601,-3.5147940583241084,-2.7209997233624748,-2.0405186615097386,-1.4847443772250077,-1.0595383181382556,-0.7650666266505741,-0.5958563123649494,-0.5410684653198725,-0.5849778666508607,-0.7076404956738795,-0.8857232792988179,-1.0934642531747132,-0.14355562879289574,1.1851798035959886,2.4636626664789523,3.662803977618829,4.756475782946799,5.722428662907722,6.543062269782822,7.206019890533176,7.704584718123584,8.037863050188015,8.210747730742671,8.23366350057233,8.122104207422776,7.895979733192845,7.57879772133297,7.196711458885487,7.806149420563064,8.89812999585292,9.911879622982687,10.819158923453042,11.594721092215265,12.217235795338866,12.670068405457405,12.941885068341168,13.027060699726068,12.925874487715292,12.644485538443563,12.194689644745132,11.593466462152623,10.862334327957933,10.0265372550015,9.114094994961174,9.051656488575803,9.601514910098306,10.072548178767777,10.438458722685745,10.675861179623595,10.765208630770385,10.691576967514248,10.445277404625154,10.02227367273065,9.424387835543266,8.659286701096782,7.740249126221116,6.685722832928857,5.518687347994603,4.2658470388998735,2.956684670589885,2.3872936699207283,2.5906634814765193,2.7447492422717557,2.8243202980610116,2.8068628904377664,2.6735123621023686,2.4098467600308573,2.006511361313849,1.4596500762911413,0.7711270289708989,-0.05147040372812084,-0.9950474981533777,-2.0414291090380843,-3.1679816566726187,-4.34840679451409,-5.553676838949144,-6.120426522737056,-5.746968554067986,-5.3880617009743235,-5.069900414673241,-4.816170576352879,-4.647103572116798,-4.578665650370157,-4.62191354841084,-4.78254103651247,-5.060633751469707,-5.450641754172141,-5.941570949174479,-6.517386163991249,-7.157610619177949,-7.838099033980476
0.0,0.2144667025650071,0.40160813532678596,0.5352129537837893,0.5912550137489454,0.5488809687401344,0.39127634660708654,0.10637688659177247,-0.31260219335386585,-0.8668394001915738,-1.5517953357347496,-2.3573207386462083,-3.2679803422601235,-4.263580475663382,-5.319880577265559,-6.409461785057999,-7.502719782328477,-7.146784691100819,-6.654469091669075,-6.1860351857089135,-5.767020534343841,-5.41997194243768,-5.163562271699023,-5.011859005221325,-4.973772460424975,-5.052704698412871,-5.24641252817034,-5.547089844785643,-5.941666182272203,-6.412310121551967,-6.937118386116384,-7.490964378795966,-8.046473832200798,-7.283747455110433,-6.249175347843412,-5.237952778235785,-4.277934274903635,-3.3940495524718033,-2.607400741027228,-1.9345088042865277,-1.386737611337658,-0.9699173579101941,-0.6841814400135835,-0.524022754241888,-0.47856704421795904,-0.5320526492819555,-0.6644981538791981,-0.8525322829998132,-1.0703542125016392,-0.1306167879600214,1.1878969186921047,2.4561474455620065,3.6450857674656745,4.728623772788912,5.684551614248729,6.495308091687161,7.14857506204436,7.637673560067533,7.961746849205026,8.125723718968679,8.140063694953783,8.020294113197561,7.786356916600152,7.461790257125647,7.072776258707278,7.675770448718429,8.761816379436775,9.770163663749997,10.672594019191864,11.443879575740223,12.062706699543753,12.512455163154348,12.781803155868406,12.865135233526022,12.762737783268237,12.480774641089207,12.031043842034197,11.430524787442643,10.70073306500167,9.866907453272493,8.957060005419068,8.897829529494182,9.451496672460454,9.926924480581249,10.297798221375587,10.540713151437256,10.636100825865741,10.569013549106518,10.329736980240337,9.914207425253384,9.324217761357309,8.56740396219817,7.657012522738942,6.611457402018438,5.453683094574348,4.210357803188285,2.9109271368649363,2.351446520372395,2.564866698456652,2.72910356166599,2.818886815917293,2.8116628243875876,2.688526968506376,2.4350174071723583,2.0417397583544132,1.5047986570942196,0.826019489294644,0.012951582233436731,-0.9213475530305448,-1.9587390014624866,-3.076624289744755,-4.248738916796747,-5.446087651371896,-6.005336158774963,-5.624826439129362,-5.25934479740414,-4.935111359225371,-4.6758357174043335,-4.501770914288578,-4.428902714580934,-4.468305155719914,-4.625687024406048,-4.901146631508361,-5.289144320146262,-5.778693845107861,-6.353765421489671,-6.99388517373936,-7.674908229965559
0.0,0.22555231043020607,0.42373606199570446,0.5682967901763272,0.6351655681919905,0.6034467714582812,0.4562843193084398,0.1815731745341167,-0.22751123006573026,-0.7721860399483234,-1.447949197882533,-2.244687340131011,-3.14699951409277,-4.134724645388852,-5.1836529241435345,-6.266394275158623,-7.353371091216232,-6.991738022218408,-6.494329898940453,-6.021428809254678,-5.598589758541436,-5.248374485862161,-4.989468218746097,-4.835948189442128,-4.796731809790597,-4.875225552875333,-5.0691879399948805,-5.370811872196444,-5.767023186979842,-6.239984080715666,-6.7677822292377945,-7.325279359943875,-7.88508694782813,-7.1272889175469505,-6.098256124330058,-5.093162205110678,-4.139837756256282,-3.2631863522522284,-2.4842818772317905,-1.8196150534435804,-1.2805176310854938,-0.8727859349985683,-0.5965178705703353,-0.446169362629675,-0.41082784626494906,-0.4746921651065228,-0.6177403749445218,-0.8165597974320078,-1.0453074920870287,-0.1165936396058197,1.1908417348916724,2.448002430162701,3.6258827265783244,4.698437693877233,5.643500373304885,6.443551992928532,7.086316211929008,7.565155078072806,7.879251918451203,8.033574480394947,8.038619989364761,7.909952076092656,7.66754743127292,7.3349772720737425,6.938454975923507,7.5344653899375595,8.61407933788939,9.616571549421739,10.51374660600228,11.280397159438452,11.895227675466899,12.341633533307347,12.608305975060194,12.68964000453478,12.585929811207544,12.303344357306234,11.853684107990071,11.253928189103277,10.525589208304373,9.693900271229557,8.786865087373982,8.731111482959706,9.288906527840508,9.769097148911113,10.145350015007892,10.39423937735545,10.496173461023046,10.436179006868171,10.204513976651093,9.79708495346246,9.215653182110607,8.467821217854343,7.566800481783563,6.530968340540881,5.383231320637203,4.150218429461093,2.861335006315109,2.312595289208447,2.5369080799048542,2.712146733533468,2.812997994255024,2.8168650049181414,2.7047998368261084,2.462297418078723,2.079920383988619,1.5537308029302377,0.8855120763501425,0.08277229322911683,-0.8414713664769442,-1.8691192541500907,-2.977610944868939,-4.140718619350346,-5.329482218304782,-5.880600931807883,-5.492448506654264,-5.1198410924144255,-4.789026640703618,-4.523740443050127,-4.344259012893403,-4.266589266748953,-4.30182399199137,-4.455688250162572,-4.728294088325365,-5.114112993505797,-5.602167228594753,-6.176432847763699,-6.816439122705973,-7.498041624656662
0.0,0.2374781741463542,0.4475412191854049,0.6038882822101894,0.6824044110552872,0.6621484984805517,0.526219701501891,0.26246911572791376,-0.13597062679075966,-0.6703582386889808,-1.336231834023601,-2.123516667587585,-3.016848701748056,-3.9961019293798024,-5.037099623209612,-6.112482676803704,-7.192702216938154,-6.824939280532881,-6.3220526353642335,-5.844345762815262,-5.417392434745558,-5.063770456381585,-4.802178358365383,-4.646703861058022,-4.606272008455571,-4.684294020037726,-4.878530259204447,-5.181172557616562,-5.579142776075625,-6.054596242471017,-6.585610899193724,-7.147035913245699,-7.711467421320763,-6.958971291765911,-5.935897676001989,-4.937396940501799,-3.9912739353914812,-3.1224041136726894,-2.3518309725663977,-1.6960127006405776,-1.1662464946874609,-0.7682922413477145,-0.5022096653041821,-0.36241491727157227,-0.33795422013165854,-0.41298392814858476,-0.5674384965066885,-0.7778607052731086,-1.018362305333776,-0.10150757863585269,1.1940097593331105,2.4392400470079627,3.605224152746113,4.665963600656266,5.599337571334237,6.387872937004804,7.019338327574043,7.487139912491668,7.790504119195948,7.934440605722445,7.929487154934122,7.79124644328687,7.539732543047768,7.198552242832481,6.793952542485799,7.3824498312135995,8.455144271382832,9.451337613166048,10.342859034982498,11.10452326596238,11.715054243324825,12.157864135896043,12.421658227943846,12.50084276317158,12.395720324784715,12.112465389797737,11.662881037679181,11.063946097896334,10.337169972201883,9.507779663316294,8.603769904640828,8.551756708176962,9.113992537565471,9.599306978532613,9.981346691507717,10.236663330202163,10.345640021308618,10.293276004453245,10.069799444701946,9.671084949343436,9.098859733141365,8.360690399953707,7.469750638502813,6.444378449441141,5.307439513390178,4.085520671452123,2.8079839409046734,2.2707992511652506,2.506830281863013,2.693904628650663,2.8066628175604387,2.8224614951411944,2.722306139792244,2.491645172049498,2.120994986612824,1.6063718587636306,0.9495140231962225,0.15788520485510427,-0.7555408043835175,-1.7727065985952688,-2.871092685209412,-4.024510707110574,-5.204038442895189,-5.74641114848692,-5.350036723654114,-4.969763424700062,-4.631869138355775,-4.36011680275227,-4.174808181459317,-4.091972946049106,-4.122724055021273,-4.2728040783433165,-4.542339840434149,-4.925814816901179,-5.412260423626754,-5.985658996441677,-6.625543192836742,-7.3077690607611485
0.0,0.2502260986033725,0.47298728772724496,0.6419331284837462,0.7328994707500298,0.7248965894689765,0.6009757938315095,0.34894128845797434,-0.038120045644246314,-0.5615113535513698,-1.2168136896520103,-1.9939935892802132,-2.877726474353874,-3.8479238222195415,-4.880444268620693,-5.9479618105933385,-7.020958289568116,-6.646642948364197,-6.137900141758443,-5.655056219318999,-5.223705012975339,-4.866441501574474,-4.601978435867023,-4.444414747281451,-4.40268363806106,-4.480201401254835,-4.674730369341899,-4.978461230882911,-5.378311595863706,-5.85642945024173,-6.390882332029913,-6.956505982034913,-7.525880141366999,-6.779051377425784,-5.762347710690676,-4.770894633119838,-3.8324694738860146,-2.97191762606745,-2.210250105375043,-1.563890324119631,-1.0440985438897918,-0.6565957014071979,-0.40140070881895706,-0.27288720105938236,-0.26005734800840097,-0.3470220857328927,-0.5136692633815982,-0.7364940491433021,-0.9895597621061849,-0.08538162162540097,1.197396158609396,2.4298736647333774,3.5831415644429967,4.631251038359371,5.552130586856476,6.3283558726103255,6.947743596125629,7.403747089883485,7.695638852615655,7.828473342005904,7.812831693978427,7.664358322170602,7.403107257168455,7.052723311007672,6.6394894235735045,7.219955700387629,8.285253664746655,9.274713949902885,10.16019202671761,10.916526223453934,11.522461291000642,11.961427345113417,12.222144680167,12.299031554534954,12.192399523739235,11.90842895972038,11.458925736462978,10.860868366627848,10.135762825075819,9.308829590932023,8.408053802773441,8.360038844015886,8.927021565267458,9.417813015743269,9.806038468267726,10.068225421371647,10.184730173316959,10.140522566813345,9.925798916318834,9.53639964919881,8.974015604449997,8.246174956366447,7.366011060376216,6.351819837607746,5.226423307248419,4.0163632375532226,2.750955337548023,2.226122173826535,2.474679193573141,2.674405078721368,2.7998909513168995,2.828443756576173,2.7410191683028584,2.523015893659876,2.164900899326418,1.662641510930888,1.0179276830296127,0.23817571847704366,-0.6636869697104895,-1.6696481301298602,-2.7572320240655097,-3.900292476733302,-5.069947712815877,-5.60297154013696,-5.197808365634476,-4.809340765491096,-4.463878625008614,-4.1852144346265066,-3.993676948559535,-3.9053201619635356,-3.93127859487736,-4.077313532565956,-4.343567595421064,-4.724537074015377,-5.209263168146822,-5.781734928306083,-6.4214886311675405,-7.10438083425485
0.0,0.26377663448553057,0.5000354449389255,0.6823732845498736,0.7865737077265926,0.7915953106092211,0.6804385420567494,0.4408577634369082,0.06589122422061955,-0.4458114505835322,-1.0898769592262907,-1.856315716612452,-2.7298450885905043,-3.690416397007279,-4.7139258670843,-5.77308268352729,-6.838401336221157,-6.4571210497323905,-5.942153376800142,-5.453848974962343,-5.017822999203669,-4.656688683245652,-4.38917389324787,-4.229389477556836,-4.186277310307673,-4.263259077551416,-4.458099204819901,-4.762987165603843,-5.164836051441292,-5.645786044108523,-6.183893622179054,-6.753980254948768,-7.32860825567575,-6.587803675621398,-5.577871010955958,-4.593909313019415,-3.6636666573073597,-2.8119564843968874,-2.059755283447596,-1.4234495009943076,-0.9142601379754351,-0.5378667289003363,-0.2942448038164063,-0.17772280507701854,-0.17725607597599913,-0.2769072748457755,-0.45651471047580894,-0.6925229415248193,-0.9589438060092683,-0.06824037170342145,1.2009957661423192,2.419917573486861,3.559668652740295,4.5943529674183585,5.501951442854552,6.265091604030974,6.871641248583783,7.31510384141769,7.594800853214188,7.715834361898476,7.688831585971858,7.529481304033032,7.257880020769317,6.897712965597213,6.475301281233299,7.047230912299857,8.104666717512455,9.08697003168661,9.966024273502137,10.716692856160341,11.317742654651738,11.752622861603124,12.010069726534969,12.084514278936672,11.976277611545198,11.691546362372657,11.242129375862882,10.645004827924037,9.921675050767407,9.097353589196164,8.200015382871287,8.15625039152509,8.728278869733881,9.22489216313984,9.619692810395316,9.889182634036413,10.013689414771894,9.978151747560261,9.772732090932148,9.393234540355996,8.841311268837325,8.124449601574584,7.255740021310679,6.253433720316263,5.140306307413531,3.9428516402163636,2.6903362039236307,2.1786322203341517,2.4405038674648596,2.6536778339142826,2.792692727258415,2.834802662177194,2.760910372173095,2.5563617210738903,2.2115711355417655,1.7224539096739009,1.090648678163196,0.3235213360714444,-0.5660500024655639,-1.560101083502051,-2.636202676927569,-3.7682534460957537,-4.927414608267697,-5.450500950401174,-5.0359956851011,-4.6388178692147894,-4.285311401250113,-3.9993001845732126,-3.801141663379306,-3.706915687824707,-3.727779697005548,-3.869514869802433,-4.132280617096988,-4.510586851259523,-4.993485172000475,-5.564971767226499,-6.204586760659963,-6.888187251481868
0.0,0.27810910794497395,0.5286444238556709,0.7251470514734888,0.8433452320126085,0.8621429006702224,0.76448671106328,0.5380783050876454,0.1759044943809558,-0.323435051379267,-0.9556153081981096,-1.7106931026343948,-2.5734301648538023,-3.5238199604418132,-4.537798473209663,-5.5881121060474,-6.645309881282666,-6.256662735334638,-5.735110988371003,-5.241031008597886,-4.800060504508201,-4.4348320181007965,-4.164089403183244,-4.001956112689285,-3.9573831930598886,-4.03379803455287,-4.228967276532992,-4.535079107305061,-4.9390418392210185,-5.422987399533436,-5.964960569188284,-6.5397677224290325,-7.119952738982348,-6.385519970081749,-5.382749030111283,-4.406711004029262,-3.4851230255622543,-2.6427647389579256,-1.900576114459981,-1.2749044997064698,-0.7769293694385109,-0.41228646682655645,-0.18090543644172552,-0.07706692020555161,-0.08967673268411236,-0.2027464685948086,-0.39606203762711645,-0.6460144684721756,-0.9265611473446536,-0.050109981015925675,1.2048030900650555,2.4093869631263964,3.534841229904731,4.555325682662556,5.44887669689029,6.198176652605433,6.791147393150286,7.221345408759122,7.488143968003632,7.596695516990198,7.557676016005631,7.38682116870282,7.104272404850628,6.7337577035429765,6.301638614833162,6.864538990549696,7.91365894845706,8.88839229657654,9.760652014143394,10.505328046830714,11.101210670408408,11.531769255210737,11.785756926600174,11.857618222142875,11.747684322138563,11.462148492256372,11.01282271881059,10.41668482152432,9.695233279759163,8.873674303849281,7.979972046008264,7.9407022676674055,8.518067669692428,9.020838757152218,9.422594022645123,9.699808131071862,9.832778699974408,9.8064112733996,9.61083250028463,9.241808047658413,8.700949191303106,7.995700050112724,7.1391057601643695,6.149370203779284,5.049219901290982,3.8650980349748845,2.626219025727747,2.1284018453925975,2.404356444316842,2.6317545174736323,2.7850791276066698,2.8415285102580614,2.781949403693753,2.591631779066492,2.2609344911846345,1.7857178001196372,1.1675660592734696,0.4137918471190667,-0.4627788658944274,-1.4442325929856876,-2.508189296441836,-3.628595065151936,-4.776656589854665,-5.289232001354577,-4.864845557215778,-4.458454900077489,-4.096439904395511,-3.802657699154639,-3.5974960740941317,-3.4970622263410345,-3.512537836599566,-3.649725125332808,-3.908801262812331,-4.284290569255813,-4.765255644416148,-5.3357002254826185,-5.975168505220579,-6.659518155724877
0.0,0.2932016521435007,0.5587705761906125,0.7701891699646832,0.9031274281512576,0.9364317262597557,0.8529920698295657,0.6404545854987336,0.29175191925271404,-0.1945688637618055,-0.8142335775398282,-1.5573479215679176,-2.4087203430295765,-3.34838868618924,-4.352330801900433,-5.393332284968933,-6.441978521467945,-6.045573841392409,-5.517088857914766,-5.0169270133813555,-4.570749765836828,-4.201209989501797,-3.9270683736787393,-3.762461644327194,-3.7163505066139364,-3.792168357505479,-3.9876841676021106,-4.295084771867558,-4.70127345002085,-5.188373437042138,-5.734417195908601,-6.314195205299947,-6.900231933855952,-6.172508881999992,-5.177279462814646,-4.209585311780948,-3.297110979971966,-2.464600523040196,-1.7329554556652198,-1.1184819531201549,-0.6323157617575879,-0.28004651109426026,-0.061555526855229914,0.02892688439232094,0.0025470633864701497,-0.12465281300156406,-0.3324034765650816,-0.5970395872599918,-0.8924611918453824,-0.031018110826045997,1.2088123216010218,2.3982979000451,3.5086971747601963,4.514228727430633,5.392987324301679,6.127713109464047,6.70638483808416,7.122614837731852,7.375830921782226,7.4712385756166295,7.419565086151161,7.236595570592928,6.942518766231076,6.561107668911013,6.11876637887928,6.672158665441795,7.7125217752477075,8.679283711622745,9.544388581994435,10.28275427156105,10.873195697847347,11.299203478946563,11.549548511012244,11.618689556039156,11.506968416847066,11.220585338235892,10.77135561500808,10.176256691812686,9.456782990839717,8.63813299899737,7.748259508978704,7.713723330958603,8.296708681194836,8.805964118978794,9.215042815659576,9.500390838295832,9.642274041668614,9.62556316617789,9.44034715213552,9.082351200218007,8.553143520148247,7.860122733226202,7.016286224067246,6.0397880561316555,4.953303058034332,3.783221049329491,2.5587016255703716,2.0755076847259697,2.366292073706419,2.608668577472063,2.777061768315616,2.848611039293982,2.8041041639323305,2.62877225664311,2.3129156533291706,1.8523366615063246,1.2485624746742494,0.5088495272651388,-0.3540311192097807,-1.322219437386046,-2.373387190688711,-3.4815304085835015,-4.617903666807607,-5.119410738596052,-4.684619103142649,-4.268527035136028,-3.897552292833822,-3.5955869928396353,-3.3830508797026204,-3.2760799477679443,-3.2858814049136593,-3.418279629049326,-3.673470491641281,-4.0459934848224925,-4.524922791735666,-5.094270099201521,-5.73358388481534,-6.418722423968221
0.0,0.3090312406144668,0.5903679389283218,0.8174309199438348,0.9658290873491657,1.0143484460390804,0.9458195870670023,0.7478304107259972,0.413256752170156,-0.05940949692650088,-0.665947471221715,-1.3965141298388155,-2.2359669184043143,-3.1643902270940196,-4.15780581838042,-5.189040392921898,-6.228717476360445,-5.82417642304176,-5.288419618501679,-4.781878901392172,-4.330240639118789,-3.9561790310477942,-3.6784724241378233,-3.5112714655623196,-3.4635469908976613,-3.5387386971566293,-3.7346180000209044,-4.043370315022734,-4.4518936434796474,-4.942302103612322,-5.492615238881241,-6.077606856142625,-6.669781065009089,-5.949095399174741,-4.961775790880347,-4.002832987964682,-3.0999173676736955,-2.2777356590959634,-1.5571490433697823,-0.9544205127512346,-0.4806399497288778,-0.14134861820583966,0.0636228345893346,0.14009689557042915,0.0992746077835327,-0.042745454376429404,-0.2656361501944724,-0.5456730181245513,-0.8566959652983295,-0.010993889311664007,1.2130173439262415,2.386667302658966,3.481276374896604,4.47112480272624,5.334368594660021,6.053808479769924,6.617482904334954,7.019062760076334,7.258033068867606,7.339654945537642,7.274709510167349,7.07903370662857,6.7728658899930965,6.380026271250518,5.926963578778955,6.470383448731413,7.501562069830494,8.459963310633775,9.317563926906068,10.049311107797315,10.634045615967011,11.055280354901512,11.30180485938187,11.368092810481311,11.254497152290332,10.967225449565431,10.518096467167195,9.9240872563539,9.206687984012023,8.391089036450348,7.505231292099308,7.475659879732896,8.06453962830525,8.580596079608396,8.99735584717919,9.291235003658826,9.442466089933275,9.43588334311981,9.261536153404556,8.915107278937612,8.39811976025197,7.717924499178897,6.887468796929797,5.924854465200317,4.852702116522089,3.6973456017600688,2.487887013728777,2.0200304381559966,2.3263688298687,2.5844552357794184,2.768652881349186,2.8560394435774183,2.8273408517058756,2.667726489138278,2.3674353151016962,1.9222088544437175,1.333514349358368,0.6085493484433284,-0.23997267720562476,-1.194247770331077,-2.2320020252041592,-3.327283850714914,-4.451398046062553,-4.941296255860288,-4.495591291659572,-4.069324044464248,-3.688952006388929,-3.3784039902761087,-3.158133255997711,-3.0443060014289376,-3.0481562082410023,-3.175531493848658,-3.4266473441857035,-3.7960591642207535,-4.272853286161072,-4.841049734679003,-5.480201481449394,-6.166167434621555
0.0,0.3255737223939178,0.6233883044498876,0.8668002253867959,1.0313545466322804,1.095774183646106,1.04282763723511,0.8600419590952719,0.5402336150455653,0.08183683852284496,-0.5109832271156627,-1.2284371091330262,-2.055433458267761,-2.972105306825086,-3.9545203064778187,-4.975548114959259,-6.005852115114436,-5.592808262978684,-5.049452147335257,-4.536245281983357,-4.078900065494764,-3.7001129827698245,-3.418680833644569,-3.2487688134550665,-3.199358344415278,-3.273895707309942,-3.47015487301757,-3.7803197737141376,-4.191282894600266,-4.685148826559408,-5.239923611698554,-5.8303636342266625,-6.42895172785038,-5.715620380181093,-4.73656680500452,-3.786769471477004,-2.8938430439822476,-2.0824552440247306,-1.373425102760577,-0.782970484660408,-0.3221333428470592,0.003595602559169908,0.19443866515728248,0.2562735029224328,0.20035832475408455,0.042850642461112365,-0.19586192441631756,-0.49199313026426483,-0.8193200341692461,0.009932132875009936,1.217411741501688,2.374512915594694,3.452620665813993,4.426079671556019,5.273109941675437,5.976575518699933,6.5245772282397345,6.9108471636328375,7.134930131664109,7.202145381909497,7.123330292017791,6.914375966564928,6.595572612966612,6.190789783713868,5.72652284516627,6.259521185817982,7.281101690240498,8.230765707431615,9.080524111827378,9.805354716247278,10.384125292433914,10.800372032900404,11.042903950455079,11.106210317137666,10.990655720062003,10.70245537359901,10.2534316689432,9.660561246245514,8.945329825449212,8.132919327449182,7.251258179848555,7.226875123800819,7.821914727839722,8.345078479653514,8.769865238922652,9.072659733057534,9.233659688741369,9.23766119586545,9.074672313330773,8.74033144534097,8.236114429022429,7.569322297667964,6.752850013554253,5.804744783428376,4.747570562090697,3.6076027111394464,2.4138832309862814,1.9620547464795424,2.2846476230935915,2.559151434325271,2.7598652960191714,2.8638023897041944,2.8516240151509455,2.708435044668054,2.424410296678005,1.9952277759827797,1.4222920735341926,0.7127392001428703,-0.12077755712356897,-1.0605128362596288,-2.084249509198914,-3.1660907231889377,-4.277393762729271,-4.755160299722389,-4.2980505196424295,-3.8611498490551774,-3.470957303366032,-3.1514400442895614,-2.923086356399517,-2.8020940013319775,-2.7997249403222697,-2.921851076892897,-3.1687083947923154,-3.534868928467176,-4.009431706328399,-4.576425466399206,-5.215407876827095,-5.902238507016169
0.0,0.34280385886735026,0.657781294082552,0.9182217642901935,1.0996038347974246,1.1805847090632602,1.1438682166174825,0.9769180311426626,0.6724887811978006,0.22895464518638686,-0.349577271827485,-1.0533732920214933,-1.867395399792294,-2.7718272915799784,-3.7427844158266144,-4.753181173023761,-5.773722460044205,-5.351822356109149,-4.800551033475598,-4.280400914656662,-3.8171115114803236,-3.4334025207687375,-3.148089962303295,-2.9753541843354925,-2.92418763579299,-2.9980434549134016,-3.1946982739890935,-3.506334480178105,-3.9198388132645956,-4.417305940752759,-4.97672784215811,-5.572842754800037,-6.1781113520607365,-5.472440034327857,-4.50199610313414,-3.561724407160424,-2.679202413379615,-1.8790572142051971,-1.18206393867783,-0.6043934475650219,-0.15703777224730953,0.15456501199316985,0.33069238111246824,0.37727945755385583,0.30564399239846063,0.13200488483942419,-0.12318725271263875,-0.43608182227296943,-0.780390422351527,0.03172802921810591,1.2219888098613776,2.3618532826169827,3.42277376709474,4.379162058595994,5.209304826749202,5.896132059415834,6.427809554584768,6.79813315130178,7.00670992646301,7.05891968099573,6.965658388688366,6.742873566228137,6.410909428825583,5.993686921550843,5.517749987439958,6.03989358607002,7.05147698954783,7.992040585336432,8.833630784822695,9.551257297491484,10.123816026909513,10.534867422718602,10.773240785436782,10.833441626171425,10.715846659048738,10.426679066041011,9.977765015419811,9.386080719139425,8.67310726534483,7.864017757618103,6.98672765516642,6.967748630305507,7.569204148942973,8.099770644757864,8.532918069873732,8.844998503479763,9.016173410864253,9.031199148949849,8.880040727251565,8.558290352276641,8.067374695545677,7.414542848826953,6.612635259784396,5.67964226034252,4.638068792364276,3.5141292968398807,2.3368031837960617,1.9016690623334178,2.2411921067958875,2.532795778737173,2.7507124194117347,2.8718880338646975,2.876916605811977,2.750835814804348,2.4837536721895646,2.071282022258192,1.5147602003693286,0.8212601214812745,0.003372386842646069,-0.9212186725399567,-1.930355066454188,-2.998196955924704,-4.096156292513737,-4.561286854998229,-4.092298172062361,-3.6443220571333583,-3.2439007749897604,-2.9150414303430914,-2.6782687884113323,-2.5498134866659283,-2.5409666289892736,-2.6576254145612297,-2.9000471770189002,-3.2628212715580154,-3.7350599505618485,-4.300801027609926,-4.939607062550139,-5.627338313529096
0.0,0.3606953622758839,0.6934944349616907,0.9716170835890727,1.1704728249368523,1.2686506281533525,1.2487871691288204,1.0982803108109764,0.809820470918162,0.3817194676493636,-0.18197585998441435,-0.8715897707248712,-1.6721396298025808,-2.5638617425004724,-3.5229211886759666,-4.522278828998878,-5.532682667857149,-5.101586370990109,-4.542096021591364,-4.014736137297657,-3.545274383916853,-3.1564545611665684,-2.8671126465179317,-2.691444722772108,-2.6384546888232703,-2.7116028035805217,-2.908668462906621,-3.2218324496372226,-3.6379755376061658,-4.1391820900362974,-4.703429484068759,-5.305437113577498,-5.917642641011448,-5.219925378194384,-4.258421566244822,-3.3280411428692696,-2.4563229498328125,-1.6678518909382323,-0.9833575079582237,-0.41896185375237893,0.014394878252805832,0.31132927834924695,0.4721761022191733,0.5029301425080468,0.4149709779643409,0.22458125147797814,-0.047723013731981956,-0.3780243971884798,-0.7399665241657187,0.05436054604789642,1.2267415658412704,2.3487077183365863,3.3917812157012515,4.330443545339358,5.143050596381101,5.812600833288,6.327327520347647,6.6810926891487314,6.8735680768940535,6.91019636008417,6.801934357819653,6.5647881642390855,6.2191580753999,5.789018401620138,5.300963527194612,5.811835731998019,6.813038302688842,7.744152163660005,8.577260627310615,9.287406524122462,9.8535149693071,10.259171600728235,10.49322678534339,10.550202896653019,10.43048924128272,10.140317274637052,9.691517087045145,9.101064445828593,8.390435629545708,7.584794586019253,6.712043308277507,6.698675744622832,7.306793448326914,7.845046837378687,8.28687584674811,8.608598654223652,8.790339071829992,8.816812198398468,8.677938341637043,8.369261737089774,7.8921580034835195,7.253822297322333,6.467038459151491,5.549737762971999,4.524363872538388,3.4170679698372397,2.2567644720214806,1.8389655152435322,2.196068580400215,2.5054284794406363,2.7412082159324216,2.8802840399138026,2.903180035165554,2.7948641093328144,2.545374902345001,2.150255558455548,1.6107776526398028,0.9339465437285428,0.1322877409993457,-0.7765777981729944,-1.7705534913960221,-2.8238587019061523,-3.907962146685867,-4.359971711473108,-3.87864816216727,-3.4191714795847847,-3.0081288379747653,-2.669568818230151,-2.4240540664975865,-2.287849358000204,-2.2722760578879257,-2.3832576319543786,-2.6210735832261,-2.980331252492936,-3.450156623703598,-4.014596934352897,-4.653219823753676,-5.341886265231956
0.0,0.3792209358230985,0.7304732400878691,1.0269047188515508,1.2438533933030964,1.3598375800742513,1.3574244215085418,1.2239436375038362,0.9520191593226444,0.5398982349303294,-0.00843469852814005,-0.6833638896149608,-1.4699640470766968,-2.348525949482561,-3.2952660670295346,-4.28319336710209,-5.283100489322235,-4.842482088883141,-4.274481432589088,-3.7396562706431182,-3.2638034206025752,-2.8696916392807603,-2.576177569133773,-2.3974735851407156,-2.3425954419460537,-2.415010771485091,-2.61250183113118,-2.92724774254083,-3.346123102165861,-3.851201603766776,-4.420445504606064,-5.028554687305516,-5.647942987879434,-4.958461669576193,-4.006214812327229,-3.0860762056290523,-2.225544697171796,-1.449161506994356,-0.7776089740007723,-0.22695861340339496,0.19190305644866568,0.4736492287548386,0.6186739689018417,0.6330338544334797,0.5281724829217143,0.3204385000129686,0.0304156578764605,-0.3179094323470333,-0.698110013742502,0.07779515327541842,1.2316627582333795,2.3350962787423057,3.3596902965009097,4.279998460885681,5.074448333649343,5.7261092826460285,6.223284429449782,6.559904344038387,6.735707715465431,6.756202324098407,6.632407990691774,6.380391462804825,6.020611104832233,5.577096483590187,5.076494212257113,5.575695568024115,6.566149411965404,7.4874786420218395,8.311804779366852,9.014204949278515,9.573634513866166,9.973705191879315,10.203289163304001,10.2569262616325,10.13501883226465,9.843806897245521,9.395124607958488,8.805947271334784,8.097746185895577,7.295675819226645,6.4276242209395456,6.420066987188949,7.0350829820326055,7.581295685780173,8.032113952448057,8.363820856967346,8.556501223677426,8.594827431142502,8.468673501043295,8.17353399788245,7.710731678295613,7.087405852071144,6.316281746494379,5.415229484645668,4.406629280491199,3.3165668151315915,2.173889209515755,1.774039771064267,2.149345888189006,2.4770912903106943,2.731367186000877,2.888977598191938,2.9303742334943377,2.840452754949733,2.609179972564527,2.232027895843915,1.7101979379694536,1.0506265429128794,0.2657718211385278,-0.6268108895553244,-1.6050885908729748,-2.6433419463732877,-3.7130984502104476,-4.151522012619748,-3.657426452549127,-3.18604162524373,-2.764001206002974,-2.415396721806095,-2.1608300422184663,-2.0166012900477845,-1.994063164162799,-2.0991663278527297,-2.332213239210836,-2.6878298620257675,-3.155156398454711,-3.7182498438888256,-4.356683097120797,-5.046317872001824
0.0,0.39835231532134385,0.7686612914568344,1.084000318567872,1.3196335842717386,1.454006442271193,1.4696142275421362,1.3537162885824063,1.0988678960208889,0.7032496160740336,0.17078144341340984,-0.48898282207458577,-1.2611771078464487,-2.1261484470920524,-3.0601663808666775,-4.03628955641017,-5.025356708198215,-4.574904821276541,-3.9981155620037048,-3.4555809998893037,-2.9731280575333567,-2.573551264968412,-2.2757286054025223,-2.0938892787642653,-2.03706128314404,-2.1087198646091427,-2.306650235617963,-2.6230298023255383,-3.0447267817947115,-3.5538038494208752,-4.128207648151763,-4.742617911318321,-5.369423869350471,-4.688447819702953,-3.7457606294151184,-2.8361987576885697,-1.9872197502897233,-1.2233197149880661,-0.5651322442349906,-0.02867666296081328,0.37521594079484233,0.6412772141141709,0.769962471578773,0.767392096062661,0.6450757974448766,0.41943038248865316,0.11110954712204535,-0.25582864424218665,-0.654884750927402,0.10199609707450819,1.2367448788488284,2.3210397306018686,3.3265499701242627,4.2279037685381144,5.003602703989639,5.636789366341897,6.115839018862926,6.434753011197795,6.593339173647582,6.5971725194123865,6.457337931121609,6.189964793186606,5.815571437235648,5.358244493529312,4.84468451206966,5.3318333696285425,6.311186992027747,7.222411623335708,8.03766824296773,8.732069392474463,9.284601669968747,9.67890372795859,9.903870272767769,9.954059168840683,9.829886226733183,9.537600315269106,9.08903977968686,8.501179451472069,7.79548548625625,6.997102561374354,6.13390432705668,6.132347427175455,6.754487294613082,7.30891959110919,7.769021073346401,8.111038565497669,8.315016629278329,8.365583525987292,8.252565477675738,7.971405753509044,7.523372519385049,6.915547412129447,6.160595129051716,5.276322642611428,4.285044642110891,3.2127791658161557,2.088303837814692,1.7069908860225258,2.1010953142678153,2.4478274449686435,2.7212043439277753,2.897955445068594,2.9584577110208254,2.887532197747304,2.6750715364165663,2.3164742756036727,1.812869372331137,1.171122102122495,0.40362097261599095,-0.4721464437965337,-1.434212812183695,-2.456922101012525,-3.511862503684914,-3.9362557869941366,-3.428970557827766,-2.9452881768065042,-2.51189034091386,-2.1529129275980425,-1.8889983124906533,-1.7364831218875452,-1.7067524130222131,-1.805784936066496,-2.033906854835459,-2.3857633651084176,-2.850509352201568,-3.4122118884960004,-4.050449304254825,-4.741084078070384
0.0,0.4180603123139833,0.808000326135612,1.1428167728442304,1.3976977811504125,1.5510135427339602,1.5851854209376608,1.4874002718737254,1.2501426361141137,0.8715243883464092,0.3553991384803261,-0.2887431323615095,-1.0460973551903732,-1.8970685133243497,-2.8179808182263555,-3.78194409433652,-4.75984456027759,-4.29926280676456,-3.7134200570682423,-3.162943734384593,-2.673691773718697,-2.268485255124105,-1.9662241457685359,-1.7811549776320148,-1.7223183612668698,-1.7931973863614226,-1.9915803095250064,-2.309642769706179,-2.734246412304784,-3.2474425622588967,-3.827161777587907,-4.4480630350347,-5.082510217835439,-4.410295784625667,-3.477456388520046,-2.5787900332946436,-1.7417117179571022,-0.9906710783290897,-0.34625149119708487,0.17558148179950006,0.5640538535934394,0.813957486942742,0.9258107916673146,0.9057998790564117,0.7655025639132007,0.521405868485648,0.1942355405571885,-0.1918767485943469,-0.610356683850787,0.12692645443087353,1.2419801739729823,2.3065595197783875,3.2924107982665327,4.174238948381655,4.930621795508723,5.544777358422337,6.005155216426573,6.305829632124507,6.446679660973655,6.433349575396269,6.27699128085384,5.993798686477027,5.6043518985329674,5.132796330612024,4.605888095189321,5.080621193682778,6.048540035187637,6.949355516347014,7.755269264084788,8.441430303666419,8.986857410657661,9.375216983105284,9.595426932611941,9.642063698024891,9.515556960894202,9.222164703463324,8.773729591227996,8.187225965898353,7.484114685210181,6.689530341170621,5.831331750633071,5.835956033967792,6.465434486669004,7.028334113457934,7.49799860627361,7.850637445937327,8.066253718029682,8.129430236895193,8.029943984280361,7.763185387977957,7.330366377789693,6.7385091793223815,6.0002161355434,5.133229164939369,4.1597954572431695,3.105863369139323,2.000138933226752,1.6379211555891475,2.051390473808235,2.417681590821163,2.7107351950077128,2.9072038831784406,2.987387621207681,2.9360306093309942,2.7429490641377328,2.403465859169157,1.9186353114687522,1.2952493831033212,0.5456248810641466,-0.3128204301046269,-1.2581868579218956,-2.264883583765235,-3.304561329752322,-3.7145014630241624,-3.1936290297099266,-2.697278448171744,-2.25218088444504,-1.8825179031648407,-1.6089736068769738,-1.4479222255762245,-1.4107821501380884,-1.5035610641523056,-1.7266095516433775,-2.074592620031187,-2.536680280339599,-3.0969499856589096,-3.734985661426524,-4.426650574025133
0.0,0.4383148586077816,0.8484303251533827,1.203264346305019,1.4779268825734446,1.6507108791950977,1.703961676471566,1.6247916277443735,1.405612582017032,1.0444658174699346,0.545136718244712,-0.08295032314482143,-0.8250529330373668,-1.6616356519731381,-2.5690788779622054,-3.520545031909611,-4.486969133432709,-4.015976588203947,-3.4208292734129953,-2.8621909463833854,-2.3659514145725042,-1.9549590443496871,-1.6481363965094462,-1.459747815741967,-1.398846874834868,-1.46892472461963,-1.6677727502780257,-1.9875647745433236,-2.4151556889046315,-2.9325851530677207,-3.517767194050588,-4.145339456378845,-4.787639773157354,-4.124429936701535,-3.201711437368425,-2.3142427570487833,-1.4893951680693798,-0.7515705455271915,-0.12130065794480371,0.3855041873123066,0.7581286876941316,0.9914265915573957,1.0859811537402844,1.04804603675148,0.8892690490286639,0.6262093755457578,0.27966681410969096,-0.12615131584442807,-0.5645937483118029,0.15254818947497917,1.2473606561951722,2.2916777385107276,3.2573248665463996,4.119085876021571,4.855616954075967,5.450213640217585,5.891401890745732,6.173330903270019,6.295952933646195,6.26498343424047,6.091643192047848,5.792192430341142,5.387274743182986,4.901095957694094,4.3604692897012525,4.822442310807992,5.77860925793868,6.66872691863247,7.465038694573225,8.142731106520788,8.680855999850596,9.063108287597494,9.278429730180195,9.321415855960883,9.192510602159262,8.89798131717506,8.44967510657227,7.8645658087029195,7.164108836483895,6.373428416904571,5.520368122076872,5.531345007436271,6.168365561702034,6.739967337850173,7.219460046112701,7.583014788339919,7.810592023746515,7.88672785937123,7.801148671105958,7.549190579954791,7.132007720063565,6.556561258206797,5.8353894537765925,4.986167367186317,4.031072816676945,2.9959825449166475,1.9095290076147435,1.5669359584082507,2.000307200734344,2.386699720942439,2.6999757118630145,2.9167088023191927,3.017119826128046,2.985873996407033,2.812708996009572,2.4928699247957136,2.0273343898870193,1.4228190067382571,0.6915668932654722,-0.1490759297713704,-1.077279288226344,-2.0675193848955917,-3.0915112046815403,-3.4865973679313287,-2.951760925209185,-2.4423908240351455,-1.9852690713901922,-1.6046241861097563,-1.3211831548397721,-1.1513588541133384,-1.1066039328685657,-1.1929558105051092,-1.4107901684869861,-1.7547923752982286,-2.214147987141968,-2.7729451256992874,-3.4107734667492844,-4.103497086312284
0.0,0.4590850521474928,0.8898896050715187,1.2652508150007362,1.5601984842130094,1.7529463449347358,1.8257617790054235,1.7656807402786017,1.56504053558224,1.2218100493192403,0.7397047029479453,0.12808163059586697,-0.5983810855224552,-1.4202090593977266,-2.3138403060037236,-3.2524911817294013,-4.207146749579319,-3.7254783710980703,-3.120789612375711,-2.553781489870135,-2.0503764949109495,-1.6334509748477402,-1.321950659298175,-1.130158159144742,-1.0671403394074184,-1.136396617284214,-1.3357215861776206,-1.6572872063677808,-2.0879414434896706,-2.6097119950392376,-3.2004959361811345,-3.8349090361407336,-4.485262414698342,-3.8312864171354692,-2.9189464758658814,-2.042960544733203,-1.230655056174362,-0.506382908652597,0.10937705143443699,0.6007711776776157,0.9571443460548887,1.1734137660266772,1.2502291882963488,1.193913546334327,1.0161864241349658,0.7336810065417816,0.3672730265763111,-0.058752622292103096,-0.5176657641297497,0.17882221151279776,1.252878116594968,2.2764170917077142,3.221345705039762,4.06252869766703,4.778702613444665,5.353242486163703,5.774752593550649,6.037458975942963,6.141388953155693,6.092330969622638,5.9015764474822205,5.585453612397782,5.164671162521711,4.663496876533625,4.108802527368853,4.557690620624854,5.501806489589227,6.380953981003475,7.167419334827731,7.836427521889487,8.367064299276514,8.74305382095617,8.953362303314634,8.992604850216487,8.861240017476845,8.565544758098547,8.11737073075065,7.533691257612394,6.835956168165692,6.049279060505941,5.20148787389769,5.2189790880215785,5.86373375328245,6.444259221118397,6.933830354936358,7.30857890055052,7.548421605612895,7.637846680765703,7.566528607704871,7.32974781808481,6.928599179013673,6.369981243976811,5.666366557329232,4.8353616193150835,3.8990731106000043,2.8833043366614097,1.8166123031731096,1.4941435955226292,1.9479234320240324,2.354929103903228,2.688942310074544,2.926455700979331,3.04760896380611,3.0369863136728634,2.8842449003580595,2.58455007005126,2.138800767044375,1.5536363419800252,0.8412243476970507,0.01883723469316223,-0.8917661110427164,-1.8651306199797522,-2.8730371758293254,-3.2528912115500193,-2.7037352588380923,-2.181014182593649,-1.7115621250696087,-1.3196557546780863,-1.026066033923375,-0.8472454697538279,-0.794681841323778,-0.8744430608673324,-1.0869305462273204,-1.4268505453109372,-1.8834045552551304,-2.440691637936448,-3.0783073658698656,-3.772116645325381
0.0,0.4803392041626588,0.9323149120930746,1.328681607112673,1.6443870655295612,1.8575639608475139,1.950399899963126,1.9098526570861694,1.7281832599898475,1.4032865124793616,0.9388062431555735,0.344030760597303,-0.3664276424585129,-1.1731570765025925,-2.052654515983642,-2.9781915095049736,-3.9208043295005135,-3.4282113641875096,-2.8137588399338083,-2.238185900492757,-1.7274484826208063,-1.3044515666221015,-0.9881645907855092,-0.7928888577995035,-0.7277048346337298,-0.7961203974642301,-0.9959334226677594,-1.3193139646750138,-1.7531029018901148,-2.2793156908722265,-2.875832059943895,-3.5172453933221,-4.175839475025457,-3.5313124705660432,-2.629592914241766,-1.7653572875203163,-0.9658861381513555,-0.25548224677824294,0.34542969544484237,0.8210540233007855,1.1607971934927614,1.3596413552682187,1.4183043045908783,1.3431798599495552,1.146061053310554,0.843656793630142,0.45692051848236725,0.010216502894229706,-0.4696443286210399,0.2057084346658914,1.258524137266403,2.260800862307595,3.1845282066097047,4.004653701750504,4.699996120662185,5.2540118436852525,5.65538529491155,5.898421147889918,5.9832235354318115,5.91565559479936,5.707081029117344,5.3738976509377805,4.936880779468747,4.42036158845876,3.851271772368877,4.286770050786831,5.218554043940622,6.086475754282887,6.862865258208611,7.522986872523516,8.045961056191773,8.415541885445233,8.620720602476851,8.656132342775031,8.522250621372693,8.225362219669048,7.7773234555284,7.195107122930053,6.5001573378234285,5.71757682175008,4.87517751687208,4.899334847687297,5.552003833557553,6.141660920668328,6.641545313648711,7.027748485256565,7.280142453074529,7.38316641533236,7.326441750362861,7.105191902874147,6.720451091977713,6.17905379894102,5.493405321880588,4.68104200337661,3.763997728969471,2.7680006558134433,1.7215305815138997,1.4196551251404874,1.894319088801733,2.3224182116539107,2.677651823136703,2.936429708462839,3.0788085174251902,3.08928957983831,2.9574476359347965,2.6783664199234134,2.2528643803733823,1.6875018027968212,0.9943689142418926,0.1906628807110171,-0.7019303610224457,-1.6580260704983725,-2.6494725657204827,-3.0137395558318616,-2.4499304396083055,-1.9135473022398533,-1.431477636035741,-1.0280473808999595,-0.724072499860116,-0.5360460536932328,-0.4754917703258337,-0.5485087653285556,-0.7555247925967303,-1.0912674659643131,-1.5449545949357768,-2.1006964364965155,-2.738094597295013,-3.433014833196271
0.0,0.5020448875146879,0.9756415185681492,1.3934599472397058,1.7303641812766253,1.9644041134175445,2.0776858808467376,2.057087417251957,1.8947918508502162,1.588618331052459,1.1421375726560092,0.5645675965347086,-0.12954649170894106,-0.9208566267652278,-1.7859199951154292,-2.6980645101017315,-3.6283787415001387,-3.124629103253177,-2.5002053882977475,-1.9158856776735003,-1.3976600640911734,-0.9684627690989132,-0.6472874433328664,-0.4484544783833715,-0.38105823213476375,-0.44861521944688176,-0.6489266694155074,-0.9741606901332958,-1.411150922209666,-1.9419003212158605,-2.544270900109363,-3.1928331825430822,-3.859843036042559,-3.224965762711107,-2.3340922148530843,-1.4818565205052288,-0.6954923679380838,0.0007486447470106405,0.5864971321340637,1.0460166419725945,1.3687765199354884,1.549825234662904,1.5899500729584588,1.4956172442378088,1.2786947887960252,0.9559689484141483,0.5484725160039796,0.080650834562357,-0.420602707364253,0.2331658390298305,1.2642901041610473,2.2448528757556128,3.146928543157293,3.945549187278803,4.619617557035359,5.152673107474146,5.5334821117124005,5.756429547024363,5.821697991062585,5.7352268607205446,5.508453675674305,5.157847313695051,4.704251130369737,4.172061041304882,3.5882699354830865,4.010093940713875,4.929284074969412,5.78574151945182,6.551841118268932,7.202887370085708,7.718036172962665,8.081072161076177,8.281012134083788,8.31251168465721,8.176059604846513,7.877952713245488,7.43005208589541,6.849329977354374,6.157224668658835,5.378827773730832,4.541934897781395,4.572899962821267,5.2336514041558075,5.832634106154877,6.3430508571209945,6.740952001179482,7.0061638755809,7.123075624904101,7.0812543959706,6.875865435889728,6.507881027347079,5.984070218217511,5.3167696317742426,4.523443962477255,3.6260527542541876,2.6502474194564463,1.6244289073832199,1.34358419319561,1.83957595440397,2.289216645571571,2.6661214767748183,2.946615607577201,3.1106708862977372,3.1427039966004564,3.0322055184321646,2.774175840224684,2.3693512047426206,1.8242111526777058,1.1507669425487461,0.3661388564902497,-0.508061667701031,-1.4465217127333667,-2.421158463502724,-2.7695072708445427,-2.190733693697683,-1.6403982531518457,-1.1454429249615936,-0.7302439672652175,-0.4156632996219711,-0.21823539817859583,-0.14952070334327905,-0.2156501969188045,-0.4170785283461842,-0.748555131292052,-1.1993144741745851,-1.7534782469211967,-2.390654218505322,-3.0867090124360894
0.0,0.5241689861704504,1.0198033217478835,1.459487004047066,1.8179986574677711,2.073303798238345,2.207425523358442,2.2071603869270113,2.06461211595363,1.7775227470831916,1.3493884719120524,0.7893556686896774,0.11190096073369826,-0.6636926411696833,-1.5140436962273702,-2.4125375690501087,-3.3303161348794257,-2.8151947591636297,-2.1806076412310773,-1.5873725499925486,-1.061514392529288,-0.6259971953099597,-0.29983928805365956,-0.09738051922481672,-0.027729405394322892,-0.09441126663166921,-0.29523074938123184,-0.6223539778785279,-1.062607215417028,-1.5979806756014727,-2.206318314529401,-2.8621673546119837,-3.53775520874208,-2.912713682114113,-2.0328952186520497,-1.192890776524644,-0.4198862812242683,0.2619188383234645,0.8322115685563336,1.2753158116247891,1.5807650144671639,1.7436752435395095,1.7649046160437603,1.6509931277851198,1.413885273305168,1.0704461179362181,0.641789339641827,0.1524429121166746,-0.3706157224199501,0.26115253325764254,1.2701672202303296,2.2285974636538866,3.108604079920946,3.8853053291166226,4.5376895549242375,5.049380888509052,5.409229029797919,5.611700807786329,5.6570587571305,5.551320044779599,5.305997429905109,4.937632225404727,4.467137134765414,3.9189740634651073,3.320198274640213,3.7280844109667077,4.6344379174965535,5.479210102188436,6.234821439839601,6.876617385550416,7.383789959628778,7.7401549432538275,7.934755186212879,7.962267132709208,7.823195146301472,7.523846276262657,7.076086448533259,6.496887367851869,5.80768136786374,5.0335487407524555,4.20226843985448,4.240172470195087,4.909162170568634,5.517650255119733,6.038802393835455,6.448627009381701,6.726903878108034,6.857971126070064,6.831340623170048,6.642118297057244,6.291213300057567,5.785327985309307,5.136728977413728,4.3628079415668015,3.48544864701781,2.530224281923945,1.5254554273381413,1.2660468599594779,1.783777549603757,2.255375060783925,2.6543688626641186,2.956997857850041,3.1431474584889845,3.1971480703907087,3.108404490878385,2.871832155970144,2.4880835179641974,1.9635558162331648,1.3101798185089066,0.5449974409859544,-0.31045581361462826,-1.2309402356876697,-2.188443204552109,-2.5205669780950597,-1.9265404736651466,-1.3619837747066963,-0.8538943906840339,-0.4266998679424048,-0.10130896846585769,0.10570161787489907,0.18273403049222514,0.12362480707339785,-0.07210811582732024,-0.39923641232497875,-0.8470115308813773,-1.3995668147560627,-2.036516314037091,-2.733727536603089
0.0,0.5466777457269091,1.0647329446364249,1.5266620410518135,1.9071567915067797,2.1840968687061943,2.339420885685949,2.3598426020490137,2.2373849630875062,1.969711551958257,1.5602427413581483,1.0180520212969402,0.35754634213934366,-0.40205747092318456,-1.2374404168807855,-2.1220463104899223,-3.027071259253744,-2.500380431222271,-1.855453204187563,-1.2531477249651646,-0.7195243203072885,-0.2775773398067165,0.05364977865134124,0.2597973914411953,0.33174257713522737,0.26595105736241287,0.06461470891401033,-0.26443057409600446,-0.7080035493793617,-1.2480814670359521,-1.8624899123575622,-2.5257524013863115,-3.210067397655574,-2.5950326270564816,-1.7264614573448562,-0.8989009262480487,-0.13948836605216108,0.5276298705329077,1.082198121908604,1.5086016939788078,1.7964392494447026,1.9408956278684526,1.942901008343858,1.8090704559535986,1.5514262487584165,1.186913646108495,0.736728617328048,0.22548320346919426,-0.31975963817578656,0.2896258184728067,1.276146518847063,2.2120594266390494,3.0696132879551636,3.8240140404081107,4.454337110643758,4.94429277816776,5.282815620217791,5.464455740626504,5.489557021227163,5.364215730826883,5.10002117624493,4.713588364899694,4.225900553896217,3.6614867859175293,3.047465782722799,3.4411717192238656,4.334465413849551,5.167349172844543,5.912289895054021,6.544674704103295,7.043732370587529,7.393310364226358,7.582478037857747,7.60593304975194,7.4641956057103975,7.163583163561121,6.715966583466659,6.138317010786654,5.452060728370772,4.682266509818604,3.856696367074031,3.901660007116938,4.579031201116871,5.1971899336651965,5.729264111075512,6.151219505686347,6.44278852341462,6.588257384758543,6.577081721628314,6.404307110854627,6.070778476786982,5.583130318238275,4.953558044105093,4.199379020595239,3.3423999248223017,2.4081143607033946,1.4247611437217371,1.1871614229698653,1.727009005184216,2.220945088885556,2.6424119115903766,2.967560619238988,3.1761886849834413,3.2525387367083036,3.185928297652519,2.9711863743943887,2.6088801719418067,2.1053231974154283,1.4723643283061572,0.7269657523582149,-0.10941428302910916,-1.0116105487634988,-1.9516818390230275,-2.2672984820267175,-1.6577538551146953,-1.078728639667488,-0.5572768443966809,-0.11787819557748502,0.21851088795488938,0.43527076865635816,0.5207655151534398,0.46879861990070726,0.2788601288137813,-0.043844259354618664,-0.4885832683336453,-1.039502097325772,-1.676221186740351,-2.3746089442016047
0.0,0.5695368249097033,1.110361838786993,1.5948825703149652,1.9977025561756752,2.296614289507499,2.4734705844993288,2.514901117669292,2.41284679532947,2.1648915261219184,1.7743786838212885,1.2503077357867927,0.6070148750611435,-0.13635028885182088,-0.9565321665196607,-1.8270339325452034,-2.7191067707479823,-2.1806664268925795,-1.5252381603789074,-0.9137211243569494,-0.3722116165110929,0.07626521850169699,0.4126404438540785,0.6225343126731113,0.6968092744815535,0.6319219531825113,0.4300606946915537,0.09906344288513891,-0.3478809375520857,-0.892736531455034,-1.513310267391993,-2.184101586077168,-2.8772795511252434,-2.272407278723939,-1.4152584522910936,-0.6003355055479949,0.14527357871570912,0.797476350068238,1.3360753914835772,1.7455183682887574,2.015470173946512,2.1411854914892476,2.123667683452442,1.9696080525521154,1.6911078709676852,1.305193840183003,0.8331455016411538,0.29966027215099567,-0.2681120449910879,0.31854225341428505,1.2822188774856922,2.195263996544295,3.03001565492212,3.761768832346375,4.369687393758751,4.837569107792398,5.154434750000981,5.314918995119067,5.319448338220189,5.174199381087156,4.8908391695517945,4.486057552512751,3.9809094387686326,3.3999920531110197,2.770488563572933,3.1497936038440564,4.0298242275448075,4.8506345329280025,5.584738565416803,6.207565765677969,6.698382226564448,7.041067599527369,7.224718152940936,7.244053089311774,7.099608703248093,6.79771302312856,6.350241920132539,5.774165971534713,5.090905315216386,4.325517026921341,3.505745913530097,3.5578790369370124,4.243762171632525,4.871742063261744,5.414908266722228,5.849183240228154,6.154251282004497,6.3143458991494406,6.3188656103097784,6.1627947022154785,5.846912871614544,5.377785706929977,4.76753629297368,4.033406540597976,3.197124834941734,2.2841039570565895,1.3224996842810892,1.107048236546074,1.6693569320558288,2.185979259164373,2.6302688660931834,2.9782877762985875,3.2097441552810793,3.3087914868505615,3.264658661853911,3.072086912267554,2.731556869045642,2.249297003873049,1.637073029484414,0.9117661643038057,0.09475619802993362,-0.7888672799502512,-1.7112355901535403,-2.0100881905572288,-1.3847839217290419,-0.7910650061139306,-0.25604283100818703,0.1957498852701307,0.5433083253176201,0.7699692354920327,0.8640580211116777,0.8193446150922696,0.6352907386291982,0.31707911118100984,-0.12457653511591538,-0.6738334399293393,-1.310318533446967,-2.009901137041991
0.0,0.5927113479671109,1.1566203888852085,1.664044508805797,2.089497807169396,2.4106843945134147,2.6093701021985143,2.672099363353409,2.590729913213195,2.3627648864366497,1.9914695953295265,1.4857684631248858,0.8599259491277427,0.13302351961140202,-0.67174752261721,-1.5279505311435169,-2.4068925261290888,-1.8565405290002694,-1.1904663139080918,-0.5696106062039128,-0.020106170885188845,0.4349906273704245,0.7765850009207931,0.9902768222309524,1.0669137099004606,1.0029430645624817,0.8005496525325739,0.467573495735377,0.01721118643717867,-0.5324880132578778,-1.1593121177411152,-1.837736160171325,-2.539899398540308,-1.945329861735754,-1.0997610012134755,-0.29765003117569444,0.4339650960827979,1.0710465762328516,1.5934560405670002,1.9857043743643161,2.2375236158005096,2.344239255183232,2.3069288483845787,2.1323609877951695,1.8327170297924782,1.4251062418547877,0.9308928907975512,0.37486094732916364,-0.21575174081841084,0.34785772071419785,1.2883750316403912,2.1782367979035495,2.9898715943322363,3.698664671504866,4.28386955306326,4.729372704074324,5.024282287901418,5.163318717217225,5.146992240356998,4.981560900634179,4.678770555652696,4.255386928566499,3.7325375686253395,3.134888823608387,2.4896891971489072,2.8543946160153615,3.720979145037317,4.529549389179563,5.252667191042465,5.865804892288272,6.348266423056229,6.683964060620779,6.862021360313319,6.8771793661765575,6.729990683642949,6.426794057510149,5.97947043912386,5.404989829834523,4.72476613775758,3.963844579356447,3.149952519026992,3.209354061087182,3.90386659700816,4.541803174807919,5.096214468737598,5.542979025173739,5.861732370787252,6.036654571857708,6.057086245633982,5.917949542972547,5.619958032911587,5.16960744255525,4.578947534594509,3.8651437232799966,3.049845021385715,2.15838227178265,1.2188270677797546,1.0258295281661678,1.6109092891154777,2.150530918458468,2.6179582526335796,2.989162962767395,3.243762674307869,3.365820496846536,3.344475465755469,3.174379827163555,2.8559264432925056,2.3952575769448745,1.804054628466942,1.0991167296264484,0.3017441297444452,-0.563050265287633,-1.4674713031525441,-1.7493285255419897,-1.1080471396111358,-0.4994317581053058,0.049348061298692514,0.5137058769762319,0.8725878050796516,1.1092863739881702,1.212087792177548,1.1747279699197666,0.9966399128229946,0.6829830439488229,0.24445330919887276,-0.30311873771231346,-0.9393666063064925,-1.640160544315107
0.0,0.6161659578794568,1.2034380189601261,1.7340423371997502,2.182402493860474,2.526133148688267,2.746912098942715,2.8311975041130975,2.7707629231534368,2.5630297405063702,2.211184263559291,1.7240749644371949,1.1158937017347779,0.4056529749169935,-0.3835209768017065,-1.2252524133114049,-2.090904865952704,-1.5284972515304014,-0.8516484211230688,-0.22134117472429082,0.3362548146121389,0.7980515848632872,1.1449281851397575,1.3624638609242608,1.4414912206468915,1.3784483301986037,1.1755163330319647,0.8405373542350487,0.3867158070511896,-0.16788553816555263,-0.8010355530331463,-1.4871845681657072,-2.19844167570195,-1.6142993931650764,-0.7804504538061292,0.008693694214003678,0.7261457337630177,1.347923167066176,1.8539473873914385,2.228793264045085,2.4622607914255568,2.5497471228911612,2.4924049043499,2.297080951988563,1.9760376742788077,1.5464679025844248,1.0298216530825104,0.450970496469817,-0.16275861098269792,0.37752749420702525,1.2946055889597827,2.1610038088565076,2.949242353372201,3.634797834948312,4.197014519540179,4.619868640631907,4.8925568055639985,5.00988620117438,4.97245184130039,4.786594195086923,4.464138884427629,4.021928423746593,3.481163880675859,2.866581561401328,2.2054960948013598,2.555425441510204,3.408401366602992,4.204583616351631,4.916582408209486,5.519913503334928,5.993919126454239,6.322544574980272,6.494941020991272,6.50587161404243,6.355905467522765,6.051392172167362,5.604217820887058,5.03135183214744,4.354201809005257,3.597800965312511,2.7898590121708793,2.856616818857093,3.5598630507863565,4.207876651080652,4.773668943433931,5.233074031667442,5.565678081445942,5.755607072345638,5.792143020422277,5.6701451896858215,5.390260222246362,4.9589131395465955,4.388079495986775,3.6948472846793305,2.9007851867404755,2.0311411165572166,1.1139014659622968,0.9436292119863539,1.5517552490488868,2.1146541497656526,2.6054988533285144,3.000169586537733,3.2781923405233306,3.423538758397352,3.4252569340654655,3.277909052327721,2.981799145902121,2.5429822267899493,1.9730543639511682,1.2887316103993878,0.5112337137544756,-0.33450403038295207,-1.2207608855095808,-1.4854173240619877,-0.8279657218881229,-0.2042738360816918,0.3584299022538424,0.8355046788884013,1.2058469505139318,1.4527044931134516,1.5643238445878627,1.5344064813683733,1.3623563464198782,1.0533092848471917,0.6179432413530734,0.07207641550541588,-0.5639313610692993,-1.2659512736567122
0.0,0.6398648703027836,1.2507433000609278,1.8047692608676706,2.2762748729721602,2.6427844136121754,2.885886728985678,2.9919528063188823,2.9526711515071242,2.765380547269112,2.4331874731610257,1.9648636590953403,1.3745276067496202,0.6811221304242663,-0.09229227195916434,-0.9194014009936518,-1.7716258878175677,-1.197037085154867,-0.5093014113635195,0.13055582067245686,0.6963276454097258,1.1648941743630785,1.517108020880261,1.7385275886116318,1.81997031947235,1.7578648473807634,1.554388655190818,1.2173859930605078,0.7600691766732774,0.20051462533462505,-0.43902719040951,-1.1329816413276068,-1.8534273394986758,-1.2798209211961262,-0.45781397734663676,0.3182282866279489,1.021369716172141,1.627683696137021,2.1171520042449146,2.4744141602850105,2.6893388227084505,2.757395554364378,2.6798128733322555,2.4635166343717483,2.120851142284873,1.6690936627198436,1.129780854378169,0.5278728003838031,-0.10921350630144414,0.40750630716764236,1.3009010435767046,2.143591321514179,2.908189919461063,3.570265763344257,4.109254806601822,4.509223986160197,4.75945927456683,4.854855536661985,4.7960934346999995,4.589596722202208,4.2472716161744195,3.7860382221664155,3.227171891957787,2.595479618825826,1.9183428456525502,2.253342213080876,3.0925677874355215,3.8762330098137654,4.576996976392989,5.170419320083846,5.635880959074923,5.957360554854249,6.124037183902125,6.130696331536578,5.977923791049566,5.672080112084561,5.225056582671925,4.653822032321081,3.9797776933567803,3.2279446520007733,2.4260147821843647,2.50020547612756,3.2122763739798907,3.87047195873176,4.447763793645705,4.919941077075373,5.266540099536603,5.471632190536774,5.524440154550232,5.419759713712932,5.158169886098003,4.746024251018648,4.195223381633074,3.52277704349927,2.7501727493435255,1.9025746212882766,1.0078829622340435,0.8605726997870291,1.491985062281203,2.0784036897298437,2.592909677295253,3.0112908549700186,3.312980625105932,3.4818582116234507,3.5068798197182613,3.3825166347854854,3.1089829347939797,2.692245572142038,2.143814395594152,1.4803215140639996,0.722905334966967,-0.1035772647736013,-0.9714807395811969,-1.218757231449776,-0.5449669845471552,0.09395844197494418,0.6707311303625658,1.1606553274367555,1.5425773131776237,1.7996996450323761,1.9202287771195414,1.8978313933677065,1.731882071382873,1.4274928327257923,0.9953234334004155,0.4511795901475657,-0.1845855936164369,-0.8878442504969652
0.0,0.6637719281644834,1.2984640592349932,1.8761173728107607,2.370971724834001,2.760460216212778,3.026081960834172,3.154120008035105,3.136177063638785,2.9695085831563985,2.6571405171921794,2.2077671794260585,1.6354330703311952,0.9590107070048408,0.20149426867573328,-0.6108641264585204,-1.449542710836503,-0.8626657336413368,-0.1639475982895704,0.485543496057411,1.0595629638301134,1.534958709673776,1.8925566789903339,2.117894250545837,2.201773566534355,2.140613746061457,1.9365885792317545,1.5975444599374613,1.1367016757085602,0.5721504146795144,-0.07383934055932628,-0.7756677817107014,-1.5053827730902651,-0.9424047545798127,-0.13234381343228385,0.6304814938153818,1.3191866245408668,1.9099013370332014,2.382668323820363,2.7221923229938874,2.918411260127879,2.9668677435284314,2.8688668298249933,2.6314141065388594,2.2669364940905843,1.792796433991609,1.2306179884414359,0.6054505303879891,-0.055198119731826395,0.43774842137407743,1.307251790611168,2.1260259018454084,2.8667769256769615,3.5051669122993054,4.020724307916223,4.397607549536747,4.62519275980193,4.698463251622461,4.618186087912106,4.3908690380478985,4.028499622007505,3.548076217942354,2.970949114210639,2.321996612019476,1.6286675550759866,1.9486058145446914,2.7739602700545802,3.544998529125176,4.234428995955357,4.817855560529758,5.274698174340502,5.588969155984502,5.749875731425988,5.752225917918841,5.596622335156065,5.289436587940632,4.842565205050704,4.272976421866787,3.6020650440280653,2.8548399236101414,2.058974940711665,2.1406638042990194,2.8616368743297356,3.5301038710023693,4.118996247935718,4.604057903615097,4.964774815358436,5.185163182617597,5.254386078235474,5.167175124391392,4.924041121185621,4.531265578332005,4.000673429193134,3.3491955247069027,2.5982374963149364,1.7728789379350975,0.9009333074242554,0.7767867096339204,1.4316899192832848,2.0418348451301944,2.5802099316494544,3.02250980051304,3.348074452095516,3.5406898794162176,3.58921959191049,3.4880429763288525,3.2372837675830426,2.842819884170419,2.3160741973957,1.6735941347990742,0.9364360491876695,0.12937771006329735,-0.7200111883195577,-0.9497550869795748,-0.2594826944858488,0.39481006758408665,0.9857752723598254,1.4886617451896398,1.8822651486442104,2.149742424484555,2.2792595909945366,2.2644482340206666,2.1046533078967213,1.8049628013993209,1.3760181220838863,0.8336123942286111,0.19809193394638536,-0.5064163470081244
0.0,0.6878506568275985,1.3465274896410837,1.9479778182926575,2.466348571889925,2.8789810202960595,3.1672839007412343,3.3174516932123606,3.321000687350947,3.175102413108134,2.8827017138772746,2.452414931198513,1.8982120329558474,1.2388947342561638,0.4973904194168841,-0.3001113203639494,-1.1251467324461397,-0.5258933423086574,0.1838861170042676,0.8430802520978948,1.4254065872362631,1.9076805889253161,2.2707013431251095,2.4999850527427725,2.586318450387691,2.5261110720290825,2.321532988505485,1.9804327528369694,1.5160386816439588,0.9464548307605132,0.29397083493266507,-0.4157881376718031,-1.1548389828129357,-0.6025656840633793,0.19546347302551093,0.944976915776061,1.6191420841119386,2.194145514564147,2.650091251880806,2.9717497207726553,3.149128611327223,3.1778441018293155,3.059278337063189,2.800517209853445,2.4140708494819565,1.9173874849506682,1.332179209580461,0.6835853273118624,-0.0007948617329928132,0.4682076968896265,1.3136481408243788,2.108334349145582,2.8250665551987875,3.439600602146891,3.9315580931275806,4.285189622272452,4.4899621096621845,4.540947951402097,4.439001231487626,4.190714338449048,3.8081566790528676,3.308405466108785,2.712886462655046,2.046549789873593,1.3369121762856757,1.641681177620506,2.4530649091354615,3.2113855337282886,3.889401117688341,4.462760125873582,4.910921823368385,5.217932427562104,5.373027516037539,5.371037799780806,5.212582845712273,4.904045393178839,4.4573272493390075,3.8893960511780703,3.2216401315011742,2.4790560203873238,1.6892994748931567,1.7785403506677124,2.508479517222547,3.187291682341165,3.7878679019809716,4.285906449471549,4.660842627646013,4.8966371100251065,4.982392808901875,4.9127767862127225,4.688231134228294,4.314964775548708,3.804726460589855,3.174367559002734,2.4452112329745996,1.6422519412421446,0.7932156730053286,0.6923990725462468,1.3709618114437796,2.0050034085003774,2.567418992201165,3.033809306591095,3.383420279370492,3.599944003189014,3.6721506260958234,3.5943270770129705,3.3665058976272744,2.994475433922321,2.48957095517895,1.868254599487393,1.1515000758322227,0.36400547824245,-0.46673589501946394,-0.6788213031587358,0.028051589227952256,0.6978220359662379,1.3030816701583108,1.819023497711476,2.2243922003156067,2.502298776490321,2.640868518324866,2.633697661552837,2.4801013245182313,2.1851432906399246,1.7594464872690374,1.2187913557977046,0.5835173762974,-0.12224950197938833
0.0,0.7120643197396231,1.3948602616296386,2.0202409609174583,2.562259899125468,2.9981660004620103,3.309277119040628,3.4816986691664207,3.506860040033491,3.3818483657243625,3.109526927906627,2.6984336590343085,2.162463576730737,1.5203471973467417,0.7949447359779205,0.012382906429095897,-0.7989328786892741,-0.18723371970585045,0.5336690498741345,1.2026206003673894,1.7933003535396275,2.282491155978135,2.6509650836840626,2.8842170450386964,2.9730182767133106,2.9137686778380494,2.708634579143065,2.3654667048757734,1.8975014457410786,1.3228568029855279,0.6638421736391128,-0.05389177214625096,-0.8023307880310026,-0.26082219698194287,0.5251077514027758,1.2612347315965438,1.9207784573728404,2.479982561682962,2.9190127853055055,3.222705607670189,3.3811388743297623,3.3900027458249014,3.250756887087255,2.9705679462658265,2.562029727796083,2.042676728913072,1.4343095673746835,0.762157982076327,0.053913265466329297,0.49883766245785743,1.320080335401462,2.090543655149344,2.7831224449085594,3.3736668664157436,3.8418922017825494,4.172141718700372,4.353973643507256,4.382549954714475,4.258812245054628,3.989437996406614,3.5865789612093204,3.0673916287104954,2.4533776595793118,1.7695593974428836,1.0435218360547847,1.3330365725894238,2.130371289881778,2.8759030119294824,3.5424397454126435,4.105674779854688,4.545106914240801,4.844816454717462,4.994067489365041,4.987713550074789,4.826391245964623,4.5164945133219945,4.069930467265143,3.5036661430308174,2.839083364317151,2.101166270155593,1.3175523930014577,1.4143876015153711,2.153343109502062,2.842558416124696,3.4548839532957327,3.9659721135112336,4.355207241145889,4.606494172628798,4.708875322570799,4.656952830877673,4.451099696960171,4.097451849535382,3.6076814291525907,2.9985598787724905,2.2913274291803565,1.5108929268445748,0.6848944021445453,0.6075385374668648,1.3098933907192518,1.9679655730067567,2.554556373893437,3.0451721337184887,3.418964180336242,3.659530179820495,3.755546395648446,3.701206780791317,3.4964521726753377,3.1469808428169146,2.6640399675619864,2.0640059175991876,1.367769294964666,0.5999480717230344,-0.21204127796906208,-0.4063692395675829,0.31719717988206075,1.0025320463395708,1.622166214181215,2.1512365570680143,2.568436490118417,2.85683081115034,3.004503857833802,3.005016317691776,2.857653305881243,2.5674542648194745,2.1450235380924845,1.606128813133009,0.9711026956627655,0.2640701670383192
0.0,0.7363759744809067,1.4433886346207154,2.092796549900315,2.65855937607783,3.1178333179872073,3.451844978824628,3.6466103467677478,3.6934715588802547,3.58943101182899,3.337270095478389,2.945448015877586,2.427784537068214,1.8029386885062209,1.093703244233938,0.3261417862004037,-0.4713988491136809,0.15279644629782863,0.8848675417843681,1.5636159955889855,2.162682972779619,2.658818568013251,3.0327677380237863,3.2700040104884844,3.361283063428999,3.302995120136457,3.097302756096539,2.7520588755708877,2.280507976024417,1.7007820605527497,1.0352103684470935,0.30946917504911664,-0.4483960051710496,0.08230431378980163,0.8560860884047238,1.5787724315057048,2.2236355422664387,2.7669763811256898,3.1890226345741635,3.4746771040816475,3.614088074582775,3.603019988277638,3.44301034396655,3.141306871936828,2.710587390407892,2.168473013972354,1.536853243080347,0.8410486175691962,0.10884279450307992,0.5295915864031038,1.326538560840338,2.072680962849718,2.741008588301596,3.307466299210249,3.7518634357767553,4.058636314298897,4.21743483688525,4.22351092698984,4.077894040227161,3.787347096194482,3.3641045262530658,2.8254024169176253,2.19281863364326,1.4914480347839163,0.7489441555924464,1.0231428938618992,1.806371741072712,2.5390628043433194,3.194074232851561,3.7471443221901453,4.177811565237356,4.470190494852779,4.613573824995322,4.6028380008167575,4.438636742601719,4.127375228891827,3.6809659042461815,3.1163751997177327,2.4549784035554776,1.7217472135971832,0.9443008639425283,1.0487611391892409,1.7967694774196357,2.4964300266885084,3.120552430459317,3.6447430147165045,4.048334959149273,4.315177037124366,4.4342509207384495,4.400093565129545,4.213008597232172,3.879058656476754,3.409838963508569,2.8220407111375474,2.136820863126561,1.3790023072058957,0.5761347589681864,0.5223345748319519,1.2485778282764923,1.9307778467153247,2.5416417010286754,3.0565809458015583,3.454651926200109,3.719357499581286,3.8392796649028114,3.8085190229147274,3.626924335658804,3.300103435656117,2.8392150498087414,2.2605494343061032,1.584913747905072,0.8368455164551327,0.04368407910270189,-0.132814572202945,0.6075129324176377,1.3084752072452503,1.9425420819609045,2.484794070814141,2.9138731148779997,3.2127976242961047,3.3696108165781746,3.377837687174221,3.236733226632383,2.9513124378611613,2.5321610054736317,1.9950338113283115,1.360256558976915,0.6519532579630439
0.0,0.7607485291271456,1.4920385696088772,2.165533888275389,2.755100080090055,3.2378003982534063,3.59476996646368,3.811935122761546,3.8805505335165256,3.7975336457153066,3.565583752282863,3.1930811356563535,2.693770117787936,2.086238062166332,1.3932101328429578,0.6406866217678208,-0.14304435743943533,0.4936783768157659,1.2369457745022656,1.9255156725426235,2.532990883475218,3.0360886679842083,3.4155267956033706,3.6567573597479663,3.750520440816119,3.6931965620222753,3.48694453420088,3.1396194470886645,2.664473925217726,2.079654008606939,1.407508828512946,0.6737403296073361,-0.09357462718353807,0.4262903453188118,1.187893515383481,1.897105553032602,2.5272512743143047,3.0546891107583156,3.4597088497394424,3.727279780902098,3.84762080501116,3.8165708319992824,3.635745389506751,3.3124734930673188,2.859517185136158,2.294584414637108,1.6396537873608026,0.9201368715398902,0.1639099202247609,0.5604225479282761,1.3330129639240345,2.0547735250864503,2.6987892378526075,3.2410999017355397,3.6616091506382102,3.9448465825485224,4.080554004990409,4.064073511669804,3.8965226411767633,3.5847499648456296,3.141072800068058,2.582807030014291,1.9316069158158675,1.2126400122005987,0.4536285676148449,0.7124729415412538,1.4815605839244366,2.201378822985055,2.844836076004007,3.387715757382026,3.809596153322404,4.09462610913464,4.232127036363073,4.21699835081697,4.049910926810597,3.737281213301226,3.2910269976388933,2.7281141051792885,2.0699112723511854,1.3413777246338836,0.5701143519346401,0.6822187944584892,1.4393026399781155,2.149434596886568,2.785383418024561,3.322709247469808,3.740693972060148,4.023130161663816,4.1589385937052885,4.142590875269098,3.9743210870377363,3.660118395567679,3.211500908918339,2.645079368724863,1.981927263146537,1.2467813058516999,0.46710267642055137,0.4369171790399179,1.187108672342678,1.8934969663781995,2.528694677328138,3.0680183365880898,3.4904290687074506,3.7793346848335845,3.92322268327518,3.9161000787168194,3.757723327169969,3.4536095956136266,3.014828939943025,2.4575852861343583,1.8026021406425152,1.0743363815866993,0.3000500198824048,0.14142534071243137,0.8985559164775415,1.6151847458253052,2.2637204808766005,2.819187135290994,3.2601750471553044,3.5696561227392487,3.73563235638758,3.751592962069866,3.616762730264237,3.336132163150249,2.920268239627917,2.384913003903994,1.7503852400704787,1.0408079834236497
0.0,0.785144798839971,1.5407358421233843,2.2383420017845403,2.851734720468705,3.3578842092988768,3.7378340234636562,3.977420763635042,4.067811540377356,4.005838768339102,3.7941195636235485,3.440955208261356,2.960014508708287,2.36981309275317,1.6930084486704038,0.9555375168283115,0.18562963084676054,0.8348919934370977,1.5893665875878664,2.287767486359269,2.9036591124422158,3.4137258605998144,3.7986582867119325,4.043887029075795,4.140136555289141,4.083777679051336,3.8769654428824936,3.5275571241209542,3.0488134822738244,2.458894607941484,1.780169543701361,1.038365928531823,0.26159200031628105,0.7706110833142125,1.5200237987611234,2.2157484201435502,2.8311624315815114,3.3426817916164104,3.7306584489327754,3.980128246044195,4.081380768256648,4.030329465694197,3.828667970760991,3.4838066633296676,3.0085918920433055,2.42081852464881,1.7425543589788979,0.9993020802343031,0.21903062754969085,0.5912835087012133,1.3394936667535913,2.0368486629667655,2.656528806986663,3.1746689282014855,3.5712670459660605,3.8309461307236834,3.9435399848397643,3.9044809600099146,3.7149747635065484,3.3819557017422315,2.9178240587890576,2.3399755921168155,1.6701410328682658,0.9335607028803592,0.15802563065251082,0.4015007000797016,1.1564333779117058,1.8633662672028386,2.495258102249099,3.0279374601609015,3.4410224591863843,3.718696290471776,3.8503090910702706,3.8307832697996185,3.660806871694989,3.3468076270956844,2.9007086713413384,2.339475223501023,1.6844694618082137,0.9606381272478443,0.19556374768542328,0.3153197954402307,1.0814879789302703,1.8021015324032232,2.449888278289528,3.0003621338240887,3.432753643084238,3.7307991177523814,3.883358381328861,3.884837629259537,3.7354013283047376,3.440965100656165,3.0129698667550153,2.4679458387807744,1.8268829480654218,1.114431650365971,0.3579645031025716,0.3514166701209154,1.1255797054802537,1.856179810871219,2.515735055870261,3.079466856223772,3.5262410232125143,3.839370229292071,4.007247380170751,4.023785813406244,3.888649589163779,3.607265120660586,3.190613706506083,2.654812858461915,2.0205023492853416,1.3120583308931522,0.5566654107277393,0.4159320954870169,1.1898820921784823,1.922192719970927,2.585211393897896,3.1539055720525844,3.606813939324677,3.9268618528606227,4.102010043729105,4.125711909603028,3.99716201150514,3.721326327046266,3.3087531112122663,2.7751715580667917,2.1408935255093295,1.4300410736408695
0.0,0.8095275625992956,1.5894061554713492,2.311109808189076,2.9483158632030477,3.477901541067504,3.8808188791544063,4.142814790446346,4.254968878173982,4.214028571722158,4.022528855866127,3.6886920559652534,3.2261115047848374,2.6532311341272234,1.992640793955596,1.2702141081284957,0.5141216628070511,1.1759167117024842,1.9415922979315192,2.649818754919996,3.2741221367642566,3.7911539905011735,4.181577673422382,4.430802380584781,4.529536975429087,4.47414256751484,4.266770433133994,3.915280036015421,3.432940266137658,2.8379252569040854,2.1526239511898617,1.4027896680555791,0.6165620049711924,1.11474120282853,1.8519702123825967,2.5342148842307064,3.1349053414073356,3.6305150376181916,4.001458048444565,4.2328367324250635,4.315011320275292,4.243969761044722,4.021483748661998,3.6550449822947506,3.1575840701014384,2.5469827505331386,1.845397964087283,1.0784234624896702,0.274120819647546,0.6221273846203553,1.345970781818621,2.0189337241819656,2.614291771804605,3.108274731340674,3.4809749553443883,3.717108735022759,3.8066018166536577,3.744976759954888,3.533527392070396,3.179273707027401,2.6946989096474754,2.0972785874809574,1.4088198993474708,0.654635893908702,-0.13741365836002067,0.0907006151274305,0.8314861647002502,1.5255408376458544,2.1458736574194752,2.668358338838801,3.072652810145506,3.34297458930844,3.468702522987002,3.4447820002783254,3.271918227432649,2.9565502099258474,2.510606428126467,1.9510514951526052,1.2992410346731054,0.5801093100900435,-0.1787795026074609,-0.05137608560636292,0.7238714066980895,1.4549607540469565,2.114578871119775,2.6781934739001594,3.124983792128662,3.4386299104468048,3.607930732175333,3.627227077333796,3.496613837299136,3.221933130612981,2.8145487328299392,2.2909103712555323,1.6719244666521056,0.9821552646183573,0.24888674947626413,0.2659634949095393,1.0640848015042945,1.8188833144146999,2.502782608953692,3.090909037875177,3.56203315195741,3.8993725376336674,4.091225560379035,4.131411932484652,4.019503369420531,3.760835580884075,3.3663011573355757,2.851931244161668,2.2382819267775695,1.5496486755882746,0.813138737414202,0.6902868813126892,1.4810469875759618,2.229030732254673,2.906524327196335,3.4884387062373463,3.953260929665846,4.28386983127495,4.468184901700925,4.499623742148176,4.377350700919313,4.106307244633416,3.697022914727883,3.1652140622371974,2.5311856227027256,1.8190586815700445
0.0,0.833859619990861,1.637975254091077,2.3837262867462443,3.0446961559028978,3.5976692849296,4.023506383702021,4.307864864027762,4.441737003783967,4.421785423827081,4.250463148404555,3.935913710402664,3.4916551258512443,2.9360597796650483,2.291650024156603,1.584236298347607,0.841930563111598,1.516232235351953,2.2930855200888782,3.0111171020747456,3.6438147466026134,4.167797221293214,4.563700741412103,4.816913103369194,4.918127598898562,4.863695653600647,4.655764785371479,4.302196639783656,3.816268220379018,3.2161676741605527,2.5243038029165126,1.7664555523854433,0.9707938144084841,1.4581556697380273,2.1832263106201557,2.852019065821656,3.4380165878236353,3.9177497059292263,4.27169449341746,4.4850196865253125,4.548156014463897,4.4571657702802225,4.213898547090765,3.825927194246633,3.306266404195679,2.67288460543693,1.9480276957515514,1.1573803040085626,0.32909644624462336,0.6529071176502453,1.3524344270825344,2.00105604128347,2.572142572712833,3.042018607776078,3.3908706360515937,3.603508075440354,3.669948424926235,3.5858042646527335,3.352457358381341,2.9770132095580673,2.472037771312066,1.8550862952596794,1.148042208958485,0.3762911366522833,-0.43223855216341883,-0.21945313032195624,0.5072147113435032,1.1884179494676317,1.7972157920836163,2.309526997848095,2.7050492222074594,2.968034238567162,3.0878895434883384,3.0595834585577455,2.883838315552247,2.5671043716365283,2.121315441092533,1.5634355323475195,0.9148137281365635,0.20037184022724996,-0.5523442691031492,-0.41730938631614034,0.3669985334824495,1.1085418892582106,1.7799667730114908,2.3566947955546853,2.8178539790048003,3.147068297892166,3.3330758620474668,3.3701522520186025,3.2583229284880195,3.003356659205375,2.616540235269112,2.114243066487037,1.517288236720348,0.8501539606919748,0.14003583382223522,0.18068802802406178,1.0027177822606443,1.7816643797097569,2.489857097930987,3.102327424378645,3.5977508474321107,3.959250065243137,4.175029099659351,4.238814232408336,4.1500850263048115,3.9140866761532926,3.541623248742307,3.0486397026908985,2.4556086101083423,1.786744927673017,1.0690787024624298,0.9640711192380551,1.7716063767884045,2.5352306445573465,3.227169058484436,3.8222761456970553,4.29898744924026,4.640135376303748,4.833598262854923,4.872757988071985,4.7567487503677475,4.490487556342574,4.084485272802074,3.554445434459914,2.9206660688950667,2.2072672889245872
0.0,0.8581038479623482,1.686369036842654,2.456080647591903,3.1407285526119333,3.717004713047976,4.165678840936737,4.472319169975835,4.6278309679000245,4.628792353163698,4.4775746853326615,4.182242989230787,3.7562402360170553,3.217867521975524,2.589579945408763,1.8971249885747206,1.1685561986742081,1.8553193501330412,2.643309986161756,3.371111300394271,4.012172907528297,4.543080914089577,4.944444491289922,5.201630114133187,5.305315558854717,5.2518426020512345,5.043355016789221,4.687716622609373,4.1982125073299805,3.5930447809699007,2.8946420325474005,2.1288087419764734,1.3237469825087338,1.8003305417793332,2.5132867010498066,3.1686760958783813,3.740033718581587,4.203947566956022,4.5409554881904794,4.736292356622207,4.780459145485223,4.669592223470675,4.405618801696602,3.9961925867764716,3.4544120519354027,2.798332002802462,2.050286973340778,1.2360521415308667,0.38387363185807344,0.6835757476172635,1.3588747410594142,1.9832428899819559,2.530145516107552,2.9760016434743286,3.301091558886198,3.4903174707863536,3.533788299672501,3.4272063211745287,3.172040918253921,2.7754827951191814,2.2501803545173074,1.613768224573839,0.888205826283336,0.09895109750162234,-0.7259992408718403,-0.5284873393852686,0.18411375389829843,0.8525119459649337,1.4498164482786482,1.951990900744,2.3387725426120856,2.594447279075936,2.7084511531832387,2.6757753362328565,2.4971592237116766,2.179064283858906,1.7334296456164948,1.1772187149035669,0.5317740571316982,-0.17799492262037875,-0.9245606096817451,-0.7819218077812475,0.011413834833874148,0.7633734640648067,1.446562496586966,2.0363566044635593,2.5118327870279837,2.8565591112354136,3.0592131128677194,3.1140053684906897,3.0208921587105237,2.7855691652532117,2.4192464726454688,1.9382134631128336,1.3632101844296922,0.7186291309817611,0.0315778283378243,0.09572037295584751,0.9415722744833434,1.7445797911227137,2.4769782430590164,3.1137045948744118,3.6333396156883024,4.0189114578813205,4.258530140218039,4.3458288511110865,4.280195333355724,4.06678459358772,3.7163124944604338,3.244638118926579,2.672150827240581,2.02298535297796,1.3240948221348525,1.2368671007880325,2.0611169577458717,2.840325292299249,3.5466563849404267,4.154908559694417,4.643466028320732,4.995114938987931,5.1976926215471675,5.24454536209329,5.134777317978883,4.873281124076905,4.470549039969457,3.942271830311401,3.3087406396544186,2.594074611697862
0.0,0.8822232574614574,1.7345136700629384,2.528062500770942,3.236266538153489,3.8357257571630403,4.307119340488694,4.63592680284079,4.8129668497728755,4.834733532387675,4.703516966010078,4.4273040715908065,4.019463161777418,3.4982244112441596,2.885976010532769,2.208402809262723,1.4935002416978274,2.192660715958137,2.991731363973953,3.7292521121695,4.378634621060859,4.916432504230482,5.323228028069467,5.584366455946291,5.690510128477234,5.637991222932027,5.428949786827408,5.071251802479759,4.578190400362901,3.9679815816246644,3.2630736206411726,2.4892964000422566,1.674883013956289,2.1407437679202377,2.841647815520891,3.483702855554629,4.040495950708097,4.4886719729462925,4.808830225332277,4.986271379799565,5.011566291962235,4.880925024786086,4.59635200778384,4.165581388547494,3.6017949897442483,2.9231335494310104,2.1520197814202233,1.3143189466227607,0.4383688037634573,0.7140864838560543,1.3652818978595351,1.965521447533217,2.4883646762634735,2.910324559520383,3.2117746984297235,3.377709614256033,3.3983291783382557,3.2694249000063165,2.99255333032485,2.574989935619045,2.029465143771866,1.373692550757705,0.6297071797650942,-0.17696109003599592,-1.018247538241076,-0.8359305232390667,-0.13732375738645786,0.5183353138519597,1.1042056479344113,1.596295534947705,1.9743815941552159,2.222783686814177,2.330966255490697,2.293943203556771,2.112470902358864,1.7930219734918418,1.347540833195781,0.7929902879836093,0.15070641949705466,-0.554413709999668,-1.2948606394964006,-1.1446570663393374,-0.3423401790455869,0.41998209671776765,1.1148747117131956,1.7176676357648055,2.2073871081070084,2.5675455759532047,2.7867603128946064,2.859177226180025,2.784683772504657,2.5689029238453704,2.2229684530716503,1.7630901268390853,1.2099253843364888,0.5877814409331412,-0.07632179423673857,0.011190163572421974,0.8807415669497343,1.7076861280500504,2.464165693412066,3.1250231913853543,3.668745159479984,4.078265691062919,4.3416012857791735,4.452292518006079,4.409635783243694,4.218696364281905,3.8901023737472156,3.4396274610464808,2.8875782029854355,2.258009523055671,1.5777980221908314,1.5082586252553594,2.349137028529334,3.1438491971861233,3.864498869577603,4.485828455981277,4.986171101144029,5.348266932372246,5.559912484515857,5.614418633833038,5.510859651278908,5.254103925473906,4.854625204573663,4.328101548919339,3.6948172554717558,2.978890503801949
0.0,0.9061810498695458,1.7823357002124633,2.5995620246575704,3.3311643516665472,3.953651286371592,4.44761208872481,4.79843814892918,4.9968621903848405,5.039294760153521,4.927945273713031,4.670723071492096,4.280922307891646,3.776702711201026,3.1803860125304335,2.517594848543817,1.8162669299657295,2.5277416562024317,3.3378180722937856,4.0849931273752045,4.742640782100986,5.287282374835975,5.699473447431871,5.9645381937547235,6.073123622231302,6.021552375126626,5.811960799371503,5.4522170255658775,4.955622172947624,4.340406040713161,3.6290364566906606,2.84736853600964,2.0236661858134295,2.4788759848450628,3.1678086784424053,3.796618713283032,4.33894487351542,4.7714885241758385,5.074910012403825,5.234575366838762,5.241124857213446,5.090841746964604,4.785807166581819,4.333835165624205,3.7481903577008704,3.047098837488563,2.2530709077817237,1.3920613088022815,0.4924988195003892,0.7443927765973376,1.371646122180576,1.9479187512742373,2.4468637975766634,2.8450875584488875,3.1230563240666416,3.2658563099546623,3.26377772885821,3.112700725878388,2.814268436095079,2.3758405199840675,1.8102288809378992,1.1352255536394158,0.37294065688298894,-0.45102447090491715,-1.308537565459531,-1.1413136204630314,-0.4566074101565314,0.18639790136711087,0.7609106842270139,1.2429835795044564,1.6124323226011756,1.8536105033089774,1.9560107734155476,1.9146696160450527,1.7303602646532799,1.4095664194553894,0.9642377485609472,0.4113364630931313,-0.2278077956303377,-0.9283102254541815,-1.662679397386645,-1.5049617422871455,-0.6937237910019742,0.07889169423781195,0.7854094694319536,1.4011141084027636,1.9049814304142072,2.280468635629493,2.5161331392484456,2.6060566125330276,2.550058149436283,2.3536884993926677,2.0280056349564743,1.5891402406939332,1.0576677007441957,0.4578105228897902,-0.18349841307759168,-0.07277363366296058,0.8203184681511846,1.6710396785960757,2.4514389969035424,3.1362659452997943,3.703913461103948,4.137222208931175,4.424115795951127,4.558042803085335,4.538208890630094,4.369590218742598,4.062727738009689,3.6333102367575068,3.1015620630507126,2.4914588650809417,1.8298012314913485,1.7778316346917231,2.6352271612686113,3.4453392773823532,4.180211584919567,4.814530955071879,5.326579807758618,5.699052557796307,5.919705218388991,5.981813493229106,5.884421967134291,5.632374944939497,5.236127787413523,4.711345935711709,4.078306885087718,3.361127857444607
0.0,0.9299406731447248,1.8297621659423924,2.67047013350851,3.425277208990882,4.070601383475505,4.586942737981865,4.959605267135731,5.1792364233932995,5.2421639404868365,5.15051720156344,4.912128608244427,4.540218770091007,4.052877551711524,3.472360774510072,2.824229376795383,2.1363638232184408,2.8600509429382734,3.6810420918595383,4.437791597319526,5.103636031948702,5.6550647258617985,6.072606717425663,6.341565305282282,6.4525722924905695,6.401940865180516,6.191803700306744,5.830031058983031,5.329931983131489,4.709749955865277,3.9919721967263895,3.20247884463104,2.369564364864765,2.8142113093394276,3.491271671113892,4.106946258067429,4.634925147991417,5.051965731705643,5.3387888954943,5.4808254840985,5.46878460720435,5.299022123234923,4.973695229217318,4.500697215761134,3.8933748026043267,3.1700387350081742,2.3532861802486136,1.4691606177220935,0.5461810937217322,0.7744483879881886,1.3779577042216498,1.9304616573727325,2.4057061973106797,2.7803901713666836,3.0350717920802364,3.154928210778576,3.1303392343458416,2.957272910495198,2.6374582421339534,2.178338387468651,1.5928060514690798,0.8987310587133774,0.11829800244138866,-0.7228209107458883,-1.5964264314187915,-1.444170712679889,-0.7732500781670819,-0.14279385959476643,0.4204553170955969,0.892594077126335,1.2534769484847321,1.48749097050842,1.5841567708714317,1.538533225679564,1.3514102910214025,1.0292826540945508,0.5841051914367337,0.032839523706201135,-0.6031910948315888,-1.2991140207196492,-2.027455707831092,-1.8622861242245727,-1.0422009003677282,-0.25937734690167447,0.4586694298853593,1.08717898331119,1.6050771297228623,1.9957662792145656,2.247744483719049,2.355029709845433,2.3173732542734604,2.140254241290725,1.8346554701257642,1.416629197390388,0.9066694309001446,0.3289146715175817,-0.28978851043674597,-0.15604291645350227,0.7603951646965732,1.6346963536950145,2.4388175704620156,3.147415703717955,3.7387908648137804,4.195691062417576,4.505947779592477,4.6629183647367345,4.665718493467653,4.519235940495966,4.233925215337868,3.8253909471751895,3.313775935494283,2.722977208919927,2.079719972547596,2.0451748456297185,2.91895087257084,3.7443355540279235,4.493312852846756,5.140514560529863,5.664172791744196,6.046936626931572,6.276521892828757,6.3461694114956355,6.254894327164041,6.007517060094733,5.61447473576268,5.091420280518182,4.458624444168706,3.7402034988707684
