12.849469940239107,12.889722488406916,12.932897026194219,12.977925147900407,13.023692629922571,13.069067031819658,13.112925758477004,13.154183892474215,13.191821112481536,13.224907037366313,13.252624376093678,13.27428931943909,13.289368679571126,13.297493365906645,13.298467878138913,13.292275597548286,13.279079762939041,13.25922012494606,13.233205379063364,13.20170158059198,13.165516840897936,13.125582691204873,13.08293257520222,13.03867799300781,12.993982864960838,12.950036713405968,12.908027273791571,12.869113143477596,12.834397058768904,12.804900359656685,12.781539159924183,12.765102690422381,12.756234228420528,12.755414968916497,12.76295113727302,12.778964588565628,12.803387088802388,12.835958426917426,12.876228463275009,12.923563178415762,12.977154742109079,13.036035574037289,13.099096310062524,13.165107518814615,13.232744930012094,13.300617837682823,13.367300229401728,13.431364070143324,13.49141404197917,13.546122916366558,13.594266623558903,13.634757994051094,13.666678090324204,13.689304032857404,13.702132259791183,13.704896249156633,13.697577876952947,13.680411780194152,13.653882333868614,13.618713123319608,13.57584908461236,13.526431778808709,13.471768544860751,13.413296523885782,13.352542750717394,13.291081655773684,13.230491404304814,13.17231051821261,13.117996179517409,13.068885509875543,13.026160966373483,12.99082080160092,12.963655318522687,12.945229420943523,12.935871730622384,12.935670322967205,12.944474933157748,12.961905309437117,12.987365243583122,13.020061691292462,13.05902830651926,13.103152651407601,13.151206304168694,13.201877067551969,13.25380247703064,13.305603817507427,13.35591987795836,13.403439703440117,13.446933642476443,13.485282034787684,13.517500939803522,13.542764370740475,13.560422572512461,13.570015964397012,13.571284459809911,13.564171974843125,13.548826042937481,13.525592563201851,13.495005821997232,13.457774038663011,13.414760793637335,13.366962797605204,13.315484550668518,13.261510518066899,13.206275511235187,13.15103400796787,13.097029171715093,13.04546233669044,12.997463712270536,12.954065027464761,12.916174784967204,12.88455672594774,12.8598120232449,12.842365624339019,12.832457059075123,12.83013591346248,12.835262053029926,12.847510560239783,12.866381233399029,12.89121238228164,12.921198551033775,12.955411704371233,12.992825330796794,13.032340848423463,13.072815646475668,13.113092059745082,13.152026554881754,13.188518406668653
13.18291126298697,13.188453697344276,13.194398647199684,13.200599121954307,13.206901876043975,13.213151232701193,13.219192980485072,13.224878250578508,13.230067284599272,13.234633006900733,13.238464321946555,13.241469066149659,13.24357655430271,13.244739673042488,13.244936487243606,13.244171339304515,13.242475435370274,13.239906925970834,13.236550500639659,13.232516526107924,13.227939764972868,13.222977715733496,13.21780861534345,13.212629141742012,13.207651846273686,13.203102334933707,13.199216203823234,13.196235719331163,13.194406219056061,13.193972197366719,13.195173032028734,13.198238307813462,13.203382701603859,13.210800412939305,13.220659155201954,13.233093765752548,13.248199547058835,13.266025512630486,13.2865677773701,13.3097633964559,13.335485013746599,13.363536723020427,13.393651566219138,13.42549108606984,13.458647311271735,13.492647478307337,13.526961685088112,13.561013531454051,13.594193636668642,13.6258757441921,13.655434941371922,13.682267350061679,13.705810497828455,13.725563471765273,13.741105899258478,13.752114800282675,13.758378417510515,13.759806252457768,13.756434711772012,13.748427986741916,13.736074036513067,13.719775804175097,13.700038046629885,13.677450386336393,13.652667380150898,13.62638653548886,13.599325279287527,13.57219789804057,13.545693419760749,13.520455307871128,13.497063693162278,13.476020696035661,13.457739201455926,13.442535257435894,13.43062408726722,13.422119546627446,13.417036726778361,13.415297308747075,13.41673721189295,13.421116051992893,13.428127924998034,13.437413057383424,13.448569906114383,13.46116734411897,13.474756624678804,13.488882875158705,13.503095923057462,13.516960302914296,13.530064329927736,13.542028155202619,13.552510739246667,13.561215696249981,13.567895973701107,13.572357341984166,13.574460678545382,13.574123042438515,13.571317548512527,13.566072066631765,13.558466790056416,13.548630737954241,13.536737279107669,13.522998786130147,13.507660550699942,13.490994109242024,13.47329014402018,13.454851135802885,13.435983950438315,13.41699254239301,13.398170953441614,13.37979677439059,13.362125222383499,13.345383966595923,13.329768811782529,13.315440323105932,13.302521447940212,13.291096161899262,13.281209138155544,13.272866412079612,13.26603698813015,13.260655313416569,13.256624522957075,13.253820345734631,13.252095548436255,13.25128478533846,13.25120971814136,13.2516842685209,13.252519868540318,13.253530579550638
13.522347287577679,13.4930917749646,13.461712934813058,13.428987527554735,13.395725723640108,13.362751090669292,13.330880264309572,13.300902811523152,13.273561791418338,13.249535503623385,13.2294208868489,13.213718991903669,13.202822904751105,13.197008437337988,13.196427838160592,13.201106702251028,13.21094418295028,13.225716527016388,13.245083871847658,13.268600160432559,13.295725947612844,13.325843791905807,13.35827585203661,13.392303238095579,13.427186605562802,13.462187428166544,13.496589344652344,13.529718947182872,13.560965367536792,13.589798023843485,13.6157819175002,13.638589919099243,13.65801155503188,13.673957903484592,13.68646232920935,13.695676928703346,13.70186471757411,13.70538776438909,13.70669165292119,13.706286828516216,13.704727544241791,13.70258925785277,13.700445430933119,13.698844737447843,13.698289693009004,13.699217664033517,13.701985106969945,13.706855725432657,13.713993025302049,13.723457506626636,13.735208471903942,13.749110170745343,13.764941759672798,13.782410350771505,13.801166269693649,13.820819553766173,13.840956701317452,13.861156734597015,13.88100575559464,13.900109345828273,13.918102372276563,13.934655993392925,13.949481891437634,13.962333970565332,13.973007936891664,13.981339303712854,13.987200433787615,13.990497238381671,13.991166102560268,13.989171506053022,13.98450467105903,13.977183407470633,13.967253158182563,13.954789088007411,13.939898922988085,13.922726143368251,13.903453070229334,13.882303365872659,13.859543490524743,13.83548271849379,13.810471408372965,13.784897335284434,13.759180018611268,13.73376310632998,13.709104997923648,13.685667994362362,13.663906350069169,13.644253664462482,13.627110087907862,13.612829828879647,13.601709437508926,13.593977308315134,13.589784795379781,13.58919927049946,13.592199382979338,13.598672702513925,13.608415847465977,13.621137122702816,13.636461616333243,13.65393863501627,13.67305129430298,13.693228024631324,13.713855705703477,13.734294102384663,13.753891244162546,13.771999367693788,13.787991028082505,13.8012749792972,13.811311427523838,13.817626273219084,13.8198239780521,13.817598721594361,13.810743549195536,13.799157256472096,13.782848806552632,13.761939132787518,13.736660240954095,13.707351589785937,13.674453795463283,13.638499772912056,13.600103492659219,13.559946594819468,13.51876315978582,13.477322986674885,13.436413773975417,13.39682263079106,13.359317370418353,13.324628049906178
13.865568940649592,13.801979234630815,13.73377402792936,13.66264152632418,13.590342484306124,13.518666674258476,13.44938865602817,13.38422394806761,13.324786693260771,13.272549877792578,13.2288091008418,13.19465080794631,13.170925793636602,13.158228651884519,13.156883709014796,13.166937816257345,13.188160211604469,13.2200494867643,13.261847518530558,13.312560048585247,13.370983425330689,13.435736859437753,13.5052993949187,13.57805066309903,13.652314371188979,13.726403383475954,13.798665184632771,13.867526474330639,13.931535633185295,13.989401824728397,14.040029558854437,14.082547640678847,14.116331565665343,14.141018596696107,14.1565149693269,14.162994913735638,14.160891449623772,14.150879195076335,14.133849721428316,14.110880270891265,14.083196918033018,14.052133485513714,14.019087704457469,13.985476227667931,13.952690149448244,13.92205265274772,13.894780291168997,13.87194922384549,13.854467464718702,13.843053898940955,13.838224477047465,13.840285644312916,13.849334721819808,13.86526665009367,13.887786255941677,13.916425024104104,13.950561257234673,13.989442493364365,14.03220911494681,14.077918216618958,14.125566983064834,14.174115043011273,14.222505487720243,14.269684450086494,14.314619313908983,14.356315746854639,14.393833815676293,14.426303445529836,14.45293943046208,14.473056098904678,14.486081600555227,14.491571626592847,14.489222222123638,14.478881215691521,14.460557690799941,14.434428870090603,14.400843780920264,14.360323123405816,14.31355486560464,14.26138523818231,14.20480498223097,14.144930906228344,14.082983017918348,14.020257700812998,13.958097590941588,13.897858967275834,13.840877591308193,13.788434012660664,13.741719396185971,13.701802922133027,13.669601767066082,13.645854593512368,13.63109936611277,13.625656177413244,13.629615613685246,13.642833026545087,13.664928905552348,13.695295375777597,13.73310867728701,13.77734732468464,13.826815497729115,13.880171081453462,13.935957658486945,13.99263965926463,14.048639798966256,14.102377874441629,14.152309960810527,14.19696703630171,14.234992075315736,14.265174683409679,14.286482403284722,14.298087896887786,14.299391303976002,14.290037190066137,14.269925624300228,14.239217067690877,14.198330901375403,14.147937579493416,14.088944548439702,14.022476229698132,13.949848513327833,13.87253834958419,13.792149153398322,13.710372847058418,13.628949457353684,13.549625252048184,13.474110444795732,13.404037516065106
14.210382107523895,14.113466197514645,14.009515788735207,13.901103780105757,13.790913611680082,13.68167290752156,13.576086047307456,13.476767343259834,13.386176486263864,13.306557871555619,13.239885321469862,13.187813592699703,13.151637891467498,13.1322624258459,13.130178804766551,13.145454853111548,13.177734157198806,13.226246390706814,13.289828203527817,13.366954191091864,13.45577720517808,13.554177024764776,13.659816182484843,13.770201543910172,13.882750068084942,13.994857043084112,14.103964994230493,14.207631408983667,14.303593415054165,14.389827590120083,14.46460317504758,14.526527109186139,14.57457950626566,14.608138441126233,14.626993217353563,14.631345627838629,14.621799095605322,14.599335979434509,14.565283733648371,14.521271007381571,14.469175137583777,14.411062813010894,14.349125945232792,14.28561496079172,14.2227718130354,14.162764994518172,14.107628708799819,14.059208138211027,14.019112432817074,13.988676663032052,13.968933547255197,13.960595313564017,13.964045609772977,13.97934096736206,14.006220977201114,14.044126068685408,14.092221611810196,14.149426988550228,14.214448301751041,14.285813494529142,14.36190882204587,14.441015826783108,14.521348192097712,14.601088061213858,14.678421587231696,14.751573606667419,14.818841393766165,14.878627452252438,14.929471239853005,14.970079610237029,14.999355613718166,15.016425142284767,15.020660757551035,15.0117019222598,14.98947078415441,14.954182647878373,14.906350322930756,14.846781654458766,14.776569723867752,14.697075437884733,14.609902493934351,14.516865000078148,14.419948321901913,14.32126400956951,14.222999910363784,14.12736678253563,14.03654288550155,13.952618123176162,13.877539358792479,13.813058501467893,13.760684890319077,13.721643376637982,13.69683933565381,13.686831634884213,13.691814354669997,13.711607806872063,13.745659138253002,13.793052543572092,13.852528856980019,13.922514045207011,14.001155897788275,14.086368002874117,14.17587991600135,14.267292276840418,14.358135508016918,14.445930642659452,14.528250774769845,14.60278160966622,14.667379610816482,14.720126293922313,14.759377308029006,14.78380506493691,14.792433829791175,14.784666364252733,14.760301415263122,14.71954156264865,14.662991172658899,14.591644446543272,14.506863797647995,14.410349031280244,14.304098032709915,14.190359884256305,14.071581526816411,13.950349249262993,13.829326426307892,13.711189027868642,13.598560487739237,13.493947544456487
14.554641099756426,14.425935233388554,14.287887390514065,14.143914388532698,13.997579830325273,13.852505974476092,13.712284180258745,13.580386153067309,13.460078198831484,13.354340624672187,13.265794299402764,13.196636214481796,13.148585667856171,13.12284243501431,13.12005799960372,13.14032059697968,13.183154485409101,13.247533509079997,13.331908662466045,13.434249014886895,13.55209501508035,13.682622875811601,13.822718445208743,13.969058711471042,14.118198867266079,14.266662685496378,14.411033834693654,14.548045695098004,14.674667229908657,14.78818252390809,14.886261726337022,14.967021327916775,15.029071962983238,15.071552254404804,15.094147606333927,15.097093289947967,15.081161648967969,15.047633760331536,14.99825640314678,14.935185695423556,14.86091923058289,14.778218961126266,14.690027412529927,14.599380046201137,14.509316710083795,14.422795108878896,14.342609089629196,14.271314277422638,14.21116322333507,14.164051763483862,14.131477761910443,14.114512853438082,14.113787250441534,14.129487163851305,14.161363944459952,14.208753700292156,14.270605905678497,14.34551939420335,14.431784117121081,14.52742713772713,14.630261498982335,14.737936819109557,14.84799070776873,14.957900323970593,15.065133589723274,15.167199710170765,15.261698719275978,15.346369766460828,15.419137789523187,15.478158096078221,15.521858219419983,15.548976248652611,15.558594682025761,15.550168740057412,15.523548020921854,15.478990398815924,15.417167163926486,15.339158580345195,15.246439289039614,15.140853294017386,15.024578623721123,14.900082136136406,14.77006531359551,14.63740225086642,14.505071358897725,14.376082570770318,14.253402034131517,14.139876398082563,14.038158848866289,13.950639018444932,13.879378787305356,13.826055834494621,13.791916562938125,13.777739756821052,13.783812021197159,13.809915723126672,13.855329809329342,13.918843527736621,13.998782738778965,14.093048175150713,14.199164703575322,14.31434036519122,14.435533728091873,14.559527880875596,14.683009233512623,14.802649174290885,14.915186561085026,15.017509002877784,15.10673091364465,15.18026639478133,15.235895122666896,15.271819582218995,15.28671219196305,15.279751106820234,15.25064375624346,15.199637471405204,15.127516869062404,15.035587984113388,14.925649469928251,14.799951507258584,14.661143370872976,14.512210890170604,14.3564052984541,14.19716518847487,14.038033473301756,13.882571386513902,13.734271640345366,13.5964728921578
14.89628115858542,14.73782549056763,14.567868466236158,14.390616670673328,14.210457396621406,14.031850141005918,13.859216345638158,13.696830121848627,13.548712677595582,13.418533077717463,13.30951781563602,13.224371461693115,13.165210384573431,13.13351122436267,13.130075436249896,13.155010831129394,13.207730622489391,13.286970057535147,13.390820274248899,13.516778594826324,13.661814049274923,13.822446530234643,13.99483762018783,14.174890813573406,14.358358586776951,14.540953555828168,14.718460811585619,14.88684844124261,15.04237323838693,15.18167867587241,15.301882369465519,15.400650497079333,15.476256957821933,15.527625453939299,15.554353150823848,15.556715105846859,15.535649242235328,15.492722261935654,15.430077519964573,15.350366497472844,15.256666084695087,15.15238439029213,15.041158203312637,14.926745523932762,14.812916729989315,14.70334794566157,14.601520022504818,14.510626236962338,14.433491367931754,14.372504267752053,14.329565412876496,14.306050254969797,14.302788530447833,14.320059067211282,14.357599088116281,14.414626580947228,14.489874003862848,14.581631431540051,14.687797216559577,14.805934327587977,14.9333307056491,15.06706222046802,15.204057075365057,15.341160766692902,15.475200921534505,15.603051491562697,15.721695857158164,15.828288390115475,15.920213942035335,15.995144584652753,16.05109275100454,16.086459740125726,16.100078381914354,16.091248540247534,16.05976408422891,16.005929995829455,15.930568415379529,15.835012654104906,15.721088516738888,15.591082661676914,15.447698160228152,15.293997875877999,15.133336743388483,14.969284460991357,14.805540494256828,14.645843608616957,14.493878384836233,14.35318131891839,14.227049161102359,14.11845210857631,14.029954338308844,13.963644158285488,13.92107577825267,13.903224367244292,13.91045568798256,13.942511191180497,13.99850902897245,14.076961018591833,14.175805166469146,14.292452959496272,14.423850253485934,14.566550246864672,14.716796727243377,14.870615525470207,15.023911910765834,15.172571515189372,15.312562288542757,15.440034957373063,15.551419494351496,15.643515196230814,15.713572117874916,15.759361813391259,15.77923558886598,15.77216876912989,15.73778981679814,15.67639350795172,15.588937756820831,15.477024082545082,15.342862114885122,15.189218932739921,15.01935440956581,14.836944093628407,14.645991469294387,14.450731719911005,14.255529335873728,14.064772077134407,13.882763902972153,13.713619520231829
15.233349475516398,15.047655728973446,14.848483574271597,14.64076269557043,14.42963454740437,14.220325199585801,14.018016124394709,13.827716136737788,13.654137673100482,13.501580492127214,13.373825701104321,13.274042762852474,13.204711822602029,13.167563321868005,13.163536444990772,13.192757483740001,13.254538716856278,13.347397895811895,13.46909791685855,13.616705754065826,13.786669239824702,13.974909819118757,14.176928982186265,14.387925706862877,14.602921926125655,14.81689278669772,15.024898288847329,15.222212802767112,15.404448949277075,15.567672417062017,15.708504468794407,15.824209166007144,15.91276271677655,15.972902817478914,16.004156412822873,16.006844925620527,15.98206669339077,15.9316570722655,15.858127404717704,15.764584767478793,15.654635088132093,15.532272810686596,15.401760770361658,15.267504277562253,15.133923588027864,15.0053289358342,14.885802123657795,14.779088306980409,14.68850109377313,14.616843437673573,14.566346069068565,14.538624429800937,14.534654301653505,14.55476559386462,14.59865312351654,14.665402719074015,14.753530624523648,14.861033988931055,14.985450189167272,15.123922834113523,15.273272507678252,15.43007058833015,15.590714793500474,15.751505397494418,15.908721325471426,16.058695505857187,16.19788895235733,16.32296303991445,16.43084934408465,16.518816248932893,16.58453132167874,16.62611823525699,16.64220682661609,16.6319747408919,16.595179056269192,16.532176330327715,16.443929665556553,16.332001659159637,16.19853247037571,16.046202689135644,15.878181198468235,15.698058761108786,15.509768598172421,15.317495735230167,15.125577342214333,14.938396666248238,14.760273434190907,14.595353773841577,14.44750276478309,14.320202682748508,14.216459851003872,14.13872276829688,14.088813858075884,14.067876792491859,14.076340902712216,14.11390371007868,14.179532116025214,14.271482286997877,14.387337777320191,14.524064960164232,14.678084395291005,14.845356361412541,15.021478428957824,15.201792652448841,15.381499726100845,15.555777275897443,15.719899359257623,15.869354211246137,15.999957314522025,16.107956977976663,16.190129784014353,16.243863503011454,16.26722537059764,16.25901397261756,16.218793376246655,16.14690857487029,16.0444817690909,15.913389475886543,15.75622093120782,15.576218716560534,15.37720298575465,15.163481082675185,14.939744713922142,14.710957161660197,14.482233283398061,14.258715239521708,14.045447010749676,13.847250812626536
15.564034235311327,15.354045888199996,15.128815748912412,14.893918470998628,14.655168189645035,14.41847473285511,14.189697506568224,13.974500684750051,13.778213307452816,13.60569777346942,13.46123001238087,13.348394338454211,13.269995632813561,13.227991079099054,13.223443201418839,13.256495432938255,13.326370890974783,13.431394462600927,13.569037726418546,13.735985664301625,13.928223564244991,14.14114199433739,14.369657250089048,14.608344254036075,14.851578528168472,15.093683575999158,15.329079810942563,15.552431059178687,15.758784655413802,15.9437012447362,16.103370607314726,16.234710137101885,16.33544303036379,16.40415377073202,16.440319126395785,16.444313589093348,16.417388965552156,16.361628656401027,16.27987799661621,16.175652852146627,16.053029433283307,15.916518959156363,15.770931353140458,15.621232533401678,15.472400060392673,15.329281897103652,15.196462823043113,15.078142626878389,14.978029606383362,14.899252161435374,14.84429042062039,14.814928946566365,14.81223067515625,14.836531414164957,14.887453506996964,14.963936696614113,15.064283829646827,15.18621883169466,15.326954356226565,15.483266640125757,15.651575354637034,15.828026577893427,16.008577386406852,16.18908092050719,16.365371080729346,16.533346226214277,16.68905135260041,16.828758220170563,16.9490427919681,17.04685914770853,17.11960879400123,17.165204032233277,17.18212381197238,17.169460327170047,17.126954536018612,17.055018825309837,16.954745208007413,16.827897738419274,16.676888241724264,16.504734962968197,16.315004316924224,16.11173653166032,15.899356590689482,15.682572457504598,15.46626308168091,15.255359112211742,15.054719562276992,14.86900786806544,14.702570857305727,14.559324091933263,14.442646880514099,14.35528998082657,14.299298645847585,14.27595322394677,14.285729024117131,14.328276617551381,14.402423185318789,14.506194954836317,14.63686021047003,14.79099182965697,14.964547797536602,15.152967700782778,15.351282804160167,15.55423697884642,15.75641548589254,15.95237842607385,16.136795552157977,16.304579103221023,16.45101136357006,16.571863770078,16.663504588771477,16.722992450234976,16.74815336814215,16.737639258802986,16.69096642337199,16.608532938317506,16.491614412766623,16.34233810134276,16.163635895365715,15.959177240685236,15.733283533839117,15.490826016853978,15.2371096127048,14.977745507102323,14.71851557811745,14.465231995051692,14.223595445687367,13.999055502455088
15.886691218547487,15.655736846235758,15.408018918448757,15.149668705735266,14.887080881193475,14.626755379647193,14.375136700271774,14.138454646831022,13.922570469007567,13.732832240493991,13.573943087734378,13.449845572882332,13.363625143165821,13.317435095771145,13.312444983517805,13.348813814221144,13.425688788925882,13.541229694973918,13.692658433297533,13.876332529584484,14.087840869999042,14.322119327488446,14.573583417306455,14.8362746525214,15.104016873495912,15.370578510420414,15.629836514945524,15.875937574899467,16.103452213061292,16.307517473730236,16.483964124381703,16.629424646709612,16.74141876147165,16.818413820591033,16.859858099069882,16.866185814160072,16.83879356967492,16.77998884289316,16.69291206788386,16.581434784885946,16.45003717965902,16.30366908708716,16.147599138605408,15.987257156368472,15.828075109136112,15.675331926785322,15.534007216401157,15.408648441984191,15.303255446119021,15.22118534408242,15.16507985966524,15.136816156995732,15.137481217601303,15.167368879498106,15.225997851501376,15.312148386076533,15.423914867392583,15.558771359322245,15.713647153682707,15.885009536990577,16.068951314458154,16.26128104236037,16.45761436854888,16.653465310743798,16.844336664564125,17.025808990479696,17.193627758044986,17.343788220456062,17.472617462694494,17.57685283706422,17.65371570706931,17.700979107791643,17.71702764401173,17.70090772956064,17.65236615923571,17.57187502426375,17.46064114756419,17.32059852656006,17.154382716927614,16.965286647359967,16.757197991553475,16.534518902201075,16.302069593635792,16.064977906712933,15.828557567018882,15.598178326775425,15.379131540249112,15.17649494826663,14.995000533582063,14.838909256591592,14.711896297773961,14.61695013182481,14.55628835503315,14.531292700696156,14.542465127161229,14.589406269489341,14.670816928218951,14.784522645574674,14.927520807475243,15.09604912388879,15.285673793703427,15.49139516479684,15.707768265162105,15.929035214914908,16.149266238351363,16.36250578501962,16.56292014259312,16.744942884260503,16.903414539902236,17.033713012431182,17.131871475608662,17.19468078299288,17.21977378331892,17.205689367761458,17.15191455980988,17.05890348803947,16.928072643757353,16.761772406159665,16.563235403323603,16.33650285371982,16.08633058555383,15.818076946044952,15.537575276362757,15.250994028103348,14.964687923107235,14.685043801098498,14.418324952136341,14.170517788587063
16.199867540175553,15.95160805375689,15.685328992076926,15.407621067983722,15.125358148586143,14.845527271778439,14.575055917295085,14.32064082662501,14.088582633370434,13.884630428512242,13.713840146945852,13.580450328390164,13.487778385382105,13.438140013571363,13.432793816642732,13.471912603008054,13.554582158044674,13.678827618906087,13.841666893923167,14.039189890509002,14.266661659199233,14.518646941482594,14.789153039294874,15.071787417680625,15.359926021669963,15.646887945634028,15.926111849263842,16.19132937899949,16.43673083632239,16.6571184425646,16.84804278970518,17.005918441444088,17.128115158785818,17.213021865301688,17.260081229834658,17.269793613242236,17.24369007868919,17.184275172860012,17.094941212410845,16.979856814404087,16.84383334565279,16.692173786438453,16.53050916288487,16.364628158111948,16.2003057323433,16.043136545469288,15.898378675984087,15.77081257815997,15.664619442454395,15.583282166423665,15.529511062586334,15.505195293280352,15.511379902735262,15.548267284150807,15.615241037919446,15.710909496567565,15.833165745219084,15.979260765569489,16.145886367192865,16.329264812928447,16.525242448553442,16.72938515238721,16.93707396349717,17.143599764247554,17.344256327814144,17.534431350583503,17.709695246515047,17.865887477967746,17.9992000465406,18.106257496477554,18.184192433744464,18.23071518594967,18.244175874605787,18.223616891830552,18.168813610775707,18.08030114359358,17.959385109280277,17.80813468794352,17.629356705163705,17.426550084807225,17.20384069587096,16.96589735742723,16.717830511718464,16.4650757861465,16.213265301610775,15.968090115112098,15.735157584509269,15.519847697308572,15.327172506644057,15.161642767538545,15.027145673485503,14.926837271322182,14.863052699317311,14.83723687000943,14.849897627487818,14.900582770508077,14.987881669315035,15.10945153515692,15.262067745288626,15.441696998877685,15.643591494722454,15.862401792174845,16.092305552366913,16.327148966254946,16.560597365947906,16.786291291529032,16.998004150808562,17.189797566302655,17.35617055275975,17.49219880863699,17.593660633232,17.657146293095636,17.6801480504924,17.6611285248619,17.599565575582623,17.495972459379626,17.351892615585143,17.16986905314074,16.95338893986419,16.706804611744126,16.435232812423347,16.144434525454123,15.840678259964225,15.53059008082677,15.220994025600769,14.918746812635973,14.630570910268801,14.362890100895125
16.502322146511716,16.240692763189386,15.960073438625937,15.66740987118385,15.369946183181144,15.075045791955265,14.790009391148336,14.52189456900852,14.27734155630916,14.062409452340257,13.882427026906033,13.741861845475528,13.644211022021036,13.59191638016245,13.586306210308464,13.627565162272848,13.71473312413643,13.845733224410747,14.017428371670395,14.22570502961812,14.465582231651057,14.73134318258779,15.016686190897488,15.314891136499647,15.618997220260994,15.921987374316316,16.216974449202144,16.497384145660437,16.757129636017183,16.990772931116982,17.193668300875935,17.36208345395447,17.493294725638606,17.58565320890611,17.638619582249632,17.652766322777534,17.629747020540243,17.57223359822031,17.483823350010088,17.36891879889054,17.232584382168675,17.08038485859928,16.91821103570387,16.75209889732361,16.588048432732297,16.43184840679776,16.288912959217434,16.164135291883454,16.061762828351068,15.985297157820899,15.937420873023925,15.919952152829003,15.933826707214523,15.979105573730525,16.055006301446866,16.159954336458476,16.291650968106275,16.447154019686412,16.622967559761612,16.815137235543737,17.019348334287205,17.23102429480027,17.445424045121236,17.657737161272575,17.863176361357628,18.05706721934049,18.234935173124747,18.39258990311474,18.526206983042062,18.632406386600678,18.708327018693282,18.751695985822227,18.76089088668033,18.734993048691734,18.673829407938936,18.5780006644339,18.448893462082623,18.28867464608178,18.10026612670279,17.88729950007979,17.654050305344477,17.40535258777599,17.1464952411538,16.883102371840206,16.621000619368726,16.366076947695667,16.12413086089279,15.900725279743657,15.701040433973972,15.529735080177172,15.390819157077333,15.287541652918993,15.222297004229784,15.19655279346786,15.210800888899044,15.264533497206287,15.356244900609035,15.483458946814853,15.642781671044066,15.829977771529716,16.040069047914734,16.26745235829722,16.506034165747707,16.749378337518614,16.990863536751426,17.22384631251513,17.44182585317406,17.638606322522005,17.808452748375593,17.94623657827728,18.047567253765983,18.108906478677774,18.127662261641873,18.10226028999415,18.0321907316032,17.918029150776878,17.761430851176712,17.5650986079549,17.332724407648413,17.068906461655864,16.779043381166264,16.469207982266937,16.146003714428705,15.816407159627525,15.487600420598405,15.166797494707708,14.861068906579405,14.577168942418467
16.793042745114434,16.522190610496896,16.23167920462939,15.92869912815468,15.620749951523813,15.315454782850537,15.020371848613744,14.742807775093777,14.489637223428424,14.267133382403156,14.080813564244897,13.935303786071099,13.834225761960743,13.780109188701868,13.774331594789178,13.817087351313024,13.90738673019828,14.04308515572222,14.220942045613352,14.436707894582854,14.68523753190673,14.960626801273108,15.256369280607267,15.565529096468392,15.880925405772409,16.19532373036546,16.501629050118694,16.79307539985882,17.063406685859285,17.30704354881536,17.51923136037113,17.696164854800465,17.83508546802858,17.934348179469907,17.993455518532947,18.01305739004045,17.994916465848426,17.94184004951508,17.857580504433166,17.746707493544953,17.61445635549459,17.46655788043322,17.30905549276349,17.148116347811325,16.989843065051943,16.840092727107177,16.70430936457462,16.587375435805598,16.493486833369083,16.426054760686668,16.387636495798986,16.379895679009913,16.403591417263254,16.458594278486885,16.54392623198017,16.657820837556265,16.797799535355153,16.960759752587233,17.143070708210402,17.34067322124219,17.549180451131,17.763977242334896,17.980316525766256,18.193411964189007,18.39852664372811,18.59105805275303,18.766619817696746,18.92112067251459,19.050840938626823,19.152506421467457,19.22335914161122,19.261223777333747,19.26456816980503,19.23255579724523,19.165087816171145,19.062832137804534,18.927237079649586,18.760527411142085,18.565681084852486,18.34638558178274,18.10697355926205,17.852338323237113,17.587830500392585,17.319138107575768,17.052152959336937,16.792826979743836,16.547022462458436,16.320360634522274,16.118073016166406,15.94486003283383,15.80476113646679,15.701040347595937,15.636090659236977,15.611360172302764,15.627302185646704,15.683350767283837,15.777922610898408,15.908445255625525,16.071411037128353,16.262455461509255,16.47645806542874,16.7076632584462,16.94981814738253,17.196323925849903,17.440397081673275,17.67523643582188,17.89419188223731,18.090930650652762,18.259596964673822,18.394961113959255,18.49255419952857,18.54878514047334,18.561036942254496,18.527739713042873,18.448418465074965,18.323714340870445,18.155378545930887,17.9462389354113,17.700139876400513,17.421856673383296,17.116986485475383,16.791818263636785,16.453184778493785,16.10830028002116,15.764587716161046,15.429499727526448,15.110337821089022,14.814074201297771
17.071258899196074,16.795477350270133,16.49967884624907,16.191184925183233,15.877631749934235,15.566781315052232,15.26632961763377,14.983716567218526,14.725942374633135,14.49939500877109,14.309693047361023,14.16154787921307,14.058648750065974,14.003573592961933,13.997727959855117,14.041313688176734,14.133328209675721,14.271594655063918,14.452822143188943,14.672694884030872,14.92598798693984,15.20670716497482,15.508248878257778,15.82357687870984,16.145410619708986,16.466420591012266,16.779425345238998,17.077584810372787,17.354584445484583,17.604804905462814,17.82347214441101,18.00678331322672,18.152004397429522,18.257536293934415,18.32294693075602,18.34896807404578,18.337456615741868,18.29132135616869,18.214417543541522,18.11141265276143,17.98762801948016,17.848861929900224,17.70120054141421,17.550823519577087,17.403811480011,17.26596219277294,17.142622034688706,17.038538378116193,16.957737522022292,16.903431464837528,16.877955368672097,16.88273606459527,16.918290498055864,16.98425170889994,17.079418867521294,17.201827114247898,17.348832514689732,17.517207361783335,17.703241307570416,17.902844347651076,18.111648438201197,18.325105412174878,18.538579782680458,18.74743588403172,18.947119522003305,19.133234820475373,19.301617222522417,19.44840361814908,19.57010034389404,19.663649371727985,19.72649243587445,19.75663220871885,19.752689007822024,19.713950968963637,19.640415218541115,19.53281737010254,19.392646682378054,19.222144457056046,19.02428371065033,18.802728795332925,18.56177442399058,18.30626442144728,18.041491419342883,17.773079580129235,17.506853224817473,17.248694906745143,17.004396987614165,16.779511111887853,16.579200132397293,16.40809701539991,16.270175058126394,16.16863340392865,16.10580136239129,16.083064460053755,16.100814488715173,16.15842510931295,16.254253835244494,16.385670482662565,16.54911145697805,16.740158562006197,16.953640385620183,17.183753745628863,17.424202181821393,17.668348062697135,17.90937454458103,18.14045338133508,18.354914438016472,18.54641271352019,18.709088725980266,18.837718259498196,18.927847709026224,18.97591158764761,18.979329170947015,18.93657773866461,18.847240424525012,18.712027289376117,18.532768877263624,18.31238218408025,18.054809648120525,17.764932444648842,17.448460015535822,17.11179837336747,16.761900271051005,16.40610080782566,16.05194243733071,15.706993641616705,15.378665727752407,15.074032284745016
17.336451079694363,17.060111590494834,16.763714778546394,16.454597079128916,16.140410226941118,15.82893209754883,15.5278745132429,15.244692800242442,14.986401849539899,14.759403283128647,14.569328064625816,14.420898524777026,14.317813306795415,14.26265818486884,14.256845084193142,14.300580946716043,14.392867358614199,14.531531099252856,14.713285003189288,14.933817762893801,15.18791055628418,15.469577675559032,15.77222767742419,16.088840984501864,16.41215935805365,16.73488224747588,17.04986471650897,17.35031146368093,17.629961408656165,17.883257419421682,18.10549601845211,18.29295233722388,18.44297619165749,18.554055924555257,18.62584759589228,18.65916818015149,18.655952624068462,18.619175889954825,18.552742410733188,18.4613466555052,18.350309684902957,18.225397596669808,18.092628558470665,17.958075638254257,17.82767282632655,17.70703146896664,17.60127379417259,17.514889324006223,17.45161877873285,17.41436865346394,17.40515807657588,17.425097943213565,17.474400765247452,17.552418296681246,17.6577028738512,17.788087624925723,17.940780297353776,18.112465436823875,18.299410005164127,18.497568194068265,18.70268209691628,18.910375944268914,19.116242683284327,19.315922682758334,19.505175181339453,19.679943695242777,19.836416919265087,19.971086677461503,20.080804224511112,20.162835710170448,20.214916963678327,20.235307013012733,20.222839011374013,20.17696658270338,20.097803090800255,19.98615103669755,19.843518729058108,19.672121562156363,19.474865662923488,19.255312300450043,19.017622240912452,18.766480120791126,18.50699983975576,18.2446128809282,17.984942295184524,17.73366579164739,17.49637192393913,17.278413729050456,17.084764353230106,16.919879188944897,16.78756886022211,16.690887049633282,16.632036683115572,16.612297406066254,16.63197662402578,16.690385671528396,16.78584193928825,16.915697056154535,17.07639050856043,17.26352740375379,17.471978458208994,17.695999730865736,17.92936913146968,18.165536324571445,18.397782325279287,18.619384847841527,18.823785325469306,19.00475347119936,19.156545295504543,19.27405063592721,19.352926484927035,19.38971272049477,19.38192724426004,19.32813800636702,19.228009936007354,19.08232539006277,18.892977366996423,18.662935394614905,18.396184673060453,18.097639721988312,17.77303442651334,17.428790983390464,17.071870800787217,16.709610886723645,16.349549659143857,15.999246412987603,15.666098877283929,15.357163381645785
17.588355532901573,17.31583842163064,17.02354157613584,16.718700052672204,16.408859890461887,16.10169158906683,15.804800599895112,15.525539555172221,15.270826924233763,15.046976639309955,14.85954297475014,14.713184601127907,14.611551277483867,14.557196101789533,14.551515623982729,14.594719451440506,14.685830258326146,14.8227143633072,15.00214228041887,15.219877891084481,15.470794147061548,15.74901250962537,16.048062674592874,16.361058540548584,16.68088586346478,17.00039661942402,17.312604783061154,17.61087803739762,17.88911987550115,18.141936649715042,18.36478438236055,18.554090582396768,18.707346920879395,18.8231694036146,18.901323633837904,18.94271386332251,18.949335758565436,18.92419411973925,18.87118813289053,18.794968049560254,18.700768404531136,18.59422393034296,18.481175136701015,18.367471031354633,18.258776617141024,18.16039257735217,18.077093951780547,18.012993628959965,17.971435184253266,17.95491805275364,17.965056336599297,18.00257081957512,18.06731211554908,18.15831142557751,18.27385422183543,18.411571392105458,18.568542012870154,18.741401983085836,18.92645321861923,19.119768918723466,19.317291481722165,19.514920858183295,19.7085923679878,19.89434415688338,20.06837542596473,20.22709725477405,20.36717820620231,20.485586933690385,20.579633726822852,20.647012379187622,20.68584301540215,20.694715661250868,20.672733476874875,20.619553789435255,20.53542443817181,20.42121254205187,20.27842265578649,20.109201406385424,19.91632608782489,19.703175302663073,19.47368052671167,19.232258375318445,18.983724301668914,18.733189393881467,18.485942799547857,18.247323044514886,18.022582090149214,17.816746366541153,17.634479217876468,17.479949202503853,17.356708516296,17.267585473913613,17.214594514122076,17.198866620964782,17.220602401809778,17.279049364625415,17.372504216724487,17.498340289098927,17.653059494445003,17.832367569740022,18.031270749257036,18.244191471837823,18.465100255330157,18.687660477623314,18.905382492412187,19.111783282151777,19.300547713028287,19.465687408587442,19.601693300342564,19.703678044556124,19.767504712527412,19.78989846378137,19.768538292607424,19.70212639177955,19.590433194527346,19.434316726629735,19.23571551283355,18.99761492205112,18.723987489044568,18.41970840067105,18.090447965801946,17.742543483214646,17.382853464984123,17.018597649004015,16.657186629514246,16.306045237085936,15.972433999921677,15.663273109749767
17.82696488859191,17.562589884575516,17.27902629085434,16.98329311530542,16.68271110965153,16.384721842316097,16.096703883637137,15.825790688691932,15.578694731307952,15.361542300479538,15.179723120918695,15.03775860886484,14.939192130846415,14.886504107092035,14.881054204649663,14.923052211202247,15.01155848320835,15.14451413605935,15.318800404403413,15.53032586262332,15.77413947349926,16.044566741947175,16.335365604818506,16.639898101428475,16.951313357199204,17.262736989290325,17.56746172346608,17.85913381120048,18.13192977075107,18.380718060797093,18.601200544044836,18.790029022119114,18.94489272897014,19.064573458646517,19.148965967172245,19.199062409947132,19.216900826601194,19.205479023340267,19.16863657522319,19.11090901356704,19.03735950496692,18.953394392670624,18.864569784254403,18.77639686539714,18.69415374592093,18.62271136936004,18.56638033478568,18.528784411908028,18.51276512988753,18.520320167197738,18.5525764681544,18.609797181388778,18.69141978331824,18.796121238158875,18.92190486264265,19.06620279037861,19.225987616257534,19.397886955346195,19.578295243224638,19.76347806808875,19.949665560458122,20.133132753696216,20.31026623759186,20.477617730543656,20.6319462809424,20.770251588032252,20.88980135266705,20.988155611727276,21.06319069633267,21.113124836566378,21.13654659392993,21.132446334238317,21.100249962181657,21.039853224934056,20.951654143805772,20.83658061764993,20.696110002154164,20.53227752082417,20.347670695650237,20.14540756424839,19.929097223655162,19.70278214489842,19.470862667470726,19.238005040187538,19.009035262097054,18.78882174194336,18.582150398036347,18.39359623738499,18.227395672864823,18.08732386214584,17.976581195032047,17.897692737938687,17.85242399217845,17.841715766200487,17.86564033123171,17.92338035401813,18.013231406133713,18.132628159838205,18.278193715217053,18.445810878104638,18.63071363541919,18.827596563397943,19.030739461753193,19.23414413802136,19.43167997497206,19.61723470245844,19.78486666528846,19.92895483164852,20.044342822681404,20.12647336256471,20.1715097484259,20.17644121804042,20.139169446454048,20.058573824812154,19.934553658393376,19.768045956965935,19.561018068175642,19.316435011166718,19.03820198904615,18.73108318005666,18.400598512653644,18.052900703086134,17.694635359828,17.332787422348467,16.974517588608926,16.626992684469037,16.29721412924183,15.991848747895244
18.052524501834014,17.8004822729252,17.53014678423964,17.24820975034306,16.96165061422124,16.677564086443276,16.40298494183915,16.144714448572014,15.909152775212899,15.702141586773902,15.528820803980933,15.393503167062924,15.299569823819418,15.249389661371367,15.244264533001374,15.284401908235951,15.368915809035139,15.495856201359295,15.66226630342258,15.864266563565504,16.097163365714145,16.35557985253302,16.633605629261574,16.92496153861196,17.22317519310588,17.521762530523752,17.814410336136653,18.09515446821601,18.358548447552202,18.599817143814924,18.814990526893013,19.001012862682813,19.155823328676796,19.278404807302984,19.36879857790528,19.42808375457578,19.458321577579092,19.462466018577626,19.444243549078884,19.40800628082911,19.358563941095163,19.30100121558906,19.240487799402594,19.18208897203298,19.13058460171664,19.09030415377589,19.064984521533724,19.05765634126078,19.070562951051272,19.10511439384793,19.161876958348735,19.240596826608183,19.340254589069293,19.459145827102013,19.594981763855284,19.74500323281891,19.906100960181234,20.07493541043135,20.248050170124092,20.421973967402238,20.59330783641715,20.7587955047377,20.915376666240505,21.06022426303916,21.19076811524894,21.304708111871594,21.400020650648848,21.474962070275502,21.528072475978018,21.558182676504266,21.564426013252934,21.546255775805054,21.503467775515478,21.43622659966894,21.345093189072564,21.231050746394942,21.09552563884565,20.940399925703225,20.768012409299285,20.581145643033597,20.382997077971716,20.17713342372474,19.967428266794983,19.757983958240917,19.553039686670154,19.356868437393423,19.17366616300314,19.007436928649085,18.861878035703306,18.740269172656554,18.645369505541623,18.57932632401819,18.543598431165428,18.538896935523784,18.565145503908056,18.621461492331527,18.706158716450688,18.8167719749065,18.950102817345144,19.10228546826463,19.26887128902274,19.444929691139553,19.62516300978058,19.804032510561797,19.975892437888618,20.135128820446113,20.276299630217835,20.39427284618985,20.48435900300476,20.5424349081093,20.565055387557983,20.54955016884116,20.49410332595628,20.397813093055717,20.260730292375882,20.083874112021036,19.869224500009537,19.619691001563616,19.33905844419722,19.031910455767974,18.703532369494106,18.35979561177446,18.007026168358337,17.651860167468314,17.301089991487814,16.961504620013905,16.639728106737277,16.34206019348521
18.265524590042446,18.02981031585753,17.77698810481661,17.513316320916694,17.24532248687425,16.979642026165937,16.72285445234519,16.481321101179365,16.261028474847464,16.06744114274089,15.905367923430475,15.778844762371747,15.691037327137796,15.6441658753008,15.639454419816904,15.677105634244136,15.756302317404902,15.875235586679503,16.031159303643882,16.22046956789785,16.43880745724738,16.68118255743811,16.942114225018287,17.215786975599546,17.49621590036117,17.777417600577827,18.053581808799116,18.319238652726035,18.56941643130733,18.799784829822364,19.00677871858828,19.18769807294153,19.340780130539116,19.465240669541377,19.561282242752103,19.63006832208881,19.673663565748967,19.694941774172854,19.69746449368337,19.685334589587413,19.663030365477805,19.635226869878892,19.606611824102213,19.581704053526934,19.564682351588058,19.559232317421355,19.56841787885331,19.594582969134876,19.63928722896707,19.70327774698962,19.78649685030807,19.88812394802578,20.00664755838536,20.139962051967416,20.28548243944084,20.44026981303429,20.601159867809045,20.76488728897446,20.92819965581254,21.087955799126302,21.24120513971718,21.385246287860994,21.51766494468783,21.636352765941407,21.739510194602246,21.825637238801736,21.893516701285186,21.942194435448968,21.970960832957786,21.9793370004542,21.967068050356637,21.934124726242636,21.880713328501002,21.80729271910152,21.71459616958326,21.603655055053572,21.475820942064598,21.332782491825867,21.176573794407943,21.00957122997034,20.83447666431897,20.65428565905993,20.472240335554698,20.291767501655585,20.11640356234779,19.94970853285125,19.79517211273657,19.656115235202307,19.535590765370625,19.43628708783085,19.36043821086766,19.309743745718876,19.285301722288253,19.287556709118732,19.316265146330224,19.37047920492521,19.448549880281465,19.548149433506637,19.666312728867226,19.79949649163943,19.943655037525932,20.09433060813128,20.246756090364677,20.39596760285344,20.536924200304234,20.664631777555186,20.774268148992164,20.86130623626522,20.921632318093422,20.951656380566778,20.948411754613776,20.909641438467265,20.83386877536915,20.72045048750813,20.569610451891204,20.38245303643432,20.160955287176478,19.907937760584495,19.627014317219974,19.32252172201577,18.999430418464275,18.66323834495924,18.31985012704685,17.97544439551453,17.636332334083164,17.308810840393797,16.999013880295287,16.712765720714344
18.466688294222436,18.251038338166758,18.019736971931287,17.77851002041146,17.533329637432008,17.290266809584438,17.05534153867184,16.834374454423866,16.632843586322704,16.455749910726915,16.307495089807897,16.191774536881198,16.111488585020744,16.06867411037882,16.064458477591344,16.09903714211798,16.17167567403995,16.28073637073338,16.423729013089588,16.597384702692665,16.797751106681766,17.02030684407128,17.26009218348627,17.511852699560414,17.770192066504155,18.02972976668138,18.28525917499572,18.53190126354791,18.76524907368838,18.98149814314033,19.177558272657492,19.351142385911853,19.50082878998312,19.626093887354102,19.72731331998805,19.80573062663241,19.86339373725206,19.90306097017119,19.9280795803343,19.942241260382737,19.949620239539748,19.954400673260317,19.960700785284736,19.972401637912775,19.992988407230335,20.02541159274555,20.071974690460777,20.13425353384121,20.21305082264996,20.308387412479505,20.41952985275921,20.54505158141167,20.682923260672716,20.83062611549104,20.98528093872853,21.143784749927573,21.302946989272414,21.459617600814127,21.610800365453326,21.753746295405307,21.886023671052158,22.00556323543684,22.110678996868018,22.20006686584815,22.272784827391817,22.328219414050928,22.36604382990636,22.386173158655637,22.388721693054535,22.37396661334003,22.342321117156473,22.294318783319873,22.230609566321704,22.15196649433147,22.059300992381736,21.953683862310925,21.83636837990779,21.708811743077014,21.572691216547447,21.429911734474032,21.282602385955567,21.13310004893308,20.983919377087123,20.837709304608794,20.697197144341068,20.565122156821566,20.44416111719363,20.336848876093434,20.24549718782299,20.17211516719873,20.11833465014263,20.085343495881276,20.07382950959409,20.083937214998908,20.115239197925177,20.166723203293554,20.236795624175954,20.323301493209847,20.423560589185943,20.53441881610322,20.65231360533891,20.773351737523747,20.89339768059446,21.008170294168377,21.113345556959075,21.20466283239585,21.278032097156533,21.329639517682416,21.356048771123895,21.35429557013485,21.321972966161695,21.257305173782573,21.15920787904067,21.027333266376765,20.862098319157077,20.664695313777223,20.437083831013734,20.181964043010392,19.902731490632085,19.60341403298179,19.288592116534794,18.96330396266056,18.632937695991583,18.303112819029806,17.979553768101738,17.66795855101323,17.373865657892992,17.102522546183245
18.6569558587264,18.46478854264628,18.258674458642453,18.043716144899136,17.825235740340787,17.60864359096479,17.39930480398396,17.202407098453424,17.022833282174403,16.865041585951722,16.732956910203267,16.62987578964253,16.558387564946326,16.520313872914983,16.516668136567908,16.5476362625555,16.612579244326554,16.710057835014258,16.83787890339796,16.993162528949846,17.17242833728679,17.37169903488463,17.5866185816732,17.812581952904623,18.044872999459965,18.27880653209796,18.509870445479457,18.733863479467285,18.947024107205053,19.14614606179598,19.328676185801847,19.492790628125924,19.637445934907696,19.7624022919898,19.868217074144155,19.956207926501833,20.028385818489653,20.08735982682559,20.136216763401528,20.17838009423994,20.217453814921754,20.257057968462565,20.300663227385186,20.35143233546874,20.412076156153454,20.484731568384603,20.570867482463818,20.671223849262088,20.7857867735498,20.913800818188765,21.053817430967754,21.20377628960727,21.36111439976889,21.522896146156356,21.685956317893325,21.84704750291671,22.002983225267073,22.15076878723898,22.28771292736451,22.411515019279243,22.52032448029038,22.61277116944845,22.687967658684855,22.74548618705679,22.78531470737412,22.807797590063807,22.81356718800906,22.803472563780865,22.778511261383436,22.739769136651518,22.688372047345823,22.625451772907134,22.55212702207806,22.469498928332417,22.37865914716761,22.280707649873705,22.176776618253868,22.06805651284232,21.955820409162655,21.841443038850066,21.726411578201873,21.612326023538067,21.500887900831568,21.393876996922558,21.29311669879964,21.200429325576355,21.117583489978518,21.04623600424415,20.9878711376711,20.943740142758806,20.914803909199392,20.901681403917586,20.904606240375053,20.92339332303741,20.95741706422043,21.005602198661563,21.066427750013517,21.137944251884264,21.217803907685237,21.303302997137838,21.39143550737205,21.47895668439736,21.562454965326598,21.63843056078541,21.703378807701498,21.753876302644407,21.78666775329439,21.79875144963429,21.78746125724868,21.750543073690075,21.686223766789908,21.593270732762566,21.47104037339094,21.31951399616828,21.13931988852499,20.93174060522629,20.69870483299804,20.442763552902257,20.16705060160001,19.87522812839346,19.571417845407527,19.260119361984252,18.946117269245857,18.634378984651597,18.32994566744865,18.037818763332943,17.762844920912748,17.509602136032846
18.83746518612927,18.67182660639568,18.494166995491362,18.30888473663262,18.120567610664686,17.933879590261395,17.753445884707425,17.58373912821983,17.428969590214628,17.29298220281791,17.179163051343927,17.090357760916234,17.0288039416289,16.996079531392045,16.99306850641871,17.01994502126085,17.076176600767777,17.16054654281409,17.271195210616874,17.405679404399706,17.561048511594006,17.733935650504737,17.92066155282432,18.11734848500441,18.320041098237688,18.52483073454648,18.72797941736396,18.92603953651119,19.115965119189017,19.29521058146387,19.461812999822445,19.61445424915661,19.752499837541087,19.876011938304078,19.985734975636532,20.083053148650347,20.169920453312706,20.24876503929612,20.322371061013968,20.393742476342588,20.465954429382197,20.541998836119763,20.62463148626069,20.716228302135782,20.818658295289893,20.933180197408337,21.06036871102709,21.200074859857473,21.3514230891383,21.512845679233315,21.682152826050505,21.856634564760185,22.03318873089566,22.208467520362387,22.37903406071944,22.54151983901471,22.692773899705465,22.829995431083333,22.95084264791936,23.053512649690227,23.136789044597688,23.200056408378018,23.24328291005961,23.26697450555437,23.272105816617547,23.260034054848266,23.23240304103936,23.191044483196016,23.1378832368633,23.074852350183065,23.003822401562836,22.926548103028296,22.844633511229226,22.759515601628678,22.672464544958217,22.58459787825615,22.49690495311385,22.410277603330698,22.325542900762805,22.24349412898826,22.16491664262717,22.090606022643136,22.02137680379054,21.95806095884983,21.901496201825868,21.852504957679084,21.811865493970636,21.780277191741696,21.758322237522535,21.746426149079273,21.74481952001572,21.753503207064128,21.772218918417934,21.800426823207992,21.83729142159018,21.881676519033714,21.932149759685537,21.986996809069815,22.044244947217642,22.101695545821247,22.156964659045613,22.20753075579733,22.250788457975958,22.284107019887298,22.30489218385222,22.31064997204022,22.299050921830684,22.267993240173965,22.215663341627568,22.140592246479095,22.0417063521667,21.918371156180648,21.770426604959376,21.598212873706544,21.40258554833069,21.1849193832567,20.94710004640584,20.691503532046085,20.420963218410442,20.13872486306616,19.84839015646965,19.553849783143107,19.25920725976541,18.9686951190861,18.686585276957658,18.417095646565514,18.164295239837855,17.932010113286534
19.009529082054023,18.87304482597227,18.72665584435422,18.573986658405317,18.418817987490243,18.26499352819213,18.11632531546582,17.976500057606863,17.848988826858594,17.73696242140196,17.643214593882725,17.570095169303823,17.519454854772512,17.492603279722204,17.490281502848312,17.51264988645932,17.559291875740257,17.629233835050584,17.72098069125834,17.83256672064066,17.961620396568215,18.10544179594067,18.261090649843414,18.425482726119885,18.59549185826615,18.76805459831658,18.94027418591591,19.10952030904182,19.273521003845474,19.430443023593586,19.578957122014483,19.71828496542032,19.84822482801453,19.969153846493036,20.08200541460635,20.18822127462286,20.289678984797263,20.38859666808947,20.487418219410426,20.588683393904237,20.694888333352015,20.808343021969815,20.931032808009324,21.06449140418794,21.20969262640682,21.366967510798386,21.53595236104689,21.715571755628886,21.904058661236107,22.099011663504108,22.2974870785216,22.496121507642243,22.691278410163733,22.87921065222512,23.056229882025637,23.218873081187077,23.364056802689042,23.489210426471217,23.592381188347687,23.672305658684174,23.728444614342543,23.760980681749864,23.770780539116416,23.759325665423972,23.728617448538575,23.681063787007673,23.61935505933763,23.546337463208957,23.464891270619347,23.37782057684359,23.28775975346709,23.1971001866348,23.107939140704666,23.0220508814967,22.94087865320536,22.865544833456728,22.796875663453637,22.73543639997972,22.681572563091787,22.635453126066714,22.597111956158408,22.566484492762317,22.54343746233845,22.52779029567003,22.51932775867865,22.517804071590497,22.522939427246744,22.534410299654724,22.55183524733901,22.57475806659599,22.602630153427675,22.63479381435873,22.6704680550571,22.708738102668335,22.748549612540174,22.788708198339044,22.827884627038543,22.8646257515961,22.89737102312219,22.924474234406038,22.944229996770012,22.95490433808896,22.954768725128904,22.942136751032706,22.915402681983714,22.87308102011051,22.813846208566794,22.736571577471324,22.640366606149527,22.524611559912763,22.388988552018347,22.23350808808624,22.05853017617867,21.86477913589983,21.65335131844036,21.425715059437813,21.183702329176924,20.929491719436555,20.66558261060056,20.39476059187985,20.1200544551952,19.84468534144129,19.572008877321732,19.30545139182868,19.04844153364364,18.80433881445324,18.576360769380766,18.367510546621453
19.17460955801355,19.06944308593053,18.95664521660564,18.839009168375856,18.71944868798797,18.600926294655125,18.486380461173738,18.378653585006127,18.28042259722947,18.19413400935055,18.1219451084038,18.0656728814918,18.02675208463797,18.00620367062032,18.004614559750927,18.02212947988569,18.058455320790806,18.112878146734644,18.18429269306222,18.27124384074828,18.371979220888264,18.484511752656775,18.606690568291526,18.73627843351231,18.87103343992471,19.00879243849237,19.14755341423618,19.28555378925658,19.421341504234235,19.553835690197523,19.682373825891574,19.806742503856434,19.927189319140545,20.044413960877932,20.159537331713896,20.274048433821708,20.389729818693425,20.50856356032858,20.632620920696464,20.763940060269242,20.90439722137694,21.055577688356998,21.21865341712852,21.394274448287426,21.582481010440162,21.78264254896139,21.993428777667937,22.212816282918325,22.43813228645228,22.666135006697512,22.8931277903953,23.115101979439466,23.327901500944154,23.527400582891676,23.709684941081655,23.871226356020642,24.009040812996126,24.12082131184693,24.20503800511881,24.261000381917157,24.288878624029806,24.289683835444265,24.2652093881899,24.217937943878653,24.150920631637096,24.067636257335604,23.97183920279629,23.86740481808731,23.75818064082549,23.647850768878957,23.539819282112354,23.43711689685725,23.34233319779918,23.25757497748755,23.18444955923039,23.12407059360715,23.07708277734023,23.04370128403113,23.023761421332743,23.016774108452374,23.02198314599093,23.038420854373264,23.064959406474088,23.100355993454976,23.14329076645726,23.192397229453753,23.246285375152034,23.303558328745602,23.362823582912966,23.42270007617411,23.48182240189717,23.53884336160033,23.59243592295779,23.64129544036531,23.684142772372475,23.719728709866494,23.746839930079247,23.764306526481448,23.771011039405224,23.76589882719992,23.747989568758506,23.71638966801447,23.670305330329477,23.60905608989576,23.5320885773613,23.438990320448564,23.329503362233172,23.20353745943511,23.06118258668065,22.902720424825155,22.72863445676571,22.539618238917342,22.336581367738034,22.12065262560354,21.89317977569825,21.655725487057513,21.410058912547015,21.158142516538728,20.902113855353836,20.644262150026215,20.386999653365574,20.13282799560964,19.8842998876208,19.643976759037475,19.41438310191466,19.197958469012598,18.99700823128828,18.813654323468853
19.33428960773503,19.262107960565036,19.18468923208544,19.10395107365712,19.02189409028761,18.940552689520022,18.86194524015376,18.78802482583704,18.720631878625806,18.66144994873492,18.611965809662212,18.573435013837933,18.54685390446113,18.53293895592614,18.532114159945888,18.544506998769663,18.569953352195814,18.6080114725765,18.657984932685476,18.718954206104133,18.78981627983184,18.869331425923775,18.956175976025314,19.048999654378,19.14648573827626,19.24741204008886,19.35071045526941,19.455522613283648,19.56124902343673,19.667589048146667,19.774569086497124,19.882556534437654,19.99225742508645,20.10469615734662,20.221176398236565,20.343223086317785,20.47250644780878,20.610750024323245,20.75962584587777,20.920640993906375,21.09502080379025,21.28359476582005,21.486691709297574,21.704051017531626,21.934756360672544,22.177197714006844,22.429066250355554,22.687385093572757,22.94857697228535,23.20856763237471,23.462921597107794,23.707004669197,23.936165620067534,24.145927970468865,24.3321817715808,24.49136494713503,24.620624105705037,24.71794577297968,24.78225066361746,24.813445794731663,24.812431777755602,24.781065322055746,24.722079639133145,24.638967853209486,24.53583652850763,24.417237880313976,24.287990060355888,24.15299506712205,24.017063354295953,23.88475317188399,23.760231192117754,23.647159190622563,23.548609630151844,23.46701108446382,23.4041226827372,23.361035262513504,23.338195769663862,23.335450678151076,23.35210382463263,23.386984034978408,23.438518207547574,23.504806040135183,23.58369326386041,23.672840997831553,23.76978959025864,23.87201600450514,23.97698439816888,24.08219000287715,24.185196732186107,24.28366912973108,24.375399336216347,24.45832972656489,24.530571776303656,24.590421588331115,24.636372374455515,24.667124062680557,24.6815901072461,24.678901523345683,24.658408155182016,24.619677211784623,24.562489162430776,24.48683116207372,24.39288826475093,24.28103276719787,24.15181209459506,24.00593568639733,23.84426135621368,23.667781582602718,23.477610137572285,23.274969379736362,23.061178435326525,22.837642370424483,22.60584233100534,22.367326503297512,22.123701634965798,21.876624766162685,21.62779475550463,21.378943154492774,21.13182398755234,20.888202034105554,20.649839282012934,20.418479324307846,20.195829597613624,19.983541503800048,19.783188608232003,19.596243259904554,19.424052122448764,19.267811232574825
19.490242913245673,19.452190289034043,19.411377934513983,19.368817548432233,19.32556489890778,19.28269405863601,19.241271334575895,19.20232958924223,19.16684365592085,19.135707540842237,19.10971408184968,19.089537695745502,19.07572079565149,19.06866439561626,19.06862334234776,19.07570652302422,19.08988229294623,19.11098924627607,19.13875231594357,19.172804033597647,19.212710606142586,19.258002271544292,19.30820718416327,19.362887851778368,19.42167890827652,19.484324766558352,19.550715468165528,19.620918846038684,19.695206964956505,19.77407472385974,19.858248520335838,19.948683014587445,20.046544309873028,20.153178304398484,20.27006357249916,20.398748894950558,20.540776458775355,20.697592748853392,20.870450203094705,21.060303730711652,21.26770711815623,21.492715082010704,21.734797185596094,21.99276993834789,22.26475308403542,22.548155321974257,22.83969349424014,23.135447649347977,23.430952436135136,23.721323104787217,24.001412139453862,24.265990383007242,24.5099446099619,24.72848202039294,24.917331203492257,25.072928853242452,25.192581959801856,25.274596341162525,25.318364154888187,25.324405319751396,25.294360418108383,25.23093544809648,25.13780154374666,25.019455280332565,24.881047255029227,24.728188141701743,24.56674227620045,24.402619003995902,24.24157154096838,24.089012037599232,23.9498500150217,23.82835950481581,23.72807823254856,23.65174019518616,23.601241136100075,23.57763483310066,23.581156865292428,23.61127165668917,23.666738114869666,23.7456890653023,23.845719874252996,23.96398208581701,24.097278493347638,24.242156743996826,24.394999265913842,24.552107952093653,24.709782590083563,24.864392467137826,25.01244089698354,25.150622612661373,25.27587406677054,25.385416700244093,25.47679321151903,25.54789680770784,25.596993373245386,25.62273646944313,25.624175093897346,25.60075418823532,25.552307985968227,25.479046433099636,25.38153508188512,25.260669038993512,25.117641728125264,24.953909388893138,24.771152364982996,24.571234324415556,24.3561605956324,24.128036791436404,23.88902882871734,23.641325339234918,23.387103312544383,23.12849762597139,22.867574909619698,22.606311978826326,22.34657885436408,22.090126193350162,21.838576781116245,21.593420594113994,21.356012841815627,21.127574334545255,20.9091935047348,20.70182942934433,20.506315257122363,20.323361530288803,20.153558999118218,19.99738065202775,19.855182815093734,19.727205305580227
19.644201970577015,19.64088158901101,19.637322594738947,19.633614708471036,19.629852142809742,19.62613163453323,19.622550561787882,19.619205244657742,19.616189537915794,19.613593835307867,19.61150461524454,19.610004667801682,19.60917415164311,19.609092635644462,19.609842281883566,19.611512321990666,19.614204964794986,19.618042846449995,19.623178091126988,19.629802987230136,19.638162197523606,19.648566309033654,19.661406389024883,19.677169047861028,19.69645132216799,19.719974490020793,19.74859572555853,19.783316309463626,19.825284954179143,19.875794701981413,19.936271835470137,20.00825532908061,20.093365589673688,20.193261601299266,20.30958611214558,20.44389917671672,20.597601174968894,20.771847337641237,20.967456761798267,21.18481983583499,21.423808830136476,21.6836970628857,21.96309243528983,22.25989117062964,22.571257228520224,22.893632067150094,23.222778192669367,23.553858304653765,23.881549897029096,24.200193018843677,24.503966682571313,24.78708729250915,25.044020621760065,25.26969745366573,25.45972215821372,25.610563292960503,25.71971584855065,25.78582599141879,25.80877102302851,25.78968965444003,25.730960421359793,25.63612894246947,25.509787544591585,25.357413340061576,25.18517296651916,24.999703748566343,24.807881926291074,24.616588785962406,24.432485048477332,24.26180279814859,24.110162686592446,23.982422270609664,23.88255929916072,23.813591711045856,23.77753418435032,23.775389407195814,23.8071708990717,23.871953248060592,23.96794505015614,24.09257961868733,24.242618624949777,24.414264168372334,24.603275280162542,24.805085462400243,25.01491848596229,25.22790025878524,25.439165089795793,25.643955089249474,25.83771175534237,26.016159005979965,26.175377040489785,26.311866482838845,26.422602292651806,26.50507695962147,26.55733254390139,26.577981207288275,26.566214008056708,26.521797909509967,26.44506117502309,26.336867580978577,26.19858015938383,26.032015467082953,25.839389650153674,25.623257812639416,25.386448392489704,25.131994381873415,24.86306329523399,24.58288778231728,24.294698705157064,24.001662352146205,23.706823257092125,23.413053837807556,23.12301178071177,22.839105789700888,22.56347000402636,22.297947085311343,22.04407969095726,21.80310980086741,21.575985155020334,21.363371896648765,21.165672402544125,20.983047218567357,20.815440002638034,20.662604405061405,20.524131881176054,20.399479526955524,20.287997146717533,20.18895289564609
19.797925150756274,19.82938969319411,19.86314054527118,19.898344038584096,19.93413135327848,19.969620380967882,20.0039380625752,20.03624269966334,20.065745753219154,20.09173267415678,20.113582354293065,20.1307848439034,20.142957050211134,20.149856207599257,20.151390991502304,20.14763022961952,20.138809241349605,20.12533390364456,20.107782592886032,20.086906181901487,20.063626273230852,20.039031819538586,20.014374216570925,19.991060852583086,19.970646963145953,19.954825477966484,19.94541436746794,19.94434081662107,19.953621391550293,19.975337244095204,20.011603346463517,20.064530788393085,20.136181326641758,20.228513669657175,20.34332141890657,20.482163170808057,20.64628599334854,20.83654429702554,21.05331697194912,21.296426497879757,21.565064475884114,21.857728596734244,22.172176370019685,22.505400915523218,22.853633708259046,23.21237833973936,23.576478112035968,23.940218656563864,24.297464843072973,24.641829128737236,24.96686633440405,25.26628778597315,25.534185990269545,25.765259684171674,25.95502833606713,26.10002508425527,26.197957712399845,26.247828575963972,26.250006336466303,26.20624480972686,26.11964702366439,25.994575514789194,25.83651276215836,25.651878261309943,25.447810900691525,25.231926880734,25.012064322748092,24.796025919267482,24.591330503898476,24.404983343107638,24.24327339219729,24.111603858901898,24.014360339963897,23.954818696498364,23.935092855524374,23.956120984254675,24.017687063788948,24.118473836321517,24.256142425416467,24.427433610890056,24.628285731532195,24.853964426223357,25.099199834355026,25.358327386975365,25.62542886467584,25.894470922885354,26.15943875120218,26.41446291835894,26.65393775178049,26.872629817344304,27.065775217983532,27.229164542679598,27.35921439616443,27.453024549222356,27.50841989078384,27.523976550885045,27.499031805599994,27.43367767123163,27.32873843827538,27.18573277285127,27.006821406880842,26.79474182800718,26.552731744989188,26.28444342377239,25.993851245754165,25.685155018635616,25.36268166188076,25.0307878883623,24.69376641153446,24.35575802856941,24.02067167377106,23.692114216209973,23.373331406449132,23.067160976533312,22.775998482672136,22.501776068358815,22.245953932800635,22.009523929233353,21.79302440114724,21.596565100005307,21.419860821031108,21.26227224649043,21.12285239825683,21.000397070593806,20.89349763527748,20.80059467817657,20.72003103193454,20.650102905650748
19.95316322939047,20.01891400609835,20.089439797790668,20.162996772697284,20.237766866823804,20.311903133344423,20.383575950345566,20.451018993851687,20.512573903361762,20.566732616798426,20.612176429621805,20.647810936749117,20.67279614272722,20.686571171198818,20.68887316394203,20.679750126533975,20.659567644999413,20.629009557950894,20.589072813554473,20.541056861934187,20.486548023544998,20.427399325814314,20.365706308943842,20.30377926468511,20.244112290001475,20.189349415725246,20.142247918144037,20.10563875330757,20.082383888831245,20.075330169167387,20.087259263464503,20.120833236679882,20.178535379126934,20.262606146810914,20.374974416279045,20.51718474352449,20.690321923004973,20.894934840604957,21.13096235777717,21.397664692656583,21.693564405437222,22.016401570877846,22.36310795171395,22.729804902372784,23.11182927872514,23.50379077745969,23.899662880412183,24.29290797322863,24.676635319797917,25.04378851448926,25.387356942341928,25.700603810313268,25.97730163322187,26.211964819482557,26.400068333066258,26.53824140015176,26.624425923579093,26.657990651955487,26.639794152868483,26.572192138427198,26.458987520689803,26.305324539939377,26.11753120382455,25.902916899970602,25.66953422250966,25.425915646618243,25.180796606880445,24.942836752983187,24.72035069360443,24.521058470855742,24.351864448894993,24.218671395136514,24.1262344381569,24.07805745892796,24.076332452734462,24.1219206040164,24.21437232885332,24.351982407546586,24.531875565230507,24.750117442852243,25.001845790564087,25.28141685007939,25.582562203012316,25.898551779523636,26.222359183174444,26.546825942878453,26.86482171515918,27.16939780932931,27.453931689560353,27.712260328765456,27.938800466976172,28.128653984373464,28.277696761089995,28.382649585401058,28.44112990747429,28.45168352940053,28.41379567809999,28.32788132241822,28.195255058660653,28.01808138339218,27.799306677678924,27.542574719746945,27.252127999371407,26.932697504478156,26.589383968483226,26.22753378989085,25.852612952657733,25.470082281370303,25.0852772596145,24.703295428752064,24.328894078264124,23.966400552553758,23.619637050308686,23.291861300790316,22.98572398704433,22.70324326898383,22.445796258245778,22.214126828265137,22.00836872109789,21.828082548078953,21.672304982139643,21.539608210045664,21.4281675544242,21.335835086963336,21.26021703198159,21.198752798196832,21.148793569100697,21.107678521094208
20.111625927334217,20.210620785355808,20.316803699549407,20.42754832781339,20.54011619717626,20.65172482325891,20.75961705887127,20.861130004689166,20.95376183991758,21.035234999201883,21.103554232136286,21.15705823060874,21.19446369269247,21.214900904339068,21.217940154987303,21.203608552445747,21.17239705707503,21.125257805611803,21.06359203066308,20.989229092596542,20.904397316353965,20.81168745783067,20.71400970596755,20.614545153358485,20.516692639259468,20.4240117879324,20.340162940627206,20.26884452465472,20.213728236322147,20.17839225863912,20.166252615261207,20.18049270575539,20.223991099096146,20.29924780301277,20.4083094894167,20.552694542852926,20.733319298500575,20.950427422239876,21.20352501557086,21.491324646077057,21.81170204155466,22.161669568159418,22.537370765193124,22.93410006438691,23.34635132862386,23.767897976730243,24.191906220458883,24.61108136507105,25.017845289974183,25.40454123826275,25.76366003866873,26.088080012858835,26.371311242662273,26.60773373371455,26.792818438167185,26.923320176195453,26.997432262872767,27.01489408829495,26.97704494402129,26.88681991621376,26.748686511811545,26.56852365710842,26.35344760516458,26.111591912863766,25.851850826835236,25.583597014685353,25.31638550754968,25.0596559498342,24.82244480480998,24.61311811286007,24.439133855414823,24.306841082463645,24.221320868939465,24.186272028172606,24.203942467899772,24.275105240415108,24.399076796330476,24.573773749401035,24.795803612212584,25.060584453156977,25.362488213917743,25.69500245719566,26.05090552206676,26.422450384325433,26.80155289288446,27.179980433491593,27.549537424602253,27.902244359337303,28.230507368544593,28.52727550165459,28.786183121644903,29.001675010338655,29.16911200387387,29.28485524650371,29.346327479731233,29.35205018189085,29.301655841450923,29.19587517839856,29.03649970785008,28.82632064856143,28.569045792350508,28.26919654253031,27.93198787397111,27.563194439528047,27.169006425481474,26.755879024851936,26.330379539797864,25.89903613657075,25.468192158708657,25.043869662398006,24.631645483877364,24.23654269871431,23.86293980660628,23.5144993951464,23.19411742482374,22.90389365821451,22.64512315038216,22.4183081443062,22.223189191281698,22.05879385505557,21.923500969958596,21.815118113977604,21.73096973079901,21.667993190508817,21.622840014346682,21.591979499951737,21.571802063433722,21.558719755630953
20.27494900552374,20.40561885215451,20.5457758848044,20.691952893130594,20.840534420254144,20.98784657501637,21.130248425656,21.264222760624143,21.386464031569325,21.493961379578693,21.584074786453055,21.65460258444144,21.703838795204582,21.730619045007636,21.73435410997548,21.715050473039145,21.673317612147667,21.610362075696166,21.527968723657185,21.42846980924002,21.31470283417572,21.189958320249552,21.057918791761715,20.922590352283787,20.788228262137935,20.659257882616295,20.54019225622759,20.435547451629077,20.349756634932458,20.287083657803123,20.251536802468102,20.24678322102475,20.27606457680423,20.342114460481014,20.44707832746634,20.592436989995633,20.77893508849939,21.00651643902413,21.274268668237376,21.58038005248257,21.9221119088628,22.295790174354202,22.69681988319131,23.119726050159557,23.558223940072494,24.005320826474993,24.453450119487677,24.89463721094955,25.32069461632837,25.723442091066797,26.094945494031048,26.42776640909522,26.71521306866522,26.951582091792158,27.132380072649532,27.254514214457732,27.31644203496968,27.31827165551997,27.261806255990273,27.150528813047227,26.98952607854836,26.785353711932068,26.545847356599886,26.27988705393832,25.997124550743134,25.7076846444553,25.421852641204143,25.149760242450398,24.901081748432983,24.684751440410366,24.508711487892015,24.37969785781025,24.303069629262243,24.28268498872526,24.320825131873782,24.418165441268854,24.57379172605895,24.78525804900408,25.048681743458516,25.358870625169658,25.70947709450059,26.093173751890145,26.501845253148524,26.926791351344963,27.35893635441284,27.789040528788135,28.207909269645977,28.606596122382268,28.97659597635269,29.310024970321685,29.599783867355523,29.839701896858163,30.02465834508683,30.150679521464813,30.215009149001506,30.216150728157547,30.153881001336977,30.02923428875079,29.844458157798428,29.60294160426522,29.309117638021217,28.96834285040496,28.58675716706001,28.171127532309345,27.728679705927696,27.26692266146281,26.793470243512083,26.31586476223685,25.84140707622637,25.37699744567214,24.928991039058854,24.503071466041263,24.10414510887683,23.73625835948662,23.402539164902585,23.105163566317724,22.845347210571013,22.623361139716323,22.4385705433862,22.28949460559036,22.173885104386528,22.088821037872584,22.03081625798105,21.995936896113506,21.979925260278783,21.978326868099998,21.98661734776576,22.000326082067442
20.444662449052544,20.60493612945514,20.77684577358671,20.956138274019885,21.138378516712763,21.319059465000514,21.493714153242927,21.6580268640575,21.80794079636277,21.93975963394819,22.05024059346653,22.136676762233883,22.196966823796203,22.22967060486684,22.234049251261368,22.210089241636425,22.158509863662236,22.08075419421621,21.97896402917595,21.855939585221783,21.715085132061525,21.560341996234744,21.396110596759563,21.22716332087625,21.05855012130108,20.89549871553968,20.74331119884029,20.607258756619302,20.49247599627622,20.403856233511917,20.345948889309867,20.32286000701601,20.338156810109727,20.394777212394718,20.49494527895898,20.64009382428204,20.830795617097266,21.066705019963415,21.346512290464872,21.66791316260628,22.027596652602448,22.42125422786149,22.843613476114704,23.288499154664997,23.74892394318942,24.217210344562428,24.68514398147484,25.14415705847125,25.5855390683448,26.00067001797154,26.381269655669136,26.719654539692137,27.00899343917231,27.24355063907027,27.418906341183458,27.53214359062739,27.58199204354855,27.56892040888743,27.495171475175603,27.364736155643225,27.183265795769916,26.957924905442813,26.69718931133992,26.410597288475465,26.108463359576213,25.801566019365083,25.50082156580582,25.216956470724437,24.96019031797554,24.739940345081955,24.56455714857968,24.44109928490959,24.375152461334185,24.370696908333258,24.430024487068923,24.55370522147885,24.740601334394835,24.98792555922668,25.291339510485532,25.645087217306642,26.042158521669812,26.47447686968468,26.933106025073663,27.408470353457407,27.89058351460426,28.369280618197337,28.83444912080498,29.276253955547777,29.68535259245582,30.05309593832822,30.371711218692553,30.634463262770137,30.835790955573035,30.971416045144817,31.038422006171043,31.035301264042342,30.961969767859586,30.819748651225694,30.611313514394695,30.340612674698022,30.012756535999436,29.633880993290557,29.210988486993887,28.751770926325193,28.264419188158296,27.757424247038948,27.23937518806721,26.718759388095076,26.203770019758554,25.70212574235046,25.220907005803085,24.766412828011674,24.344041235561306,23.958195811315974,23.61221999861843,23.30836000020694,23.04775630790297,22.830463131440894,22.65549428283903,22.52089343400717,22.423826113510874,22.360690353381884,22.327242544701633,22.318734814052323,22.330060091332818,22.355900999592897,22.390878753809957,22.4296984003796
20.62216025908745,20.80949739433823,21.010434862320125,21.220001087461732,21.43301161835754,21.644197741183454,21.84833730178229,22.040384542126546,22.2155957937059,22.369647987798338,22.49874713768732,22.599724215673486,22.670116181098,22.708230305444918,22.713190375953065,22.684963827405017,22.62436933882403,22.533064922587627,22.413517012216836,22.268951505988237,22.103288131253933,21.92105984494216,21.727319267257336,21.527534349184897,21.327475594945923,21.133097197549066,20.950414403748667,20.78537931422227,20.64375716120353,20.53100490952862,20.45215382210908,20.41169744318141,20.41348630788643,20.460630607308193,20.555412040551396,20.699206177368186,20.892416832501784,21.134424199459517,21.423548776378816,21.757033396744582,22.131045899410807,22.540705075990015,22.980132458994504,23.4425322070955,23.920300763781434,24.405167091997733,24.888363125399895,25.3608226616667,25.813405320625677,26.237140494040393,26.623484542214097,26.964582977026897,27.253528147073233,27.484602134565236,27.65349429013113,27.757483141629812,27.795573345144295,27.7685798809891,27.679153766575745,27.53174604800704,27.332509593363536,27.089141068395477,26.81066824561321,26.507190302505112,26.189580846941393,25.869164945049317,25.557382339884906,25.265449307644854,25.004031220435138,24.782936933782064,24.610844692477375,24.49506747452615,24.441363707037844,24.45379722688002,24.534648348237038,24.684376043561972,24.901629621531594,25.183306943475394,25.524655176887183,25.91940933329791,26.35996334924522,26.83756820017764,27.342551437476693,27.864552557607944,28.392768704619254,28.916205337956843,29.423926645109635,29.905300635053514,30.350234018695623,30.749392181174418,31.09439979831678,31.378017967246365,31.594294127279696,31.73868155339225,31.808125813586813,31.80111628723212,31.717701629389044,31.559468915369322,31.329487085046644,31.03221620030393,30.673384903386495,30.25983929122191,29.79936717437436,29.30050234400128,28.77231400251653,28.224186902645926,27.665597967787193,27.10589522171091,26.554084731932207,26.018630970717876,25.507275531388114,25.02687852432004,24.58328624289157,24.181227865553467,23.824243079841274,23.514641611039085,23.253494743930663,23.04065806864353,22.874823884708462,22.75360098027173,22.673618880648455,22.63065314272762,22.61976786600217,22.63547130061386,22.671880258013424,22.722888968005947,22.7823380719029,22.844179587907917
20.80867234652926,21.020103612449915,21.24688403917856,21.483402400967485,21.723807107297525,21.96215130977393,22.19254048277619,22.409278866347996,22.607011199708857,22.780856304348575,22.926529293722446,23.040449486531365,23.11983147457762,23.162757234176382,23.16822765998947,23.13619242805141,23.06755764529364,22.964171299534076,22.828787069519215,22.66500757192397,22.477208594534545,22.27044627678903,22.050349537203957,21.823000301763066,21.594804251744073,21.37235488199588,21.162293644853047,20.971168859709238,20.805295908235486,20.670621029689364,20.572590802891114,20.516029176574435,20.505023713265658,20.542822566319508,20.631743632548122,20.77309732316599,20.96712447212566,21.21295103971017,21.508561444038193,21.85079252543718,22.235350270203924,22.656851436954966,23.108892085761894,23.584144658355257,24.074484659949803,24.571147131517204,25.064911981541798,25.546315901997357,26.005887086637745,26.43439738945896,26.823125017572032,27.16411946931402,27.450459331786533,27.676492859897746,27.83805106831908,27.932623443743424,27.95948735239086,27.91978375649763,27.816533897066847,27.654594039529606,27.44054807074905,27.182540513616477,26.890055213922746,26.57364738369543,26.2446387064103,25.914786705475798,25.59594047254614,25.29969511703842,25.03705694955434,24.818130508840543,24.651837178042022,24.545673428911257,24.50551481209703,24.535469807636975,24.637785681735647,24.81280666402233,25.058983138858974,25.372929182123144,25.74952469070688,26.182057540274727,26.662400641990697,27.18121841139507,27.728196965794464,28.292292283710125,28.861990550495435,29.425574948520712,29.971393212508946,30.488120359255348,30.965011127160288,31.392136844442188,31.760601708666268,32.06273382536315,32.29224683433806,32.44436855337179,32.51593378426681,32.505439239754324,32.413059438519525,32.24062335221856,31.99155254436813,31.67076248898139,31.284529671653388,30.840327934665414,30.346638309437324,29.81273726381877,29.24846885766921,28.664006727169483,28.069612086349792,27.47539402612295,26.891078294656296,26.32579045409424,25.78785883330627,25.284642051125907,24.82238509617831,24.406107052448075,24.03952259336637,23.724998371470377,23.46354444328835,23.254839922929182,23.097291179790286,22.988120106544308,22.923479298211802,22.898590412032135,22.907901527491155,22.945258999494932,23.004089095682303,23.077584628999812,23.158891834211573,23.241292885022343
21.00523898873375,21.23741319829799,21.486442141795578,21.746163901045072,22.010152520210557,22.27187730888097,22.524864845876586,22.76285971267945,22.97998002779731,23.170863995159422,23.3308039173205,23.455864451772314,23.542982297509504,23.590044978298124,23.59594692582637,23.56062164515052,23.48504935008235,23.371240069723292,23.22219283088154,23.041832096162096,22.834923166225067,22.60696872053717,22.3640890595348,22.112888911143468,21.860313868594957,21.613499631606942,21.37961723159581,21.165717341544685,20.978576615760858,20.824548792287796,20.709423043366428,20.63829180161035,20.615430046322434,20.644187828350198,20.726897660971677,20.864798319019012,21.057976569576674,21.305328394615103,21.60454133639395,21.95209966667624,22.343314107841607,22.77237776934372,23.232449757312267,23.715767524157236,24.213788415745174,24.717360030267837,25.21691793172703,25.702707993925138,26.165029246292626,26.594491633641585,26.982281690569728,27.320427882506618,27.60205639653903,27.82162758491172,27.9751431615087,28.0603146858597,28.07668486169173,28.025694706718305,27.91069165301651,27.736876009087133,27.511185819425414,27.242122837666216,26.939524919298524,26.61429247940489,26.27807860875654,25.942953887275813,25.621057805614072,25.324248974951825,25.063765987237172,24.84990993782418,24.691758327246134,24.59691842883226,24.571326365968623,24.619096209565207,24.742421495833586,24.941529772320596,25.21468917855061,25.558264702693602,25.96682064710331,26.433264978935156,26.94903061319473,27.504288236637347,28.08818498756921,28.68910311541706,29.29493261949862,29.89335178655454,30.4721095050956,31.019303240829647,31.523646632676886,31.974720840454783,32.36320406941782,32.681074132046966,32.92177949014157,33.08037494269582,33.15361896669455,33.14003064890137,33.039905132366044,32.85528750735042,32.589906072245434,32.249066851523295,31.839512166902587,31.36924690170962,30.84733686631431,30.2836843534071,29.688786551669033,29.073482946650564,28.448698156027156,27.82518679867762,27.21328696104779,26.62268858439407,26.062222648059375,25.539676376196958,25.061638872383625,24.633380625431606,24.25876927648923,23.94022294191757,23.678701296302513,23.47373357693189,23.323481707949867,23.2248358826321,23.173539200876636,23.164337344665974,23.19114879101427,23.247250710904268,23.325475483008027,23.418412659876854,23.51861125727654,23.618777387994953
21.212688270356416,21.46192551535369,21.72925595619955,22.008064669990375,22.291453214434767,22.57241060492885,22.843987177606543,23.099467071038113,23.332535103592463,23.537433974337617,23.709107969009114,23.843329702598698,23.93680686745499,23.987266468924318,23.993514605714545,23.955470473579794,23.87417392121003,23.751766547774384,23.591446983124268,23.397401614829946,23.174712602206448,22.929245528834873,22.667519476525097,22.396562642930547,22.12375686368768,21.856674534155346,21.60291145685192,21.369919075260576,21.164839404929907,20.994345755819833,20.864492076699165,20.78057346669487,20.747000115033043,20.76718667011565,20.843458821667284,20.976978716413015,21.1676907214259,21.414288992341113,21.71420827749982,22.063639364731152,22.457570517305754,22.88985610666276,23.353313387996387,23.8398479413045,24.340607685845818,24.846164556617705,25.346721914250583,25.832344574731664,26.29320704688352,26.719854230201744,27.103467548131633,27.436128377760973,27.711069793871626,27.922907172825038,28.067838180864,28.14380315523807,28.150597893081645,28.089932370720287,27.96543086350581,27.782571225035518,27.548563586535572,27.272171304371543,26.963479460580043,26.63361845785416,26.29445211425017,25.958241050164702,25.637293003228525,25.34361197841475,25.08855785422501,24.882527271802587,24.73466541322922,24.65261673067625,24.642320933534442,24.707858691367747,24.851349673532674,25.072903812533895,25.37062511681051,25.740666013656792,26.17732909235033,26.673212234999667,27.219392441936446,27.805643140275603,28.420679364458568,29.052424876515428,29.688295024405278,30.315488910289236,30.921284267805984,31.49332835574324,32.019918201674415,32.490263709742095,32.89472750874129,33.2250359700952,33.47445656031539,33.63793758040522,33.71220734290422,33.69583089679974,33.58922348329557,33.39462095077491,33.1160083460328,32.75900881451206,32.33073577976847,31.839612134568164,31.29516086894371,30.707772188330672,30.08845273513848,29.44856300759229,28.799549447528666,28.152677912231415,27.518775318205776,26.90798611322827,26.329549873274487,25.791605725944628,25.30102848559256,24.86330038254304,24.482421131962163,24.16085787979718,23.899535347960345,23.697865336262485,23.553813669835094,23.464001738476092,23.42383897512469,23.427681970251843,23.469015416172176,23.54064971561536,23.634929866841077,23.743950147678476,23.85976915762874,23.974619934456662
21.431616881031182,21.69396689447467,21.975361833683152,22.268838641192815,22.56713575767995,22.86287306613965,23.14873486248881,23.41765135719146,23.662974258122926,23.878642142516238,24.059331591562724,24.200590428342522,24.29894985879281,24.35201285437835,24.358516719678406,24.318368441882708,24.232652104168494,24.103608341860358,23.934586509205793,23.72997088548664,23.495082862573437,23.236061603801794,22.95972613023984,22.67342216202956,22.384857310299985,22.101928374428283,21.832544550461208,21.58445030494177,21.365051525169676,21.1812483379122,21.039277713640715,20.944568665028598,20.901612530108626,20.913850524280612,20.983580469799385,21.11188437904478,21.298578383394464,21.542186358059904,21.83993847990819,22.187795845564086,22.580502138511775,23.011663129020683,23.47385448105096,23.95875789128098,24.457324971586875,24.959967496401404,25.456771677462914,25.937733028740123,26.39300719387011,26.813170897641545,27.189486038457364,27.51415895669333,27.780586192384817,27.983577674933183,28.11954834051707,28.186669696814942,28.184973864214736,28.116404096260997,27.984807661127093,27.795869158016327,27.556984727827015,27.277080058312023,26.9663774355785,26.63611921642588,26.298256866553196,25.965116031245987,25.649048914417985,25.362085512806043,25.115594996317345,24.919967789200093,24.784327764687493,24.71628251350824,24.72171799104547,24.804642097752303,24.967080004336704,25.209022383692915,25.528426220467967,25.92126657549827,26.381636597652307,26.901892185758168,27.472836974151985,28.08394270202497,28.723599485063446,29.37939000645474,30.0383811737789,30.68742636538445,31.313471054879166,31.903854410172425,32.44659947001726,32.9306847490783,33.34629063070011,33.68501466336056,33.940050842167324,34.10632906908361,34.18061217260153,34.16154905813678,34.04968369439742,33.84742067601524,33.558949016918184,33.190126619944905,32.74832854965125,32.242262831127164,31.681758035778042,31.07752742024636,30.440914872182695,29.783628386620045,29.11746723115142,28.45404932044216,27.804545559794835,27.17942797590172,26.588238277311852,26.039383040540784,25.53996098955954,25.095626847876208,24.7104950457998,24.38708523656281,24.126310200999825,23.92750538623735,23.78849809972894,23.705713314510746,23.67431215975253,23.688358477375118,23.74100831185975,23.8247168510257,23.93145713438473,24.05294477916486,24.180863032152736,24.307082630623604
21.662374583198808,21.93367940670863,22.22467907608467,22.52817279287621,22.836651008645077,23.142481488299413,23.438098492760908,23.716190429510714,23.969881365664698,24.19290196015151,24.37974564523934,24.52580626613671,24.627493860965373,24.682325819753526,24.688991285544816,24.6473873365288,24.55862619685915,24.425013445900873,24.249997910703215,24.038094614103642,23.79478279118613,23.52638156132295,23.23990633530827,22.942909433635606,22.643308682946085,22.349207937607,22.06871354168848,21.80975070789878,21.579883654111637,21.386143119568594,21.234864600260813,21.13154031773341,21.08068759005228,21.085735929481597,21.148934867038587,21.271284212806677,21.452488208866956,21.690934816608383,21.983701190521927,22.326586206120574,22.714170702803486,23.139905841062337,23.59622962412716,24.074711167024514,24.566221689212295,25.061130451249426,25.54952295860681,26.02143774294288,26.467116948808574,26.877264865851796,27.243307531667426,27.557645675647017,27.813892667859268,28.007088860172477,28.133883824641227,28.192678548052005,28.183720643146792,28.1091470648614,27.972970618669624,27.781008631688948,27.540754414506946,27.261194445210908,26.95257642311164,26.626135339104973,26.293786378635822,25.96779472207076,25.660433076906386,25.383638041961635,25.148676175689143,24.96582996150437,24.844112802330603,24.791020824319215,24.812327727561872,24.911927293643085,25.091726543070585,25.351591010651507,25.6893422301588,26.1008063177846,26.57991151230381,27.118831636693102,27.708171641907335,28.3371906267625,28.99405696082943,29.666129361190222,30.34025701691201,31.00309118008726,31.641400135011114,32.24237920656611,32.79394754587304,33.2850238702277,33.70577412418774,34.04782511395487,34.30443945884117,34.470648595562764,34.54334195834042,34.521311751460274,34.40525386815541,34.19772645714,33.90306839079166,33.5272804652149,33.07787259775593,32.563680628034795,31.994656624240427,31.381636894637914,30.73609224257944,30.069865402367054,29.394901049993965,28.72297426600684,28.065423778487187,27.432896651582993,26.83511121878926,26.280644907598884,25.776753106654866,25.329224372801928,24.94227609674737,24.618493321289503,24.358811846553138,24.1625451859879,24.02745346927047,23.94985111099625,23.924749028070323,23.946026408569775,24.006626496501177,24.098770529542307,24.214183814947205,24.34432792074731,24.480633072057945,24.614725061257865
21.905052582020822,22.18101257129243,22.477005206633542,22.78570612659923,23.099476860704613,23.41055407043095,23.71124195182977,23.99410306746093,24.25214292087133,24.478983750310178,24.669023295630524,24.817574676237783,24.92098399864622,24.976722877227957,24.983453686263502,24.941066048557914,24.850683787137122,24.714642302137893,24.53643706451894,24.32064462112622,24.072818161991094,23.799360291864616,23.507376157281506,23.204510494102646,22.898772468254172,22.598352378215637,22.311434370368968,22.046009291266714,21.809691672882426,21.609544631305464,21.451916173408772,21.34229006981849,21.285154087394467,21.283888001194775,21.34067344281286,21.456427302784782,21.630760096912134,21.86196042967989,22.14700643409585,22.481604819927924,22.860257898497867,23.276358644595945,23.722313476305658,24.18969195599912,24.66940202199578,25.15188864306896,25.627352954452775,26.085988008421914,26.51822629653271,26.914993232018166,27.267959890211184,27.569787570371048,27.814356242860974,27.99696875339165,28.114522828548747,28.165643500011885,28.150769547677847,28.07218893309377,27.93401990242693,27.74213640294171,27.504038576349732,27.228671249303485,26.926195412964862,26.607719551511618,26.284999238934255,25.97011459177999,25.67513588799406,25.411787915810702,25.191123411533493,25.023215321718123,24.916876651158503,24.87941542090427,24.91643085982898,25.03165549001932,25.22684633127421,25.501727112056322,25.853982170004258,26.27930165366317,26.77147666171741,27.32254201509167,27.922963383568742,28.561864433101146,29.22728851443407,29.906488223716632,30.586235030254127,31.25314022048966,31.893977792910725,32.49599977174078,33.047234749175644,33.53676130766638,33.95494923773794,34.29366302345116,34.546423761523,34.708527358533956,34.777118386605935,34.751220284153646,34.631723620760525,34.421334898341534,34.124488858073065,33.747227546643714,33.29704951967389,32.78273258398177,32.214133466099256,31.601967805031443,30.957573962078705,30.292664368030515,29.619068515399256,28.948472245384536,28.29215862983031,27.660756418823357,27.064002591664597,26.510525874129815,26.0076580410565,25.56127932359289,25.17570326187292,24.853604937540894,24.595994805301103,24.40223848279492,24.270121030901382,24.19595261874978,24.174711129776682,24.200216279341706,24.26532917803781,24.36217094500656,24.482353889364425,24.617218871202542,24.758072674417416,24.896419537201425
22.159475891750553,22.43571809250507,22.73201319251842,23.04102945404653,23.355120621710164,23.666515359784057,23.967509837311553,24.250658726535605,24.50895992302071,24.736028457624958,24.92625534659162,25.074947509167618,25.178445362359017,25.234215267220875,25.24091463567014,25.198428194428658,25.10787462494544,24.97158353543088,24.79304345321242,24.576822232157518,24.32846193112926,24.05435081681032,23.761575661191863,23.457757926710926,23.15087774996362,22.8490898416647,22.560535514102124,22.293155030556232,22.05450435161818,21.851580143140318,21.69065662560072,21.577137503679662,21.51542583795836,21.508814327750326,21.559398082990658,21.66801158778309,21.83419120707022,22.056164262652967,22.330865399817228,22.653980668376928,23.02001943323878,23.42241388686947,23.85364553541322,24.30539755014251,24.768731301048337,25.23428471410459,25.692489325343537,26.133802065476598,26.548946935896755,26.92916088222512,27.26643739804079,27.553760768508088,27.785323461226323,27.956719053378016,28.065103300483422,28.109316533606112,28.089961525161517,28.009432267874256,27.871890718766323,27.683190397057093,27.450747697926708,27.183363786235866,26.891001853398908,26.584526248369965,26.275411434280745,25.9754297999271,25.69632802042754,25.449501894463292,25.245679398819544,25.094621137648943,25.004846494323665,24.98339270850717,25.03561290041032,25.1650178440678,25.37316512747511,25.65959826937414,26.021837383954484,26.455422042450003,26.95400598696335,27.50950221085432,28.11227556171984,28.75137843711754,29.41482340085049,30.089884801678416,30.76341993711835,31.4221991964234,32.05323412429436,32.64409257242393,33.18319104343693,33.66005586858509,34.06554680417392,34.39203875196452,34.63355938324864,34.785882296987154,34.846576856467365,34.815016981210334,34.69235193192152,34.48144256251602,34.1867666863247,33.814297175103235,33.37135623393258,32.86644902107817,32.30907945855911,31.709550763979042,31.078752996596034,30.42793982874641,29.76849690191262,29.111704555939376,28.468498435752835,27.849232424965876,27.26344940361407,26.719666294098985,26.225180533383615,25.785905293722923,25.406240333031963,25.08898425149831,24.83529223863531,24.64468129175832,24.515082615199383,24.442938725734166,24.42334091233633,24.45020127084537,24.51645260939062,24.614269069478052,24.735300245256816,24.870911800578277,25.012425976254843,25.151355868791423
22.42519950294247,22.69734754363371,22.989250584188305,23.293685965067557,23.603120989174275,23.90989960043421,24.20643212797559,24.485383442894573,24.739854911008916,24.96355568055148,25.150959113215343,25.297440542652616,25.39939301633892,25.454318232200567,25.46089050596074,25.418992282305116,25.32972041466222,25.19536316548405,25.019348601612336,24.80616575776326,24.561260596033776,24.290909382491417,24.002072617098044,23.70223307673703,23.399221852478618,23.101036474735892,22.815655321184458,22.55085249430328,22.314017244740203,22.111981814283375,21.950861292581862,21.83590874220821,21.77138846600718,21.760469887750492,21.80514410910284,21.90616480669042,22.063014751761354,22.27389887474529,22.535764454685676,22.84434867941533,23.19425348144978,23.57904718822008,23.991392113665597,24.423196743506182,24.86579061613122,25.31011937089657,25.746956732820635,26.167129447292346,26.561750403956385,26.922454441321257,27.24163065846296,27.51264453866006,27.730042873303216,27.88973441855253,27.989139465578997,28.027302083916247,28.004959710754193,27.924565986934834,27.790264238402933,27.607810702845253,27.384448419897947,27.128734542171504,26.850325581327464,26.559726679882328,26.268012308241882,25.9865267597533,25.72657341196567,25.49910192789928,25.314402408014537,25.18181502518172,25.109462962087893,25.104015620831753,25.170488186007372,25.312082772727873,25.530075614521042,25.823754018482376,26.19040604962748,26.625364969317555,27.12210919922296,27.672416906737677,28.266572193639327,28.893617423874115,29.541643680853664,30.19810902183094,30.850172442282837,31.485030565219812,32.09024419002192,32.654042966976306,33.165598437031505,33.61525819903449,33.99473669197155,34.29726067903509,34.51766974262677,34.65247380318467,34.69987082995391,34.659728576727446,34.53353445898223,34.324317710281235,34.036547813909436,33.67601296102529,33.24968196095352,32.76555261903566,32.23248909577009,31.660050181262463,31.05830981315209,30.437670630525016,29.808671021851907,29.181786131315086,28.56722374537839,27.974716930127762,27.413316666938538,26.89118936179971,26.415425706813863,25.991868625012785,25.624968623805202,25.31767460199046,25.07136693370588,24.88583759639971,24.759319479153426,24.68856415843636,24.668964732623806,24.69471807378682,24.759019276948717,24.854280217434948,24.97236389958796,25.104826549468513,25.243159996238663,25.37902764288361
22.701507464661464,22.96525250104669,23.248140293944292,23.54317241750396,23.843049519836185,24.140352408990374,24.42772602391927,24.698061813222562,24.94467406648922,25.161465885046173,25.343080734411817,25.485035881228253,25.58383447236158,25.63705355068788,25.643405906418582,25.602774318576202,25.51621743093063,25.385947211847938,25.215278649019425,25.00855300880517,24.771036627336947,24.508797779101894,24.228564672759738,23.937568040122827,23.643372102251085,23.35369790972923,23.07624315961037,22.818502590655747,22.587592957047935,22.39008638839883,22.231855673800638,22.117934675732364,22.052396703241527,22.038253270588527,22.07737525381485,22.170438047061324,22.31689192239645,22.514958415760006,22.76165319604418,23.052835517380082,23.38328399461456,23.74679806370116,24.1363240761301,24.54410451498793,24.961848299649688,25.380919563644532,25.792541652746436,26.188012415884486,26.558926179729,26.897397149178005,27.196278409190747,27.44937027193995,27.65161147053024,27.799246694673926,27.88996423211105,27.922998043962174,27.899189464940072,27.82100486111143,27.692506957447783,27.51927910331885,27.308303398517936,27.067795266591126,26.806998643317687,26.535947357029084,26.26519943693405,26.005551938890815,25.76774439615445,25.562159190281115,25.398527035600587,25.285645453770208,25.231117679777675,25.241118987150628,25.32019702329528,25.471112426309215,25.694725694108783,25.989935852078325,26.3536757092929,26.780967184824647,27.26503816286128,27.79749957033343,28.36857802067917,28.967395779490015,29.582286467076845,30.201132341506852,30.811707639843732,31.40201253763787,31.960583804419304,32.476770921999105,32.94096984356851,33.344810177208345,33.6812948867486,33.94489425551525,34.131597674879,34.238927803153985,34.265921938823865,34.21308529362075,34.08232047612553,33.87683710029221,33.60104512888272,33.26043536980312,32.861450404244565,32.41134903048181,31.918066939133148,31.390075712633497,30.836241353158815,30.265682472095165,29.6876271967926,29.111267011977716,28.545605418859303,27.99929968376049,27.480495164312167,26.99665368051787,26.554379887413635,26.159252190612396,25.81566692301222,25.526705788311425,25.29403662907677,25.117856274898113,24.996881713532304,24.928392481228034,24.908323506767317,24.931404207025256,24.991336862474295,25.081005462779483,25.192705364532983,25.31838412800851,25.44988456899958,25.579182111669184
22.987412321722765,23.238585601885752,23.50798211744711,23.78894042985005,24.074511297322417,24.357630610910455,24.631294868493434,24.888735001565898,25.12358436197027,25.330036791276825,25.502990925799665,25.638177225187302,25.732264640523304,25.782944345876345,25.788988530814716,25.750282874808846,25.667831980827987,25.54373771710349,25.381151084832442,25.184198877378744,24.95788700564925,24.707982918200095,24.440880028330817,24.163447461248417,23.882868742412615,23.606473256764474,23.34156441470956,23.09524846538203,22.87426780569637,22.684842453566866,22.53252309728125,22.422058814729358,22.357282191936818,22.34101417642111,22.37499059259494,22.45981183682087,22.59491686830227,22.77858222388087,23.007946410157352,23.27905966041003,23.58695867755577,23.925765605925587,24.28881007088969,24.668772684578755,25.05784793009318,25.447923803870214,25.83077502276616,26.19826600500202,26.542559238488415,26.856324091428665,27.132940640856813,27.366692741184078,27.55294437299485,27.688293343487143,27.770696685722246,27.79956264194041,27.775804917017176,27.701855932763394,27.581637063640283,27.420485232860933,27.225036723334775,27.003070529528173,26.76331496051782,26.515222423579484,26.26871830921673,26.033930625512085,25.8209074891819,25.639329809489084,25.49822657432342,25.405700167102285,25.368669212817817,25.392636642100058,25.481490969602337,25.63734909561154,25.86044902880092,26.149100476863637,26.499699928283018,26.906814409831515,27.363334506203174,27.86069270059709,28.389138150345424,28.93805436705022,29.49630269804507,30.052572647717394,30.595720282824946,31.11507819990317,31.60072438179206,32.04370204543628,32.43618748506961,32.77160721175616,33.04470886103138,33.251592152160384,33.38970669227274,33.45782291176836,33.455981308778654,33.385423906791374,33.24851075736222,33.04862368413579,32.790059342611535,32.47791398868209,32.11796291548764,31.716538070160716,31.280407625020086,30.816661024360695,30.33260213193552,29.835651581195535,29.333257457280954,28.832811344713114,28.34156499202133,27.8665418357611,27.414437777414744,26.991507120437436,26.603432387305276,26.25518048502912,25.950851750249438,25.693532014218512,25.485160237215965,25.326424923841007,25.21670123579838,25.15403765239432,25.135196725210903,25.155749680824567,25.21022012386136,25.29226851777831,25.394906844835504,25.510731942804632,25.632166302088105,25.751696243456706
23.281648441056632,23.516298511626516,23.767952550058858,24.030396411914563,24.297143943144892,24.561599758686132,24.81722390497534,25.05769467003107,25.27706574146309,25.469913979348473,25.63147425730418,25.757758118873184,25.845653383883853,25.893002306329954,25.89865641645638,25.862506759350623,25.785488854023985,25.669562323821236,25.51766577388703,25.333648097315233,25.12217796202317,24.8886337498522,24.638976673954584,24.37961017828718,24.117229014644337,23.85866159175884,23.610709294546968,23.379986480081584,23.172764774438626,22.994825128683097,22.851320853457036,22.746654552789412,22.68437153325145,22.667071889269323,22.696343073404577,22.77271436396031,22.89563425064688,23.063471377729044,23.273539314296094,23.522145060001314,23.80466083504073,24.11561833589626,24.44882425305412,24.797495434095637,25.154411628960673,25.5120832727749,25.86293125141421,26.199475070143382,26.514525328895964,26.801375929528696,27.05399103715963,27.267181529176472,27.436765530995594,27.55970769201323,27.6342321246145,27.659904427295995,27.63767893806961,27.569908297102828,27.460313501048667,27.313913852550073,27.136917481157322,26.93657436377229,26.720994932579085,26.498938367007458,26.279575488261525,26.07223181050208,25.886116795570256,25.730045794981148,25.61216165969604,25.5396636686159,25.518552334890465,25.553399754583427,25.647156275285322,25.801005032214782,26.014275856441085,26.28442871850557,26.60711387908353,26.97631121493022,27.384545110881263,27.82316460394786,28.282672175645686,28.753079829703022,29.224268783190162,29.686329721761656,30.129864035246612,30.546232113546044,30.927741601402946,31.26777529172796,31.560864006659607,31.80271363059477,31.990197119932525,32.12132196030996,32.19518165753312,32.211897110481914,32.17255083344776,32.07911458077899,31.934369397529846,31.741816666853584,31.50557931534498,31.230293750044734,30.920994977927357,30.582999267213147,30.221790203594463,29.842914677216445,29.45189492327511,29.054161113798152,28.655006256384777,28.25956162614187,27.872787184826148,27.499468123370853,27.144206535708797,26.81139691485789,26.5051760042472,26.229341482967463,25.98723950183872,25.781627305264198,25.614522924441083,25.48705807706224,25.399352105493058,25.350423670848876,25.338153217332962,25.359303670624428,25.409600498461486,25.48386625668883,25.576199982033916,25.680188808419743,25.789138082061722,25.896306772625003
23.58264423895793,23.797127127368064,24.027096769367837,24.26689632366224,24.510612654020342,24.752227965201634,24.985772102621304,25.205472448318105,25.405898190463493,25.582095726024733,25.7297120680478,25.845103356355786,25.925425896941437,25.96870756404267,25.973897872956183,25.940895554379566,25.870553015928888,25.764657647018815,25.625890493255913,25.457763379985348,25.264536086398486,25.051115647423472,24.822940277686612,24.58585075922658,24.345952403744032,24.109470885038014,23.882605334968375,23.67138210701674,23.48151253873815,23.318257894609445,23.186304453217645,23.089651428783483,23.031514099481008,23.01424416718761,23.039269007951475,23.107051100819245,23.21706855345681,23.367817281725607,23.556835048892957,23.78074722663196,24.035333799349424,24.315616788313918,24.615966914248467,24.9302279389676,25.25185672335182,25.574076609957466,25.890041289281804,26.1930058514879,26.47650127975719,26.734508233441716,26.961625629878046,27.15322929669231,27.305615864641897,27.416127133237122,27.48325038831261,27.50669059167228,27.4874109929995,27.42763951267679,27.330839174493356,27.201641879362704,27.045745846413467,26.86977804690438,26.681123870940542,26.487727073249996,26.29786375745569,26.11989484224037,25.962002219538824,25.831914806030113,25.736632034660516,25.682154087990416,25.673230247795658,25.713138827554957,25.803513749147175,25.94423324731433,26.133384748449835,26.36731618576959,26.64077781040105,26.94715043539315,27.278747083170078,27.627166683171136,27.983672361815415,28.339564257185234,28.686518307879727,29.016867911839782,29.32381373167781,29.601556685156893,29.84535856271927,30.05154222231984,30.217447899056353,30.34136346833695,30.42244479562162,30.460638363030053,30.45661321765237,30.411704003794526,30.32786233031359,30.207610620407475,30.05399121595176,29.870503885972955,29.66102679984168,29.429719074486776,29.180906683891365,28.918957264773876,28.64815259253641,28.372569701028652,28.095982330734003,27.821793312391502,27.55300554050958,27.292234553007127,27.041759911669597,26.803606378094265,26.579640329928623,26.37166306027002,26.181481499970314,26.01093906465165,25.861894739425406,25.736146485066,25.63530428308501,25.5606269646448,25.512843708249473,25.49198444550573,25.497242784552288,25.526890688218813,25.578257027239797,25.647773746211087,25.731085305638217,25.82321059725557,25.918742445795175,26.012068279102827
23.88844122688309,24.07954242610298,24.2842985437496,24.49772604723902,24.714595416545283,24.929572421578147,25.137357865758787,25.332823688915486,25.51114304284442,25.667911806700303,25.799259001987217,25.90194368828461,25.973436153626604,26.011981537804562,26.016644422879928,25.987333373895975,25.92480489630819,25.830646778187884,25.707241288867213,25.557709196319824,25.385836029085358,25.195982431955944,24.992980836368762,24.782020976646166,24.56852702412167,24.358029277401165,24.156033435786327,23.967890494281434,23.798670235491876,23.653041161681134,23.535159517264454,23.448569807986004,23.396118939131725,23.379885783036848,23.40112765713382,23.4602448578527,23.55676406074329,23.689341068410606,23.855783067308288,24.05309024103979,24.27751627772435,24.524646996347094,24.789495995141863,25.066615887852695,25.350223337250835,25.634335719307654,25.912916860673,26.180028897114717,26.429986917855533,26.65751271222443,26.85788364665526,27.027072499575716,27.16187399587369,27.26001383384628,27.320236200574286,27.342366130461855,27.32734356706472,27.277226617150557,27.19516220241196,27.085323074424885,26.95281091850745,26.803526000984156,26.644004509508335,26.48122544001658,26.322389695131143,26.174675129446104,26.044972787010543,25.939611677767214,25.864082174321656,25.82277131422845,25.818726521825667,25.853466781270036,25.926861159699957,26.037092858553233,26.18072201554525,26.352852233967184,26.54739501609668,26.75741445449001,26.97552376923305,27.19429774360965,27.406662519692034,27.60622734954175,27.787531356954712,27.94619063517768,28.078944820976414,28.183615166599488,28.25899594838562,28.304706446071584,28.32103130813695,28.308773406882672,28.269136473264282,28.20364640746313,28.11411170401832,28.00261616558483,27.871531857055142,27.72353748425079,27.561627095141667,27.389095934234774,27.209493987001128,27.0265426909479,26.844015886991247,26.665591755542838,26.494687644188332,26.33429377226241,26.186824239407837,26.05400408322901,25.93680897719771,25.835469423355505,25.749544206399854,25.67805908807256,25.61969731862836,25.573019957711256,25.53668780617738,25.509654369501614,25.491301610520836,25.481497400767925,25.480564672729923,25.489165536513106,25.508116696081395,25.53816294937631,25.579741445717172,25.63276972933671,25.696485630866974,25.76935807859264,25.84907689702242,25.932618823420984,26.016378134466883,26.096344554901556
24.19649679417309,24.361622494939425,24.53819742859151,24.722046686286717,24.908744695327705,25.093749690032272,25.272532952309003,25.440701989239034,25.5941164269903,25.728995095797384,25.84201260430058,25.930383663521965,25.991933511268375,26.025152987195398,26.029237094377272,26.004106232521284,25.950409680186382,25.869511319836338,25.763458023544082,25.63493153363916,25.4871850680542,25.323966242553578,25.149428220933483,24.968031270878978,24.78443711056837,24.603398574562146,24.429647204542622,24.2677813810364,24.12215755874574,23.996787055247964,23.895240677370367,23.82056325994381,23.77519994741596,23.760935779935465,23.778849861659708,23.829285098785142,23.9118342049847,24.0253423870851,24.16792684581946,24.337012954572877,24.52938671006673,24.74126277806246,24.968367178830707,25.206033366218684,25.449310147340228,25.693079566960233,25.932182545430287,26.161549720225434,26.37633461228951,26.572045937377204,26.744675630221472,26.890818967432285,27.007783083619046,27.093680189685006,27.147501930199372,27.16917155564665,27.159570921255707,27.120539732876857,27.05484491225821,26.966118422923735,26.85876237534675,26.73782074392934,26.608817660532694,26.477563147732994,26.34992852644999,26.231595806616678,26.127788324096514,26.042993739891287,25.98069500503753,25.94312937947914,25.931099059296027,25.943858147449887,25.97909836297323,26.033049209140422,26.100697319741386,26.176115459505915,26.25287631665765,26.324512645258686,26.384976410443148,26.42904758631187,26.452649046108075,26.45303681524689,26.428852564869008,26.380044366241698,26.307678964497182,26.213681305287018,26.100543052470467,25.971041042764185,25.827999968567845,25.674122874844556,25.511900488833128,25.34359806374944,25.171307958165247,24.997048626675124,24.822886479726325,24.651056086656357,24.484056011157584,24.32470157957192,24.176121455901157,24.041691452047566,23.924906036192127,23.82919507638984,23.757700045960906,23.71302976154109,23.69702019213641,23.710525367633444,23.75326631235952,23.823761713664084,23.91935744072557,24.03636221764508,24.17028446576829,24.31615193534923,24.468883166634143,24.623670263548206,24.776328006145963,24.923566412249254,25.06315283005448,25.193944485525623,25.315790792562584,25.429323429306912,25.535667755489886,25.636118762344356,25.73182686330215,25.823533537272844,25.911385748195656,25.994843841317476,26.07268321944024,26.14307807100895
24.50325805300261,24.64076199517496,24.786992644706505,24.938761944079246,25.09259591698759,25.244869595557095,25.391931125257646,25.530215641773918,25.656349175405676,25.767242422712755,25.860173860971127,25.93286143316966,25.98352191959437,26.010917129589497,26.014386173667923,25.993863287016953,25.949880946062777,25.883558327910464,25.796575488899116,25.69113396677028,25.56990482709133,25.43596546681273,25.292726746322074,25.143852238096898,24.993171548932715,24.84458978954902,24.70199532798873,24.569167971528138,24.44968967775811,24.346859802976233,24.263616760652127,24.202467791469168,24.165428347184044,24.1539723714986,24.168994530244916,24.21078520746699,24.279018848972463,24.372756004203662,24.49045919219745,24.630022497081175,24.788814580113606,24.963734574413465,25.15128010028399,25.34762639887465,25.548715326724203,25.750352682919196,25.94831205694386,26.13844309538137,26.316781799818294,26.479660200081632,26.62381251154115,26.746474697656986,26.845474231573245,26.919306790386656,26.96719662231712,26.989137391594802,26.985910412976214,26.959077320802148,26.910944369505838,26.844495752811106,26.763293623886675,26.671343031909668,26.572920972490106,26.472370454678924,26.373863202764753,26.281138537857117,26.197231098048793,26.12420595556943,26.062925488794164,26.012876702591264,25.972088905572075,25.937168177507196,25.903465928708865,25.865384217031835,25.816801932166907,25.751586441744895,25.664138646934322,25.549909429897962,25.40582497199028,25.230568290677628,25.02468325791714,24.790491999822756,24.531842404715245,24.253724833436024,23.96181232591673,23.661984608942802,23.359892942150285,23.060611895636047,22.768408240877093,22.48663934484547,22.217776596693277,21.96353555245095,21.72508482392012,21.5033005557202,21.29903224576389,21.11334787952863,20.947730933999324,20.804207890907424,20.685391793781644,20.59443462979515,20.53488865796149,20.510484111041087,20.524837869390097,20.581114564111633,20.681667771199432,20.827693946042146,21.018934743750357,21.253463468821728,21.52758772466562,21.83589228751837,22.171433752987653,22.52608232897772,22.890987928348494,23.257129952249862,23.615895884029364,23.95962603118709,24.282062707233017,24.578652652278375,24.846670497316335,25.085155655573093,25.29468088062064,25.47699313535977,25.634582321398106,25.77023843619895,25.886652658287364,25.986104631335245,26.070260235385827,26.140085324673297
24.803327374060533,24.913076849919648,25.02802465575494,25.14622640474315,25.265363731693622,25.382890691059206,25.49616215145887,25.60254579889557,25.69951950904855,25.784755562037386,25.85619271710189,25.91209671182046,25.951109393169595,25.972286461127595,25.97512370956454,25.959571665458945,25.926038630660905,25.875382294584995,25.80889028803632,25.72825026812935,25.63551034583772,25.533030878193845,25.42342883634297,25.309516120685316,25.194233319434005,25.080580493225703,24.97154661394883,24.87003929049432,24.778816379194996,24.700421005388783,24.637121419278152,24.590856979591653,24.563191408693662,24.55527429915984,24.567811680567715,24.601046281658594,24.654747951136848,24.72821453255605,24.820283325497726,24.929353105194263,25.053416512838808,25.190102464815215,25.33672805618888,25.49035924752721,25.647879421124564,25.806064671608183,25.96166445787181,26.111485992282176,26.252480485629192,26.38182911054534,26.49702630059638,26.59595777384676,26.676970461737405,26.738931334776304,26.781271938883915,26.804015280998392,26.807781525501063,26.793768798239938,26.7637052942743,26.71976896212031,26.664471486865942,26.600504402117526,26.530547277378467,26.457041399129533,26.381937403520155,26.306431830732823,26.230714968352093,26.15375943344803,26.07318392966809,25.98522740411607,25.88486349918985,25.766072675646257,25.62227009479193,25.44686356844869,25.233891622201686,24.978671987768934,24.678380484497197,24.33248259606256,23.94295585557915,23.514268206506284,23.053111038963472,22.56791941953364,22.068240021192903,21.564024787060042,21.064933203832304,20.57971863456877,20.115757089804312,19.678754052775005,19.272640777182453,18.899649526560268,18.56054006542748,18.254938555646135,17.981744864060268,17.739564281056403,17.527123442029904,17.343636391066642,17.18909396150746,17.06445704434734,16.971741340800158,16.913987685121327,16.895118096249817,16.919683657087617,16.99251644883233,17.118304306655688,17.30111410969456,17.54389634270752,17.848010051196056,18.212811960688512,18.63535507705417,19.110239110261045,19.629646430290197,20.183582508869154,20.760319518651364,21.347017846345842,21.930475900139676,22.497937827472086,23.037875842280386,23.54066220688732,23.999057129699963,24.40846203426691,24.76691932208573,25.074874361162784,25.33474663832742,25.55037916300105,25.726444712198663,25.867883634257634,25.979432819744996,26.065283334748184
25.087974257860807,25.1722918976152,25.25695954764069,25.34165601008593,25.4255194006641,25.50731736120319,25.585592501265513,25.658784090431006,25.725328504530886,25.783741357003912,25.83268404743742,25.87101696779247,25.897841048316515,25.91252882889004,25.914745865197677,25.90446303443774,25.881960178959112,25.847821494152036,25.80292310287154,25.748413338608223,25.68568636343075,25.616349858472816,25.542187632261232,25.46511808650982,25.387149553807806,25.310333572798626,25.236717191762573,25.168295390442736,25.106964683422568,25.05447891859677,25.012408214557688,24.982101895115285,24.964656182203576,24.96088730469065,24.971310574351453,24.996125874967305,25.035209908536732,25.088115444845418,25.15407772649108,25.232028088651745,25.320614757789475,25.41823069144377,25.523048207148594,25.6330600173055,25.74612613434506,25.860025933811432,25.972514460833043,26.081381838085957,26.18451438216504,26.279955761687212,26.365966234671482,26.441077682467846,26.50414180735764,26.554368473737565,26.591350744225,26.615072700514148,26.625895681959832,26.624518212314847,26.611904784606594,26.58917910278591,26.557478704105243,26.517770538807053,26.47063146144229,26.41600389307419,26.35294493741906,26.279396142920973,26.192009311763158,26.08606900136029,25.955552057475064,25.793356406106884,25.59171432814489,25.342780407744232,25.039354492282765,24.675670638432987,24.248160561042443,23.75609050508979,23.201977516926775,22.591715137400577,21.934376063877142,21.241703653725175,20.527347019216307,19.805928082039202,19.09204775699047,18.399340219913682,17.739670296093685,17.122543478742216,16.554766558119614,16.04036502337534,15.580735964618032,15.17499511411227,14.820465022431875,14.513247672782654,14.248827515791037,14.022657868793285,13.83069276700537,13.66983591487524,13.538287121620552,13.435773838058854,13.363660977804214,13.324936347403082,13.32407225136063,13.36676685840349,13.45957242580685,13.609422100476367,13.82307315505155,14.106492237859232,14.464217117897249,14.898738543841134,15.409953705420442,15.994747434024895,16.64675657160955,17.356364983208074,18.110960393860058,18.895459858190144,19.69308025285493,20.48629759739094,21.257909575026957,21.992095170508883,22.67535889323407,23.29725744332887,23.85083349381626,24.332720535200654,24.74292757574868,25.08435462428488,25.36212160045903,25.582809377232753,25.753710458657352,25.88217050899488
25.342729917986368,25.407847528544494,25.46633433111588,25.520032111263507,25.56997725177954,25.61660150882132,25.659906556361534,25.699609234045766,25.735258476588395,25.76632707974495,25.792282271898603,25.812639012890504,25.826999442641217,25.835081239822866,25.836737000854505,25.831966199992646,25.820920872019208,25.803905865898443,25.781374330578494,25.75391898766243,25.72225969583078,25.687227798237412,25.649747750611002,25.610816542613865,25.571481439804572,25.53281658283944,25.495898981121584,25.461784428555973,25.43148384941755,25.405940553731902,25.38600884598674,25.37243439097299,25.36583669887926,25.366694051139003,25.375331151246098,25.391909752362036,25.41642248655286,25.4486900981824,25.48836226424835,25.53492216381976,25.58769493255188,25.64586010092561,25.708468060244186,25.774460522256422,25.842694830545565,25.911971838986002,25.981066889538607,26.04876319345663,26.11388664109969,26.175340729180885,26.232139891781895,26.283439043075454,26.328556577445603,26.36698742756945,26.398402075897113,26.42262671469364,26.439599187600535,26.44929515113044,26.451619412669682,26.44625908559395,26.432498557107724,26.409001721653617,26.373574647460313,26.32293143998577,26.252496394327903,26.1562845471799,26.02690764542906,25.855750262005586,25.633348779526337,25.349983272379312,24.99646047516767,24.565029443933042,24.05033707119007,23.450306295069993,22.766812732010685,22.006049625147604,21.178505969170452,20.298533126532,19.383532087494764,18.452846048807892,17.526481527253125,16.623799420029528,15.762313467340096,14.956710191346168,14.218167693881178,13.554008395070404,12.967680312777846,12.459028529616441,12.0247963147872,11.659284694787369,11.355098807880912,11.103916577631173,10.897227073020087,10.726999526152879,10.586257069258346,10.469540300332646,10.3732540101418,10.295895654519137,10.23816675967983,10.202969044250773,10.195286455271113,10.221953462055094,10.291309764938283,10.412742939684115,10.596124205254025,10.851148981216392,11.186603309821933,11.609589120810359,12.124754577839536,12.733588457407045,13.433847075473011,14.219185692391312,15.079060719333228,15.998952403909463,16.960929635729727,17.944541050405856,18.927974257781592,19.889384492034644,20.808263058984824,21.666701785037855,22.450416860629606,23.149424546378157,23.75830799314223,24.276070658352907,24.705626966628383,25.05302474186922,25.326519107827355,25.53562107779257
25.543914003300802,25.601991951936252,25.643198149916,25.672236664517847,25.692650641971248,25.70704193858696,25.717276788005,25.72466476555722,25.730106113291807,25.734207765263022,25.737371452386764,25.739858601244293,25.741836940491044,25.743413279221397,25.74465618258579,25.74561147206986,25.74631274840475,25.746788528783846,25.747067117159354,25.74717997391455,25.747164096964603,25.74706374698875,25.746931724487247,25.746830319325003,25.74683199224729,25.747019804090453,25.74748757657752,25.748339745457564,25.749690850752465,25.751664599626327,25.754392435273157,25.758011551034457,25.762662303623724,25.768485003566365,25.77561609499748,25.784183780283623,25.794303196063296,25.80607130360761,25.819561714028637,25.8348197227178,25.851857871244793,25.87065238157395,25.891140808857887,25.91322122663451,25.936753182835673,25.961560536846907,25.987436096282345,26.014147705221404,26.04144507992434,26.069066228920885,26.09674171820375,26.124194341435064,26.151130937911194,26.1772222082949,26.202065506885656,26.225124922281655,26.24564279285977,26.26251756563818,26.274145131802403,26.278225023871688,26.271539571648752,26.249723345432646,26.207051355539903,26.136285988182152,26.02863197608838,25.873852457553067,25.66059382435037,25.376949903119154,25.01126643026926,24.553147230434,23.994579903238055,23.331059842836943,22.562566726969905,21.69424533727564,20.736666727839697,19.705594565280336,18.62124720126194,17.507116644818915,16.388467593537047,15.290681502666061,14.23762543022529,13.250212214869315,12.345282219362552,11.534886150939924,10.825993587161946,10.220602116213914,9.71618411923866,9.306385433438608,8.981882425889427,8.731308907156423,8.542177982388749,8.401742220928156,8.297754744748572,8.219111238882098,8.156366781378575,8.102131048501723,8.05135088841778,8.001490979483433,7.9526220717678875,7.907423037507033,7.871098535170474,7.851209422687167,7.857409035860354,7.901075985965781,7.994834134529802,8.151953725409744,8.385634967004078,8.708186960602816,9.130130447740264,9.659271218992114,10.299809972373591,11.051570685306833,11.90943917944046,12.863102402246088,13.897163733907131,14.991678991176986,16.123113303796288,17.26566569203012,18.39285414161503,19.479209306086368,20.501899471684506,21.442110134351477,22.286030543019137,23.025352890794615,23.657257976857217,24.183931182933314,24.611711318552523,24.950012105039427
25.65429370445042,25.725836738397543,25.76568655789064,25.782180610490805,25.78211192607405,25.770919904319324,25.752903825195116,25.73143013961206,25.7091163465554,25.687983701058418,25.669577659468263,25.655059043130947,25.645270915191645,25.640786736793682,25.641945058936063,25.64887524733481,25.661517823476657,25.67964211025453,25.702863082210804,25.7306586689108,25.762388243700578,25.797312632435,25.83461567647965,25.873427161148026,25.91284675785036,25.95196851265357,25.989905336339366,26.02581290497804,26.058912361269037,26.088511212701906,26.114021851167642,26.13497716867737,26.15104281408554,26.16202572468941,26.16787867228798,26.168700682974144,26.16473331989218,26.156352953603232,26.144059279548625,26.12846046912079,26.110255451523525,26.09021390815305,26.069154608610535,26.04792271525876,26.027366617523004,26.008314712213625,25.991552304430144,25.97779844594158,25.967682035061465,25.96171585825364,25.960266454342538,25.963516746626706,25.971417379935108,25.98362175374048,25.99939909682354,26.0175199516604,26.036109632455545,26.052468194173567,26.062860797997978,26.06229047256822,26.04427605016901,26.00067058542201,25.92156784189504,25.795353328920143,25.60895795348296,25.34836269237093,24.99937910300792,24.548692937524685,23.985110305936836,23.300895441832644,22.493046825944266,21.564335566266937,20.523935439813187,19.387511380371954,18.17669874177858,16.917988619607215,15.64111935480961,14.377144585834165,13.156390555811784,12.006522887351025,10.950916467999502,10.007469077198031,9.187931944844873,8.497761708354394,7.936439505497003,7.498161606783212,7.1727848837380845,6.94690826524311,6.80498404135664,6.730374978673994,6.7062992653516655,6.716630803546028,6.746544210421069,6.783010420083498,6.815159553910104,6.834533150564782,6.835248800258664,6.814097761212617,6.770591265904276,6.706964830794123,6.628142696052912,6.541657168905385,6.4575107318505225,6.38796297833167,6.347220560893958,6.351007341762236,6.415994882592143,6.559081304016843,6.796520079195873,7.142919532257641,7.610157685469743,8.206283275214348,8.934498403969416,9.792336349369627,10.771153914570853,11.856046409869995,13.026262039344644,14.256141801661443,15.516546134224253,16.776659952664694,18.00600600250243,19.17645553315168,20.26401541746891,21.25019636988518,22.12282472276255,22.876239867121683,23.51090555559128,24.032539270662554
25.61874049237923,25.734846486965036,25.798699636269383,25.822886937498527,25.81818672873632,25.793631206640093,25.756661136119426,25.71332346285696,25.66847596180708,25.62597623683994,25.58884343825269,25.559389211533198,25.539319656288114,25.529812933467987,25.531578253347735,25.544901926744,25.569685472017614,25.605479800901144,25.651518485782113,25.7067521663532,25.76988534131376,25.839416125506716,25.91367902660358,25.990890390967618,26.069195866505,26.146719013819,26.221610051609815,26.292093637030707,26.356514548359353,26.41338014964259,26.4613985700377,26.499511620257415,26.526921590922893,26.543111228666596,26.54785636094175,26.541230834364804,26.523603637749627,26.495628292341333,26.458224799376918,26.41255462879793,26.359989400935778,26.302074041733114,26.240485266026397,26.176986244857957,26.113378221629393,26.0514496359197,25.992922969602745,25.93939902565071,25.892297670868746,25.852793221952375,25.82174166506109,25.799595864579057,25.786304015495723,25.781186122835983,25.782783688822466,25.788679628144425,25.79528936586536,25.797630691819304,25.789089542058743,25.761211122670712,25.70355938547076,25.603700291604355,25.447371844130846,25.218902091085415,24.90192102808949,24.480381122223953,23.939854882777894,23.269021772323672,22.461200497278796,21.51573908187281,20.439056996851622,19.245150314142784,17.95542479124379,16.597806622450747,15.205181903410807,13.813314269100019,12.458466168791759,11.174988153185415,9.993136098198457,8.937331743636244,8.02500858027525,7.266098856271102,6.663134591528806,6.211869082339451,5.90228314305534,5.719824071833387,5.646731915833492,5.663330795142095,5.749195442256691,5.884137877620766,6.048991013406436,6.226191698613144,6.400183921434808,6.557673672195479,6.687771375364791,6.782057279798224,6.834601243428668,6.841962240050569,6.803185603753998,6.719808129972911,6.595873021383307,6.437948491451765,6.255135775377889,6.059044604658439,5.863707355046369,5.685397865043434,5.542318471186854,5.454120529739306,5.441231111358731,5.52397297204782,5.72148695692389,6.050495112836994,6.523976691749719,7.149863639282953,7.929890932120811,8.858752960981922,9.923712996275782,11.104783683466074,12.375541654265712,13.704563430357595,15.057383413058892,16.398792975893695,17.695239106022214,18.9170557551557,20.04027865142092,21.047853289509227,21.930135345375653,22.68468517200533
25.361679066929746,25.56504024833869,25.68950034444698,25.751967400214554,25.767636160260466,25.749769852891788,25.709674243764717,25.656798023931692,25.59890270955792,25.542258752484862,25.491838774955728,25.451491347018916,25.424088367256243,25.411645676284298,25.415420394786423,25.435990257999276,25.473320574567786,25.52682393568095,25.595416866528186,25.67757653302566,25.77139956442866,25.874664115989802,25.984895510740504,26.099435170296445,26.215512060437,26.330315521355924,26.44106810756646,26.545096912847903,26.63990178817526,26.72321886440911,26.793077857546614,26.847851754604264,26.886297645337642,26.907587671670644,26.911329305199615,26.897574425024015,26.86681694398017,26.819979010371913,26.75838608220818,26.683731417658823,26.598030732713738,26.503567926276368,26.40283284295635,26.29845201092025,26.193113130699583,26.089483775193443,25.99012426956936,25.897394042161544,25.8133498876222,25.739633618460427,25.677345626893274,25.62690016217753,25.587858005840076,25.55873320005547,25.536773178767795,25.51771673369977,25.495542252487013,25.46222972142075,25.4075734586554,25.319096690459894,25.18213083494287,24.98012744394622,24.695264331735927,24.30938528515796,23.805272991056395,23.168199488760358,22.38763464789551,21.458932780326172,20.384775280690718,19.17613725978048,17.85257766695226,16.441725964115488,14.97794433344441,13.500264034263854,12.04980444159354,10.666961178423545,9.388680172450082,8.246112730845999,7.26287959147818,6.454075157051067,5.826036967502477,5.376809402156445,5.097159172089562,4.971960703360193,4.981762051797487,5.104360856354569,5.316256151379397,5.593886073333973,5.914605370141875,6.257394320843231,6.60331906399174,6.935781640462962,7.240607200501569,7.506017679592031,7.722537996257793,7.882874499366953,7.981797609859111,8.016052464316159,7.984313480064947,7.887191316055725,7.727293599628612,7.509333761741743,7.240275075443354,6.929489326898881,6.588901498236824,6.233083796203862,5.879255170981617,5.5471375039247635,5.2586187517729925,5.037178673219058,4.90704643008902,4.892082833301823,5.014413452387128,5.292880330440223,5.741425158154558,6.367558327158147,7.171097204393769,8.143363736770324,9.26700850282785,10.516572486777857,11.859812749598548,13.259714915489232,14.677011426833134,16.072940316788,17.411933440114304,18.66392740391639,19.8060459675322,20.82349904510413
24.789033046574076,25.132155114408896,25.364968142038535,25.507724628081363,25.57971445028028,25.598589088403664,25.57998676815899,25.537393161752945,25.482167604622436,25.42367134005778,25.369447029109264,25.32541341010627,25.29605262539242,25.28457876107051,25.29308405576696,25.322664222221057,25.373526948809644,25.44508856916881,25.536063716365124,25.644551997941935,25.76812468386755,25.903913311727077,26.048701108705973,26.199017269333755,26.351233432477468,26.50166116900153,26.646648910275903,26.78267650080413,26.906445428818316,27.014962761126064,27.105616868749788,27.176243165268357,27.22517827841495,27.251301325883443,27.254061256732776,27.233489537870547,27.190197797364405,27.12536036780114,27.04068198673908,26.938351188398446,26.820980139504798,26.691531808439994,26.553235384116874,26.409490751850367,26.26376256240034,26.119463979156734,25.97982955587594,25.847775914076102,25.725748039098573,25.61554826178943,25.51814461483553,25.433455661008328,25.36011063650061,25.29518748708203,25.233937736480136,25.16951653453366,25.092748580953625,24.991974906903156,24.85303948500395,24.65948471291818,24.393026227349374,24.034365183405125,23.56436610214167,22.965579584074483,22.22402518987051,21.331079749482228,20.285254388600777,19.0936062131697,17.77253270233642,16.34774674417471,14.853325864071463,13.329856833685723,11.821833273550507,10.374581639398587,9.031065504598281,7.828934054993779,6.79813616440284,5.959327585618467,5.323176650200011,4.890548226804901,4.653438977144739,4.596464528604169,4.698667182051178,4.935418586607848,5.28022653746677,5.706306781442213,6.187837642552055,6.700867922630268,7.22389080465682,7.738125753256506,8.227566834269275,8.678861469331348,9.08108128182568,9.425439358566484,9.704998526132568,9.914405051631961,10.049672755091711,10.108034467713875,10.08787119304568,9.988723978006448,9.811388903548579,9.558091170130371,9.232729368727956,8.841175150180243,8.39160625985768,7.8948422049651175,7.364642008003197,6.8179134777628345,6.274774778273756,5.758404069169697,5.2946144535937805,4.911102409735829,4.636340847139557,4.4981241209994725,4.521820616431719,4.728444548314794,5.132714543861008,5.74131151806465,6.551570108601361,7.550825682713398,8.716586537836449,10.017609966883745,11.41584221092495,12.869055334529445,14.333903077213531,15.769046442859167,17.137984917695444,18.41127557639134
23.797706410218552,24.33674671027609,24.73316730484138,25.008083302617987,25.1833011727925,25.2800522928186,25.31809829102741,25.31517598734792,25.286721282467102,25.24580074470421,25.203182405655365,25.167488149655306,25.14538437350197,25.14178184928651,25.160027881410432,25.202083033953137,25.268680876509716,25.35947279077712,25.473161520760403,25.607627461724082,25.76005119439819,25.927034877321713,26.10472408091497,26.28893064809171,26.475256288900475,26.659215901759385,26.836359071817483,27.00238782155863,27.153268465575803,27.285335332996144,27.39538414927566,27.48075299640449,27.539388979984956,27.569899006529006,27.571583397919184,27.54445142490085,27.489218209173707,27.4072828039308,27.30068759330534,27.172059427602875,27.024533106739817,26.861657910947383,26.687287828154613,26.505455918805144,26.32023288017499,26.13556933565096,25.955120732061225,25.782053095134707,25.618827475035012,25.466961033770207,25.32676384134901,25.19705313797187,25.07485172556008,24.955084833201433,24.830300499189693,24.690451821534815,24.522793925416707,24.31196143853164,24.040299539991686,23.68851816428876,23.23671962981389,22.665811376613632,21.959257756642828,21.105053299200453,20.09772589598174,18.940118112609078,17.644666275109323,16.233914989142008,14.740075964008149,13.203558989997617,11.670551374269886,10.18987211693192,8.809447538548186,7.572819899358491,6.516095811397943,5.665668744119668,5.036926383054479,4.6340056870520305,4.450515541112046,4.471033737806578,4.673116904934366,5.029542834905305,5.510528329215294,6.08571941421382,6.72581943652484,7.403790139357059,8.095620971989394,8.780706714485653,9.44190133273319,10.065328297914848,10.640027744894345,11.15751279941027,11.611294947518493,11.99642449498263,12.30907909206931,12.54622221851264,12.705344945403699,12.784298197878227,12.781218773196503,12.694549962010411,12.523156113495236,12.266529172174423,11.925083383078737,11.50053132308668,10.996329548963981,10.418174981062384,9.774523456198688,9.077089906600461,8.341276205209352,7.5864595271233775,6.836063701189128,6.117331911289865,5.460725217885811,4.89889149424674,4.465186066623074,4.191778655876651,4.107447436608194,4.235231975785126,4.590180086903184,5.17746426677517,5.991146903246373,7.013829926443532,8.217332607915768,9.564410423267494,11.011378794097865,12.511366012161616,14.017818682299277,15.4878430896801
22.294704735517467,23.07802613817559,23.692278217084514,24.155304717193864,24.48823936382945,24.713657509346973,24.85407004656706,24.930801869837637,24.963240409444115,24.968402990308984,24.960754237857184,24.95220253603821,24.952212426449442,24.967982834054077,25.00465520754343,25.06552853474389,25.152268457682673,25.265105034888386,25.403018334997235,25.563913533318622,25.744788126954237,25.9418938320607,26.15089511391613,26.36702543949544,26.58524143894751,26.800374339254567,27.007277354251208,27.200967205534223,27.376757610828612,27.530382399355208,27.65810588036319,27.756818180980954,27.82411346145967,27.858349187779037,27.85868497100913,27.825099846554668,27.758387240056734,27.660127224409653,27.532635986616622,27.378892665476695,27.202443863000475,27.007286148680198,26.7977267492005,26.578222346521816,26.353195523865903,26.126827979238023,25.902829317951312,25.684180283765986,25.47285005503412,25.26948920307104,25.073103664442534,24.880721203874423,24.687070766097737,24.484306836574085,24.261824694600993,24.0062263767701,23.701508053494,23.329542847128288,22.87092364616293,22.30620340459463,21.61752316856699,20.79055223909023,19.816587817376416,18.69458665258388,17.43284659364846,16.050040256535592,14.575340388063731,13.047471035532766,11.512660780733002,10.02164089233909,8.625989801659726,7.374241842000925,6.308226345225026,5.460071586973005,4.850203522380983,4.486514682755903,4.3647065378745635,4.469652507456493,4.777514930399017,5.258291706443764,5.878467593471193,6.603490781228275,7.399870368912144,8.236776291882574,9.087104267015423,9.928033705076501,10.74115117983311,11.512235742486203,12.230808287497954,12.889540166354653,13.483601449162936,14.010011130315407,14.467033515552401,14.8536491486825,15.16911600864178,15.412627604066518,15.5830687654327,15.678866851664827,15.697935100000898,15.637705288854153,15.495248112656519,15.267481071375787,14.9514646481072,14.54478745972817,14.046039261601813,13.455366500634964,12.775097932888908,12.01041723501222,11.170045520217688,10.266879853192567,9.318515815739566,8.347565638335691,7.381672324595138,6.453119445237885,5.59795100078923,4.8545501394947035,4.261681238060241,3.8560743930600765,3.6697168057948186,3.727098388551882,4.042721613119287,4.619209834379884,5.446319682427042,6.501076228524795,7.749111745272361,9.147120609454458,10.646174998979685,12.195512611362908
20.22532403593106,21.27751090338935,22.149099572584113,22.84932533084954,23.393931306117658,23.802980701245033,24.098827243874048,24.304393373320565,24.44182847412703,24.531555217169977,24.591667044404492,24.637614752852304,24.682111928050695,24.735192756771866,24.804366428825375,24.894825670907473,25.009679971953773,25.150195065395465,25.31602856028285,25.505457281591646,25.71559529036691,25.942603250620845,26.181890330155856,26.4283096218506,26.676347496409665,26.920306587863827,27.154481422654445,27.373325119831584,27.571605156045397,27.74454591722195,27.887955643467127,27.99833539861878,28.072967838847397,28.10998379040808,28.10840494775917,28.06816134113413,27.990082567608603,27.875862101479978,27.72799426849226,27.549683656627725,27.344726822526663,27.11736612817986,26.87211542058368,26.613557096860717,26.346109982739236,26.073767573263456,25.799806818622184,25.52646917291781,25.254618549535095,24.983385687248333,24.709815713430157,24.428545633794553,24.131550796939486,23.808012934687433,23.44437485665248,23.024654652594087,22.531090578550955,21.94517152048282,21.249072829084852,20.427461974452832,19.469566186843274,18.37131442529882,17.13729405490917,15.782217762594428,14.331597239519077,12.821379491573142,11.296420051658128,9.807830718243427,8.409419652212614,7.153602270948221,6.087266581057653,5.2481010757736115,4.66182965947526,4.340659069896375,4.283059509931604,4.474806820708421,4.891051229513908,5.499070065526506,6.2613213740057425,7.138438258699184,8.091874525332354,9.086009345421331,10.089620734346743,11.076727567067312,12.026867211920054,12.924916999662843,13.760584431521167,14.527688405375828,15.223338273812107,15.84709546412044,16.400178709763644,16.884752115415218,17.30331723932015,17.65821684766887,17.951248862711033,18.183383701913392,18.354575908246197,18.46366091275332,18.508329253493834,18.485173028671667,18.389802327122545,18.217032467291837,17.961145711762402,17.61623328952766,17.176624539361292,16.63740914754665,15.995055037786454,15.248117673254274,14.398025631767819,13.449911918338254,12.413440834469153,11.303557607070745,10.141065052246262,8.952912554637427,7.772073274893456,6.636892250545589,5.589816950889257,4.675476586820999,3.9381563285513783,3.4188105762307544,3.1518616448051233,3.162116948069359,3.4621868643716978,4.0507777020488644,4.91215928928642,6.01696835041921,7.3243264246165705,8.785057203600276
17.605657333372577,18.910099249506253,20.046760986725836,21.01092516935747,21.807459694303788,22.448794777063142,22.95271021645796,23.340190313917283,23.633529925229396,23.854796006292553,24.024679094534072,24.161716647849268,24.2818374231803,24.39816120412773,24.52098689955398,24.657909390432355,24.814017072756908,24.992134510468745,25.193085886065862,25.415963993902544,25.65839610885883,25.916802396957753,26.18664505397313,26.462667556863305,26.73912374133744,27.00999624010965,27.269203397205978,27.51079329423777,27.72912309568312,27.919021601562058,28.075932711573618,28.196037455515274,28.27635231661874,28.31480174436651,28.310262993295392,28.262581703505973,28.172556925723313,28.041894559034002,27.87312838780671,27.669508060235668,27.434853445650607,27.17337486972796,26.889458826018735,26.587419027724955,26.27121330194663,25.944128138808505,25.60843508416983,25.26502707265742,24.913048706792207,24.549542739741575,24.169145620563974,23.763877305596274,23.32308310032558,22.833595374846006,22.28018667933498,21.646378281249547,20.915644657339037,20.073011663358855,19.10698396655925,18.011661007660233,16.788821597670804,15.449692214096986,14.01608299167938,12.520596196780973,11.005694584296634,9.521558176435278,8.122838694440873,6.8646084786456,5.7979557619017195,4.965764342112889,4.399210260469479,4.115408807585279,4.1164716046222765,4.390021844802428,4.911009095076027,5.6445020954383285,6.549044167444875,7.580138843868986,8.69348401705695,9.847670344273194,11.00617811148215,12.138622313865673,13.221290804883663,14.23708569883501,15.17501224621681,16.029366316425865,16.798758719270396,17.48508993295835,18.092559512898134,18.626765850406034,19.093927328552738,19.500236800719254,19.851347897643493,20.151983338690812,20.40565118567463,20.61445376026847,20.77897478886311,20.898232481918996,20.96968915605857,20.989311314581727,20.951677604591858,20.850135635302365,20.67701215682121,20.42388439699141,20.081923158595572,19.642320144472194,19.09681224861361,18.4383133548031,17.661658480277616,16.76445481620604,15.748018489327247,14.618354425942991,13.3871103277693,12.072406818005675,10.699418576451286,9.300562034825575,7.915141691773531,6.588327255341281,5.369383673943242,4.309157281176398,3.456928489525846,2.8568611953068723,2.544390131485038,2.5429642644636914,2.8615827621044403,3.4935042586485343,4.416379025892798,5.593864054210476
14.550278048073679,16.035674475651113,17.397172984564886,18.612542638357375,19.670998971424467,20.572023610699507,21.32354779428737,21.939815557075,22.439206658799627,22.84223301938115,23.169844854719866,23.442109639016017,23.67726847545206,23.891134569108743,24.0967767348716,24.304423840207303,24.521529232769417,24.75294312518436,25.001152060254594,25.266555537157544,25.547759274025584,25.841871865223467,26.144796757358943,26.451514811104882,26.75635464952558,27.05324893460988,27.335975021684522,27.598378395720484,27.83457709338804,28.039145090079245,28.207272457827763,28.334900014276112,28.418826193313457,28.45678396564,28.447485802637704,28.39063488499815,28.286900984167524,28.137859670802975,27.945893722894557,27.714055830028713,27.445891963743613,27.14522519626836,26.81590045058496,26.4614918773973,26.08497658424173,25.68838166557337,25.272416309811433,24.83610754682915,24.376467104555132,23.888227610228764,23.363698065440623,22.792799263861937,22.163346611021318,21.46164660759184,20.673459464907726,19.78534976492611,18.786397554350085,17.67017536064626,16.43681931522204,15.094947882212246,13.663127591206957,12.170571321950057,10.656797236196743,9.170082025148247,7.764702984576366,6.497155830219937,5.421722658287564,4.5859057914699894,4.026303237439973,3.765461370252357,3.810104231370027,4.1509331383822055,4.763957449536544,5.613104187332228,6.653700033117611,7.836346676311303,9.110722286937285,10.428922862947342,11.748081014409706,13.032136867039888,14.252760659277318,15.389522176025892,16.42946108145791,17.366235649773188,18.19902223492367,18.9313135568203,19.569729982543567,20.12292220189284,20.60061134044126,21.0127864845657,21.369060701375403,21.678174473557423,21.947628859506324,22.183428210323832,22.389912574826724,22.56966188832135,22.72345685570803,22.8502845771596,22.947380138319115,23.01029848993399,23.033013986852286,23.008048019690744,22.926628342458592,22.778887025344808,22.55410740068749,22.2410337278184,21.82826017246949,21.304717403733925,20.660274680290655,19.886471470560004,18.977383999736166,17.930617279475335,16.748391260208408,15.438660880271833,14.016175764090024,12.503350183059421,10.930784198848148,9.337261413801833,7.769057199694577,6.278432209393651,4.921263792441174,3.753879806441857,2.8292930185609624,2.193168125419443,1.879959098418972,1.9097031516399605,2.285927450787238,2.995008960719546
11.283513595773126,12.82056751627364,14.309307739629531,15.71006715158178,16.99421068824535,18.144435028920608,19.15402954977827,20.025374548676382,20.767987634591066,21.39641076662326,21.92817553535931,22.382011944404887,22.776392789987923,23.12844329740928,23.453199799156955,23.763172919025195,24.068157671447114,24.37523119486905,24.688884334914004,25.011242368579236,25.342340155463077,25.680426244541295,26.0222781129876,26.36351651950714,26.698911036554456,27.02267148292581,27.328721564200126,27.610951875992626,27.863449809317586,28.080704025955114,28.257781188067288,28.39047262068764,28.475408607860587,28.51013809454769,28.493171690883283,28.423986049039062,28.302987903107482,28.131436336707164,27.911322199745964,27.64520409547415,27.3360011070941,26.98674359245122,26.600285173941767,26.178981780655388,25.724347595024767,25.236703339528237,24.714839722158956,24.15572798853007,23.554319874811284,22.9034895766814,22.194178479923725,21.415806172614708,20.557004701848697,19.60671296549664,18.555631244429666,17.39798130664282,16.13344848649949,14.769107312256686,13.321065893915497,11.815524688881027,10.288951062976476,8.787135823654827,7.363024325888068,6.07339047843268,4.9746190372200285,4.118040756179753,3.5453847751374017,3.2849405554701345,3.3489442934942604,3.73253294155519,4.414376215720832,5.3588508055311905,6.519410472706571,7.842668881505959,9.27266735469308,10.754843950687437,12.23933195050877,13.683363601884075,15.05270634370666,16.322187645250995,17.47545543130296,18.5041692533497,19.406827228551464,20.187415010951668,20.8540272037635,21.41756923066779,21.890606760441894,22.286395261662285,22.61809631437835,22.898170011488876,23.137922962576397,23.347187317455685,23.534106043218536,23.705001841817957,23.86431037837447,24.014562081147332,24.15640018655705,24.288625713006713,24.408262618401857,24.51063861319731,24.58947912072729,24.63701389186876,24.644097990061546,24.60035144204881,24.49432492202348,24.313702427647627,24.045555886705365,23.6766706486149,23.193964208903957,22.585022262892785,21.838774874267713,20.9463294406166,19.9019643957068,18.704266651534333,17.35736599590128,15.872182038750019,14.267557316247245,12.571110286871901,10.819613593576904,9.05869743142894,7.341706163961734,5.727605936832473,4.277952175842486,3.0530685318093465,2.1077418914828856,1.486871493995178,1.2215909701798147,1.3263827721270403
8.124378926566171,9.537457466525424,11.001773446014049,12.465073044761395,13.882861291302072,15.22050041204093,16.454086621756115,17.570224737882462,18.564936436427374,19.44199413898644,20.21097334503436,20.885275916067627,21.48031329724411,22.011968733123425,22.495393837646205,22.944144783584996,23.369629406692447,23.780817647815137,24.18416093801658,24.58366763662802,24.98108796473713,25.37617026664215,25.76695897909042,26.150112287704616,26.521223612021963,26.87513570812835,27.206239470371404,27.508751715064545,27.776967622274654,28.00548435067289,28.189392829568533,28.32443502345881,28.407124163053926,28.434825612402697,28.405796240777416,28.319180426148733,28.174961172344233,27.973865327212238,27.717222624781225,27.40677936044693,27.04446911306519,26.63214527076911,26.171283457879866,25.662666565681267,25.106071169982556,24.499981718208428,23.841367713434757,23.12556842498575,22.346337916260406,21.496108050447386,20.566525431656565,19.549306250758576,18.437427188894876,17.22662865141581,15.917149204005582,14.515541966978677,13.036354911922448,11.503402467421035,9.950333448441917,8.420226849022379,6.964032772258847,5.637819165760476,4.4989693334140135,3.6016690102463045,2.992184528827069,2.7045251487037545,2.757074652766173,3.1506627093084845,3.868343215191114,4.876894501726559,6.129806178854524,7.57131897068256,9.14097224791649,10.778102115598664,12.42581095037543,14.034069778606213,15.561782159650672,16.97779805437751,18.26099308804716,19.39960952536788,20.39008897768523,21.23562106734569,21.94459940319247,22.529129487304154,23.00368379064841,23.383955019797774,23.68592377008238,23.925132545167905,24.116143685811625,24.272152153496485,24.404723075801627,24.52362635456454,24.63674475514208,24.750036516905173,24.867537888166698,24.991394694758906,25.121914964537098,25.25763678500349,25.395407103054175,25.530468271814957,25.656550020264465,25.76596538559136,25.84971022525814,25.89756742920993,25.89821907996764,25.83937271927191,25.707911658824113,25.490083869308393,25.171749129894675,24.73870923818469,24.17715017104399,23.474226668392888,22.61881683098238,21.60246471288928,20.420510345514174,19.073377644132606,17.567951281601175,15.918926478495457,14.149966736448354,12.294463438526126,10.395670431570334,8.50599943332686,6.685318955507327,4.998204129012104,3.510230415993534,2.283571204365642,1.3723171619838395,0.8180479085993024
5.441843373916806,6.536280858955852,7.7895101571253935,9.146008375017123,10.552162488695815,11.959944223873418,13.329533433652024,14.630767725741011,15.843470563863802,16.956841764192394,17.968170049206602,18.881147920888253,19.704045582579045,20.447949016867145,21.12520389773463,21.748144973050383,22.32813847164381,22.874926916880113,23.396241753030424,23.897637373750047,24.38249738672316,24.852167051577577,25.306172052121806,25.74249107924843,26.15785679651827,26.548065926902478,26.908284164163796,27.23333538189351,27.517967343102093,27.757088018688364,27.94596792300834,28.080404763242907,28.156847335938366,28.172476116261137,28.125238477083414,28.013837038872783,27.837670382884884,27.596726370420697,27.291429737604442,26.922447648661663,26.49045969115032,25.995902595806736,25.438704944170144,24.818033370248845,24.13207913904196,23.377922009894228,22.551515960031363,21.647846976581143,20.661314312121114,19.586380304926173,18.418516829725252,17.155445941783412,15.798627242102752,14.35488686681051,12.838018956615848,11.270130944750722,9.682464046934145,8.115416635689025,6.617544939392016,5.243419281509821,4.050369050763095,3.094335191339738,2.4252315385534366,2.0823553560855874,2.090445792714849,2.456943796047862,3.1708580269927724,4.203413192791597,5.510394546999295,7.035858333123065,8.71670061871918,10.487496807960103,12.28504773879517,14.052179065516796,15.740505759650773,17.312054243253254,18.739796220314354,20.007267124834748,21.107508454099474,22.04158970863672,22.816943296361323,23.44569937989707,23.94315166304216,24.32643086761203,24.61341732807254,24.82189091939384,24.968895546242667,25.07028485750259,25.140413055849624,25.191936924604484,25.235700164185133,25.280677077349203,25.333958422403143,25.40076722699412,25.484496255376587,25.586761627891132,25.70746892289822,25.844889135924596,25.995742336687773,26.15528695733033,26.317412558668128,26.47473383989285,26.618683762360114,26.739604135967753,26.826833062772735,26.86879044929196,26.853065580170746,26.766514642466955,26.595381150104586,26.325458298952903,25.942318932551352,25.431645123238106,24.779693920086693,23.973936519599963,23.00390239429698,21.86224498658406,20.54601908301464,19.058120929516416,17.408792040450237,15.617031602158315,13.711709689764126,11.732137317921623,9.72784467305788,7.757359239890749,5.8858683444949405,4.181792633453995,2.7124714192213455,1.5393378881884514
3.5871630644684016,4.187281079069219,5.040756089116494,6.100592213558943,7.314524790473666,8.629472586530849,9.995474308854444,11.368740853532138,12.71363167226507,14.003537694993092,15.220794663755164,16.355842752513627,17.405887733636956,18.37331313593968,19.26405536521233,20.086099700615748,20.848197588616564,21.558854082456854,22.225593765876898,22.854485600988564,23.449890889388083,24.014391607759684,24.548856021823447,25.05260213706732,25.523625167271177,25.958861353948596,26.354466267457244,26.70609071574097,27.009141435018716,27.25901688027164,27.45131081190291,27.581978166898377,27.647459091478165,27.644758170858285,27.571476981465114,27.42579926602911,27.206429448073457,26.912487023680377,26.543361770100947,26.098537870780316,25.577399132137725,24.979032550122344,24.302053525473116,23.544482733768053,22.703711367353357,21.776597017915236,20.759735104161496,19.649948128147532,18.445024436304436,17.144716912191917,15.751978339575267,14.274364168574529,12.72547829984568,11.126280474417435,9.506026287364309,7.902587170833962,6.361912750966901,4.936462889179246,3.682554113999309,2.6567252687075023,1.9114065106128404,1.4903396573192254,1.4243075290386713,1.7277525749859537,2.3967841218505903,3.408895670126581,4.724469334594421,6.289881732057865,8.041797607122561,9.912088841024543,11.832771881277736,13.740415774798599,15.57961299026958,17.30528888768827,18.883812560956585,20.29302812446001,21.521430723941656,22.566759771506973,23.434279654354672,24.13497961531668,24.683866306112677,25.09845967135484,25.397546255498003,25.60019987806106,25.72504981633029,25.78976008963077,25.810677419062042,25.802606676060236,25.778678098966388,25.75027784347838,25.72702087507885,25.71675181860332,25.72556468692467,25.75783631127618,25.81627089728978,25.901954644145214,26.01442003092587,26.151719425351537,26.310507307241068,26.486129791276962,26.672719422532882,26.86329252851601,27.04984586359978,27.22344900481225,27.374329101614695,27.49194532505038,27.565051912503687,27.581751292716916,27.529542622549585,27.39537632860051,27.16573192446014,26.82674418559668,26.36441098363924,25.76492337859733,25.015162886588367,24.103409415246393,23.020292953058725,21.759999580280713,20.321705662941206,18.71116344747887,16.942300603957133,15.038634108334676,13.034248369955126,10.97406495172636,8.913152614550741,6.91490273373853,5.048027180708591,3.38251035103257
2.819771212880145,2.8078121271542944,3.1103719549384543,3.700050248951121,4.537562632991247,5.575803053018561,6.764152983397153,8.052516309819344,9.39467116896963,10.750687552114112,12.088325913621642,13.383476839590356,14.619805556322225,15.787820775838519,16.883598842375626,17.90737197690838,18.862146894824406,19.75246970653174,20.583404446219895,21.359751828520842,22.0855045530329,22.763515755589722,23.39534656294011,23.981254963669393,24.520289115212492,25.010451824663924,25.448907796615842,25.83221034043562,26.156528988389958,26.41786362132944,26.612234168451284,26.735837810659703,26.785168013943476,26.75709182538422,26.648883869207527,26.458217576774278,26.183116563829007,25.821871912939553,25.37293458738047,24.834796401028537,24.20587790367555,23.484447049206086,22.668598170988634,21.75632580701516,20.745731056427843,19.635397680099715,18.424968940124884,17.11594191281158,15.712671761871784,14.223543387358044,12.662223196911496,11.04885370898812,9.411006121856044,7.7841721000977895,6.211569078977549,4.743065815072765,3.4331144599095946,2.337700950272666,1.510483896736508,0.9984580186007292,0.8376173224533208,1.0491700033202411,1.6368440734970484,2.5857101072352116,3.862748280914947,5.419136200618389,7.193981313586496,9.119018284772292,11.123677216018574,13.139920949985758,15.106341798213977,16.971171535999595,18.694053271738227,20.246609212577997,21.611982987246208,22.783622266985592,23.76359536213684,24.560714520583815,25.18868554987139,25.664435961608234,26.006707030023023,26.234938952222716,26.36843747230606,26.425785402571062,26.424451185919946,26.380545435372284,26.30868153688354,26.221904723399216,26.131663171853212,26.04780314781286,25.97857724818546,25.930660111493683,25.909169642177726,25.917694063213627,25.95832626336594,26.031707229538632,26.1370801003459,26.27235574380595,26.434189901530104,26.618070965893683,26.81841644903803,27.028675230507606,27.241431797121233,27.44850798563087,27.64105729742473,27.809646798726877,27.94432211561387,28.03465229514238,28.069753590963554,28.038294826766638,27.928492152418976,27.728107884576826,27.424476623177195,27.004591447085478,26.45529258616369,25.763608613955387,24.91730310252305,23.90567429869713,22.720637952340674,21.358090871223453,19.81950403070162,18.113631618227032,16.25815357944809,14.281006666003734,12.22111944539149,10.128268119379523,8.061826509150832,6.088300110635809
3.2481564210209406,2.592541550082398,2.2655203725327064,2.2663013514736994,2.5780485366490566,3.170413453619082,4.003054326643991,5.029632150375559,6.2017736509392,7.472571604540075,8.799325835439092,10.14538050423678,11.481055024876651,12.783775984503084,14.037585817802096,15.232230971266022,16.362025381241192,17.42465533212628,18.420050505317995,19.349402716238284,20.21437497097906,21.016512560130472,21.75684598752068,22.435661972427944,23.05241202719703,23.605726364877615,24.093502406199633,24.513040520708838,24.86120382577239,25.134583214719807,25.329652925128862,25.442905745465428,25.470960399566735,25.410636845086948,25.258998327400807,25.013362218169945,24.67128510446903,24.230531410964367,23.68903909259284,23.044900564948577,22.296381794381922,21.442006838473112,20.48073826368689,19.41228454120233,18.23756213824739,16.959330750164384,15.583003193035935,14.117605704901987,12.576829865749371,10.980076201136903,9.353346722003664,7.729807183276916,6.149820291386975,4.6602599932563,3.3129640671868277,2.1622718559059315,1.2617215904743269,0.6601317738213499,0.39743747756434544,0.5007627426952066,0.9812531738106172,1.83214695356732,3.0284245663607745,4.528166048393206,6.275497650177989,8.204776475113968,10.245489498185181,12.327265850076916,14.384429270333776,16.359637752986337,18.20633711719635,19.88995302145092,21.387922576358392,22.688794202695046,23.790690339463904,24.699434705328123,25.42660758686864,25.987727661545737,26.400685423772753,26.68448560438791,26.858302675136592,26.94081781316005,26.949786660540838,26.901781528179665,26.812055156644682,26.694481767892047,26.56154174451442,26.424326686800693,26.292550579874142,26.17455982998142,26.077339957026414,26.00651998649339,25.9663774097213,25.95984733387173,25.988539439491237,26.052765860594018,26.151582292154608,26.28284364912872,26.443274541425453,26.628553750020142,26.833410828571765,27.051731938622225,27.276671077674287,27.500762006440237,27.716025466990097,27.914065774823204,28.086150668950985,28.223268567603363,28.31615831503621,28.355308391937292,28.330925725129735,28.23287901459998,28.05062818096653,27.773160221960985,27.388962180292125,26.88607319681265,26.252268049442943,25.475431466981675,24.544182214137216,23.448794257056853,22.182435301884937,20.742698330902883,19.133340398886133,17.36607071295592,15.46215842429269,13.453576208131658,11.383377626203654,9.305041252616558
4.804300271505005,3.5681825917534464,2.625037769246081,2.001468852444602,1.707505221649237,1.7369071449693836,2.0689188283683935,2.671138106822827,3.503055076909334,4.519781450656012,5.67554045202501,6.9265920156823535,8.233400969540348,9.561988526025123,10.884518101085586,12.179243033770929,13.429983398369906,14.62530621733551,15.757566577145415,16.821936197888796,17.815509697245236,18.736543711102676,19.583854251240865,20.356375009884943,21.05286390603427,21.671736126731776,22.21099789246731,22.66825474104442,23.040770016788095,23.325552487159865,23.519455899013366,23.619277409477426,23.6218459693591,23.52409583655929,23.323124480818628,23.0162382745755,22.60099360078266,22.075245336313166,21.437218958688483,20.685626463967967,19.8198493243872,18.840213018393612,17.748376098249004,16.54785094839279,15.244661890014651,13.848127911470844,12.371731587334764,10.83400356922571,9.259316245624424,7.678446074956331,6.1287394521332095,4.653711248879576,3.3019278714838096,2.1250847096209746,1.1752823932506038,0.5016300286029232,0.14643948265432982,0.1413973206469059,0.504180688051564,1.235993931096412,2.320428987044804,3.723897230406801,5.397666274796311,7.281301488957037,9.307105540413541,11.405012514961717,13.507352691948139,15.552963899618911,17.490266781584587,19.279109080642947,20.891376934082068,22.310532697539912,23.530345241235814,24.553122215222594,25.387741061862908,26.04772268246313,26.54951827237858,26.911103862717574,27.15091152914223,27.287077994320317,27.336962014011327,27.316869264422788,27.24192324326452,27.126028327660773,26.98188253914148,26.821009737863104,26.65379201351648,26.489492018325528,26.336261641650854,26.20113791799133,26.090029757042775,26.007700409718012,25.95775093290994,25.942609615177048,25.96353162400426,26.020612209480387,26.1128157672485,26.238021999649902,26.39308936145741,26.57393495836568,26.77562909269565,26.992501724961997,27.21825724328955,27.44609310872261,27.66881718434977,27.87895788529049,28.068860753864115,28.230764753975418,28.356851624809593,28.439262234599642,28.470075304203323,28.441246476533188,28.344509893143933,28.17125059715435,27.912364483134063,27.55813312727093,27.098153075900722,26.52137164646362,25.81629154699676,24.97141107106223,23.975960830912058,22.820977375824228,21.500715176938282,20.0143407888653,18.367780632595935,16.575516784035663,14.662059149880703,12.662786814535611
7.260005178339495,5.5872888751383485,4.131475446722561,2.9409654028451016,2.0507027887225036,1.4802479882300368,1.23332930635625,1.2988213008836462,1.6529081014089755,2.262058508238308,3.086383338574022,4.082963215158161,5.208810988073004,6.4232430542730405,7.6895524576097545,8.975982674814851,10.256080925249504,11.508558452305966,12.716804152072863,13.868193247734661,14.953312380467072,15.965194280591216,16.898625399889177,17.749562836953007,18.51467493498083,19.191003871218975,19.775738118716266,20.266076982595663,20.65916741463647,20.95209394118291,21.141904914745616,21.225661748088612,21.200501847354026,21.063710331601424,20.812800125228677,20.44560450114388,19.960390484567714,19.35600546837922,18.63207256906233,17.789252105336246,16.829586330273337,15.756941213061744,14.577551557546853,13.300663046433646,11.939246283676953,10.510733759445262,9.03770238541971,7.548395127222448,6.076950604834494,4.663196467384607,3.3518689324307154,2.1911544161004475,1.2305138570232748,0.5178446281968867,0.09614955709881734,0.0,0.252176238125692,0.8609179766353803,1.8181995327490377,3.09934928733053,4.6641688667804,6.459499763302593,8.422972468123193,10.487498773321455,12.585967920844524,14.655601315573115,16.641506361787545,18.49912486751986,20.195459118836737,21.70913966761634,23.02954045690588,24.155230136723656,25.092069999300705,25.851238818610906,26.447400882922487,26.89715548518409,27.21783101878241,27.426625922416964,27.540057142994474,27.57365450193054,27.541832989477516,27.457879748637946,27.334003525389804,27.18140771814385,27.010361138795894,26.830251657246656,26.649616423775058,26.476148350007794,26.316682320207995,26.177166673476115,26.062626318647485,25.977123824629235,25.92372428600847,25.904468924237342,25.92036140111129,25.971369789473492,26.056446122103676,26.173564453259488,26.319777431574156,26.491290501432182,26.683552020418254,26.891356797800157,27.108959816741837,27.330196194684007,27.54860275793137,27.757535959371797,27.950280264848004,28.120140605768878,28.260512106067093,28.364920150313075,28.427024141236245,28.440579255765233,28.399352497660207,28.296992793757966,28.12686026141951,27.88182750102299,27.554076027327184,27.134923464234774,26.614730834132672,25.98295205641167,25.228396279623023,24.339773451203698,23.306579607978204,22.1203464435899,20.77622784160622,19.27482661843807,17.624085889526487,15.840995602902735
10.279766117681632,8.363142054512462,6.564910074404777,4.94518427638725,3.556269066799257,2.4391582019294606,1.6211297293757854,1.1146592306805498,0.9176797630037017,1.0150341785690147,1.380826645990382,1.9813046468869215,2.7778941525920207,3.730058854873148,4.7977400221251205,5.94323467417985,7.132466628997289,8.335683689014127,9.527667864008222,10.687573367914862,11.798512909488231,12.847002567479887,13.822355815140327,14.716093745792254,15.521415506211781,16.23275303416323,16.84541869830816,17.355343598958456,17.758897702572174,18.05277992176829,18.233965895142745,18.299702797436655,18.24754336633364,18.075414936450017,17.781723187328065,17.365494148169034,16.826561351465934,16.165807414824275,15.385470167948444,14.48952201796888,13.484126756795128,12.37816966261818,11.183843931647395,9.917259067857417,8.599015563987495,7.254666948696862,5.91496849039151,4.615796548354892,3.397619960510964,2.3044214191706685,1.3820076480100818,0.6757141270894369,0.2275994756836539,0.07332597804736274,0.2390190658461986,0.7384683964698393,1.571055070299015,2.7207480200841,4.156403892469499,5.833440375097738,7.696759507114967,9.684611778593258,11.732951947565358,13.779773068108025,15.768929070508495,17.653060952188355,19.395401925725945,20.97041693294524,22.36339531826468,23.569234078094457,24.590708820248782,25.436531112317084,26.11944674294536,26.654558286479958,27.057976475213653,27.345833626386973,27.533638112598066,27.635914884238492,27.666061895291694,27.636351707359225,27.55801637075316,27.44136712839735,27.295914906007187,27.130470608967514,26.95321478160238,26.771733897919603,26.59302567272247,26.4234787891349,26.26883387539327,26.134132923492125,26.023664020658646,25.940907551207722,25.888489117021376,25.868143442744383,25.88069254807062,25.92604052153767,26.003186334745585,26.110255298027365,26.24454897759114,26.402612666554468,26.58031882335318,26.772964255162268,26.975378224767,27.182038089306992,27.387188530183778,27.584959896995194,27.769480658897493,27.93497843542218,28.075863580906663,28.18678886338483,28.262678492554517,28.298719756310263,28.290311048706332,28.232961443103857,28.12213961750469,27.95307438964306,27.720515885822923,27.418475822874267,27.039977520050346,26.576860380023557,26.019697963592478,25.357900434804357,24.580076799902667,23.67472489806878,22.6312926152182,21.44160919954858,20.10162156825352,18.613293362784532
13.49337607799292,11.534417754312017,9.593997682330896,7.73251662084098,6.008972064378157,4.47691995481233,3.1809055937722146,2.153759001784347,1.4150164220047792,0.9705614761001797,0.8134107534427084,0.9254301267765346,1.2796804650923477,1.8430619308260319,2.578949331051154,3.449572697974885,4.41797910315147,5.449496129575895,6.512690980989901,7.579874001684634,8.6272289233182,9.634666138879384,10.585493937295837,11.465991063620411,12.264947096848797,12.973218905934605,13.58333458527557,14.089162349655952,14.485651509802384,14.768645818257902,14.93476573942511,14.98135493296407,14.90648676299404,14.709028284227937,14.388761268729194,13.946561801493743,13.384641162312745,12.706850472249679,11.919049238147407,11.029532818090246,10.049505411741247,8.993573193759495,7.880216917973571,6.732185785291403,5.576736713311597,4.445628710751667,3.3747753142403774,2.403464118507186,1.5730761691590462,0.9252825445104236,0.4997606204438281,0.3315531972229646,0.4482791208929484,0.8674784566581115,1.5944202208675824,2.6206991670583077,3.9238896752914973,5.468410015941864,7.2075932080957905,9.086787695712403,11.047155586780496,13.029730794672961,14.979267036730015,16.847453112743977,18.595188851204888,20.193773223457054,21.625022426190885,22.88047773850838,23.959957500004855,24.869745093844866,25.620689447767294,26.226440410926088,26.701967133259917,27.062431225178187,27.322421455744134,27.49551039437432,27.594067287520893,27.629252973591576,27.61112696000771,27.54880864931094,27.450649571977028,27.324388116837017,27.177270751681185,27.016133317812386,26.847442648526727,26.677302914296025,26.511433313156346,26.355124576725082,26.213181733871945,26.08986003016128,25.98880009312318,25.91296752018141,25.864601139285046,25.84517329879528,25.85536470263793,25.895055524027143,25.963333804198594,26.058521467251865,26.178217654030142,26.319358493345902,26.47829188484937,26.650865361617697,26.83252462867677,27.01841993130848,27.203516987250662,27.3827088105419,27.550924350636205,27.703229456978193,27.83491524802656,27.941568515646914,28.019118351365567,28.063852795480717,28.072399094071944,28.04166129305068,27.968709697407334,27.85061859222392,27.68425208498967,27.466003567547894,27.19150262330085,26.855314450791948,26.450670680676676,25.969285527844438,25.40132498593353,24.735605311464564,23.960095353226542,23.062780137461676,22.032906574312705,20.86257546620515
16.56675281220454,14.739611988320778,12.847994164194715,10.942973001774082,9.079648637593177,7.313592813123962,5.697127889262838,4.275861909024714,3.0858618196812264,2.1517457286880513,1.4858351428848904,1.088358498979404,0.9485658490659308,1.0465218470454651,1.3552998451885916,1.8433025642854162,2.476474545509207,3.220233987562742,4.041021674412147,4.90743013246698,5.790928760915563,6.666236770600125,7.511415402421375,8.307756643747272,9.039541313096104,9.693728903870602,10.259628409449613,10.728586074967716,11.093714290307519,11.3496764917393,11.492536183871593,11.519673803901743,11.42977263565203,11.222873706392857,10.900498862983941,10.465840301810573,9.924013004729655,9.282363140363415,8.55081995911777,7.742270674189076,6.872927256744193,5.962641487088787,5.035111226954791,4.11790882686041,3.2422548914654428,2.4424610592287204,1.7549779947768291,1.2170127691365904,0.8647246881577875,0.7310687399636508,0.8434252829998972,1.2212230016780943,1.873815548372109,2.798895496835402,3.9817095256155204,5.395270008975693,7.001644336666988,8.754259594627142,10.601011555560191,12.487842611411688,14.36238001882234,16.17722036676714,17.892510340289405,19.47759369700873,20.911643856934177,22.1833495780826,23.289839900789218,24.235105617450614,25.028192523034907,25.681413262732384,26.20876460249631,26.624663338729174,26.943043024791372,27.176796534561614,27.33751157068269,27.435427657556357,27.47954047368762,27.477787485924235,27.43726263741511,27.364423176271014,27.265265829356355,27.145460979930608,27.010441872545435,26.865451366214884,26.715551930389786,26.565606054190848,26.420234587522405,26.28376020383636,26.160142489076225,26.05291032684109,25.965096386754894,25.899177692855314,25.857025476256222,25.839866805852676,25.848259837490435,25.88208391796643,25.940545218113826,26.022198043643236,26.124981480141656,26.246270568285027,26.382940776657286,26.531444142695292,26.687895086803913,26.84816356888113,27.007972946494963,27.16299960305743,27.308971132526302,27.441759581097607,27.557465940277837,27.65249174393682,27.72359323376478,27.76791312607051,27.782984568675296,27.76670149769297,27.717249440934197,27.63299111929046,27.51230234630614,27.353356226172583,27.15385810553235,26.910740747533897,26.619839181745974,26.27557758066252,25.87071542884973,25.39621510434242,24.841304316861084,24.193809937358225,23.44082934914169,22.56977705808304
19.252809466532298,17.680341926805347,15.988279678283963,14.212650915669645,12.396837216511088,10.589181416993183,8.839982187448497,7.1981976313523734,5.708226481628057,4.407120351556826,3.3225088408987364,2.471407841571998,1.8599538304321026,1.4839876421223703,1.330319561432546,1.3784544477252005,1.60254260461208,1.9733431343540575,2.460030768170724,3.0317324546491795,3.6587354712551425,4.313356647095005,4.970498127848105,5.6079378422682495,6.206413647406521,6.749561581441906,7.223763739105332,7.617952819905888,7.923410642963488,8.133588438541793,8.243968405221768,8.251979187318485,8.156972479358771,7.9602635165205005,7.665234208379509,7.277493498445122,6.805084588701648,6.2587224800667265,5.652037596843112,5.0017921922027675,4.328026376068967,3.654081196713573,3.0064391717031205,2.4143205789103606,1.9089796610370096,1.5226615411741395,1.2872100906457593,1.2323593916892897,1.3837941514669057,1.7611213566966608,2.3759471184757643,3.230287233895991,4.315545575253288,5.6122621067681795,7.090759520870601,8.712710317605705,10.433519990097945,12.205299274769661,13.980103999270607,15.713075908518302,17.365133254649386,18.90493388456735,20.30995080267155,21.56663613542134,22.669776657022318,23.621239327745783,24.42835494784044,25.102190004120285,25.65591940326864,26.103450880354163,26.45838199850454,26.733306923710707,26.939441710015785,27.08650723877348,27.18279714909578,27.235360087048672,27.250236304628746,27.232703292133916,27.187500096908153,27.11901301390152,27.031415408597802,26.928761425714864,26.81503764879887,26.69417902782226,26.570056219678115,26.446441428623608,26.326959292207636,26.2150286023996,26.113799843273608,26.02609275025901,25.954337386527904,25.900521595980862,25.86614712208773,25.85219616530246,25.85910967683759,25.88677824366426,25.934546002281003,26.001227623648298,26.08513803771717,26.184134213889777,26.295667985203014,26.41684860094637,26.54451341632588,26.67530487911304,26.805751750687765,26.93235229880601,27.051657015015152,27.16034823045224,27.255313815347833,27.333711931808907,27.393023546116048,27.43108907711925,27.44612515117207,27.436716961632857,27.40178124097618,27.34049445794572,27.25218075601574,27.136154680236693,26.991515364337495,26.816892160743155,26.610147337963213,26.36804998406018,26.085946821855575,25.757469734542294,25.374334816231002,24.92630075620219,24.401361079050673,23.78624013636731
21.413240397142797,20.159107127890323,18.760808099875625,17.238013019202207,15.618696967899512,13.93811162771398,12.236972830416095,10.559022832129807,8.948221958173638,7.4458795745424835,6.0880383283508355,4.903379388506153,3.9118317364015995,3.123964054809126,2.5411339298421005,2.1562833831898782,1.955213314900445,1.9181458719712703,2.021389996595289,2.2389538627868184,2.5439890880070086,2.909996419335025,3.3117639153744767,3.7260419924028545,4.131983178034961,4.511388170481021,4.848805309267435,5.131529908814943,5.349545228772314,5.495439987883319,5.564329623041781,5.553800787403377,5.463891247039982,5.297110397435139,5.058498874817243,4.755718882739235,4.399159626764577,4.002034551555337,3.5804391026897946,3.1533301010757393,2.7423816297797297,2.3716692142851894,2.0671360641848393,1.8558044224488146,1.7647135109383276,1.8195940850591557,2.0433274359160922,2.4542806616916746,3.064654331464669,3.879015030261061,4.893204149268949,6.093806782604245,7.458325032261008,8.95612843133135,10.550157910636106,12.19925330423002,13.860877307761484,15.493941297108194,17.061416275731645,18.532442218557343,19.883726536756072,21.100131891862922,22.174472831162653,23.106646281174655,23.90229419316909,24.57122791133574,25.125833709456046,25.579636598605514,25.946139056791548,26.237987534261272,26.46646434156792,26.641262920106314,26.77048258048083,26.860772656447566,26.91756145302935,26.94531751776892,26.947805355330726,26.928311659871607,26.889829700538886,26.835198018025572,26.76719518752984,26.688595594825394,26.60219260859119,26.51079582444629,26.417208691793135,26.32419215784303,26.234419190716242,26.150424294434828,26.074551456098376,26.00890338291583,25.95529438671303,25.915208840339094,25.8897667471307,25.879697616671585,25.88532351657907,25.90655186379815,25.94287822599319,25.99339912276912,26.05683454813778,26.131559681563697,26.21564501738367,26.30690392382373,26.402946445342675,26.501237986970082,26.599161366837855,26.694080591693034,26.78340459602471,26.864649081837086,26.93549449279248,26.993838039068745,27.03783753921161,27.06594464038751,27.076924695559306,27.0698601962567,27.04413417779058,26.999389454650657,26.935458984696172,26.852262260947334,26.749662662865905,26.627281577849473,26.484267381386402,26.31902168636888,26.12889225113458,25.90985192826217,25.656195822713926,25.36030324716729,25.012524707743232,24.60126330437932
23.012473583567953,22.087350840968103,21.01972116693716,19.815114195760295,18.48640240280585,17.053922138367554,15.544889427237912,13.992111307993715,12.432095785050688,10.902752806436355,9.440937383928354,8.080103235658974,6.8483096644085455,5.766763391911104,4.848994847037861,4.10068157020514,3.5200550471769025,3.098772015919117,2.823101840080003,2.675277087068997,2.634870061909716,2.680086682031468,2.7889034436752747,2.940007176819573,3.1135265268987498,3.2915663480206554,3.4585708596248494,3.6015491265167245,3.710198458651406,3.7769591925153367,3.7970294051033466,3.7683615366280714,3.691655433627515,3.570354439260968,3.410643105642958,3.221437041879325,3.0143475354558404,2.8035962527462432,2.6058491668844885,2.4399348430114642,2.3264116228854084,2.286952596169475,2.343527992015453,2.5173828124315856,2.8278332645116038,3.2909374647575422,3.9181307229588596,4.714948200605187,5.67998102282867,6.8042186108487215,8.070913830070433,9.456065379040139,10.929545472226994,12.456817983038949,14.001105904052654,15.52579354631707,16.99680422106975,18.38468952703151,19.66620507794252,20.825223285939224,21.852931994033195,22.74736882004374,23.512425671752325,24.156511601743304,24.691078665160724,25.129197130021257,25.48432260188731,25.769341249603187,25.995923100333435,26.174167026573652,26.312489829928992,26.41769658442843,26.49516769562919,26.5491057938723,26.582798168202245,26.598864247296092,26.59947012604608,26.58650201862738,26.56169745554297,26.526737317312115,26.483303991688622,26.433111694810414,26.37791487083166,26.319500004159696,26.259665427493335,26.20019295430664,26.142814488351533,26.08917619302481,26.04080233754276,25.999060558273264,25.96512996176812,25.939973231817888,25.92431367064081,25.91861789271503,25.923084691205638,25.93764040701256,25.961940947151856,25.99538042217003,26.037106202402736,26.086040031634475,26.140904685927723,26.20025552694105,26.26251617460613,26.326017414794283,26.38903836407844,26.44984883537989,26.506751783284237,26.558124652353154,26.60245839962471,26.638392904328715,26.664747400468084,26.680544453856516,26.685025832793112,26.67765836633887,26.658127522636313,26.62631595689672,26.582263681221466,26.52610584481564,26.457983501331732,26.377922399937884,26.28567511992693,26.18052327124257,26.061039617964546,25.924815482912322,25.768167127827194,25.585845993860087,25.370790953221544,25.11397417229745
24.09264835420354,23.469158583615773,22.7227967802919,21.849090180020227,20.848873531161374,19.72912188317762,18.50330312188276,17.191147348490297,15.81780609820849,14.412460326690951,13.006515531166647,11.631579929329185,10.317446865461875,9.090292421482342,7.9712579916107185,6.975525539650908,6.111923399923487,5.383035361572055,4.785734923836248,4.312035172064006,3.9501333829771186,3.6855353632028214,3.5021626906940337,3.3833708620656324,3.312832776296214,3.275266160260884,3.257003083652206,3.2464135931508453,3.2342037304629168,3.2136114578906305,3.1805232845563394,3.1335307099060516,3.073939928440158,3.005741371882615,2.935538274564399,2.8724261458086726,2.82780845715458,2.8151287469732758,2.849496608285941,2.947185692868308,3.124987006463546,3.399411285359429,3.7857505545524512,4.297030640715336,4.9429118012459385,5.728620635300164,6.6540185586360545,7.712924897640956,8.892810625912045,10.174957805684357,11.535138630345955,12.944809410033915,14.372746289932227,15.78698220594072,17.156851702584632,18.454923772157546,19.658610452081042,20.751281297729715,21.722784101153984,22.56935705008654,23.29300043551477,23.900441503023977,24.40186334931081,24.80957418693558,25.13677034975019,25.39650401220998,25.60091609639228,25.76074691084998,25.88509939850154,25.981406171801382,26.055541746321413,26.112022868745058,26.15424865005205,26.184744432411858,26.205385814845272,26.217590044603185,26.222470135309663,26.220952501469526,26.213861992855097,26.2019795654896,26.186078037270796,26.166940942259558,26.14536877609727,26.12217614245024,26.09818258997887,26.0741993232219,26.051013488198485,26.029371361591917,26.00996148963743,25.993398606991086,25.980208997480815,25.97081782247106,25.965538827483247,25.964566736107898,25.967972547275245,25.9757018647921,25.987576305278917,26.003297951760405,26.02245674526717,26.04454063632048,26.06894825268074,26.095003779852853,26.12197369708775,26.14908496434909,26.17554421497717,26.20055747418058,26.223349893962542,26.243184968634054,26.259382668321976,26.27133589560513,26.278524624827554,26.280527013679517,26.277026667264405,26.267815066726246,26.252787924499017,26.231933871915565,26.205313402086407,26.17302537615802,26.135157680654952,26.09171788050273,26.042539116926477,25.987156341276897,25.924648683790277,25.853445887162724,25.771100904623054,25.674037494656773,25.557291126249023,25.414273273341877
24.74125037603123,24.37137931951407,23.907259620145318,23.338850625475587,22.659153885084905,21.86530101823899,20.959416921005545,19.949118701843425,18.84754784887054,17.672891713569747,16.447420263419737,15.196132024307762,13.945156276045696,12.72008738159796,11.54442766656905,10.438289614143867,9.417463352809627,8.492901308216775,7.670618528987727,6.951962753692918,6.33417777626379,5.8111686530996955,5.3743764119961455,5.013679872707492,4.718258847741046,4.4773723514188575,4.281024238070989,4.120504676487657,3.9888078425231823,3.8809338352073217,3.794086373418767,3.7277779663584374,3.683851813014374,3.666425577604058,3.6817573197357145,3.7380291364533607,3.845040413515945,4.013800912884153,4.256015151376236,4.583454452382261,5.007222210839039,5.536931342122658,6.179829882419966,6.9399295972313535,7.817210496028333,8.806987672548324,9.899531737958046,11.080026445115108,12.328924435172883,13.622724347740824,14.935143062087437,16.238602238939848,17.505897918864406,18.711885926301917,19.83500296079687,20.85845831663859,21.770973272453993,22.567007438830256,23.246482184817477,23.81407719752798,24.278225199452507,24.64995413459279,24.94172395664817,25.166380526066437,25.336310165880754,25.462834804554383,25.555848026212722,25.623662664482904,25.67302328018457,25.70923133258604,25.7363344005928,25.757339896786313,25.774424983611603,25.789125295963885,25.802494071708008,25.81522979362308,25.827774522607207,25.84038719497916,25.853196836584583,25.866240450505668,25.879489688275395,25.8928696090493,25.90627204234154,25.91956538490727,25.932602110807114,25.945224852579404,25.957271602476563,25.968580363088957,25.97899342476752,25.988361345043785,25.996546638826064,26.003427147316014,26.008899031089495,26.012879323540776,26.01530798133117,26.016149376034107,26.015393183875883,26.01305464675709,26.009174196249415,26.00381645177428,25.997068623552273,25.98903836910711,25.979851168122607,25.969647293355695,25.95857846421161,25.94680427359494,25.934488476775453,25.921795222028248,25.908885285038174,25.89591234001641,25.883019256417118,25.870334345440554,25.85796738691388,25.846005132974224,25.834505794500014,25.823491749612877,25.81293934820539,25.802764200856068,25.79279972232835,25.78276595986978,25.772224929811564,25.760517940042067,25.7466799218271,25.72932599101552,25.70650679304335,25.675532226984572,25.63276842273133,25.57342065211765
25.06135385965175,24.891471322966986,24.657558983169835,24.347610561647546,23.950755605734784,23.458267247964592,22.86454838316212,22.167972068742465,21.37145538096994,20.48267103122842,19.51384482637576,18.481142126605548,17.403702597577094,16.302429264752217,15.198666906624243,14.112912000885377,13.063682301759421,12.066643295717155,11.134048410605264,10.274507726863545,9.493062776170744,8.791517344992767,8.168957987022551,7.622392823492174,7.1474411411614795,6.739016388851779,6.391958398443227,6.10158438970412,5.864140626569016,5.677146313713447,5.539627998726864,5.452246478659266,5.417319498452951,5.438743122551216,5.52181344910221,5.672949265063906,5.899316245837634,6.208355236371678,6.607221682160288,7.102150765951028,7.697773134816444,8.396418523124344,9.197457587796364,10.09674361222499,11.08622256070535,12.153779258604192,13.28337668339157,14.455523182598512,15.64806961027342,16.837298124784546,17.999222412301062,19.11098280022308,20.152196786755773,21.106122032984587,21.960507553824296,22.708047883453055,23.34640800267073,23.877844124740975,24.308496335801507,24.647464466760646,24.90579310878312,25.09548489977218,25.228637161601295,25.316762735454724,25.370319427116424,25.398440703982313,25.408837590087987,25.40782960881793,25.400460169170056,25.39065645377346,25.381402572022893,25.374904699174028,25.372736105200406,25.37595725405681,25.385211167974457,25.40079717725758,25.422727463294535,25.450770972028156,25.48448879232037,25.52326431142615,25.566330610987478,25.61279678346018,25.66167419017478,25.711903162597523,25.76238025803681,25.811985900359325,25.859612043870417,25.90418937530309,25.94471349945427,25.980269526661484,26.01005448629855,26.033397023281587,26.049773889211753,26.05882281216056,26.060351415661387,26.054341954888187,26.04095174304851,26.020509250481915,25.993505969631702,25.960584247778698,25.922521393109527,25.880210455411255,25.83463816773482,25.786860607330546,25.73797719094306,25.68910365943211,25.64134472828712,25.595767082861023,25.553373379199467,25.515077872342456,25.48168423282186,25.453866026994596,25.432150224825694,25.416903954805235,25.40832454209812,25.406432631449327,25.41106789543567,25.4218864424997,25.438358547943682,25.459764719699354,25.485187380083232,25.51349462922973,25.54331174776803,25.572975474640696,25.600465952156846,25.623311976420553,25.638467330213278,25.642160011258994
25.1502622294887,25.131241528561915,25.075259388147337,24.970639519941923,24.805551785922752,24.56877305612271,24.250543668994457,23.843436198500086,23.34313685430326,22.74903857092067,22.06456085499405,21.297143155890666,20.457900664486534,19.560976331783056,18.62266225278905,17.66039050595399,16.691704114059675,15.73331259445268,14.80031643289474,13.905655775337973,13.059806513409992,12.270717054104693,11.543955280135167,10.883019541099454,10.289760208519748,9.764858259631747,9.308312607165819,8.919896299522183,8.599551295279515,8.34770073618579,8.165465533800209,8.054778230142439,8.018391545476753,8.059782191834199,8.182953038254162,8.392139290964456,8.691427703043832,9.084302509815215,9.573138077929462,10.158666033073269,10.839453256365864,11.611435408408017,12.467556822972746,13.397569637003752,14.388040822311188,15.422603791932836,16.482470980989532,17.54719634549189,18.59564503620748,19.607096247383947,20.562380106824236,21.444936049182715,22.241682473656954,22.9436069209317,23.54602029354735,24.048462213132133,24.454289630130592,24.77001901325655,25.004517157005754,25.16814333156599,25.27193648642054,25.32691928560914,25.343561842406476,25.331418537158825,25.29892654179259,25.253337836877492,25.20074844463676,25.146188223016875,25.09373961623912,25.046661653884684,25.00750397877402,24.978203193897297,24.960159536947774,24.954295633355287,24.9611010736795,24.980667233773985,25.012716562912438,25.05662989682787,25.11147449520024,25.176034637894038,25.248845838556058,25.328233087519788,25.412353023367693,25.499239541940362,25.586852065032506,25.67312549052968,25.75602071606737,25.833574557512545,25.903947862702005,25.965470643157534,26.016683106609616,26.05637156656962,26.08359832768359,26.097724792968968,26.098427206889454,26.085704631914993,26.059878950835852,26.021586887536337,25.97176423995263,25.911622715302332,25.84261994426547,25.766423422754798,25.684869282752928,25.59991692342768,25.5136006369741,25.427979437654656,25.3450863453272,25.26687838510812,25.195188542170253,25.131680855094935,25.077809743224066,25.034784543838644,25.003540084320576,24.984713932656764,24.978630755301555,24.985293960944535,25.004384515522602,25.03526646753217,25.07699830924329,25.128348802371164,25.187815301494126,25.25364191055236,25.323834026947736,25.396165028807864,25.468170178952658,25.53712248415346,25.59998559819496,25.653340320658796
25.087961167648544,25.18013352190313,25.257112952963958,25.30860453716267,25.32347524745721,25.29024303989125,25.197700356441953,25.03563140899497,24.795560410832632,24.471452772648746,24.060287411588593,23.562427872318757,22.98174220399882,22.325452888572123,21.603732926309966,20.82909611351353,20.015653070990783,19.178316199669332,18.33203556322282,17.49113533417201,16.668800301507456,15.876738251349508,15.125020856412146,14.422086197524969,13.774872060251186,13.189041266810701,12.669258023575654,12.219476414920258,11.84320730409685,11.543736613522126,11.32427512942147,11.188026873191667,11.13816936433263,11.1777447649957,11.30946617646106,11.535448594295836,11.856879536443556,12.273650292913,12.783974985555554,13.384030686226364,14.067656841292887,14.826154967954352,15.648228619791311,16.520097657149535,17.425809059716826,18.347748908253536,19.267337959357867,20.16586898303369,21.02542140125332,21.829772000137055,22.565213521158583,23.22119836924921,23.7907429003521,24.27055652048495,24.66089448805281,24.96516772327562,25.18937088143214,25.341406652597918,25.430387478051358,25.46598636439542,25.457889541281148,25.415380169793796,25.34705916491989,25.26069043541429,25.163145728460368,25.060419198458757,24.957682714940773,24.85935785566022,24.769187392657695,24.69029609509241,24.625236654761963,24.576020920232246,24.544139333603766,24.530572743950074,24.53580100355648,24.559812323644287,24.602116594565864,24.66176498801747,24.73737729457459,24.827177679950328,24.929038893970862,25.040534437976987,25.158997778132044,25.281587369615828,25.40535601661547,25.527322924723453,25.644546697888824,25.75419748566813,25.853626493806328,25.94043112844336,26.01251414790455,26.068135342235877,26.105954445018714,26.125064199544585,26.125012746502325,26.105814766680933,26.06795109307815,26.01235679512515,25.940398026195783,25.853838206852547,25.75479438325097,25.645684845995234,25.529169313260414,25.40808316761844,25.28536738401433,25.163995892984943,25.04690218579045,24.936906985036348,24.836648775111065,24.748518911942185,24.674602912761518,24.616629366181694,24.575927703930727,24.553395841324143,24.54947842700636,24.564156145840307,24.596946192610503,24.646913676461793,24.712693321430447,24.792520388023217,24.884269242497798,24.985497431919907,25.093492477696653,25.205317888468148,25.31785415897195,25.427829864060403,25.531837553455027,25.62632927205459
24.933726713420036,25.107827847266726,25.282964691155257,25.450384596713242,25.600260272018872,25.721964673677835,25.80446858832281,25.836851286972966,25.808895747442985,25.71172194397534,25.53839852451197,25.284468242938274,24.94832770923758,24.531417169290123,24.038198742618086,23.475927787575554,22.854247103591426,22.184653227875167,21.479895213866662,20.753367935290456,20.018554952603893,19.28856254482145,18.57576962943511,17.891600977002398,17.246415850553362,16.649492582690648,16.109082341206772,15.632502332606265,15.226239313765376,14.896037619023783,14.646951029473751,14.48334391871301,14.408833633251046,14.426172664232194,14.537075676025854,14.742002800296646,15.039916686790798,15.428036409628726,15.901616049989805,16.453778978397285,17.075439723645577,17.75534295861381,18.480242812283134,19.23523508776893,20.004240350616357,20.770618438340982,21.517876826626765,22.230419281546766,22.894270410290794,23.49770878747428,24.031747862433356,24.490419730938726,24.870840033804242,25.173058992163984,25.399729228140995,25.555640993313332,25.647186389012738,25.6818147626584,25.667532591750657,25.61248557993245,25.524642177937878,25.411580109885687,25.280363668155058,25.137491097900217,24.988888452523955,24.839927876653064,24.6954527759317,24.55979809491594,24.436799577751046,24.329790549797053,24.241588044757002,24.17447201004826,24.13016208571439,24.109796394116245,24.11391621581485,24.142459616136357,24.194766203188493,24.269594346901847,24.365151422161233,24.479136975378314,24.608798152628722,24.750996260723568,24.902282950817202,25.058984209319,25.217290107219693,25.373348092770105,25.52335751146008,25.663662999785036,25.79084442370389,25.901801116845714,25.99382831446192,26.064683872893124,26.11264360589847,26.136543852491563,26.135810208873814,26.110471701738145,26.061160043048446,25.989093978324988,25.896049112180222,25.784313957035046,25.65663329451019,25.51614025529805,25.366278804424837,25.21071855764973,25.05326404532286,24.89776067756741,24.7479997457336,24.60762481768539,24.480041848075807,24.368335230247812,24.275191866063473,24.202835127400068,24.15297033295001,24.126743071879133,24.124711377909716,24.146832399643696,24.192463831051924,24.26037996439932,24.348801808732247,24.455440279755507,24.577551007263317,24.711998816666966,24.85532941231647,25.00384521571606,25.153681695958614,25.300879901683167,25.441450334666516,25.571422927379388
24.72792621521246,24.963675344582033,25.211968317950216,25.46527825533847,25.715024253304172,25.951715096468597,26.165182664734267,26.344911709889427,26.48046057008665,26.56195300478649,26.58060720302393,26.529257103225397,26.402816118763994,26.198635811732416,25.91672208636275,25.559787540495034,25.13313788983933,24.644409432015077,24.10319011404893,23.520566575859334,22.908642538630072,22.28007042309804,21.647629540483095,21.023872649077198,20.42085028925174,19.84991098306912,19.321566444542317,18.845405090523123,18.430034493397073,18.083033673014558,17.810898737316727,17.618969712586587,17.511331844536798,17.49069067091475,17.55822631901655,17.713438369998556,17.95399785450284,18.275627047302095,18.672030186065243,19.134898476049358,19.654010215152113,20.217441204611823,20.811891757111688,21.423125035038534,22.03649821664019,22.637554768904423,23.21263500669128,23.749455328489187,24.23760584414804,24.668922467480307,25.03770258874245,25.340751435430512,25.577266287959812,25.748584370932285,25.85783422192655,25.90953735569463,25.909206313739354,25.862977583435885,25.777305586532755,25.658729865108402,25.513714558321936,25.348549382365327,25.169295653105053,24.98175940151612,24.791475482423284,24.60369050386127,24.423337118404667,24.25499668743496,24.102850911464575,23.97062545523482,23.86152991927846,23.778198925396353,23.722638859138847,23.69618420046774,23.699466573147838,23.732398789349517,23.79417533799616,23.883290002572398,23.99757061030852,24.13423031084369,24.289934254777307,24.460880086691795,24.64289028053247,24.831514026778986,25.022136131186958,25.210090205303135,25.39077332078,25.559759263503064,25.712907559477458,25.846465550810983,25.95716097405443,26.042282730201332,26.099747829924297,26.128152841871465,26.126808557573852,26.095757004188293,26.03577037557683,25.94833190219301,25.83559912971277,25.70035051410829,25.54591665599161,25.376097879180406,25.195070198013646,25.007282006486797,24.817344052584936,24.629915427532474,24.449588397924558,24.28077493644121,24.12759776342108,23.993788598107567,23.88259613772644,23.796706039191985,23.73817487813475,23.708379710336345,23.707984469786943,23.736924014335905,23.794406183377095,23.87893177093423,23.988331849590686,24.11982141182048,24.270067828646038,24.435272161064105,24.611260893737526,24.793585186945293,24.977624256173083,25.15868899023434,25.33212142664143,25.493385266439937
24.49615740186914,24.77991509812016,25.08418266266015,25.402193704819343,25.726251592942898,26.047814067828256,26.357633641884096,26.64596523528369,26.902846711704644,27.118449171320673,27.28348315321853,27.389636120930092,27.43000793250879,27.399506438147018,27.29516620345549,27.116359837399557,26.86488253811499,26.544904320198174,26.162798518705042,25.72686721526384,25.246992417068466,24.734245251777576,24.20048419506596,23.657968302597837,23.11900395636786,22.595635293227353,22.099380650296244,21.641011079001558,21.230362855549224,20.87617414339835,20.58593640035876,20.36575339882248,20.22020434462752,20.152211987976717,20.16292125912211,20.251598279834468,20.415563057410203,20.650171237266736,20.94886049299679,21.303275088105355,21.7034776545296,22.13825038871382,22.595479135866327,23.062604115627227,23.5271116312991,23.977033543636097,24.401417114979672,24.790728233996965,25.137156529087438,25.43480106154444,25.67972877736862,25.869912532182354,26.005068779409708,26.086424630746436,26.116448416046566,26.09857665753407,26.03696428221767,25.936275612165417,25.801523337873224,25.63795334448241,25.450966421402125,25.246064243402394,25.028806471982453,24.804767704791225,24.579486322730368,24.358401075824037,24.146774745611914,23.949606960146788,23.77154004538828,23.616762720067328,23.488916650587214,23.391010589957716,23.325346226207913,23.293459113506742,23.296077256028994,23.333099120743032,23.403592100980298,23.505811750048323,23.637241456665922,23.794651642183723,23.974177024222293,24.171410014751192,24.38150790642028,24.599311153731925,24.81946978023625,25.0365747437507,25.24529097210717,25.440488744217937,25.61737013580327,25.771587374629586,25.899350153401617,25.997519224528197,26.063683943067396,26.09622182385741,26.094338626324923,26.05808796469936,25.988369950382747,25.886908894424202,25.75621061849416,25.59950042951515,25.420643293578642,25.224048187001593,25.01455899534179,24.797334665115258,24.577721579535776,24.361121322204983,24.152857106553512,23.958042181170022,23.78145347119584,23.627413584997875,23.499684106664763,23.401372813720865,23.33485711281203,23.30172558254828,23.302739062072156,23.33781223714349,23.406016164108816,23.505601647759455,23.634042863124947,23.7881000940648,23.963899961765044,24.157031040090065,24.36265230518711,24.57561144329996,24.790569639951443,25.00212909113428,25.204959112145865,25.39391638275906
24.2537078984326,24.57616451086314,24.92465932056373,25.292768809220487,25.67327189697036,26.05822258380489,26.439053049192005,26.80671703717148,27.151881759746026,27.46517252026779,27.73746795612927,27.960235995747016,28.125892614842297,28.228158833351053,28.26238759436236,28.22583220903349,28.117832177980215,27.939899811256467,27.695700864911355,27.390932704781175,27.033112617509826,26.631295501220613,26.195743570643916,25.737570857314022,25.268382704139245,24.799926053798323,24.343761163863768,23.910960429619387,23.511836017208385,23.15569546587704,22.850623463897648,22.603288528048573,22.418775009612084,22.300443265626456,22.24982345471242,22.26655070193115,22.348350808462236,22.491085808309975,22.68886716463339,22.93424110285362,23.218445591223173,23.531732191162217,23.863739106892417,24.203895228124797,24.541829887867813,24.86776051319767,25.172831116233397,25.449378938612355,25.691114153657022,25.893207303935103,26.052289549123365,26.16638005224097,26.23476135827908,26.25782639193616,26.236919491853627,26.174189308502232,26.07246466660243,25.935157175773295,25.766187918713772,25.569930995263622,25.35116451259948,25.11501967422313,24.866920400489896,24.612508678658266,24.357553871036036,24.107846947636823,23.869082722769818,23.64673454727555,23.44592658416022,23.2713089094186,23.126940393995298,23.016183785526195,22.94161673436481,22.904961774786955,22.907037525303856,22.947732636136273,23.02600329897463,23.139894450314944,23.286584149587206,23.46245000228852,23.663155932989945,23.883757101102844,24.11882030192659,24.362556814923224,24.60896435785331,24.85197458564385,25.085602441346627,25.304093626126722,25.502066506698444,25.674644920663845,25.817578569313483,25.92734799801821,26.00125154877559,26.037472118349235,26.035122057722116,25.99426509190238,25.915914710061905,25.802009060434084,25.655362967875508,25.479598260037807,25.279054126604116,25.058679731646546,24.823911739545835,24.580539789143927,24.334563249583685,24.092042807218725,23.858950560708706,23.64102233780956,23.443615891560167,23.271578486987302,23.12912715578657,23.019744581534376,22.946093189694054,22.909949564647413,22.91216081140036,22.952623934903265,23.030288738402206,23.143184157686164,23.28846736433345,23.462494401411007,23.66091057178253,23.878758292738482,24.110599669138487,24.350650625648214,24.592923078488383,24.83137131669214,25.06003849863841,25.27319894942445
24.009277162496158,24.36362471556188,24.747944470549125,25.155866500492092,25.580323270782777,26.013633540260848,26.447601548973232,26.87363751066519,27.28290589185713,27.666506926770722,28.015694022950722,28.32212525583197,28.578141561798642,28.777058427462904,28.913452952177504,28.98342519312373,28.984812428533413,28.917337616691917,28.7826785245869,28.58445089209225,28.32810644017335,28.020753359532915,27.670912191830354,27.28822319571161,26.88312228003575,26.466501689675354,26.04936941806486,25.642518480149022,25.25621435774203,24.899906627314593,24.581969290133742,24.309473716586602,24.087998261321545,23.92147922123254,23.812108516215716,23.760283860511425,23.7646168749934,23.822003270376527,23.927756755339853,24.07580473313888,24.25893941140219,24.469113154046156,24.697762426694855,24.936141294536302,25.175643846043283,25.408095652736527,25.625997592193812,25.822710763770818,25.99257806479851,26.13098517940752,26.234370047301216,26.300194254768297,26.326891549909067,26.31380770813286,26.26114271272217,26.169901556106336,26.041854994651658,25.8795073122043,25.6860652765712,25.46540130716797,25.22200430632304,24.960913241593722,24.687630864951892,24.40801739381907,24.128166155476933,23.854264872305848,23.592447359762232,23.348640957357816,23.128415115233487,22.936836335036272,22.77833422316408,22.656582841839953,22.574400896822667,22.53367361553809,22.535298466596032,22.579156163176265,22.66410768725394,22.788017377192833,22.947801446826997,23.13950065991674,23.35837528084413,23.599019872005123,23.85549502172295,24.121472674011542,24.390391402245072,24.655617730160095,24.910609461087304,25.149076933157,25.365138175400162,25.553464095743223,25.70941008304873,25.829130745449135,25.90967492793472,25.949058643171938,25.946314098779393,25.901513598250688,25.81576771673682,25.691197791569273,25.530883404922022,25.33878615659091,25.119651613134675,24.87889186098816,24.622451572199097,24.356660900224583,24.088078849618114,23.82333099935657,23.568945599166188,23.33119209807019,23.115926103543266,22.928444609668436,22.773355077560154,22.654461607414937,22.574671017443634,22.535921151173625,22.539133183439347,22.58418910045355,22.669934905355646,22.794209462897832,22.95389826100024,23.14501074808351,23.362779317920644,23.601777471495808,23.856054199390165,24.119281207419593,24.384909258459796,24.64632962701458,24.89703645916092,25.130785695655078
23.767638587758885,24.148325502647236,24.561882693348064,25.001839642053902,25.461087673698167,25.93198188481546,26.406451048445224,26.876117926270748,27.332433502011,27.766829017765197,28.170889000840585,28.536546524009122,28.856298814776352,29.123437387675608,29.33228275142302,29.47841021915037,29.55885117316578,29.572253839149692,29.518989390571317,29.401192816397806,29.222732884634706,28.989110956037614,28.707293553206547,28.385487814769274,28.032871858849912,27.65929353357597,27.274951196601418,26.890069373322497,26.51458080450121,26.15782489563885,25.828271211782585,25.533275571741093,25.278875486776577,25.06963103639903,24.908516569079868,24.79686761887335,24.734385927653104,24.719203327166515,24.748002463995483,24.81618909895354,24.918107294557007,25.047285662820133,25.196700486987034,25.359040429378354,25.526958025947266,25.693295336850845,25.85127475786117,25.99465058482883,26.11782172497771,26.21591014976745,26.284812573005652,26.321233974054557,26.322710903856184,26.287630329573464,26.215246703061293,26.10569671963199,25.960008551692987,25.780100674874635,25.56876494474219,25.329629243410952,25.067096506545994,24.786258876633077,24.49278773314606,24.192802134622646,23.892719599485822,23.59909409168653,23.318446587239514,23.057093748707157,22.820980111728808,22.615518869223536,22.4454458864517,22.314691036745874,22.226270341292263,22.182201744642455,22.18344667308707,22.229878816144616,22.320280852859526,22.45236912602418,22.622845561627678,22.827475451387535,23.061189077047224,23.3182045698915,23.59216888055454,23.876313294366405,24.163619576279743,24.446992574980133,24.71943496404929,24.974219752567485,25.205056259341003,25.406245412480317,25.572820505232055,25.700669903199785,25.786638648456208,25.828606431505886,25.825539989690117,25.7775186259706,25.685732209422266,25.552451701734125,25.380972935682575,25.17553503504264,24.94121549431677,24.683804515412273,24.40966171265076,24.125558734505383,23.838511699410994,23.555607595239564,23.28382894134422,23.029881054771092,22.800026197290087,22.599928708946067,22.434514961155095,22.307851594761424,22.2230450550753,22.1821649079971,22.18619283200237,22.234998544627324,22.32734325490489,22.460910551443654,22.63236395631389,22.83742971426416,23.071002761097084,23.327273239255767,23.59987041620429,23.882020423318096,24.166713878415187,24.446879189354984,24.715557161503853,24.966072447113085
23.531337249559666,23.93332081989398,24.370364681088574,24.835851458533007,25.322552733294437,25.82274705071708,26.328343325152836,26.831009579778478,27.322307960677513,27.79383772397175,28.237388142192366,28.64510277535488,29.00965518013507,29.324433942139223,29.58373217313005,29.782933759090383,29.91868621622246,29.989048529196165,29.99360218313548,29.93351489575755,29.811549178203503,29.632011438489148,29.40064138201074,29.12444542216154,28.811481233754566,28.47060316088708,28.111179811281346,27.74279587968957,27.37495020835678,27.016761528126505,26.67669243333369,26.362301073808094,26.080028865601488,25.835031219070537,25.63105679514003,25.470379046547325,25.353781723235112,25.280597625164667,25.24879726708821,25.255121472303315,25.295249513430395,25.363992587728763,25.45550145321653,25.563477169588566,25.68137513745481,25.80259486638979,25.92065078689625,26.029322469843116,26.122785296453642,26.195724468453975,26.243435975540994,26.261917706601405,26.24795251560672,26.199183139398095,26.11417690462719,25.992476609489948,25.834633138064458,25.642215383729205,25.41779385625431,25.164895717780915,24.887930663036247,24.592088762141614,24.283212911840288,23.967649765927526,23.652083889862134,23.343360419124803,23.048301741314212,22.773523725648822,22.52525684465752,22.30917721496254,22.130252158798562,21.992604377113135,21.89939824426319,21.852751095867532,21.853671696945742,21.902027359319398,21.996540438756618,22.134814198023385,22.313387287203252,22.52781538306904,22.772777860523206,23.042206756155466,23.329434740740403,23.6273583565116,23.928612407001253,24.225751120723487,24.51143155125733,24.778594629073055,25.020639345810427,25.23158572802457,25.406222540338426,25.540236040555342,25.630316582216665,25.67424041173515,25.670924624040737,25.620453907462245,25.52407840890651,25.384182767007868,25.204227076108342,24.988661240016395,24.742814834263626,24.472765202709276,24.18518705380379,23.88718728026209,23.586129091966196,23.2894498165604,23.004476878878645,22.738246515192852,22.49732971020547,22.28766966544454,22.114434821725997,21.981891072743114,21.893296331208674,21.850820055122206,21.85548972340316,21.907165582651984,22.004544286711315,22.14519133532746,22.325601505243768,22.541285774084677,22.786882581455835,23.056290668831988,23.342820204611712,23.63935844586444,23.938545824113156,24.232958076555494,24.51528988086524,24.77853539219806
23.301676007074114,23.720029718203897,24.17509697643591,24.660140590770354,25.16781936661591,25.69031696840799,26.219475853554695,26.746934818111146,27.26426940444604,27.763135108668045,28.23541382322448,28.67336407596167,29.06977522923839,29.418124810739204,29.712736613800935,29.948935320908173,30.12319147994443,30.233249071407823,30.278227000811263,30.258685889012312,30.176652610088496,30.0355970572319,29.84035835994367,29.59702088810843,29.312743491409766,28.995548210555643,28.654076926986605,28.29732596954879,27.934369553201293,27.574083144327393,27.2248775254102,26.89445356776636,26.589586593998835,26.315947773632928,26.077968277451053,25.878749947261145,25.72002406699223,25.602157536254875,25.52420348620136,25.483991321338834,25.47824952418149,25.502753512922702,25.55249052859768,25.621833981542732,25.70472081676621,25.794827049429642,25.885738368116257,25.971114265725873,26.044845238941562,26.10120301311873,26.134983473441398,26.141641151124254,26.117412986460813,26.05942798616753,25.965798604904037,25.835689413635905,25.66935894696776,25.468171497197343,25.234576899036444,24.972057833694667,24.685045684640787,24.378807348299596,24.059306544765924,23.733044044332367,23.406881825406465,23.087856533880657,22.782987759080562,22.49908661253188,22.242569922650876,22.019285063778693,21.834350038698524,21.69201294329434,21.595534372272503,21.547095687890227,21.54773538237099,21.59731503333721,21.694515595534668,21.836864007635672,22.02078933676536,22.241706952446542,22.494128532388174,22.77179507065007,23.067829498714204,23.37490505483492,23.68542515778465,23.991710266626825,24.28618704487134,24.56157509911933,24.811066630166007,25.028494516796133,25.208484644697954,25.346588687880182,25.439394038023824,25.48460814636248,25.481115178977856,25.42900357416899,25.329563812862453,25.185256452066813,24.99965120889635,24.77733860047972,24.523816325387898,24.245353198238952,23.948834005380615,23.641589122253656,23.33121311050639,23.025376785828303,22.73163740905614,22.457251699394988,22.208996298464996,21.99300012909247,21.81459279791325,21.67817279327653,21.58709873949841,21.543606397386586,21.548753463302994,21.60239353065493,21.703179855661624,21.84859883141106,22.03503233886028,22.25784742872523,22.51151111180298,22.78972741383926,23.085593299849265,23.391769605242125,23.70066273839273,24.00461265007209,24.29608240510991,24.56784464337487
23.07924538562418,23.508989412022295,23.976641924596425,24.475416952999428,24.997922125035338,25.536292760007775,26.082331483509602,26.627651285232574,27.16382038710204,27.68250777832713,28.175628717874023,28.63548979130166,29.054933122379456,29.427478991266966,29.74746536999875,30.010181806441835,30.211993815296122,30.35045268980065,30.42438468705997,30.43395310207047,30.38068699842478,30.267471366038695,30.0984951649395,29.879155919105212,29.61592200541676,29.316156277133903,28.98790692834068,28.639673359578776,28.28015612892426,27.918000818088235,27.561545814542473,27.21858364838592,26.89614468581936,26.60031073767249,26.336064565887952,26.1071794479117,25.91615098971881,25.76417138430444,25.65114443345881,25.57573803268461,25.535469594913376,25.526819152212315,25.54536465694391,25.585934257312378,25.64277092087507,25.709705538103968,25.780335348495232,25.84820500985168,25.906987760976303,25.950663889955294,25.973693196998163,25.971177494512453,25.93900861660179,25.87399710053757,25.7739767814956,25.637881054059733,25.465787461080573,25.25892846958744,25.01966764873619,24.75144183968927,24.45867118920785,24.146640031337874,23.821352505869704,23.489367489173,23.157617892747524,22.833219676692984,22.523276050374943,22.234682309762654,21.97393660581234,21.746961663657835,21.558942089519146,21.414181422166113,21.315982520176377,21.26655423799067,21.266946647125046,21.317016319323574,21.415422422397274,21.559653604132187,21.746084872393826,21.97006293775049,22.226017785446256,22.507597602369696,22.80782361653241,23.11926092463368,23.43420099874766,23.74485128500617,24.04352714187038,24.322841317043157,24.575886231347017,24.796404523230535,24.978943604409714,25.118990378224343,25.213082767763233,25.25889527853166,25.255296466208954,25.202376877993135,25.101446768967982,24.95500364479061,24.766670430286638,24.541105791780588,24.28388883119203,24.001381005034638,23.700568685764107,23.38889026247811,23.074052060918934,22.76383763960002,22.46591518283172,22.187647758416226,21.935911136672225,21.716923680017135,21.536092513241467,21.397879781283446,21.30569230375958,21.26179735606764,21.267266659915144,21.321949967670164,21.424478892283012,21.57230088582876,21.761742523504683,21.988100524647088,22.245758255943965,22.528324831474016,22.828793365054384,23.139714456384972,23.45338061522672,23.762017056447363,24.05797413954675,24.33391668257557
22.864191960197633,23.300250945940007,23.774985166919095,24.28165431354777,24.812907187129106,25.360916092168186,25.917517281105606,26.474355216463294,27.02302868815101,27.555237138066794,28.062925855658445,28.538428956123425,28.974609167077652,29.364993363493177,29.703902461210845,29.986573705851328,30.209272632524137,30.36939113669598,30.46552734680172,30.49754250031049,30.466589953808946,30.375111907985982,30.226800427230984,30.0265208241512,29.780197331796074,29.494663022146195,29.1774779521856,28.836721344439493,28.48076508761347,28.118036872102618,27.756781801006433,27.40483133075948,27.06938792403181,26.756832897301187,26.472563695152306,26.220865319916594,26.004819000223215,25.82624951593423,25.68571103064329,25.58250992505967,25.51476205664175,25.479481132880185,25.47269446720307,25.489582226476777,25.524636277052323,25.571834774382545,25.6248286123466,25.677135683757818,25.722338591332935,25.754281038050667,25.767257715452264,25.756192219267685,25.71679746676643,25.645713346276715,25.540616920356747,25.400301399222595,25.224721225864588,25.015001870636368,24.77341422011228,24.503314675955554,24.209053191193135,23.895852425656578,23.56966198281097,23.23699229502528,22.90473316014142,22.57996220892062,22.269748710958364,21.980958115656957,21.720062583903875,21.492962504276175,21.3048236145681,21.159933876044533,21.061583686267475,21.011972380259103,21.012143274094853,21.061948765797815,21.16004624248807,21.303924767497843,21.489961754148112,21.71350809148068,21.968999488308015,22.25009116144263,22.549812426598304,22.860737269308355,23.175166589437115,23.48531753540376,23.783515179563146,24.062381738119495,24.315018608539894,24.535176682920586,24.71741069257211,24.85721373995407,24.951128669182324,24.99683350350839,24.99319882326059,24.94031565488043,24.839493173727963,24.693226272231545,24.505133792253556,24.27986894779343,24.023004153395405,23.740893107843927,23.44051354624148,23.12929455244381,22.814932706238345,22.5052016161425,22.207759552440233,21.929959942029576,21.678669415675564,21.460097911126628,21.27964503690913,21.141766498876162,21.0498638947404,21.0062006031837,21.011845848045873,21.066648320558116,21.16924001087743,21.31707015241484,21.50646843714207,21.732735935653643,21.99026147017609,22.272660558908765,22.572933491617782,22.88363862307452,23.197076594393472,23.50548092181178,23.801210234514066,24.076937401413723
22.656350940196063,23.093578725829268,23.569829225753935,24.078512658076832,24.61242616046075,25.163884406396217,25.72485664928463,26.28710804871691,26.84234331312933,27.38235089246923,27.899146148963755,28.38511209183171,28.833136345341728,29.236742990805826,29.59021775194862,29.888724669343095,30.12841195352023,30.306504174943218,30.421377434069555,30.47261377117491,30.46103094187282,30.388683898544485,30.258834936660964,30.075890489011876,29.84530392233261,29.573445301793615,29.26744079837038,28.934986069771618,28.584139404103507,28.2231015592201,27.859989978142345,27.50261537041668,27.15826851831906,26.83352462781068,26.53407165849334,26.26456791778075,26.028532889279102,25.828273885834292,25.664849770067732,25.538071749229385,25.44654018043115,25.387715437881145,25.35802018343795,25.35296980628074,25.367327302817586,25.395278402362305,25.430622274719067,25.46697268063713,25.497963977528393,25.517456031176632,25.519731882793568,25.499682047278334,25.452969617304483,25.376170929049007,25.266887382844306,25.123825049827662,24.94683986020318,24.73694738253972,24.496297396776125,24.22811458120827,23.936607637587095,23.62685004585463,23.304636360029768,22.97631852608057,22.64862712243874,22.32848269754234,22.022802511088102,21.73830798216045,21.48133801480684,21.257673117998756,21.0723748718006,20.92964482605673,20.832706364581906,20.783712440640855,20.78368140353157,20.83246240739171,20.928731138667963,21.070015835181877,21.25275281466977,21.472370001142657,21.72339624993705,21.999593642549847,22.294109364668685,22.599643308041625,22.908627159896554,23.213410471263188,23.506449034094707,23.780490850262225,24.0287550443171,24.24509925463117,24.42417132963125,24.56154155018125,24.65381208607151,24.69870096211319,24.695098443576256,24.64309443606726,24.543976214558057,24.400196532427245,24.215312895918274,23.993899504233568,23.741434032929135,23.464162061621295,23.16894250086696,22.86307784374749,22.55413344354216,22.24975029063542,21.95745592274976,21.684478148765827,21.437566196654355,21.222823712143352,21.045557741245474,20.91014743395654,20.81993571811765,20.77714662371309,20.7828303028423,20.83683710498619,20.93782134796335,21.08327468994683,21.269588275282317,21.49214211474446,21.745419486911445,22.023143528201196,22.318432630108603,22.623970796883775,22.932188746790317,23.235451274304715,23.52624623568727,23.797370480016447
22.455314619702946,22.88855175226376,23.36074233650075,23.8655546669568,24.396046377807007,24.94478790063952,25.503992538325555,26.06565122743475,26.62167019856133,27.164009878139375,27.684823488877814,28.17659388033239,28.632267137506332,29.0453814560658,29.410189624725604,29.721773215469305,29.976146263336418,30.170345853163635,30.30250667665743,30.371916353376303,30.379048205875744,30.32556831899696,30.21431415154772,30.04924272679128,29.835347486106212,29.578544186444457,29.28552766152731,28.96360273304031,28.620493930236055,28.26413984313955,27.902478807024966,27.543233135270114,27.193699259018448,26.86055090315936,26.549661865777328,26.265954131652283,26.0132760130644,25.79431385154272,25.610539606529354,25.462195462970662,25.348315453034054,25.2667830303826,25.214422563237868,25.187121817324005,25.179981671404505,25.1874885430782,25.20370431163382,25.222467935835677,25.237602519073057,25.243121319415273,25.233426179313405,25.203492084415185,25.149032055482152,25.066637309089465,24.953888547791394,24.80943530119849,24.63304137367283,24.42559560316858,24.189088249020386,23.926554365394985,23.641986454027972,23.34021950656667,23.02679223228578,22.7077888151467,22.389665952675855,22.07907019809923,21.782650758907877,21.5068729038372,21.257837002303127,21.04110797364506,20.86155956776691,20.723237445187905,20.629244485741694,20.581651145027617,20.581433011071283,20.628437006150932,20.721376946643794,20.85785843364128,21.034432315647756,21.246675258371873,21.489295291360605,21.756259592068673,22.04094122875346,22.336281126669352,22.634961157907888,22.92958399229657,23.2128551911063,23.477762980500852,23.717751208647574,23.926881167484673,24.099978242941653,24.232759739005182,24.32194069206753,24.365315040946534,24.361810131358045,24.3115131963898,24.215669150372634,24.07664974534378,23.897894849511427,23.68382729824878,23.439743423118706,23.171681967089313,22.886274629564184,22.590581939892715,22.291918521405307,21.997672070758632,21.71512053299155,21.451251997344436,21.21259177149325,21.00504091407633,20.833730221660034,20.702893283635753,20.615761746447795,20.574485378717107,20.580078914867855,20.632396991987402,20.730137799267983,20.870875348705994,21.05111956736279,21.26640272295159,21.511390042846575,21.780011787936694,22.065613511878006,22.361120786364545,22.659214315163084,22.952511102683797,23.23374719312495,23.49595745740836
22.26047344342401,22.684619513427748,23.147236559514056,23.64235653942972,24.16340884551385,24.703333715523385,25.254702293373274,25.809841705552174,26.360963638282357,26.900294999156884,27.420209308314536,27.91335747462576,28.372796561894514,28.792115032973026,29.16555277549569,29.48811396838618,29.755670559665994,29.965053821481938,30.114131168479425,30.201865222591053,30.22835203913924,30.194835532291595,30.103695497210516,29.95840724532408,29.76347174322013,29.524316238672988,29.247166604261718,28.93889394313262,28.606839284584886,28.25862135173666,27.901933323636126,27.544335174315695,27.193048511768204,26.854760848530876,26.53544592623526,26.240206124227967,25.9731421572291,25.737254266592245,25.53437799206918,25.365156428538956,25.22904966817305,25.124380936071404,25.04841777137248,24.997485506840967,24.96710927915533,24.95217988523007,24.947138018637578,24.946170810713674,24.943414199272848,24.933154483568654,24.910022513975658,24.86917430844287,24.806452466280327,24.71852352824375,24.60298736365631,24.45845569847414,24.28459798109362,24.082153868360635,23.852912662984536,23.59966101376917,23.32610107778509,23.036742121441627,22.73676919339487,22.431893028737008,22.128185736950464,21.831907084747254,21.549326310911546,21.28654440777184,21.049321679216554,20.84291514636291,20.671930028850277,20.540189093419798,20.45062314433969,20.405185345753466,20.4047914284434,20.44928715777873,20.53744374121977,20.666981148419154,20.834618620485124,21.036150972906,21.266548664018188,21.520079021945797,21.790445510726524,22.070941482504075,22.354614517123103,22.634437201137636,22.903480050865255,23.155082242048792,23.38301587280625,23.58163965521319,23.746038199910995,23.872143420978087,23.956835036059417,23.998017658457922,23.994672560760854,23.946882819298004,23.855831209832964,23.723770901109543,23.55396966756173,23.350628999020383,23.11878010742221,22.864159402995362,22.593066521029247,22.31220841257531,22.028533357596125,21.74905900865819,21.480698721088842,21.23009046794528,21.003432574136497,20.806330335194108,20.643657316695627,20.51943476688559,20.436732126621656,20.39759109850302,20.40297515385098,20.452745726548365,20.54566568219387,20.679429975942142,20.85072273949023,21.055299383589762,21.28809168339842,21.54333324525212,21.814702249111832,22.095477933491914,22.3787069496828,22.65737546794605,22.92458277611646,23.173712074201497
22.071046713638182,22.481138402753302,22.928813288114547,23.408567636657338,23.91430928507693,24.43945847453863,24.97705525251698,25.519872154510654,26.06053099055922,26.591622638736254,27.105828773147103,27.59604441534549,28.055500089320855,28.4778821816215,28.85744986697995,29.18914667041606,29.468704421158705,29.692737041506867,29.85882134192161,29.965561804982872,30.012636280804337,30.000819628294,29.93198265504381,29.809064253397235,29.636015400635188,29.417714662863272,29.15985596727735,28.8688106185713,28.551466752001367,28.21505055348572,27.866934556377878,27.514439078345966,27.164633341997913,26.82414300326981,26.49897068801219,26.194335725368482,25.914538597816062,25.662854744059374,25.441461299658904,25.25139918979298,25.092571745615565,24.963779744203013,24.86279151354583,24.78644553869313,24.730781893204572,24.69119784188632,24.66262215563121,24.63970208232267,24.616996556679414,24.58916912250369,24.55117418465035,24.49843059166568,24.426977146228296,24.333605411471858,24.215966082842968,24.07264618118531,23.90321534872811,23.708240555305192,23.489269512795943,23.248784022926966,22.990125324609487,22.71739424477869,22.435329578986668,22.14916862682415,21.86449417843371,21.587072491059637,21.322686910746082,21.076971788382487,20.855251217800976,20.662386894784674,20.502639069318814,20.379544150088577,20.29581203199394,20.253245667061833,20.252684800044985,20.293975156219243,20.375963714838086,20.496520042000693,20.65258300596853,20.840231570622713,21.054777772695676,21.29087944877193,21.542669800917395,21.80390048591634,22.06809459162453,22.328705632206457,22.579278557297798,22.813608731510726,23.025894900972403,23.210882321201638,23.363992471699298,23.481436121007192,23.56030692340452,23.598653214648202,23.59552621731425,23.55100345304129,23.466186774906184,23.34317506313389,23.18501225585491,22.99561199819412,22.77966077252899,22.542501905999604,22.29000332512959,22.028412330031944,21.764200982187134,21.503905932255982,21.253966652089264,21.0205660746262,20.809477585768832,20.625922155065236,20.474439141033955,20.35877396843683,20.28178545714436,20.2453750957824,20.250440010147152,20.296850789877453,20.38345472159861,20.50810434793138,20.66771064495743,20.858319501462148,21.07520960661359,21.313009322953796,21.565829651782302,21.827409999825644,22.09127313936017,22.350885526522735,22.599819010027712,22.83190992818274
21.886109966141603,22.27740003403777,22.704993879579888,23.16394565521457,23.648741242353886,24.15338427491966,24.671488557576733,25.196375982944378,25.721179160401057,26.23894803014321,26.742759732615408,27.22583092370868,27.681631565703654,28.10399898617753,28.487250693517655,28.826294087737605,29.116730835705802,29.354953323653362,29.538230294683764,29.664778565419976,29.733817634209334,29.745604079958436,29.70144293403293,29.603673703429692,29.455629430764642,29.26156807566827,29.026576553787717,28.756448917503278,28.45754133790051,28.136607675532257,27.800620434056704,27.456582709799637,27.1113373290426,26.771379668072203,26.44268066233316,26.13052623240488,25.839378804197928,25.572765809979657,25.333199066262324,25.12212778101827,24.939926696400928,24.785919576051814,24.658436950468072,24.554905791510585,24.47196764787858,24.405620783649923,24.351381062262448,24.30445574041252,24.259924000850763,24.21291796746509,24.158798104206987,24.093317282422195,24.012768379516494,23.91411100868277,23.795073833643517,23.654229852158217,23.491042997251533,23.30588536911941,23.100025341484848,22.87558765697379,22.635487415282228,22.38334054900671,22.123353963259685,21.86019897915652,21.598872064345038,21.34454705567035,21.10242318235282,20.877573187547334,20.674795728573066,20.498476019691836,20.35245837552131,20.239933928424765,20.163346340751694,20.124317824497822,20.123597229230583,20.161031376825115,20.235560221803368,20.34523581213206,20.487264430447652,20.658070722835845,20.853382084039254,21.068331076137664,21.297573223226586,21.53541715709691,21.775963796636105,22.013251033219078,22.24140027048538,22.454761132375815,22.64805070881286,22.816483852518072,22.955891269611705,23.062822455230894,23.134630905895847,23.169539483451864,23.166684300277673,23.126136029953987,23.04889810861744,22.9368818660026,22.79285919758874,22.62039394622819,22.42375368941883,22.2078041139838,21.97788859136091,21.739695933336435,21.499119600837048,21.262111850092822,21.034536425881967,20.822023447574527,20.62983007942821,20.46271043340822,20.3247979242576,20.21950298829933,20.14942869714293,20.116306354515363,20.120952669807096,20.163249567865698,20.24214713430219,20.355689622968452,20.501063881489692,20.67466899592116,20.872205430472533,21.08878145580221,21.3190342315634,21.557262546271012,21.797567929122014,22.034000641278908,22.260706933437355,22.47207392522853
21.704621446060372,22.072655840738705,22.475342794182332,22.908379169154607,23.36691950397713,23.845645265706416,24.33884025247435,24.84047167953353,25.344276588375475,25.843853264199627,26.332757316648877,26.804601960888082,27.25316182725053,27.672479332913994,28.056972282444093,28.40154094818648,28.701672446570868,28.95353980850052,29.154092781012586,29.301137134363216,29.39339912284413,29.43057179302606,29.413340075104372,29.343382044865056,29.22334440386487,29.056791075459103,28.84812481921488,28.602482875718184,28.3256088057636,28.02370381352021,27.703261872568607,27.370893841647376,27.033146408610992,26.69632209571464,26.36630667269286,26.048410149265266,25.747227065295483,25.466521089122654,25.209138008984514,24.976950104708884,24.77083366932826,24.590680169365125,24.435440246241317,24.303198526765033,24.19127608180186,24.09635639695717,24.014629936776686,23.94195182320518,23.874006826022868,23.806475780851066,23.73519769964947,23.65632219893031,23.566447412980224,23.462739248049395,23.343028630454864,23.205884268001387,23.050659342735926,22.87751144961137,22.687395960083162,22.48203379669576,22.263855334023823,22.03592277755189,21.801833904529765,21.56561047312247,21.331574915633503,21.10421912876021,20.888069261910214,20.68755038883975,20.506854835176846,20.349817732928663,20.21980309195904,20.119603327503334,20.051354772470027,20.01647124441262,20.015597240841316,20.048581814444372,20.11447364343681,20.211537273340806,20.337289976645017,20.488558167370076,20.66155182954737,20.85195498233847,21.055029819488162,21.26573183547025,21.478832992247447,21.689049794774267,21.891173034360225,22.08019592917839,22.25143744111896,22.400657676549592,22.524162482187684,22.61889462124118,22.68250925255451,22.713431828469353,22.710896965877197,22.674967318767187,22.60653197784869,22.50728443135064,22.379680628376633,22.226878179747764,22.052658198946517,21.861331716061155,21.657632979916496,21.446602288435002,21.233461246690297,21.02348353969321,20.82186441806403,20.633592126656982,20.463324458135858,20.315273486652625,20.193101334301083,20.099829549923893,20.03776434290882,20.008439522162867,20.01257855221936,20.050076665261642,20.120003471452325,20.220626002625306,20.34945161868705,20.50328971449902,20.678330699740798,20.87024029679667,21.074266822644347,21.285358799433126,21.49828998286783,21.707788713988286,21.908668392990293,22.095955846018008
21.52544820254982,21.866139306369043,22.239485905388023,22.641902237487624,23.069291568982415,23.51709700027636,23.980358112454077,24.453773452439766,24.931768955071817,25.40857243073682,25.878294189972845,26.335013721017624,26.7728720799869,27.18616930261177,27.56946571703222,27.917685553824782,28.22622074485018,28.491032315209214,28.708746344634577,28.876741148612112,28.99322214532632,29.057280866053,29.068934758505875,29.02914483736692,28.93980885190362,28.80372844970384,28.624549785070823,28.40667810336212,28.15516797021375,27.875591941850747,27.57389152219515,27.256215160075406,26.92874874943018,26.597544563032155,26.268354746959606,25.946475416299034,25.636607026443432,25.342736068503033,25.068042285077652,24.814834568417012,24.584517539565255,24.3775895724044,24.193671780575414,24.03156628691179,23.889340998845668,23.76443716664292,23.653795242032665,23.553994009056044,23.461397640509453,23.372305243400476,23.283097584937458,23.19037601635914,23.091089107297307,22.98264313506401,22.862993305251614,22.730713375852417,22.585042181703535,22.42590637731674,22.253919505897066,22.070358237023495,21.877117276375873,21.67664502421348,21.471862535799183,21.266068711516557,21.062834915532783,20.8658923909883,20.679015910702823,20.50590708096906,20.350080609208725,20.214756662108883,20.102762188026908,20.016443765093896,19.957594174010794,19.927394491685945,19.92637306842166,19.95438229723232,20.010593619020973,20.093510741680248,20.20100059452465,20.33034110137695,20.478284445322053,20.641134124273847,20.814833767037076,20.995065401567906,21.177354646668363,21.357180140200455,21.530084424528148,21.691783485273916,21.83827218305157,21.96592292846291,22.071575125596475,22.152613144276632,22.207030870665292,22.23348122247379,22.23130939079347,22.200568976225302,22.14202061265826,22.0571131072837,21.947947559559452,21.817225344187598,21.66818124335722,21.50450338167716,21.33024194431649,21.14970893682075,20.967371467029132,20.787741190009697,20.615262652001963,20.454203296668823,20.308547855848683,20.18189973848954,20.0773918582331,19.99760910649229,19.94452438961647,19.919449813004796,19.92300422012147,19.955097889569593,20.01493476871299,20.101032188310015,20.21125756998198,20.342881217789724,20.492643887141934,20.65683745855957,20.831396719520157,21.011999982729414,21.194176050515722,21.373414878025546,21.54527919639858,21.705514333383093
21.347391628747676,21.657086008934126,21.997124731637413,22.3647027173293,22.756540184368372,23.168913627779062,23.59769227568302,24.038380510291624,24.48616683614958,24.935979992148308,25.382552719060296,25.82049350101345,26.244366295704907,26.648777861811432,27.028471800197824,27.378427874599375,27.693964601916985,27.970842542612246,28.205365221838807,28.394474216126408,28.535834689823574,28.627907594835413,28.67000488157101,28.66232442123447,28.60596190818784,28.50289777939174,28.355958124182685,28.168749616623522,27.945569628281962,27.691293808399553,27.411244485284232,27.11104418389032,26.796459313286185,26.473239608260094,26.14695917980332,25.822865023560485,25.50573855391427,25.1997751904545,24.908486253815212,24.634626471907154,24.380149307146855,24.146191147834212,23.933084221996708,23.740396948102543,23.56699938766966,23.411150555974267,23.270603614861137,23.142724440655975,23.024618742793812,22.913262805492234,22.805633025211804,22.698829701158374,22.590190978015467,22.477393408005835,22.358536259356537,22.232207416007995,22.0975294561317,21.954185234741573,21.80242300233191,21.643041745505784,21.477358020214034,21.307156051484704,21.134623287799617,20.96227391993459,20.792863102852387,20.62929475757835,20.474525882460142,20.331470275912967,20.20290447282839,20.091378532087674,19.999134091246248,19.928031834788904,19.87949021277926,19.854436905594888,19.853274166041565,19.875858790685086,19.921497085843267,19.98895480834007,20.076481684671514,20.181849752270566,20.302404430364586,20.43512692233888,20.57670628283571,20.72361925661387,20.87221581722056,21.018808205570092,21.15976119429233,21.291581284744524,21.4110025801739,21.515067169702775,21.60119800133692,21.66726241458293,21.711624739839827,21.733186646765905,21.731414230633288,21.706351156799265,21.65861753076725,21.589394516389447,21.500395078883166,21.393821573807116,21.272311229514997,21.13887087084698,20.9968024985494,20.849621565562583,20.700969972304343,20.554525933945293,20.41391295019923,20.282610130432932,20.163866093393224,20.060618572393413,19.975421715592248,19.9103828805367,19.867110487143925,19.84667421958744,19.84957856190522,19.875750322129875,19.924540453523406,19.994740127650218,20.084610661301348,20.19192655641875,20.3140305876472,20.44789957399329,20.590219206673922,20.737466081133213,20.885994902941626,21.03212870927455,21.17224987306693,21.302889637600245
21.169212092960723,21.44475131622298,21.748046704859206,22.077124811543726,22.429578093971017,22.802575002384884,23.19287513331082,23.5968504445082,24.010513616213903,24.429554640336413,24.849386606365012,25.265201421246402,25.672035849634526,26.064847799457855,26.438602224164857,26.788365395143458,27.109405651609336,27.397298102760434,27.64803018365703,27.85810449780965,28.024635058357585,28.145432901892917,28.219077120534255,28.24496765247831,28.223356688408042,28.155356275184342,28.042920598773392,27.888802461631297,27.69648458133888,27.47008746555763,27.21425669884758,26.934033446645273,26.63471278389686,26.321695043630573,26.00033572042205,25.675799536757914,25.352924084365693,25.036098001152,24.72915796551267,24.435307923777742,24.157062963100508,23.896219156783175,23.653849599709947,23.430325774734975,23.225362398332855,23.038083029765627,22.867103026883957,22.710625916747034,22.566548932149004,22.432573346191894,22.306315306306573,22.185413108043406,22.0676272323876,21.950929968750934,21.833582027375943,21.714194177668737,21.59177260247408,21.46574730492743,21.33598352053462,21.202776653264543,21.0668317560906,20.929229003562394,20.79137695084762,20.654955638194444,20.52185178296247,20.394088406729125,20.273751277766983,20.162914515890712,20.063567614498425,19.977545991125673,19.906466990586438,19.851673041254838,19.814183412461894,19.794655746277513,19.793358246766445,19.810153110533154,19.84449148015304,19.89541990286194,19.96159798636744,20.041326667353005,20.132586251400287,20.233083150557675,20.340304041124803,20.451575993394258,20.564130990482784,20.67517315769306,20.78194696898875,20.881804684201597,20.97227129967404,21.051105365387173,21.116354131502032,21.166401633994433,21.20000850915588,21.21634253582471,21.2149991372505,21.19601132583601,21.159848837538853,21.107406472031162,21.039981923236354,20.959243646020205,20.86718955221145,20.766097556696046,20.658469196480976,20.546967717389844,20.434352160210146,20.323409077287998,20.216883569322704,20.117411349009885,20.027453512809693,19.949235635112828,19.884692692105126,19.83542117834537,19.80263960104493,19.78715832968158,19.78935954702802,19.80918779766097,19.84615136772844,19.899334461683182,19.96741987447507,20.048721597946738,20.141226554324675,20.242644423825354,20.350464333092688,20.46201700140531,20.574540806540874,20.68525013520073,20.791404326381603,20.890375501428313
20.989652326973673,21.228425551336514,21.49213148752403,21.779666111612322,22.089535595352963,22.419844767802555,22.768290190568884,23.132159360819443,23.50833763983222,23.893324483672373,24.283260411291174,24.67396587575832,25.060992806798613,25.439689077173185,25.805275531417116,26.15293453209075,26.47790826321412,26.775604326225213,27.041705517338272,27.27228013351268,27.463888761099824,27.613683293682623,27.719493930921455,27.77990014322787,27.794282048468492,27.762849322331896,27.686645624475684,27.567527525900662,27.408118016277196,27.21173579301908,26.98230262340046,26.724232064739923,26.442303668887252,26.141527438528275,25.827003709227633,25.503783782344776,25.176736525350996,24.850425798587526,24.529002986462544,24.21611814405395,23.914852363982117,23.627672976120447,23.356412169435426,23.102268624956988,22.865830821002643,22.647119858439872,22.445648987724837,22.260496522819587,22.09038851091834,21.933787391561463,21.788982914888408,21.654181779118886,21.527592768355948,21.40750459593616,21.292354156309152,21.180783430273028,21.071683846399033,20.964227450640365,20.857884755261992,20.752429610540283,20.64793185588499,20.544738853245306,20.443447280999983,20.344866770575337,20.249977103166295,20.159880754658445,20.075752589132627,19.99878846202519,19.930154410347395,19.87093798656468,19.82210314175517,19.784449889012393,19.75857978570591,19.744868068595025,19.743443063821147,19.754173278949352,19.77666237057381,19.810251972320046,19.854032167887205,19.906859205373678,19.967379875606454,20.03406182141783,20.10522890939908,20.17910068293199,20.253834827224836,20.327571515217215,20.39847846865571,20.464795561944168,20.524877817539906,20.577235690111834,20.620571611208028,20.653811865015907,20.676132986586836,20.68698201376302,20.686090079647293,20.67347900006464,20.649460686042545,20.614629390642314,20.56984697815801,20.51622157741813,20.455080145443745,20.38793561901649,20.316449466090127,20.24239056314851,20.167591415772655,20.093902805595658,20.023147985881188,19.95707755920556,19.89732615388695,19.845371971311877,19.80250020526663,19.769771238552046,19.747994403920337,19.737707958650738,19.73916576828846,19.75233102901627,19.77687718392081,19.812196010369654,19.857412678236148,19.91140740619072,19.9728431799885,20.04019884666519,20.111806765517755,20.18589408398646,20.260626616858765,20.334154242803756,20.4046566947109,20.470388610577324
20.807459328149786,21.007446549238033,21.229353445961387,21.47296945780902,21.737741477620276,22.0227402930003,22.326631155102604,22.64765051102546,22.983591012702576,23.331796875920844,23.68917149356393,24.05219890015328,24.41698024166724,24.77928583645089,25.134622740595653,25.47831698462752,25.80560886593583,26.11175890740468,26.39216137486665,26.642461632205443,26.858673147920314,27.037289688858046,27.175388174011246,27.27071782986655,27.32177169078309,27.32783711045244,27.28902276624456,27.206260606651647,27.081282261882663,26.91657055033878,26.715287807156486,26.481183773945855,26.21848666491551,25.931781716126725,25.62588199584794,25.305696483089278,24.97610040170837,24.641812537434397,24.307283787228602,23.97660052905576,23.653405599067746,23.340838772008794,23.041497711360215,22.757419439302716,22.490081519698343,22.240421389808652,22.008871649344385,21.795408639625407,21.599611331636922,21.420727390071473,21.257743282486683,21.109455442417225,20.974539750925427,20.851616947267704,20.739311989031076,20.636305828351233,20.541378528480227,20.45344309179076,20.371569787836904,20.29500114414048,20.223158083104796,20.155637950212547,20.092205379533247,20.03277708380105,19.97740174166961,19.92623618973843,19.87951911822844,19.837543423944986,19.80062829961735,19.769092041716057,19.743226445682325,19.723273533657668,19.709405229950796,19.701706467489238,19.70016207749792,19.704647687107506,19.714924727478696,19.730639539882866,19.751326460251356,19.776414665027048,19.80523847360716,19.837050726032,19.871038789542585,19.906342694806604,19.94207486250557,19.977340853972564,20.011260565905765,20.042989288912867,20.07173806261168,20.09679278583843,20.11753157856672,20.133439941534796,20.144123319186946,20.14931673999149,20.14889128392705,20.142857208172508,20.131363646893732,20.114694887491396,20.09326331170676,20.067599173522567,20.038337464839856,20.0062021925549,19.971988455148047,19.93654276166558,19.900742079698716,19.865472130578475,19.831605468745863,19.799979887671526,19.771377686663946,19.746506311626113,19.725980848829877,19.7103088049206,19.699877549780446,19.69494473296976,19.695631910865856,19.701921542150092,19.713657425925295,19.73054857154071,19.752176404269456,19.778005128426532,19.807394991376917,19.839618120096375,19.873876538289252,19.909321918112006,19.94507657763403,19.980255204349252,20.013986767096068,20.045436074092372
20.621404640849864,20.781209658830697,20.959780542749748,21.15781010661638,21.375698077066694,21.613495466398774,21.87085256100702,22.146973078417787,22.44057711530074,22.749875451548526,23.072557578315003,23.405795474620938,23.74626467029896,24.090183514723456,24.43337084279152,24.77132142308925,25.09929772718787,25.41243571865058,25.70586157402241,25.97481556448051,26.214778791459686,26.421598121452153,26.591604533738643,26.72172019734428,26.809549933457358,26.85345328566883,26.852594187061303,26.806966141742503,26.717391879545776,26.58549753949382,26.413662529727723,26.204947238812707,25.9630016799428,25.69195888800242,25.396317423287144,25.08081764186077,24.75031646242777,24.409665199165847,24.063594658682696,23.71661114826424,23.372906351990153,23.036283247077407,22.71009940342021,22.397228182327606,22.100037569641092,21.820385681073475,21.559631392813795,21.3186580978867,21.097908278406557,20.89742641633743,20.71690773288949,20.55575033455758,20.413108532185017,20.287945365206653,20.17908268191508,20.08524747408775,20.005113518326798,19.93733771767335,19.88059084986399,19.833582701516406,19.795081793250482,19.763930075888126,19.739053102518035,19.719466258300773,19.70427766452454,19.692688372143955,19.683990430154765,19.67756336315691,19.672869527500282,19.669448742961272,19.666912522495366,19.664938150703502,19.663262795576973,19.66167778011303,19.660023091817656,19.658182169398913,19.65607697690096,19.653663355427526,19.650926630400264,19.64787744673146,19.64454780401565,19.640987267522455,19.637259337145835,19.633437964404173,19.62960421612086,19.62584309174887,19.622240508809174,19.618880477133125,19.615842487222018,19.613199140888433,19.611014053359938,19.609340055239848,19.608217720239956,19.607674240595692,19.607722666757525,19.608361521568444,19.609574791950536,19.611332293408143,19.613590394687833,19.6162930819859,19.61937333442184,19.622754775340546,19.626353557586768,19.630080435402864,19.633842971198295,19.63754782225501,19.641103050561775,19.644420398470686,19.647417473762175,19.650019789975744,19.652162611461307,19.653792557445968,19.65486892537576,19.655364700737096,19.655267228317662,19.6545785282408,19.65331524889507,19.651508257864577,19.649201880924053,19.64645280787376,19.643328692238157,19.63990647943375,19.636270504738416,19.632510408099723,19.628718917361603,19.624989554754595,19.62141432340339,19.618081431108905
20.430302986789382,20.549175374784497,20.683570067049203,20.835078876569135,21.00505138977437,21.19451756995562,21.404113446717112,21.634012948424765,21.883868995982873,22.152766901258317,22.439192889606332,22.741020188156924,23.05551459339972,23.37936076624517,23.70870972289201,24.039247127381916,24.3662810864248,24.684847244566466,24.989828126965214,25.27608292709239,25.5385833336512,25.772550574627925,25.973588656973504,26.137808816407333,26.26194046808073,26.34342445577569,26.38048511122295,26.372178519399476,26.31841539308261,26.21995803570907,26.078391957005852,25.896073742234066,25.676057708444414,25.422004662613503,25.138076670108205,24.828822123408465,24.499055559960794,24.15373661786652,23.797852255248365,23.436305921208614,23.073816789625024,22.714831493695694,22.36345007375289,22.023367117421106,21.697828370219483,21.389602460863337,21.100966845842475,20.83370665071677,20.58912478035458,20.36806148779771,20.170921524624376,19.997707031347563,19.848054446643644,19.721273898336108,19.616389765288446,19.532181346479177,19.467222822260865,19.419921926825594,19.38855695753682,19.371311917327787,19.36630971605158,19.371643444408072,19.385405781951015,19.405716613306183,19.430748910536643,19.4587529020925,19.488078497910507,19.517195883728288,19.54471414262263,19.56939771421259,19.590180466658033,19.606177136919616,19.6166918927129,19.621223785845135,19.619468900632512,19.61131905130891,19.59685694639397,19.576347812932163,19.550227555996663,19.519087615329443,19.483656767892466,19.444780208991144,19.403396322300438,19.36051161772091,19.317174373073804,19.274447559234247,19.233381656917498,19.19498798600327,19.160213164543595,19.12991529448414,19.10484243514224,19.085613874574015,19.072704644472708,19.066433647870667,19.066955682667544,19.07425755012052,19.088158338334814,19.108313869030326,19.134225194033174,19.165250928640354,19.200623114748236,19.2394662198036,19.280818800417464,19.3236572938205,19.366921347884208,19.409540062502202,19.450458492674247,19.488663757229986,19.523210106936205,19.55324233151528,19.578016926230084,19.596920494147742,19.609484928611785,19.61539900013836,19.614516060936676,19.60685767633544,19.592613093199382,19.572134558447864,19.54592860349259,19.514643510251354,19.479053268898603,19.44003842434316,19.398564285428506,19.35565703612667,19.312378339926404,19.269799065914853,19.22897278679582,19.190909704738665
20.233029301964926,20.31087489235167,20.400961753416826,20.505762099053857,20.62755735923617,20.76833965521883,20.92971582258007,21.112817521749317,21.318221029036355,21.545880209011052,21.79507591997531,22.064384694231403,22.351668968538,22.654090431588372,22.96814722808782,23.28973484555704,23.614229550549474,23.936592281498292,24.251489995064574,24.55343065102967,24.836907353861356,25.096546687287937,25.327256012597623,25.524364471432914,25.683752645788363,25.80196627389591,25.876310078968626,25.90491860397901,25.8868019148497,25.821865084108982,25.710901440566275,25.555560610899327,25.35829333262805,25.122275838049752,24.851317258328972,24.549753950893333,24.222334899383824,23.874102374589796,23.510271890369502,23.136115164529464,22.756849333410138,22.377535108495664,22.002985944325268,21.63768964955898,21.28574325440401,20.950801379597735,20.63603785967785,20.344119973328834,20.07719433493768,19.836883305008,19.624290676676843,19.440015379487953,19.284171993942515,19.156416972914393,19.05597959978391,18.981696859878088,18.93205154528743,18.90521304009488,18.89908033377638,18.91132687908175,18.93944694486727,18.980803115310216,19.03267455873297,19.092305638140672,19.1569543692408,19.223940158612333,19.290690183330035,19.354783711692747,19.413993619705415,19.46632433520935,19.510045445044675,19.543720232678204,19.566228474980036,19.576782916347874,19.57493895381596,19.560597204612932,19.533998783369622,19.49571328465877,19.4466196421765,19.387880212866946,19.320908606901153,19.247331947140665,19.168948389444758,19.08768086336859,19.00552809756409,18.924514072402772,18.84663709166977,18.773819684156933,18.70786053399801,18.65038959587914,18.60282747888866,18.56635008258432,18.541859343416085,18.52996080215059,18.53094853715529,18.544797828522043,18.57116572859237,18.60939952026608,18.658552850416108,18.717409136665385,18.784511666442885,18.85819964211045,18.93664927916513,19.017918939736276,19.099997183925243,19.180852549463477,19.2584838274904,19.330969590042614,19.39651574341142,19.453499930413063,19.50051168262027,19.536387328797723,19.560238795566974,19.57147558748852,19.569819402549836,19.555311021312477,19.52830929918801,19.48948228675033,19.439790697813716,19.38046413439094,19.31297065690641,19.238980452739305,19.160324502234882,19.078949265133176,18.996868508859222,18.916113470859365,18.83868258840374,18.766492039984442
20.028534303385012,20.065913958146638,20.112268934898616,20.170919312557473,20.245045586578996,20.33756999071423,20.451039828211126,20.587516806149537,20.74847641187933,20.93472126206629,21.1463120823147,21.382519535828273,21.641799518749487,21.921793792566614,22.219356954498608,22.530609788013674,22.85101802805532,23.175494565179662,23.498522148803225,23.81429278149874,24.116859270241385,24.400293857184856,24.65884852356434,24.887111466095604,25.08015439330189,25.233665673410986,25.34406496616142,25.40859575597162,25.425393131012715,25.39352517172501,25.313007368877543,25.18479053033154,25.010723605066325,24.79349370679158,24.536546320602103,24.24398919862981,23.920483780659957,23.57112811172356,23.201335180948735,22.8167103948192,22.422931551838055,22.025634238253986,21.63030505243641,21.242184525024086,20.866181066813496,20.50679677546549,20.168065488195957,19.85350309621667,19.566069845918452,19.30814414265477,19.081507240258293,18.88733813285028,18.726217951287403,18.59814318896713,18.50254712448922,18.438328856607978,18.403889406863577,18.39717436703048,18.415722565275892,18.456720193491286,18.51705977893462,18.59340329949464,18.682248639499523,18.77999846984047,18.88303052118931,18.98776811156945,19.0907496985135,19.188696159652444,19.27857447062977,19.357656450833144,19.4235712888137,19.47435064167577,19.50846522549145,19.524851974437702,19.52293104077205,19.502612130501713,19.464289914133175,19.40882851091642,19.33753531075376,19.252124662485606,19.154672212749563,19.047560918538043,18.933419972019042,18.815058061955348,18.69539254688485,18.577376226863258,18.463923469891313,18.357837474195634,18.261740427549995,18.1780082602522,18.108711580815637,18.055564235606433,18.01988074929318,18.00254368673266,18.003981734243663,18.024159035225857,18.062576038364316,18.118281833155383,18.189897664287766,18.275651040586745,18.37341959266033,18.480783592591823,18.595085834999637,18.71349739685803,18.833087648167183,18.950896780491448,19.064009058165137,19.169624979145723,19.265130559523904,19.34816202691575,19.41666432160567,19.468941957571168,19.50370098461076,19.52008101303656,19.517676508334105,19.49654682874794,19.45721475735039,19.400653564899105,19.32826292363883,19.24183426812965,19.143506460359387,19.035712856357726,18.921121084334857,18.802567024752175,18.68298462623124,18.56533329426907,18.452524649801667,18.34735047025656
19.815858748646146,19.813975435987754,19.817868429325355,19.831659699678653,19.859381780073704,19.904840227853533,19.971477566392288,20.062243118108285,20.17947317791632,20.324785852604414,20.498994597841595,20.70204401878481,20.932970869150626,21.189892402786008,21.47002332592517,21.769721600672238,22.08456230128067,22.409437670397768,22.738680511503265,23.06620713541172,23.3856752992602,23.690651976417094,23.974785407243125,24.23197572481474,24.45653853535147,24.643356155715935,24.788011752402486,24.886902358243486,24.937327624793763,24.937552152581585,24.88684027626804,24.785463214329337,24.63467947263625,24.43669027325138,24.194572527085228,23.91219245508225,23.594103371975876,23.245431375536945,22.871752739784817,22.478966709576774,22.073167160715208,21.660516253836487,21.24712280415862,20.83892764506536,20.441597811669904,20.060430936959715,19.70027085833823,19.365435090418245,19.059654538228436,18.786025604704633,18.54697468307417,18.344234909761326,18.178834975006843,18.051099733227517,17.960662309841318,17.90648735358078,17.886905023101274,17.89965521673504,17.941941450620313,18.010493662624924,18.101639070186877,18.211380044923626,18.335477793357477,18.46954046063109,18.60911411269607,18.749774912247197,18.8872206941226,19.01736007526913,19.13639720929979,19.240910320778447,19.32792223211975,19.39496122661928,19.440110772684292,19.46204686284679,19.460061990838174,19.43407509360687,19.384627114195144,19.3128621865386,19.220494794689717,19.109763606708153,18.983373017674744,18.844423747591996,18.696334119664144,18.542753884880163,18.387472653364725,18.234325136315636,18.087095490618363,17.94942308900731,17.824712011039544,17.71604646479095,17.62611420819717,17.557139845877693,17.510829636954295,17.488329167839886,17.490194928293143,17.516380487113587,17.56623760424136,17.63853224770585,17.731475116023823,17.84276590844468,17.96965024579535,18.108987832036995,18.257330168782957,18.411005898845843,18.566211666248762,18.719106243735972,18.865905598041245,19.002976540026147,19.126926641866184,19.23468819587749,19.323594137057896,19.391444050316444,19.43655862876482,19.45782123527052,19.454705538652796,19.42728854053943,19.376248670466758,19.302848996349212,19.20890596582224,19.096744452057262,18.969140216596845,18.82925121317399,18.680539432654005,18.526685223336028,18.371496207079726,18.21881304547249,18.072414388212735,17.93592335612674
19.594146564355164,19.55482101809215,19.518189867055668,19.489118273593917,19.472430266037982,19.47275393601152,19.494367601753076,19.541051725021,19.615951398533845,19.72145408340542,19.859086963540438,20.029437795649756,20.23210247688339,20.46566174332967,20.727688476863655,21.014786068337806,21.322657202188118,21.646201336679574,21.979638103632084,22.316652890160363,22.650560038669358,22.97447845047328,23.281513935170466,23.56494243415299,23.81838827225898,24.035991853758095,24.21256170210916,24.343706420042245,24.42594298034244,24.456778703586888,24.434765287785133,24.35952427581524,24.231744331029436,24.05315159558313,23.826455193479923,23.55527058386816,23.244023953029668,22.89784114974019,22.522424822444158,22.12392342117078,21.708795602740693,21.283673350032025,20.855226813029255,20.430033529536665,20.01445431346489,19.6145177315811,19.235814743768465,18.883404769761455,18.56173417377629,18.274567928685094,18.024935029849964,17.815088068183677,17.646477232723985,17.51973888416515,17.43469871171347,17.390389346953285,17.385082152961175,17.416332730356444,17.48103948315378,17.575514368212055,17.69556471774073,17.8365847822379,17.993655400807555,18.16164997765403,18.33534473875091,18.50953107202764,18.67912762777011,18.839289781645554,18.985514047245516,19.11373507244178,19.22041296589135,19.30260887595617,19.358046980975118,19.38516134187127,19.38312640816163,19.35187034757287,19.292070777373404,19.205132901008938,19.093150484945202,18.95885053589227,18.805522946136968,18.636936753414012,18.457245001328204,18.270880477641725,18.08244484295446,17.896593835155294,17.717921340905914,17.550845161502348,17.39949726573053,17.267621217600368,17.158479294707696,17.074771577738474,17.018568999186265,16.9912619970222,16.993526035397483,17.025304839054144,17.085811751333868,17.173549178392502,17.286345635584933,17.421409477092904,17.57539797753782,17.744500054796227,17.924530585942648,18.111033981555856,18.299394454656507,18.484950254978422,18.663109041222704,18.829461535838863,18.979890649423492,19.110673373975743,19.218572923229644,19.300918839668192,19.355673085641882,19.38148048289574,19.377702252169783,19.344431822792483,19.28249252098464,19.193417194072094,19.079410274871584,18.943293225099907,18.788434708007244,18.618667218370753,18.438192233150446,18.251476230211303,18.063140148522248,17.87784502556009,17.700176642258278,17.534532030404222
19.362657006579038,19.28829248946436,19.213705135402925,19.144432776281725,19.086017826751373,19.043837088235318,19.022932030103817,19.02784466260214,19.062464137937063,19.129889066169245,19.23231020418775,19.37091766921244,19.545836151209297,19.756090768082267,19.999605248794367,20.273233075846488,20.572821109701252,20.89330409866339,21.22882739607007,21.5728942102639,21.918532847034207,22.258478709053968,22.585365324541428,22.891918410261965,23.17114694296817,23.416525417174718,23.622161892343065,23.78294705437262,23.89468030034856,23.95416975997059,23.959304145520193,23.909095326511192,23.80369150859535,23.64436181636061,23.433453900477065,23.174326883751988,22.87126251011101,22.529357757253393,22.15440241912454,21.7527452681913,21.33115238637086,20.896661128747883,20.45643297998823,20.01760830423167,19.587165698426446,19.171788356745296,18.777739555895998,18.410749088943263,18.07591221478289,17.777602452993783,17.519399336710993,17.30403203359839,17.133339549201807,17.008248029460038,16.928765471904917,16.893993931503942,16.902159062839935,16.950656573798124,17.03611487857069,17.154472934001284,17.30107193019202,17.4707591932237,17.658002355737494,17.857011571821992,18.061867308115193,18.266651044662233,18.46557607703238,18.65311553387738,18.824124717681492,18.973954944583365,19.09855620285373,19.19456616722064,19.259383393485948,19.29122286811959,19.289152491984485,19.25310952549247,19.183896502391548,19.08315661812993,18.953329102868633,18.797585585117933,18.619748926307913,18.42419644666002,18.215749856770998,17.999554546899383,17.78095115814466,17.565342559368823,17.358059475586444,17.16422805442655,16.98864261602428,16.835646709307706,16.70902539714043,16.61191141916668,16.546707541319503,16.515027003282253,16.51765352966403,16.554521888368292,16.624719472614025,16.726508863928558,16.85737081508053,17.014066587242365,17.19271809719922,17.388903890034108,17.597768561346513,17.814142920413587,18.032671920031675,18.247947186670004,18.454640870795,18.647637504605836,18.822160603774467,18.973890879888955,19.099073137941666,19.194609213247027,19.258134647688617,19.288077207632433,19.28369579524319,19.24509879018266,19.173241367743863,19.06990185978421,18.937637743487777,18.77972234717464,18.600063839606953,18.40310850770492,18.193730716430565,17.977112274199328,17.75861418938156,17.543643991769056,17.337521902645108,17.1453491655935
19.12077598085438,19.01431290078019,18.904918543876683,18.798722159594995,18.701900018305558,18.620491943678502,18.56021786526413,18.526299778763793,18.52329451613496,18.55494256742987,18.624037855129338,18.73232284075409,18.880412651612186,19.06775106980776,19.292600251396916,19.55206497370005,19.842151082552014,20.157856672729284,20.493293430611274,20.841834545185876,21.19628469625978,21.54906689663574,21.892420430117006,22.21860381213255,22.520096616327343,22.789794158798763,23.02118940033228,23.208536993699077,23.34699513616836,23.432741747947226,23.4630624416769,23.43640873087027,23.352425901689017,23.211950901728034,23.01698144634447,22.770618279953922,22.4769831376745,22.141115421804436,21.7688509366493,21.366686220723487,20.941632090244624,20.50105997961135,20.052544553353023,19.603705890742436,19.162054328723073,18.734840808397394,18.32891531889743,17.95059577972302,17.6055494540132,17.298688742132583,17.034082965448803,16.814887509807722,16.643291451097692,16.52048452520512,16.446644026057072,16.42094191435819,16.441572094348803,16.505797467419466,16.61001600354848,16.749844690883318,16.920219839410105,17.11551183753589,17.329652102839237,17.55626964310843,17.788834363820023,18.020804035294688,18.245771677291742,18.45761003912893,18.650609855460452,18.819608644819343,18.960106990278415,19.068369496593014,19.141507950690695,19.177544614561704,19.175454041433014,19.13518231565611,19.057643160616266,18.94469092276435,18.799071008589053,18.624348909867585,18.424819486039958,18.205398666941804,17.971500181387526,17.728900295622935,17.483593850579318,17.24164511021902,17.009037069258238,16.791522913635696,16.594483280046497,16.422792822800872,16.280699370620617,16.171718648373385,16.098547156840887,16.062995356942977,16.065942804528177,16.107316340348987,16.186091870640663,16.300319690967065,16.447172724166215,16.62301647677082,16.82349898125571,17.043658497200063,17.278046305208036,17.520861554099803,17.76609482372337,18.007676850138704,18.239628732236,18.456209902237347,18.652060197907897,18.822332520302865,18.962812793890016,19.07002426014953,19.141313523488254,19.174916219918785,19.170000683269308,19.126688528227188,19.046051640801924,18.93008565068252,18.78166054201072,18.60444962488957,18.402838625494155,18.181817144693305,17.946855171450906,17.703767707153002,17.458570851248666,17.21733290991606,16.986024212640473,16.770369353569635
18.868026595332097,18.732887927888534,18.592358211640885,18.45306738984214,18.321730961237904,18.204955581436373,18.10904426605272,18.03980679717402,18.002380942691083,18.001069929263302,18.03920125912135,18.119011430439883,18.241560420074443,18.406678933410916,18.6129504440871,18.857728968783164,19.13719238760818,19.446429971803546,19.779561663011414,20.129885607879054,20.490049531674845,20.85224077353689,21.20838923562534,21.550377141578036,21.870249368779625,22.160418215538314,22.4138567787663,22.624275630260634,22.786278161256668,22.895490779578424,22.948665050720933,22.943749830725373,22.879932402413168,22.757648558072642,22.578562436789355,22.345517695765245,22.062462252446778,21.7343493665239,21.36701823426524,20.96705754577512,20.541655618056467,20.098440777045205,19.645315636469206,19.190288827802206,18.74130759038273,18.306094448636397,17.891990996057356,17.505811581512802,17.153709457317326,16.84105770186421,16.572346971158993,16.351101860220634,16.17981736286559,16.05991660273765,15.991730666367985,15.974500999007834,16.00640442669026,16.084600446767325,16.20529999004668,16.363854409178202,16.55486300087045,16.772296936272795,17.009637067889653,17.260022716461947,17.51640823070806,17.771723868910875,18.019037384592615,18.251712617218566,18.463561398665025,18.648985189830853,18.803103059006215,18.921862901164836,19.00213316906219,19.041772834091535,19.03967780612243,18.99580260391587,18.91115666654207,18.787775315822053,18.62866600388142,18.437731092035932,18.219668991359423,17.979856036128925,17.724211944795584,17.45905213662866,17.19093050501334,16.92647649195184,16.67223045633454,16.43448137718136,16.219110881003353,16.031447430949957,15.876134268243003,15.757014359706245,15.677035187366567,15.638175727537341,15.641397419656808,15.686620333055947,15.772725117490506,15.897580686152821,16.05809694380134,16.25030125339753,16.46943674758479,16.710080051042482,16.966275499598883,17.231682533891888,17.499732619443293,17.76379180933921,18.01732492612855,18.254057299525062,18.4681300570223,18.654245124111434,18.807796345482465,18.92498348208906,19.002906262766324,19.039636162721724,19.034264132456002,18.986923095871425,18.898784660759084,18.772030123071225,18.609796482584063,18.416098805995972,18.195730858879962,17.954146465730428,17.697324534301963,17.431621084728555,17.16361194552856,16.899930009585468,16.64710107782919,16.411382353296258
18.60407895404758,18.444107601088675,18.27656905239847,18.108495156479847,17.94703740049509,17.799264105830844,17.671956851408595,17.571411877574278,17.503252225347737,17.472256190594166,17.482207316229854,17.535770610485073,17.63439897538902,17.778272974444604,17.966276086776773,18.196006518547215,18.463825508572636,18.764940915555115,19.09352375317861,19.4428542907753,19.80549340341529,20.17347407377774,20.53850735010628,20.892196672664717,21.22625430844854,21.53271368314841,21.804131662724572,22.03377529680868,22.21578816625491,22.345332244407544,22.41870204823197,22.433408781251174,22.388233115244034,22.28324618431119,22.119799240014657,21.900483212603326,21.6290601205456,21.31036885576571,20.95020833939758,20.55520139335593,20.13264291286644,19.690336064674316,19.23642028790887,18.779194853513197,18.3269416573978,17.887750794198855,17.469352292547924,17.078957196138376,16.723110951772803,16.40756181752504,16.137146730565547,15.915696773106532,15.745964043798715,15.62957137854126,15.56698596794081,15.55751748923528,15.599340911286243,15.689543647642747,15.824196232619538,15.998445189076744,16.206626256350614,16.442395666189654,16.698876707987573,16.968818426526898,17.244762959661582,17.519217762359563,17.784828787865717,18.03455061458415,18.26180952397995,18.460655652696197,18.625900560363604,18.753236869319778,18.83933703674331,18.8819288038954,18.87984541918742,18.83304933757956,18.742628742715418,18.61076690346985,18.440685045891748,18.236560077413635,18.00341912560613,17.747013432439374,17.473674661996576,17.19015712152224,16.903469751206885,16.62070199807954,16.348847847129573,16.094632334250306,15.864344809427376,15.663683056138911,15.497612108218185,15.370241245035547,15.284722198754997,15.243171084737462,15.246615980897404,15.29497144852079,15.3870406214539,15.520544809201773,15.692179879243941,15.897698021659668,16.132012871379963,16.389325385614317,16.663267360559594,16.947059035112453,17.23367688078988,17.51602742505238,17.787122805966007,18.04025371333435,18.26915543614363,18.468162906795502,18.632350904933226,18.757655950958874,18.840976872504584,18.88025155494433,18.874507976452698,18.823888264546238,18.729645178730976,18.594111106302268,18.420640338610994,18.213526056388076,17.977894078640986,17.71957600471103,17.44496488907574,17.160857020775595,16.874283723239124,16.592337337264432,16.321995693875763,16.06994942114817
18.32875912445985,18.148148482292026,17.95810759144309,17.765964886660452,17.579197611347755,17.40522327987582,17.25119004296981,17.12377179446779,17.028973854316895,16.971954883230882,16.956870325773977,16.986742143969124,17.063358903018504,17.18720942171674,17.357452226998078,17.571921985591352,17.827172962179787,18.118558412984303,18.440343708725365,18.78584993405893,19.14762377242446,19.517628692236052,19.887451832803283,20.248520568779853,20.592322523748805,20.910622810458115,21.195672491083016,21.440402660260638,21.63859913286248,21.785053437272495,21.875686638414116,21.9076434055508,21.879354660382873,21.790568055482524,21.642346409689395,21.437035038953056,21.17819964762291,20.870537072297388,20.519761690502268,20.13247071807419,19.715991925605877,19.27821751292214,18.827428001057747,18.372110044523627,17.920772043645286,17.481761357244082,17.063086787933646,16.67224984166279,16.316088053440915,16.00063342399057,15.73098872738496,15.511224126636202,15.34429617162328,15.231990851189902,15.174891929474583,15.172375318159158,15.22262972614931,15.322703293433642,15.468575366066112,15.655252016066235,15.876883366934539,16.126900267010353,16.398167374157367,16.683149291191754,16.97408603616144,17.26317385763602,17.542747223092444,17.80545772625061,18.044445681889183,18.25350030619265,18.427204615758335,18.561061514551135,18.651597967814222,18.696444674915988,18.69438923656988,18.645401450987187,18.55063005189976,18.412370901498136,18.234007355047787,18.01992420305337,17.775397253521234,17.506461224181805,17.21975915684567,16.922377029460765,16.62166761404629,16.325067900979516,16.039914575149375,15.773262083040516,15.531707770467658,15.321228399879432,15.147032078124457,15.013429247230352,14.923725921498193,14.880141805728476,14.883755315303256,14.934476854408704,15.031051010391753,15.171087607435727,15.351120849147442,15.566695084970895,15.812475076804484,16.082378036124553,16.369724163328645,16.667401963254186,16.968044245244425,17.264210451782176,17.54857080314325,17.814087700616504,18.054189898712533,18.262935135760863,18.435157197950296,18.566593777129643,18.65399195802423,18.695188724173107,18.689164490152184,18.636068335217857,18.537214313863927,18.395048934597874,18.21309061179612,17.995842589132014,17.748681489618328,17.477724250519294,17.18967673633695,16.891667776523235,16.59107273529069,16.295330979963417,16.01176176531426,15.74738309053705
18.042057140846616,17.845276261010746,17.63753870440676,17.42635928096838,17.219425497459213,17.024386066800666,16.84863804915941,16.699118480582857,16.58210633690595,16.50304049928553,16.466359030626162,16.475364543056813,16.532119745822047,16.637376427569002,16.790540170750095,16.989672048461536,17.231527450306086,17.5116310623323,17.824385927349546,18.16321347669944,18.520720491781706,18.88888815833363,19.25927774799166,19.62324702209417,19.972171215660218,20.29766242954959,20.591781431319884,20.847236226839044,21.057562294109054,21.217280040502033,21.322025822647195,21.368653719923685,21.35530614277562,21.28145225216338,21.14789403581329,20.956740704415573,20.71135281582576,20.41625819276481,20.077042260421514,19.700215891050615,19.293064204038004,18.863480036446646,18.419785977657504,17.970548960531996,17.52439142889694,17.08980306476485,16.674956964929482,16.28753401015784,15.934558974185062,15.622251675675196,15.355896184748541,15.139730756616837,14.976860778497478,14.869196583295837,14.817417506950198,14.820963050087865,14.878051455166469,14.985725436265625,15.139924211034439,15.33558039579665,15.5667397497722,15.826701208047162,16.108174140886717,16.403449334461122,16.7045798192472,17.003567389840686,17.292550474039544,17.563988927565585,17.810841358437436,18.026730723365922,18.20609418592427,18.344313577740568,18.437823251593144,18.484192648276164,18.482181504187313,18.431766288455638,18.334137160155812,18.191665459716262,18.007842475395048,17.78719093695752,17.53515136615109,17.257946039844814,16.962423880743124,16.655890068107684,16.345924544751384,16.040193876931973,15.746261093536432,15.47139818578163,15.222405887133196,15.005445176755515,14.825884662921476,14.68816761255676,14.59570190917036,14.55077565585638,14.554500506892435,14.60678412642924,14.70633245286782,14.850681710616662,15.0362593752888,15.258472582278063,15.511821789797235,15.790036882692831,16.086232348153803,16.39307768256045,16.702978811865638,17.0082660353996,17.301383841593008,17.57507789782107,17.822574586533616,18.03774864432401,18.215274755040266,18.35075934516812,18.44084931969227,18.483315047341573,18.47710554142424,18.42237447058732,18.320476355761222,18.173933047407807,17.986371312719157,17.762433077409398,17.50766054350936,17.228359026363883,16.931440905455524,16.624254551089656,16.314402460806072,16.009553106429255,15.717251148324,15.444730713833172
17.74413383913333,17.53584863848826,17.315434226490964,17.090478402646617,16.868759999179577,16.658037283898818,16.46583477982871,16.299234305731133,16.164676029732505,16.067775147327083,16.013159443323588,16.004332478934863,16.043566470517217,16.131828112151425,16.268739663200897,16.452576602684015,16.680302077967482,16.94763728258816,17.24916582551483,17.578469140594933,17.928289067312676,18.290712945774175,18.657375938220284,19.019674837814193,19.368987366618725,19.696890903789644,19.99537471872619,20.257040100716278,20.475283257662976,20.644456476931033,20.7600037719423,20.818568046994926,20.81806766723671,20.757741189148994,20.638159860224015,20.461208309497046,20.230034602665068,19.948971511264453,19.623431434542212,19.259777909817878,18.86517705105196,18.447432568074163,18.014808244862913,17.575841900113055,17.13915492319754,16.71326147929799,16.306381413852616,15.926260762296579,15.580003588906127,15.273918639962274,15.013384002356977,14.80273260999054,14.64516103811058,14.542663572380754,14.49599303869491,14.504649337193236,14.566896047309886,14.679804869850042,14.839327058942922,15.040390384859522,15.2770195730293,15.542477600799902,15.829424717356176,16.13009159903676,16.436462676197166,16.74046538116182,17.03416087981452,17.309931769437195,17.56066225696076,17.77990647608764,17.96204085677043,18.102396821064396,18.197370537139516,18.244507007175855,18.24255638145408,18.191501064624244,18.092552893733863,17.94812040286478,17.76174692732352,17.5380210223325,17.282461358592233,17.001378892353124,16.70171967454092,16.390892147586797,16.07658316761744,15.76656727369015,15.468513897608165,15.189797263154876,14.937313660908153,14.717310605663036,14.535232092338953,14.395583770306136,14.301821365171135,14.256265103406955,14.260042253044276,14.313059198896507,14.414003740711708,14.560377555337897,14.748558017985646,14.973887851466703,15.230790383878386,15.512907561649378,15.813257301860695,16.124406289253244,16.43865394118429,16.748222987465283,17.045451948348546,17.322984746985348,17.57395276361906,17.79214482585073,17.972160927893498,18.109545874427788,18.200899541517146,18.24396102574818,18.237664598996293,18.182166083998315,18.078838997964624,17.930240559669816,17.740048401305316,17.512969551400587,17.254623941378853,16.971405318823656,16.670323009690566,16.358828445664862,16.044630749911047,15.735505945252461,15.439104506656662,15.162762020879128
17.43532626480105,17.22031828004212,16.99237325299616,16.7590371828491,16.528059715918367,16.307185312088674,16.103942671254664,15.925438102876583,15.778158506815908,15.667789455466545,15.599053524695925,15.575573518624072,15.599764581007099,15.672758400104435,15.79436181627931,15.963051159299688,16.176002606811274,16.429157801369115,16.717322927123476,17.034298465285318,17.37303595480707,17.72581731299769,18.084451646899055,18.440484030855416,18.785410452298557,19.110893042057814,19.408969805279213,19.67225334449804,19.894113500924377,20.068839411258153,20.19177715878932,20.259439959971267,20.269588640934415,20.22128099303469,20.11488942508557,19.952087128208902,19.735803717109277,19.470151993370386,19.160328080998276,18.812487705111426,18.433601818392816,18.031295126708358,17.61367132740265,17.189129054809083,16.76617263164017,16.35322175628105,15.9584242182132,15.589475629722743,15.253449993813266,14.956644697375504,14.704443226441466,14.501198548228649,14.350139694790954,14.253303618709666,14.211493877206069,14.2242671440132,14.289947956996025,14.405671494556046,14.567453547851848,14.770286232909587,15.008257381996515,15.274690982972785,15.56230551449261,15.863386569030649,16.16996977865653,16.474029772357717,16.76767070831186,17.043313846934353,17.293877664893103,17.512946157551895,17.694921235223816,17.835155481777008,17.930062004129248,17.977198646847043,17.97532446387202,17.924427013768604,17.825719758700124,17.68160958239755,17.495635179917024,17.272377793153495,17.01734645248748,16.736840519100973,16.437792888277823,16.127597697038908,15.813926767510358,15.504539300661621,15.207089506312997,14.928936910258454,14.676964016561517,14.457405824089662,14.275695405589667,14.136329362289239,14.042756476956397,13.997292315725304,14.001061888019827,14.053971780479653,14.154712452119494,14.300790632099975,14.488591016949867,14.713465739307773,14.969849393207316,15.25139676863619,15.551139886220279,15.861660445337543,16.17527341758134,16.4842172417154,16.780845912924217,17.057818212309726,17.308279393380793,17.526030828976637,17.705683420040202,17.84279096953916,17.93396022067602,17.97693483606343,17.97065123947337,17.91526493813896,17.81214667416026,17.663848500260684,17.474040619478394,17.24742055193586,16.989596876703644,16.706950426011574,16.40647636708871,16.095611079922687,15.782048115512431,15.473547789433567,15.1777451230544,14.901960885634345
17.116151358111694,16.89923554443722,16.668943843656944,16.43266605626036,16.198002455966154,15.972560569876162,15.76375012096051,15.57858162640172,15.423474128197524,15.304077359407533,15.225113319887452,15.190241753792542,15.201953397492044,15.261494116258671,15.368822191910338,15.522600087000539,15.720221023685788,15.957869709466197,16.23061555163202,16.532535761620842,16.856864892334784,17.196166605542437,17.542522858137275,17.887735244942167,18.223532955070922,18.541781694591673,18.83468799912136,19.09499359775301,19.316154879784328,19.49250303816463,19.61938109445296,19.693254722832844,19.71179455770922,19.673928463323904,19.579863039013134,19.43107440724163,19.230269063889963,18.981316245850717,18.689153878215627,18.359670694442023,17.999567573494776,17.616201506473352,17.21741589214111,16.81136106792799,16.40630911294111,16.01046701502168,15.631792277458707,15.277814954738409,14.955469952398797,14.670943205152152,14.429535061462108,14.235543853672372,14.092172223375899,14.001458306021021,13.964233362382542,13.980106884895159,14.047479613279137,14.16358427758118,14.324553260593685,14.52551174986247,14.76069434734934,15.023582537912702,15.307059901599061,15.603581504067582,15.90535352776946,16.204518925418892,16.493344696186753,16.764406310632523,17.010764846457498,17.226132544428065,17.405022749872973,17.542880564529604,17.636190987822907,17.682561864871758,17.680779567265766,17.63083599663115,17.533926203391715,17.392416636074415,17.20978476160427,16.99053150581828,16.740068637870287,16.46458384516208,16.17088680111704,15.866240002437742,15.558178533462995,15.254323193240358,14.962191588938248,14.68901185298814,14.44154357949051,14.225910399447521,14.047448328659293,13.91057363372888,13.818673480205547,13.774022064406465,13.777724300852249,13.829688456150954,13.928628404460307,14.072095447093862,14.256538907571931,14.477394001575032,14.72919480647396,15.005709534103755,15.300094758601531,15.605064782109324,15.913071946568957,16.21649342898349,16.507819897097775,16.779841356432883,17.025825589137764,17.239684768477765,17.41612612542754,17.550782938533203,17.640322605189123,17.68252911968528,17.676357916785843,17.621961723521498,17.520686779391973,17.375039518523003,17.18862453835463,16.96605539006299,16.71284039854833,16.43524633781144,16.14014333559412,15.834834845713413,15.526876896076468,15.223891085777733,14.933375959382829,14.662521426666654
16.787307603135723,16.57325064993538,16.345745759793537,16.111914321102144,15.87908926793722,15.654620260769567,15.445676990704143,15.25905584444291,15.10099514868796,14.97700404711536,14.891709750112849,14.84872744171175,14.850556539092517,14.898506292288015,14.992652904669667,15.131829472268073,15.313649109373905,15.53456067926022,15.789935613800724,16.074183415887724,16.380892624244368,16.702993309145732,17.032936583379225,17.362886174039723,17.684916820063812,17.991214143880065,18.27427069268385,18.527073048728326,18.743275255931145,18.91735428436987,19.044743833416995,19.12194343436684,19.146600529266912,19.117563949233933,19.034907969036965,18.899926853630735,18.715100518027786,18.484032579173785,18.211362675594994,17.90265545914699,17.56426911785879,17.203206666813816,16.82695354435898,16.443305274149612,16.060189100878645,15.685483580602813,15.326840106999628,14.991510284174243,14.686182916175174,14.416834174585874,14.188594230128356,14.005633294444339,13.871069617362826,13.786901527562968,13.753965096698327,13.771918456599362,13.839253215747048,13.953332816170573,14.110457058152722,14.305951411727069,14.534279145815162,14.789173753178304,15.063788647114494,15.350860668204316,15.642883579273752,15.932287455168073,16.21161969976297,16.473723352153623,16.711908380624422,16.920111807322733,17.093042756057425,17.226308864903935,17.31652094613316,17.36137329766581,17.35969765983498,17.311489453912404,17.21790561837352,17.08123405801012,16.904835421991997,16.693058612025993,16.451132073475268,16.185033524162428,15.90134131235117,15.607071053515185,15.309501563396273,15.01599437324997,14.733811275311794,14.46993439829729,14.230893252847974,14.022603016716669,13.850218053362678,13.718004282349677,13.62923355482122,13.58610264391217,13.58967885172185,13.639873576511864,13.735444492413672,13.874026286276848,14.05218918989764,14.26552385824243,14.50875049245835,14.775849506590358,15.060210503858944,15.354795875297782,15.65231497172628,15.945404538398996,16.226810946711737,16.489569712891615,16.7271778607581,16.933754862753972,17.104188176127124,17.234259772401355,17.320750528671873,17.361519897157457,17.355558881277332,17.30301500715428,17.205188672526706,17.06450096342885,16.884433735138103,16.66944344031573,16.42485083699401,16.15670930600853,15.871655036865995,15.57674278977303,15.27927129852481,14.986602635329149,14.70598000807672,14.444348499363375
16.449674330636288,16.243114911973453,16.023393807807526,15.797255729171209,15.571652385096145,15.35355874460662,15.14978744107564,14.96680623584881,14.810563439037853,14.686326029429644,14.59853492260276,14.550681411017674,14.545208251048226,14.58343821323717,14.665532161459478,14.790477906084082,14.956110210838794,15.159161450494345,15.395341545599518,15.659444970338944,15.945481868006016,16.24682964102082,16.556400830717386,16.866822683520198,17.170623526508457,17.460420952775436,17.72910684549283,17.970024443448608,18.177132959005917,18.345155686371147,18.46970806467194,18.54740276514142,18.57592953197709,18.554108199421577,18.481914011504514,18.36047506573874,18.192042370414153,17.97993363239302,17.728452466924715,17.442785234358155,17.128878154807857,16.79329772717172,16.443077781543586,16.085556723444313,15.728208684678808,15.378472379741954,15.043581479477506,14.730400256156159,14.445268127389745,14.193856531667358,13.981041307557348,13.810793424259678,13.68609052672496,13.608851318780419,13.579894318927904,13.598921993653128,13.664530711823076,13.774246382240008,13.924585047227811,14.111137121875355,14.328673405543135,14.571270463952107,14.832452500821285,15.105346421007898,15.38284644454194,15.65778437320541,15.923101446625026,16.17201765902496,16.39819444396001,16.595886772868354,16.76008095167291,16.886614732690138,16.97227677893041,17.01488301426697,17.01332795358965,16.967609717882507,16.87882808475679,16.7491555889903,16.58178235324086,16.38083597944277,16.151278449985824,15.898782558964207,15.629590903132137,15.350360896860833,15.06799962440196,14.789492597338565,14.521730638837786,14.271339165335482,14.044514079328499,13.846868325418818,13.683292899645412,13.55783574595553,13.47360153224528,13.432674782691894,13.436068265899022,13.483697913996082,13.574384891752784,13.70588476325262,13.874943033355674,14.077375688679677,14.308172744303684,14.561622233171759,14.831451569343091,15.110982786327504,15.393297808407365,15.671409664581436,15.938435407721126,16.187766459347305,16.413232164162558,16.609252506534062,16.770976209357933,16.89440079750949,16.97647165444242,17.01515762039704,17.00950126124718,16.959642563888153,16.866815471731385,16.733317346047187,16.562452108951362,16.358448475180275,16.126355296322437,15.87191660761525,15.601429469753098,15.321588123956928,15.039318317286074,14.761605898448423,14.49532392616338,14.247062568944962
16.10430838994746,15.909680687890308,15.702521336299,15.48909575691472,15.275866429606944,15.069322768735837,14.875809216130836,14.701356087111154,14.5515176872416,14.431222073269696,14.344636562182595,14.295052701766451,14.284793912782474,14.315148409351666,14.386329316755736,14.497463154540267,14.64660706040359,14.830794321859777,15.046106984240119,15.28777354150778,15.550289015836354,15.827554116019284,16.11302965341071,16.39990200303142,16.68125513771127,16.950244640478793,17.200269115297925,17.425134563938297,17.619207567729763,17.777553493576676,17.896056417049465,17.971518002545416,18.00173318113499,17.98554110031862,17.92285046678638,17.814639045185096,17.66292769673343,17.47072992762336,17.241978457457922,16.981430804016483,16.694556306286287,16.387407368854056,16.066478004947147,15.738552981399968,15.4105510261831,15.089365647982238,14.781707138079486,14.493949278116746,14.23198416408981,14.001088378359826,13.80580349934207,13.64983363538311,13.535962308732874,13.465990602275173,13.440698022040932,13.45982703025427,13.522091676037244,13.625210204629587,13.76596097299165,13.940260452803965,14.143261574565228,14.369470172263009,14.612876840164548,14.867101124076054,15.125544650140633,15.381549554436658,15.628558423856342,15.860271898270629,16.07080011863227,16.254804335659337,16.407625216691855,16.525394699288555,16.60512863177979,16.644797903764374,16.64337629194855,16.60086381568159,16.518284997705155,16.39766204380681,16.241963574607542,16.055030147937913,15.841478385858352,15.606586051811444,15.356160897245438,15.096396501375,14.833718652368836,14.574626055008881,14.325529292800086,14.092592018024023,13.88157829016335,13.697709832775999,13.545536734991362,13.428824792384289,13.350462271278683,13.312388400728986,13.315545359424924,13.359854943877975,13.44422049387694,13.566554026472684,13.723827906148657,13.912149771804367,14.126858865760454,14.362641380439037,14.613661967796622,14.873708156642834,15.136344103570348,15.39506987225964,15.643482299125587,15.875433464030024,16.085182844068317,16.26753938478281,16.41798997269394,16.53281112959506,16.60916116430178,16.64515050120344,16.639888445064543,16.593505224700014,16.507148769967888,16.382956301844377,16.22400143869347,16.03421812778902,15.818303284695588,15.581600550069986,15.329968040767543,15.069633368259456,14.80703951248691,14.548685365594984,14.300964891903682,14.070008884719975
15.752437950386511,15.573899688813613,15.383783436399039,15.187779987271487,14.99176217811491,14.801630724742253,14.623158401826682,14.46183666624119,14.322728806751241,14.210333572188564,14.128462987069831,14.080137711801498,14.06750285168724,14.091766576139642,14.153163291486841,14.250942435374824,14.383383248401902,14.547835151569002,14.740782639710005,14.957932914690403,15.19432385033244,15.44444932434515,15.702398488797414,15.962005194055886,16.217003541591055,16.461185424015138,16.68855591681104,16.893482511496536,17.070834416262862,17.216108485602668,17.325538760367312,17.39618708729792,17.42601282445446,17.413920207974172,17.35978253864081,17.264442927501136,17.129691903648727,16.958222721826584,16.753565702442707,16.52000338393048,16.262468661158604,15.986428419630805,15.697755450799065,15.402591647346814,15.10720562797848,14.817848028818794,14.540607723086413,14.281272192657934,14.045195175183846,13.83717454966736,13.661343203552384,13.5210753478422,13.418910417022243,13.356496312193357,13.33455332475004,13.352859621453808,13.410258688514043,13.504688632220219,13.633232727766963,13.79219010797577,13.977165001909553,14.183172482245181,14.404758271732252,14.636129804395999,14.871295446467286,15.104208563963113,15.328912985197357,15.539686352004654,15.731177885596392,15.898537211879521,16.037531094533474,16.144645207626255,16.21716843634225,16.253257615783237,16.25198109333466,16.213340017851046,16.138266805869588,16.028600797397814,15.887041677323827,15.71708178891846,15.522918989329472,15.309352180195066,15.081662077343164,14.845480151144132,14.60664896420101,14.371077348275689,14.144593992255018,13.932803054289074,13.740945362932386,13.573768635370666,13.435409919006716,13.329293161310165,13.258044439382035,13.223426944410303,13.226297327915553,13.266584488512988,13.343291322940262,13.454519397074026,13.59751592565601,13.768741897518844,13.963959659914357,14.178337794060951,14.406570686166061,14.64300983454038,14.881803643006789,15.117042240810724,15.342903744859584,15.553798344437766,15.74450664244554,15.91030882936157,16.047101493013333,16.151499173242414,16.220918148100175,16.253640377959726,16.248856024999732,16.206683495750845,16.128166510674227,16.015248273295953,15.870723378180934,15.698168647967721,15.50185461116712,15.286639811546051,15.057850564816555,14.821149138512112,14.582393617446158,14.347492922919887,14.12226057378551,13.912270808608795
15.395453256052182,15.236819365368609,15.067859423474701,14.893603041792169,14.719242180745358,14.54999506810259,14.390968635333085,14.247023086528005,14.122642198455555,14.021812835070392,13.947916945659713,13.903639006250952,13.890891465599152,13.910760279876488,13.963472076995405,14.048383897924591,14.163995836267482,14.307986258267539,14.477268653684122,14.668068564126479,14.876018479130721,15.096268099558197,15.323606958379127,15.552596073047695,15.777705090278575,15.993451277911161,16.194536720395448,16.37598018094139,16.533240297536544,16.66232707165511,16.75989897480685,16.82334342455374,16.850838852678777,16.84139708799532,16.7948852894544,16.7120271773987,16.59438380917474,16.444314618784112,16.264919879687188,16.05996614803527,15.83379659504335,15.591228438023034,15.337439927148532,15.07784953769433,14.817990154349914,14.563381114881926,14.319401004837987,14.091164063428671,13.883402973760635,13.70036066920391,13.545693593382868,13.422388606322055,13.33269543678524,13.278076244998484,13.259173486088283,13.27579685925517,13.32692969870206,13.410754718510137,13.524698574800343,13.665494265123256,13.829259957965359,14.011592445479842,14.207673050672916,14.412383506257829,14.620429065161986,14.826465909831644,15.025229805003182,15.211662890649977,15.381035540534679,15.529060317294306,15.651995235269268,15.746733793328344,15.810879555785583,15.842803432440224,15.841682229544055,15.807517501576756,15.741134217559143,15.644159253045569,15.518980217342335,15.368685612304867,15.196987781978175,15.008130539683645,14.806783740150294,14.597927389350291,14.38672814565345,14.17841125620766,13.978131087302991,13.790843443998192,13.621182831550101,13.473347690236107,13.350996438992166,13.257156896768333,13.194151320241026,13.163538910707953,13.166077211194638,13.201703347726793,13.269535577946595,13.36789510793671,13.494347636708506,13.645763599732561,13.818395620229644,14.007971251157745,14.209798712470086,14.418883006649796,14.630049538711921,14.838072181162097,15.037802614411746,15.224297741596477,15.392942024409605,15.539561712267885,15.660528137761517,15.752847521940113,15.814235066854206,15.843171501645381,15.83894068273327,15.801647317537336,15.732214373091171,15.632360233682576,15.504556172840985,15.351965192190885,15.17836374083839,14.988048252645132,14.78572881448326,14.576412597058654,14.365279933254062,14.157556110909166,13.958382053017324,13.772687085853931
15.034894235702968,14.899577138772724,14.755454229505496,14.606817539540895,14.458097548485686,14.313747047416463,14.178123738852843,14.055374658290974,13.949325488772912,13.86337774160657,13.80041659356638,13.762731906654642,13.751954616480027,13.769010267930767,13.814091013094208,13.88664687963433,13.985396583339995,14.10835761295252,14.25289477609508,14.415785879646972,14.593302743048561,14.781305324194182,14.975346388088173,15.170783878944114,15.362897974414134,15.547009710245298,15.718598065462658,15.873412489336665,16.007578025914157,16.117690441056624,16.200899069841334,16.254975466403263,16.2783663405214,16.270229691959276,16.2304534916201,16.15965669572622,16.059172804512098,15.93101658088985,15.77783491940986,15.602843195433557,15.409748724116612,15.202663215252052,14.98600632101876,14.764402537840938,14.542573840124081,14.32523049225993,14.116962505961702,13.922134182928922,13.744784108542797,13.588532841593844,13.456500379241062,13.351235267401869,13.274656977240017,13.228012881914186,13.211850848824978,13.226008116843971,13.269616762041057,13.341125676804447,13.438338604326738,13.55846739215648,13.698199264170157,13.853776569234268,14.02108715606978,14.195763255897946,14.373286534962052,14.549096814465742,14.718701850950044,14.877785529191312,15.022311844190948,15.148622138828825,15.253523217568544,15.334364170797759,15.389100013880675,15.41634056321277,15.415383330604312,15.386229608189762,15.329583328925896,15.246832712182751,15.140015129223201,15.011766038762703,14.865253237808847,14.704098037634392,14.532285299847118,14.354064544901128,14.17384456807272,13.996084160305053,13.825181629331581,13.665365847653938,13.520591517482206,13.394441239537995,13.290036805228947,13.209961904277726,13.156198158070865,13.130076059772419,13.132242033788415,13.1626424286056,13.220524838240918,13.304456718904902,13.412360839623059,13.541566689073814,13.688876566106046,13.85064471807184,14.022867568248389,14.201282799222604,14.381474839967254,14.558984145875398,14.729417567164026,14.888557074132867,15.032464148438017,15.157577256806348,15.260799994822055,15.339577719323868,15.39196077284685,15.416652735375047,15.413042509228722,15.381219443021523,15.321971120386573,15.23676386819756,15.127706466683389,14.997497959568737,14.849360855878796,14.686961376585796,14.514318719900155,14.33570559078483,14.155542456471814,13.978288145033893,13.80832949456994,13.64987278405819
14.672434957720181,14.563392327803806,14.447298404514429,14.327642618477658,14.208025273593796,14.092062930791759,13.98329278493577,13.885078554049176,13.80052038933265,13.732371234265198,13.682961911576303,13.654137000435512,13.647203287458222,13.662892240974431,13.701337577507793,13.762068573559635,13.84401933718516,13.945553806252542,14.06450579809914,14.198233013005593,14.343683505398143,14.497472794682594,14.655969503083018,14.815387189538729,14.971879902725355,15.12163890588127,15.260988031680178,15.386475204384372,15.494957813810565,15.583679833856277,15.650338838296914,15.69314136785113,15.71084543401907,15.702789295688993,15.668906003118611,15.609723560560294,15.526350904559388,15.420450222177905,15.294196435853554,15.15022495445815,14.991569029812423,14.821588261998345,14.643889963736989,14.4622452230027,14.28050159353594,14.102494394926483,13.931958617600575,13.772443403650053,13.627231012442763,13.499262081034193,13.391068854571806,13.304717892615859,13.241763555651993,13.203213344808972,13.189505910485995,13.200502266649737,13.235490452236068,13.29320357542035,13.371850867206136,13.469161065028839,13.58243715237819,13.70862120437013,13.844367839110475,13.986124557505331,14.130217076106147,14.27293762392975,14.410634089150268,14.53979786803856,14.657148288065688,14.759711549793472,14.844892256697738,14.910535775642066,14.954979889233414,14.977094459414616,14.976308112977073,14.952621276911415,14.906605226663626,14.839387154962012,14.752621614211863,14.648449022784085,14.529442246324603,14.398542561381046,14.258986572711873,14.11422588095802,13.967841478248914,13.823454981235479,13.684638890677471,13.554828092056557,13.43723478209466,13.334768922253337,13.249966184349969,13.184925168721058,13.1412554464743,13.120037709976664,13.121797016457137,13.1464897858801,13.193504874093147,13.26167869410177,13.34932401079909,13.454271696191922,13.573924411493952,13.705320887346005,13.845209211179945,13.990127307861961,14.136488621751173,14.280670879599121,14.419105737481557,14.548367093084504,14.665255877704096,14.766879229447081,14.850722088180937,14.914709440337377,14.957257673079894,14.977313766877442,14.974381356512364,14.94853301554209,14.90040846018792,14.831198717102204,14.74261664684306,14.636854552566263,14.516529923069776,14.384620652987554,14.24439134335745,14.099312506538574,13.952974675062505,13.8089995401245,13.670950318933832,13.542243569227205
14.309865014495045,14.22955571027218,14.14414650724774,14.056271630739786,13.968645517921797,13.883990982725749,13.804966662895225,13.734095673671469,13.673697385316608,13.625824180684639,13.592204934336547,13.574196787975879,13.572746581774052,13.588363042787485,13.62110053720159,13.670554871188676,13.735871285654245,13.81576444392964,13.908549869930567,14.01218596886618,14.124325464218478,14.24237482342404,14.363560029064484,14.484996889174596,14.603763974153075,14.71697622104784,14.82185725865922,14.915808576642396,14.996473784187947,15.061796372728157,15.110069604883748,15.139977390020697,15.150625266354705,15.141560881536895,15.112783639498033,15.064743453185555,14.998328803862071,14.914844552164773,14.815980169680007,14.703769259068974,14.580541403555857,14.44886753152531,14.311500098443236,14.171309476187632,14.031217999347614,13.894133149477977,13.762881362107333,13.640143917925418,13.52839632947261,13.42985255834188,13.346415296056104,13.27963341534563,13.23066754885173,13.200264581148735,13.188741649824252,13.195980045237498,13.221429180197891,13.264120574499419,13.322691569882686,13.395418263871942,13.4802569316126,13.574892998968238,13.676796443270128,13.78328233548466,13.891575103913327,13.998874998926683,14.10242517388928,14.199577771635735,14.287857419847754,14.365020592607284,14.429109388307571,14.478498403958607,14.511933549670992,14.52856184075457,14.527951423618347,14.510101330017731,14.475440706146383,14.424817522232694,14.359477028102742,14.281030474024085,14.191414857613985,14.092844680568806,13.987756897811277,13.87875041133891,13.76852159731212,13.659797454312255,13.555268020725478,13.457519728354615,13.368971337138019,13.291814032805767,13.227957166990363,13.178980980269436,13.146097476301875,13.13012041390197,13.131445158572319,13.150038891273532,13.185441416090503,13.236776546309397,13.302773786743517,13.3817997754231,13.471898706304644,13.570840732440496,13.676177151582973,13.785301008369748,13.895511613204839,14.00408138103143,14.108323335789311,14.205657609882635,14.293675292861508,14.370198049128712,14.433332029197139,14.4815147402533,14.513553716032556,14.52865602896998,14.526447914234348,14.506984019972572,14.470746054831302,14.41863086622768,14.351928244418026,14.272289001687833,14.181684116665949,14.08235595489368,13.97676277288301,13.867517879123998,13.757324957735761,13.648911155425523,13.544959587775757,13.448042935250422
13.94906801640813,13.899416750050403,13.846773754434018,13.792878709550159,13.739518388326543,13.688478528207476,13.641495299853213,13.6002076822264,13.56611204985677,13.540520237022523,13.52452226470164,13.51895480043824,13.524376271090972,13.541049367500563,13.568931473468147,13.6076733253069,13.656625969848267,13.71485584611402,13.781167577273237,13.854133833389685,13.932131419869943,14.013382568736034,14.096000266046266,14.178036343733211,14.25753100092707,14.332562399808028,14.401295003685131,14.46202538808914,14.513224355380926,14.553574314595878,14.582001044872534,14.597699136146963,14.600150587907631,14.589136238918982,14.564739891628765,14.527345178906705,14.477625393177801,14.4165266552992,14.34524494011852,14.265197595965216,14.177990095652905,14.085378836895863,13.989230870862613,13.891481479712025,13.794090548327075,13.698998683012785,13.608084021478732,13.523120654636955,13.445739542096518,13.377392750078227,13.319321773105232,13.272530619590464,13.2377642468408,13.215492823795383,13.205902181136086,13.208890679801822,13.224072592419159,13.250787950205432,13.288118663408895,13.334910579579947,13.389801004428278,13.451251078354705,13.517582281589961,13.58701623571437,13.657716882373396,13.727834054028861,13.795547408848993,13.859109683976131,13.916888229365224,13.967403818377592,14.009365790821514,14.041702667903687,14.063587484654235,14.074457211240183,14.0740257770622,14.062290367047432,14.039530824159668,14.006302161650934,13.963420358648419,13.911941778964982,13.853136711297802,13.788457675205986,13.71950326771568,13.647978436778487,13.575652157283391,13.50431355062938,13.435727528353226,13.371591052973923,13.31349109473513,13.2628653216527,13.220966493228065,13.188831437034285,13.16725537438327,13.156772229245997,13.157641406799742,13.169841368085137,13.193070159237301,13.226752881776047,13.27005591876387,13.321907564522046,13.381024547176263,13.445943787508519,13.515058608033776,13.586658496106924,13.658971436925697,13.730207768706393,13.798604474646506,13.862468815485073,13.920220222795562,13.970429416194243,14.011853776354005,14.043468098379584,14.064489964431917,14.074399107657257,14.072950288185494,14.060179362531077,14.036402396185562,14.002207841363834,13.958441973495585,13.906187946891794,13.846738987934152,13.78156638922475,13.712283096803617,13.640603791608207,13.568302453112283,13.497168455394855,13.428962282210446,13.365371957061276
13.591997468545882,13.574368612654183,13.555970889174725,13.53762399660056,13.520159810269996,13.504398534699426,13.491124787318718,13.481064295741882,13.474861891333077,13.473061461170543,13.47608847801937,13.48423566386257,13.497652258068669,13.516337258484743,13.540136885645822,13.568746390740461,13.601716191537827,13.638462182261943,13.67827992878403,13.720362334907293,13.763820254087102,13.807705428257947,13.851035065302767,13.892817321837843,13.932076939931148,13.967880295369497,13.999359150088388,14.02573246010951,14.046325669463204,14.060587015937084,14.068100481350973,14.068595132409644,14.061950713066322,14.048199461104975,14.027524226258084,14.000253061323729,13.966850539026519,13.927906114314933,13.884119903851847,13.836286291912408,13.785275795715938,13.732015634857568,13.677469450753279,13.622616614768692,13.56843154980371,13.515863471178282,13.46581693001831,13.419133516906989,13.376575055886597,13.338808589150375,13.306393420840395,13.279770453951313,13.259254017023487,13.245026336701201,13.237134768062102,13.235491846828857,13.239878176361195,13.249948108210145,13.265238118825947,13.28517772787054,13.309102746869199,13.336270592204283,13.365877345377292,13.397076197736649,13.428996878119216,13.460765631569942,13.491525296754167,13.520455019850628,13.546789144273284,13.56983482882519,13.588987971775829,13.603747054444927,13.613724564388662,13.618655714112236,13.618404234984524,13.612965096075456,13.602464072159265,13.587154162179878,13.567408937041908,13.543712971640122,13.51664958858451,13.486886208225645,13.455157659591004,13.422247858153018,13.388970297638837,13.356147833296243,13.32459225237273,13.29508413357157,13.268353490760255,13.245061677378875,13.225784997295627,13.21100042604716,13.201073794524481,13.19625072651165,13.196650553564183,13.202263357215546,13.21295021125033,13.228446617700186,13.248369051266726,13.272224450013791,13.299422417305989,13.329289832908838,13.361087511570222,13.394028496751107,13.427297536720458,13.460071260978246,13.491538557645745,13.52092064749425,13.547490357795008,13.570590118979311,13.58964823870855,13.604193050587352,13.613864587353932,13.618423489648649,13.617756929878352,13.611881404567328,13.60094232608705,13.585210423868809,13.565075044164841,13.541034514181046,13.513683809057742,13.483699826926333,13.451824636467105,13.418847111571598,13.38558340763036,13.352856762635257,13.321477122995557,13.292221098305237
13.24065038948282,13.255831179488991,13.272537317542579,13.290657409401526,13.310056204431246,13.330575240635017,13.352033767828079,13.374230000909991,13.396942760127722,13.419933555115223,13.442949163466427,13.465724742145152,13.48798749111224,13.509460863626842,13.529869287758071,13.548943330238338,13.566425198858639,13.58207444543947,13.595673700487893,13.607034245462135,13.616001211423473,13.622458185707991,13.626331012504073,13.62759058960002,13.626254492016242,13.62238729288655,13.61609950113511,13.607545091829607,13.596917665626371,13.58444533512838,13.570384494762301,13.555012683536876,13.53862079367752,13.521504910075304,13.503958083878935,13.48626234735547,13.468681266193565,13.451453300444738,13.434786207828752,13.418852675393373,13.40378731026441,13.389685060524197,13.376601076310045,13.364551962136966,13.3535183170576,13.34344841198579,13.334262815195839,13.325859748923502,13.318120942758831,13.31091774314407,13.304117242225912,13.297588202547455,13.291206575229612,13.284860436770767,13.278454201649772,13.271912002798551,13.265180168045214,13.258228756300072,13.251052151260293,13.243668741680937,13.23611974499418,13.228467254698298,13.220791611159633,13.213188210154879,13.205763873677801,13.198632913429147,13.191913019284854,13.185721103248028,13.180169224327054,13.175360711858605,13.171386594426878,13.168322429130333,13.166225611913237,13.165133234396222,13.165060536478002,13.165999987295631,13.167921010267884,13.170770351238186,13.17447307250233,13.178934140060885,13.1840405570717,13.189663983470046,13.195663770325778,13.201890327943149,13.208188739170522,13.214402524026042,13.220377458669315,13.225965351018143,13.231027676932243,13.235438984818817,13.23908998266091,13.241890229680111,13.243770364922012,13.244683816753462,13.24460795030152,13.243544623929637,13.24152014059474,13.238584595000694,13.234810632490685,13.230291650236385,13.225139485126764,13.219481645494973,13.213458155134742,13.207218087670473,13.200915877021185,13.194707495248883,13.188746592370547,13.183180693658793,13.1781475485367,13.173771721422764,13.170161508895454,13.167406259471875,13.165574162331504,13.164710559710613,13.16483682473309,13.165949832449574,13.16802203717593,13.171002154216758,13.174816429102044,13.179370462924712,13.184551548604068,13.19023146025529,13.196269626631299,13.202516610097991,13.208817805042237,13.215017264181332,13.220961558077196,13.226503572336785
12.89703910749018,12.94523234947259,12.99727264419086,13.052120913709812,13.108677761612796,13.165808455487799,13.222368539818959,13.277229507020813,13.329303963712455,13.377569749623667,13.421092496527807,13.459046153027089,13.490731046633053,13.515589106260137,13.53321592502251,13.54336940432577,13.545974785094558,13.541125940145708,13.529082872861979,13.510265441104684,13.48524340129112,13.454722945128069,13.419529979729262,13.380590479499885,13.338908313612606,13.29554102412283,13.251574094446614,13.208094303495038,13.166162804565557,13.126788597539946,13.090903075677844,13.059336322398952,13.03279580758834,13.011848086553343,12.99690403807212,12.988208092170993,12.985831795423024,12.989671944591283,12.999453391997145,13.014736492299896,13.034929025028049,13.059302294961702,13.087010988016491,13.117116248021105,13.14861134362259,13.180449217751846,13.211571157111218,13.240935787620685,13.267547594399005,13.290484181499052,13.30892152627088,13.322156544156105,13.329626359554572,13.330923774275675,13.325808533747772,13.314214109131044,13.296249837176013,13.272198385515964,13.24250863561414,13.20778419554139,13.168767867140868,13.126322494269875,13.081408708381947,13.035060162801786,12.988356906134145,12.942397587233021,12.898271208354949,12.85702914925892,12.819658173230964,12.78705509683192,12.760003759496719,12.73915486820978,12.725009217927209,12.717904702088376,12.718007431586521,12.72530717729027,12.739617243124277,12.76057876643356,12.787669332526152,12.820215683554602,12.857410200827971,12.898330746678043,12.941963369380748,12.98722730435355,13.03300164861376,13.078153044654272,13.121563685462405,13.162158944965505,13.198933947910163,13.230978419826998,13.25749920064052,13.277839863594734,13.291496953045947,13.29813243855094,13.297582076480872,13.289859471803247,13.275155739191085,13.253834771608764,13.226424233294818,13.193602499924541,13.156181869073015,13.115088456431156,13.071339275270589,13.026017066378724,12.980243501369081,12.935151422536368,12.891856806275602,12.851431143929739,12.814874923602119,12.783092869224145,12.756871549680016,12.736859912134829,12.723553221342545,12.71728080241644,12.718197890413794,12.726281788447803,12.741332429408772,12.762977327392509,12.790680796293731,12.823757207414971,12.86138795798048,12.90264173060415,12.94649754231313,12.99187001269052,13.03763622578002,13.08266352095156,13.125837524936257,13.166089731270436
