-2.552745586640719,-2.4886995153133995,-2.367360489081452,-2.1913937263377963,-1.9641719128755368,-1.689723417068732,-1.3726715886694505,-1.0181660150717498,-0.631806720536674,-0.2195623915549243,0.21231620612279611,0.657386387384191,1.1091060047045393,1.5609268918661725,2.0063879722569746,2.4392067162948496,2.853367657808437,3.243206722666377,3.60349018396718,3.9294871358089667,4.217034470950176,4.462593455224426,4.663297111861449,4.816987760188018,4.922244193679583,4.978398130017535,4.98553971859059,4.944512046601674,4.856894741403565,4.724976921676383,4.551719901388665,4.340710196013377,4.09610351814605,3.8225605775497264,3.525175616925416,3.209398717735474,2.8809529987366713,2.5457479022626166,2.2097898187106244,1.8790913373534934,1.5595804309814403,1.2570108827099018,0.9768752455540819,0.7243215893218427,0.5040752355224958,0.32036661009061573,0.17686625678329992,0.07662795235412889,0.022040749474615318,0.014790646490898007,0.055832446261652624,0.14537222145637063,0.282860652847283,0.4669973524353199,0.6957461268959304,0.9663609810245599,1.2754225078063441,1.618884163594027,1.9921277857477013,2.3900275779660154,2.807021667291143,3.237190228116213,3.6743390740035373,4.112087539076059,4.543959408295673,4.963475610979581,5.364247365072914,5.740068451379416,6.085005307279074,6.3934836582956445,6.660370452821228,6.881049929706945,7.051492729389604,7.168317055612298,7.228841005261868,7.231125306840046,7.174005841882109,7.05711546635931,6.880894798744584,6.646591795883079,6.356250094918883,6.01268625707837,5.619456204883365,5.180811296172642,4.701644624012196,4.187428269122634,3.64414235890946,3.0781969027535223,2.496347475276918,1.9056059064040647,1.3131472079611133,0.7262140202964966,0.15201989820152262,-0.40234722724583993,-0.9300200756478691,-1.4244442178423455,-1.879466173279152,-2.2894161837817926,-2.6491845166779706,-2.9542902397667543,-3.2009415148841533,-3.3860865744735675,-3.50745467491448,-3.5635864595994375,-3.553853311924034,-3.4784654314045564,-3.3384685229169264,-3.1357291473610625,-2.8729089396768277,-2.553428054861748,-2.1814183522975688,-1.7616669711848163,-1.2995510832147683,-0.800964730908903,-0.27223876961348425,0.279944973581423,0.8486441310575652,1.4267495601284321,2.007081141505622,2.5824842824178393,3.1459257875198157,3.690587770939101,4.2099583115892205,4.697917600816687,5.148818395881034,5.5575596737791475,5.919652476373445,6.231277048305456
-2.484720535045037,-2.4145135155712683,-2.2865195971787937,-2.103435911857564,-1.8686692746688534,-1.5862842352588125,-1.260942203147906,-0.8978325214789187,-0.5025964755928771,-0.08124532052384525,0.35992650610857857,0.8144317534265302,1.275683027958581,1.7370864543365772,2.1921350027927913,2.6345001669531753,3.058120700700207,3.4572871663403095,3.8267211073351124,4.161647736572565,4.457861124460407,4.711780978696002,4.92050022787971,5.0818227524899635,5.194290747268772,5.257201346788544,5.2706122987971025,5.235336625706915,5.152926371106736,5.025645683217302,4.856433638598439,4.648857355004817,4.407056080025988,4.135677070089457,3.8398041907466944,3.524880272260261,3.196624342910055,2.86094493489167,2.5238507131678296,2.1913597153724593,1.8694085103249658,1.5637625836157045,1.2799292410611751,1.02307428484975,0.797943663414654,0.608791225241164,0.4593136199408303,0.3525932882345497,0.2910503674157183,0.27640421204030163,0.3096450928047614,0.3910164917579724,0.5200082611961252,0.6953607589412818,0.9150799163902283,1.176463039950465,1.4761349934566173,1.8100942610470832,2.1737682488726104,2.5620770519019476,2.969504790854802,3.390177515646161,3.8179465772080317,4.246476290506011,4.669334649111553,5.08008580671554,5.472383014118004,5.840060691889878,6.177224329202239,6.478336928120609,6.738300759569535,6.952533261533725,7.117035990977967,7.228455637307222,7.284136215600852,7.2821616807927985,7.221388337707701,7.101466564523233,6.9228515168079,6.686802633678818,6.3953719246650715,6.051381173341227,5.65838834949668,5.220643673339449,4.743035920861975,4.231029696971083,3.6905945303685868,3.128126759667937,2.550365282218401,1.9643023241421604,1.377090460943935,0.7959471717251208,0.22805824576537548,-0.31951862248382845,-0.8399487153660836,-1.3267123364203852,-1.7736927411967307,-2.1752587348493355,-2.526340790336401,-2.8224996305808023,-3.059986322278138,-3.235793046716525,-3.3476938423482006,-3.394274753113654,-3.3749529637128646,-3.2899846560823702,-3.1404614781250846,-2.928295674054441,-2.656194083335601,-2.3276213699244392,-1.9467529931509862,-1.51841857407003,-1.0480364444109609,-0.541540287533878,-0.00529889032616504,0.5539698797795525,1.1292896788528146,1.7135196148589806,2.299450198379886,2.879899986577571,3.4478115828629443,3.996345664999861,4.518971743216566,5.009554396899002,5.4624338029381505,5.8724994498836285,6.2352560285738186,6.546880600505829
-2.4413557391350422,-2.364493827500747,-2.229382986530698,-2.0387544774830175,-1.7960512966910707,-1.505376053569405,-1.171429913387212,-0.7994434803672588,-0.395100608393935,0.03554377562980027,0.4861506683187815,0.9501875728484348,1.4210213865968486,1.8920122810402582,2.3566072496189805,2.808432006012808,3.2413799405420036,3.6496968858761054,4.028060504266573,4.371653186250659,4.676227444099845,4.938162890882126,5.154514016349517,5.323048102247014,5.442272760207644,5.51145272316292,5.530615674070205,5.500547051577949,5.422773928815518,5.2995382165949385,5.133759593757742,4.928988713052618,4.689351368733582,4.419484440078598,4.124464541439344,3.8097304126015077,3.481000171706971,3.14418462551674,2.8052978873546586,2.470366590883848,2.1453390073986314,1.8359953752906608,1.5478607327569487,1.2861215089097713,1.0555470747330653,0.8604173845665575,0.7044577519891142,0.5907817023435158,0.521842729132985,0.49939565475127345,0.5244681592742262,0.5973428962746776,0.7175504638699501,0.8838733446034426,1.0943607714839965,1.3463543217686011,1.6365238870775365,1.960913520339855,2.3149965189764057,2.6937389716334694,3.091670874552613,3.5029638150185187,3.921514124805846,4.341030327489754,4.755123641015376,5.157400251928494,5.54155405079633,5.901458509980906,6.231256395195065,6.525446031036781,6.7789628875641785,6.987255319289951,7.146353368840753,7.252929643814068,7.304351385721466,7.298722972786255,7.234918232039488,7.112602078754412,6.932241150771501,6.695103259592869,6.403245637095791,6.0594921141224045,5.667399522831351,5.231213766357092,4.755816144878285,4.246660664598073,3.709703183450864,3.1513233627772834,2.5782404961243595,1.9974243732928452,1.4160024085404221,0.8411643154568362,0.28006564669525,-0.26026846603417986,-0.7730380377762602,-1.2517601081701009,-1.6903564960964108,-2.0832362123399033,-2.4253713849825855,-2.7123656418069233,-2.9405139983532327,-3.1068534179823826,-3.209203339694554,-3.246195608734622,-3.2172933922228157,-3.1227988151226653,-2.9638492086506005,-2.7424020215453515,-2.461208602230429,-2.1237772146099934,-1.7343257998683368,-1.2977251390983595,-0.8194332048680728,-0.30542161207869567,0.2379048120398275,0.803794223742665,1.385238529751226,1.9750674679011075,2.5660446987074814,3.150964578088563,3.722748273091568,4.2745378927950695,4.799787335466744,5.29234860012398,5.746552375210494,6.157281798251866,6.520038376942055,6.830999172778174
-2.423889500858901,-2.3399106666470315,-2.1972550019505315,-1.9986899492996146,-1.7476965647960432,-1.4484172136030908,-1.105594322069932,-0.7245010629626976,-0.3108649620346695,0.12921448804562252,0.5893530379463059,1.0629724816923225,1.5433937635061492,2.0239310780720667,2.4979856388842334,2.959137796060224,3.401236210283419,3.818482833013186,4.205512504150287,4.557466056095718,4.87005590649159,5.139623229557555,5.363185916312188,5.53847666539151,5.663970686787642,5.738902648641645,5.763272650146861,5.737841159492351,5.664113012398775,5.544310721959861,5.381337502011164,5.178730551965832,4.940605288928342,4.671591340976868,4.376761231986211,4.061552791604048,3.731686412537663,3.3930783499091905,3.0517513130716707,2.7137436381631352,2.3850183492792105,2.0713734171920546,1.77835450702259,1.5111714704338026,1.2746197842640787,1.0730080668204613,0.9100927163037003,0.7890206142664025,0.7122807220495768,0.6816652714263582,0.6982411139965514,0.762331649154123,0.8735095997377316,1.0306007499028313,1.2316986035077528,1.4741897655951408,1.7547896965759284,2.0695883406492706,2.4141049889135475,2.7833516055369003,3.1719037241305905,3.5739779128219524,3.98351471199521,4.394265869599196,4.79988463643395,5.194017838812439,5.570398419092975,5.922937126179352,6.245812048316857,6.533554709237044,6.781131495526024,6.984019247358358,7.138273925553217,7.240591364140301,7.288359227920541,7.279699417323658,7.213500296476285,7.089438262923632,6.907988326891171,6.670423522229209,6.3788031280825885,6.035949837662695,5.645416166054613,5.211440540579022,4.738893662710895,4.23321586788597,3.700346336765829,3.1466451268888616,2.5788090954806635,2.0037828710949515,1.4286661024777565,0.8606182665923303,0.30676235335051794,-0.22591123823873693,-0.7306392593203563,-1.2009773128641614,-1.6308874233813584,-2.014820256780468,-2.347790846003087,-2.625446767676398,-2.8441278194134703,-3.000916365123116,-3.093677645109902,-3.1210894870389527,-3.082661001057491,-2.978739995442561,-2.8105090059358897,-2.579969990234559,-2.289917896710363,-1.9439034711217231,-1.5461858146910457,-1.101675349349851,-0.6158679792072699,-0.09477135950708249,0.4551757062085606,1.0271896248466974,1.6142329329989742,2.2091085184343235,2.804555840424094,3.393347818522807,3.9683870510923978,4.522800035250869,5.050028088897344,5.543913722601946,5.998781273784352,6.409510696825723,6.771603499420021,7.081239926208774
-2.4332067651466005,-2.34168310720828,-2.191090898908544,-1.9842356425460022,-1.724638149971144,-1.416482047427226,-1.0645523298067858,-0.6741658417448462,-0.25109467476026226,0.19851643253173212,0.6682375216487781,1.151444433460208,1.6414121353965427,2.131409042195904,2.614791003790234,3.085093640660225,3.536121732279084,3.9620344077554845,4.3574249488539305,4.717394093346048,5.037615820025603,5.3143947043788105,5.5447140543152695,5.72627416683009,5.85752018712495,5.937659199576884,5.966666332919848,5.9452798179341935,5.874985092622283,5.757988205071868,5.597178915782962,5.396084047019178,5.158811764685198,4.88998760638232,4.594683185847333,4.278338607293321,3.946679711788697,3.605631350484784,3.2612279352095395,2.919522554902298,2.586495966039186,2.2679667663162806,1.9695040434052062,1.696343754823401,1.4533100413765676,1.2447426059936324,1.074431203085172,0.9455581820415793,0.8606499135832466,0.8215378010072685,0.8293294417345813,0.884390359880489,0.9863365798957047,1.1340381567851725,1.3256336221928773,1.5585551499521173,1.8295640917439289,2.1347963854449974,2.469817197675564,2.829684029973463,3.2090173967926097,3.6020780748699015,4.002849828963237,4.405126439876356,4.802601798176479,5.188961781967671,5.557976610150009,5.903592354159729,6.220020301375706,6.501822892057474,6.743994998453015,6.942039378929406,7.092035220738038,7.190698781197963,7.2354352473165315,7.224381056619044,7.156436055504091,7.031285013901887,6.849408164386097,6.612080588074591,6.321360426481466,5.980066055744542,5.591742515135128,5.160617633270217,4.691548440857377,4.18995859605952,3.6617676757359936,3.1133133011037506,2.5512671681413557,1.9825461398908717,1.4142196284718367,0.8534145481061837,0.3072191560045465,-0.2174128849242476,-0.7137568891558315,-1.1754086652905236,-1.596371892963338,-1.971140142942384,-2.294772397013977,-2.5629610138780508,-2.772091191695619,-2.9192910956798785,-3.0024719485556477,-3.0203575210150424,-2.9725026065188014,-2.859300217869266,-2.681977399766513,-2.4425797098559086,-2.143944578363508,-1.7896639110858477,-1.3840364500839528,-0.9320105488304635,-0.43911815177707236,0.08859910952023498,0.6446706821711774,1.2222836029530295,1.8143735583907743,2.4137192350095207,3.0130386557169224,3.6050861713822204,4.18274876840678,4.739140363540052,5.267692786233893,5.762242196034388,6.217109747216794,6.627175394162273,6.987943827709204,7.295601643523156
-2.4698253941056345,-2.370365192564078,-2.2114827805527173,-1.9960234161188888,-1.727549172193065,-1.4102862435618646,-1.0490632969867202,-0.6492417428682247,-0.2166389186719384,0.24255472783641907,0.721863285018878,1.2146166169528159,1.7140439111225947,2.2133682187041197,2.705900659992449,3.1851329742581047,3.6448271186235974,4.079100664061342,4.482506797706472,4.850107818482274,5.177541106449073,5.461076653984103,5.6976653673560635,5.8849774787696125,6.021430549662404,6.106206693952085,6.139258802963904,6.121305709759915,6.053816387336504,5.938983430445881,5.779686222438522,5.579444334378247,5.342361841692864,5.073063371845656,4.776622813138822,4.458485718146569,4.124386523966505,3.7802617842248694,3.4321606635509165,3.086153983264488,2.748243126765627,2.424270114301111,2.1198301393970187,1.8401878235381042,1.590198392151953,1.3742349043773183,1.196122582462563,1.0590811851774633,0.9656762547663711,0.9177799403475126,0.9165419640631614,0.9623711516406763,1.05492779838026,1.193126987072511,1.375152818152068,1.598483356722332,1.8599259481418697,2.1556624058092275,2.4813034337143405,2.831951514237696,3.202271370442773,3.586567003440143,3.9788642108426107,4.3729974132211,4.762699552933926,5.141693784626918,5.503785649732601,5.842954418820792,6.1534422957983494,6.42984020658668,6.6671689416262785,6.860954485716441,7.007296449397913,7.102928612196167,7.145270698214131,7.132470627249063,7.063436618084561,6.937858662999028,6.756219041833694,6.519791698075682,6.230630456165526,5.8915462164272725,5.506073419428537,5.078426223018913,4.613444980633142,4.116533746631898,3.5935896615530973,3.050925185366657,2.4951842485394904,1.9332534774871661,1.3721697215879043,0.8190251623624263,0.28087132092125033,-0.23537670315750847,-0.7230344299799794,-1.1757393232702888,-1.5875379675230399,-1.9529678823510594,-2.267132831613415,-2.525770574557985,-2.725312110650167,-2.8629315875234105,-2.936586170929523,-2.945045314874139,-2.8879090173432918,-2.7656148000976746,-2.5794333077856484,-2.3314525799068395,-2.0245512067254183,-1.6623607348765406,-1.249217837962351,-0.7901069097980518,-0.29059387114754065,0.243247897085066,0.8049184718797238,1.3875780399470439,1.9841380865681852,2.5873558619045633,3.1899308201785503,3.784601700298818,4.364242908298178,4.921958872478816,5.451175071268549,5.945724481069044,6.399928256155558,6.808669534053671,7.167459356625802,7.472493807984784
-2.5338870259011865,-2.426136620648005,-2.2586501005653576,-2.0343139847805634,-1.7567329147674582,-1.4301767571815536,-1.0595187445498524,-0.6501655332196545,-0.20798016980700518,0.2608009447667652,0.749655922071732,1.251868846239114,1.7606235411910567,2.2690983284665807,2.7705604471505776,3.2584588141628643,3.7265138284897024,4.168802966474134,4.579840976402948,4.95465355846599,5.2888435096146145,5.578648420585146,5.820989132855832,6.013508294867312,6.154598497597851,6.2434196175563885,6.279905148349873,6.264757458034381,6.199432066270763,6.086111190661687,5.927666963357839,5.727614864946159,5.49005806071645,5.219623452697393,4.921390377552318,4.600812983884627,4.263637411266838,3.915814966126494,3.5634125454733523,3.2125215975511745,2.8691669283107037,2.5392166638531704,2.2282946616719683,1.9416966278737358,1.6843111440958851,1.4605467373149557,1.274266039158694,1.128727979920835,1.026538847666862,0.9696129162363396,0.9591432093835957,0.9955828236854782,1.0786370822278453,1.2072666365919484,1.379701478482529,1.5934656666805191,1.8454124220663466,2.1317690954082504,2.4481913715388197,2.7898259414481057,3.1513807525732602,3.527201838879763,3.9113556377476004,4.297715621538792,4.680052009153418,5.052123277769754,5.407768167953908,5.740996866803681,6.046080063887801,6.3176346033201884,6.55070450197356,6.740836167936562,6.884146733956364,6.977384516654011,7.0179807224043955,7.004091643389779,6.934630720741946,6.80928999400687,6.628550605395029,6.393682181319987,6.106731070408501,5.770497574280927,5.388502462737479,4.964943216354924,4.504640584765766,4.012976186009247,3.4958219993762487,2.959462719325038,2.4105120396960302,1.8558240241634796,1.3024007894043927,0.7572977808393757,0.22752795624823485,-0.2800337904214105,-0.7587446343994986,-1.2022849442697447,-1.604745253371469,-1.9607078633902515,-2.265321938733103,-2.5143710399522874,-2.704332148933453,-2.8324253563370396,-2.896653511228373,-2.895831272138383,-2.829603146011454,-2.6984502545565627,-2.503685724276333,-2.2474387547085035,-1.9326275769558643,-1.562921669194692,-1.1426937453696924,-0.6769621756082729,-0.17132463002246268,0.36811614035385953,0.9348333624339854,1.521963021684702,2.122395167023475,2.7288684799264384,3.334066802655395,3.930716293750464,4.511681870797189,5.0700616110737196,5.599277809863453,6.093163443568056,6.546042849607202,6.952805516530515,7.308971974647677,7.610750888440075
-2.6251526409512183,-2.50879812762675,-2.332434856193137,-2.0989919143210614,-1.812117615353251,-1.4761263917107905,-1.095936721867387,-0.677000971320826,-0.2252281398427638,0.2530993948535145,0.7514139643919255,1.2629542893414714,1.780859463987413,2.298263928658602,2.80839210008923,3.3046513370628645,3.7807219439363875,4.230642958204501,4.64889252942056,5.030461774665428,5.37092108924955,5.6664779991188094,5.9140257619874275,6.111182055836656,6.256317234236049,6.348571775976251,6.3878627096582346,6.374878950002537,6.311065639520464,6.198597744614898,6.040343306959645,5.839816897003641,5.601123954602079,5.3288968301447825,5.028223456324268,4.704569684218852,4.363696406202356,4.011572661082825,3.6542859727939345,3.2979512121301466,2.9486192908966578,2.612186999162015,2.294309279041495,2.0003151928515632,1.7351287900674177,1.5031960070449812,1.3084186469359602,1.1540963858552202,1.0428776365895838,0.9767199745906685,0.9568606944622926,0.9837979205669585,1.0572825447811776,1.1763211099563047,1.3391896014746114,1.5434579536388913,1.7860249246992648,2.063162846266626,2.3705716117831246,2.703441136612488,3.0565214010467754,3.424199078818648,3.8005796590991885,4.17957389079218,4.55498731533015,4.9206116090249585,5.270316428970694,5.598140447927029,5.898380273655207,6.165675976701365,6.395091997227576,6.582192265528908,6.723108451448104,6.814600353878173,6.854107551579008,6.8397915590810605,6.770567864783685,6.646127370602102,6.466946901673231,6.23428860859686,5.950188241296052,5.617432430623765,5.239525269107386,4.820644633521443,4.365588837177011,3.8797143368662956,3.3688653463685263,2.839296323515473,2.29758839940624,1.7505609050138637,1.2051792209152379,0.6684602292002564,0.14737668201822895,-0.35123818180703403,-0.820784442365059,-1.2549864170842784,-1.6479794213767658,-1.994391157476044,-2.2894165910935103,-2.5288852652016773,-2.709320104713187,-2.8279868836019944,-2.8829336554587224,-2.8730195877726503,-2.797932787436448,-2.658196858013353,-2.455166086044102,-2.1910093119050544,-1.8686826982401212,-1.4918917635681386,-1.0650431981460189,-0.5931871214493005,-0.08195057371977454,0.46253684394201555,1.0337241572055378,1.6247259151738862,2.2284135980792446,2.8375102754371775,3.4446872091409344,4.042661069283368,4.624290422425987,5.182670162702517,5.711222585396358,6.203783850053594,6.654684645117942,7.058823947586284,7.411734868136861,7.709641683211626
-2.7430029011342687,-2.617771636458835,-2.4323015389379394,-2.1895653681111593,-1.8932560030867933,-1.5477331222326305,-1.1579609131728639,-0.72943769456089,-0.26811844296031984,0.21966868396940264,0.7273106542899779,1.2480014589335222,1.774836310975129,2.300906828392952,2.819395869784925,3.3236706993052447,3.8073731824624497,4.264505758017808,4.689511992415688,5.077350601096057,5.423561914578909,5.724325875046099,5.9765107697524655,6.177712039270547,6.326280639451607,6.421340584080308,6.462795448422084,6.4513237700479324,6.38836344026937,6.276085335012401,6.1173565858128205,5.915694037684964,5.675208578845163,5.4005411557124265,5.096791403454189,4.769439925950064,4.424265347954382,4.067257335199102,3.7045268341686013,3.3422148215117957,2.9864008730011973,2.643012863327236,2.3177390908150173,2.0159440856187905,1.742589306593138,1.502159861617942,1.2985982996660401,1.1352464215736366,1.0147959417396073,0.9392487064650601,0.9098870381394673,0.9272546299159854,0.9911482649412284,1.1006204797440817,1.2539931352286782,1.448881703067504,1.6822299223533344,1.9503543333066249,2.248998053743202,2.5733930318816984,2.918329887781355,3.27823434696593,3.6472491751482714,4.019320443764607,4.388286893381049,4.747971116837439,5.092271256889736,5.41525190449013,5.7112328938320776,5.974874718751076,6.201259341615617,6.3859652298163425,6.52513553546796,6.615538429848479,6.654618714065983,6.640539949918494,6.572216488174611,6.449334913675999,6.272364575745798,6.042557026280105,5.761934344434584,5.4332664837893665,5.0600379330696,4.646404132728383,4.197138234829755,3.7175689306542665,3.2135101973546556,2.691183930021378,2.1571365270523186,1.6181505833204035,1.0811529160718132,0.5531202017659445,0.040983537428299854,-0.4484667429768998,-0.908674668383898,-1.3334093382938805,-1.7168514686668637,-2.0536745630407562,-2.339119569547206,-2.569061974185717,-2.740070385182447,-2.849455781036649,-2.8953107242972953,-2.876537982401949,-2.792868144097543,-2.6448659729854267,-2.433925396444958,-2.1622531863936167,-1.832841545817873,-1.4494299695487705,-1.016456897191352,-0.5390018183509178,-0.022718623335923893,0.5262388855092626,1.1012982974904166,1.6955555930253503,2.3018666403856782,2.912941928718411,3.5214432314695343,4.120080867707861,4.7017102208504795,5.259426185031117,5.786654238677591,6.277236892360029,6.725514322969405,7.126398087871163,7.475436909704109,7.768873633595478
-2.8864432699343294,-2.7521051791716133,-2.5573418526960143,-2.3051706158126777,-1.9993295935766093,-1.6442241735060834,-1.244864496380904,-0.8067948576464221,-0.33601601381240775,0.1610985138994785,0.6778909639140522,1.2075114459532623,1.7430123507415023,2.2774437381206694,2.8039483720593292,3.315855077863331,3.806769122307781,4.270658361044961,4.701933958878344,5.095524566457439,5.446942930538222,5.752344022843161,6.008573893218381,6.213208584518129,6.364582587587687,6.461806462876182,6.504773408499505,6.4941547108288615,6.431384170698896,6.318631753897597,6.158766866526168,5.955311801960072,5.712386044444831,5.4346422428743715,5.127194785217424,4.795542007734114,4.445483162102683,4.083031336605792,3.7143235835822743,3.3455295436483588,2.9827598771984425,2.6319758151327823,2.2989011236142685,1.9889377421765346,1.7070863011981225,1.4578726543800462,1.2452814754164805,1.0726978667556841,0.9428578136460228,0.8578081901742587,0.8188768875205186,0.8266534901080602,0.8809807747610294,0.9809571535301724,1.124950024689315,1.3106198407535976,1.5349545494253576,1.7943139152987266,2.0844830890444355,2.400734658648302,2.7378982959606617,3.090437003047038,3.4525288681527218,3.8181531618475297,4.181179541225554,4.5354590847885055,4.874915853484861,5.193637664699024,5.485964775913813,5.746575203171141,5.970565445935076,6.153525453868223,6.29160675147029,6.3815827323674785,6.42090024493544,6.407721713341443,6.340957171280532,6.22028572778059,6.0461661334610675,5.819836269450661,5.5433015376322095,5.2193122877836045,4.851330572308564,4.443486670413151,4.0005259686497485,3.5277469216724207,3.0309309438925833,2.5162651976994796,1.9902593453908821,1.4596574185090028,0.9313460286695252,0.4122601972080393,-0.09071188370954197,-0.5708238289637149,-1.0215644495614762,-1.4367482455519545,-1.8106017341995522,-2.137844401462428,-2.4137631384992213,-2.634279114622953,-2.796006142585078,-2.8962997098431975,-2.93329597889457,-2.9059401990310203,-2.814004119037593,-2.6580921433542595,-2.4396361309014964,-2.160878893939345,-1.824846611766481,-1.4353105285620795,-0.9967384540609452,-0.5142367279350432,0.006516558263347072,0.5593461658261654,1.1376611153739047,1.734541775363808,2.342831433698936,2.9552310910790354,3.5643961699260505,4.1630338061643775,4.7439993832111025,5.300390978344375,5.8256404210160495,6.313599710243516,6.758621603286308,7.155633269470434,7.500202000119983,7.788592076725885
-3.054113863522577,-2.9104825438051574,-2.706284151273002,-2.444581257177963,-2.1291576957255316,-1.7644648075895926,-1.3555587103419051,-0.9080294793739792,-0.42792323475780103,0.07834177264808417,0.6040639000583232,1.1423504348441664,1.686212209593751,2.2286591895196026,2.762795699741946,3.2819139668331925,3.779584674459464,4.249743276632147,4.686770873364257,5.085568531541285,5.441624027459815,5.751070095433608,6.010733387590494,6.2181734817787415,6.371711415508092,6.470447372078132,6.514267298404964,6.50383839038292,6.440593538708623,6.3267049837354765,6.165047579925807,5.959152216684272,5.713150080731307,5.431708573762138,5.119959816126008,4.783422771006945,4.427920112633904,4.059491035143997,3.6843012548433682,3.308551496970135,2.938385778128519,2.5798007970565644,2.2385577292965433,1.9200976859060501,1.6294620430847577,1.3712187792550172,1.1493958697230588,0.9674226877866305,0.8280802464797523,0.7334609886798409,0.6849386968371245,0.6831489490523921,0.727980397671651,0.8185769921153401,0.9533511114999393,1.1300074169501517,1.3455770805419902,1.5964618997244908,1.8784876649355713,2.186966015952139,2.5167639011663,2.86237964517602,3.2180245353601755,3.5777087588165655,3.9353304583011512,4.284766630508161,4.619964562818286,4.935032495905291,5.224328209458408,5.482544256615131,5.704788619111486,5.886659618995084,6.024314003113821,6.114527212361468,6.154744957482922,6.143125345571897,6.078570934509655,5.96075023462039,5.7901083257561545,5.567866411772818,5.29601029075098,4.977267876147099,4.615076059117861,4.213537353357675,3.777366908792434,3.3118306173348797,2.8226751606952174,2.3160509651625745,1.7984291297040123,1.2765134802312457,0.7571489732361509,0.24722772519472835,-0.24640602057182615,-0.7170506610167622,-1.1582404076950192,-1.563835561960112,-1.928108623496693,-2.245825021289913,-2.5123173298119266,-2.723551922901053,-2.876187122267096,-2.967622015315942,-2.99603524639911,-2.9604132248465396,-2.8605673402818947,-2.697139928686267,-2.471598889322694,-2.186221010763422,-1.8440642216552592,-1.448929136307142,-1.0053104145205398,-0.5183385972112413,0.00628678770478075,0.5623719328341842,1.1433102468368932,1.7421695178015966,2.3517835451840905,2.9648469786600824,3.5740120575070975,4.171985917649532,4.751627125648891,5.3060401098073635,5.828666188024068,6.31336993968495,6.754519734010111,7.14706130901084,7.4865833923749205,7.769374466837105
-3.244303925392149,-3.091237539618173,-2.877507489874315,-2.6062220565629124,-2.2812110270450683,-1.9069717187866213,-1.4886060293054897,-1.0317493975554,-0.5424926732452229,-0.027297988443672372,0.5070901917131998,1.0537375964603886,1.6056149637566588,2.155693819966195,2.6970418914757808,3.222916821748851,3.7268568928106243,4.2027674938820345,4.645002141212076,5.048436931226849,5.408537402814234,5.721416892569693,5.983885587615078,6.193489612463117,6.348539627474015,6.448128564747566,6.492138280722995,6.481235061156622,6.416854071310477,6.30117299989909,6.137075297413982,5.928103555734721,5.678403714383049,5.392660907434695,5.076027882162812,4.734047024302139,4.37256711393608,3.997656009169063,3.6155105109291172,3.2323647006641845,2.8543980628162737,2.487644705502812,2.1379049757900317,1.8106607305566582,1.5109954707237019,1.2435204763255687,1.012307993517978,0.8208324233843329,0.671920347749307,0.5677101007604191,0.5096214585454286,0.49833587472698615,0.5337875390207911,0.615165381689937,0.7409259904604659,0.9088172508307562,1.1159123677317269,1.358653778379598,1.6329063250033802,1.9340189239217496,2.2568938460592536,2.596062615147445,2.945767435093183,3.300046978656135,3.6528253067847776,3.9980026426055573,4.329546696788523,4.641583232213857,4.92848456566637,5.184954732555513,5.406110087002319,5.587554173402587,5.725445785871781,5.81655922767292,5.858335892477346,5.848926411564989,5.787222744113427,5.672879729679449,5.506325770842283,5.288762467655558,5.022153181878445,4.709200665720369,4.353314044826359,3.958565596264333,3.5296379072188637,3.0717621369014854,2.5906482309222834,2.0924080522396764,1.5834724941902274,1.0705037275618436,0.5603038039868122,0.059720891096416207,-0.424445549860901,-0.885539316386333,-1.3171404213392044,-1.7131551484932803,-2.067901940560205,-2.3761919098386457,-2.633402835326054,-2.835545599819098,-2.979322124975867,-3.062173980056509,-3.0823209694506564,-3.0387891433268686,-2.931427822849929,-2.760915384343491,-2.528753703382798,-2.237251317888227,-1.889495526636348,-1.4893137940027632,-1.0412249810327645,-0.5503810650058342,-0.022500142523226963,0.5362083670611462,1.1191252920386554,1.7193089320507247,2.3295867355291113,2.942650169005103,3.5511514717562256,4.147800962851294,4.725463559875854,5.277253179579356,5.7966237202294755,6.277455373172725,6.714135076314489,7.101630004029751,7.435553085250115,7.712219652777002
-3.454970761005283,-3.292372718019605,-3.069060129059384,-2.7881872276825685,-2.4536297780422163,-2.069930877550325,-1.64223778728703,-1.1762306758429413,-0.6780442741370989,-0.15418353658891526,0.3885655135293016,0.9432285108231759,1.5027377544031295,2.0600281718999094,2.608132906591319,3.140277200299889,3.6499692702603905,4.1310869219297315,4.577958701097521,4.98543846678115,5.3489723601502,5.664657252794158,5.929289878499335,6.140405984628922,6.296308980343329,6.396087707265475,6.439623111696574,6.427583753958354,6.36141024767397,6.243288877587142,6.076114796664309,5.863445349586343,5.609444208255483,5.318817133671379,4.996740295657887,4.648782185804197,4.280820248161028,3.8989534254546925,3.509411874823047,3.1184651455518195,2.732330131462402,2.35708011219618,1.9985561806405197,1.6622823183954825,1.3533853279941332,1.0765207603203681,0.8358058893155607,0.6347606848537677,0.4762576200297657,0.36248102266860394,0.2948965444199032,0.2742311762760068,0.30046408879526854,0.37282842085034407,0.4898239845409509,0.649240698220374,0.8481924065867146,1.0831605986472883,1.3500473931728716,1.644237029014584,1.96066497623056,2.2938936750803336,2.6381938151326336,2.9876299873396417,3.336149479082056,3.677672936775677,4.006185593296972,4.3158277486217,4.600983201806633,4.856364360646227,5.077092801609703,5.258774116360428,5.3975659613831155,5.490238322867226,5.534225118670321,5.527666381368643,5.469440399372367,5.359185334965458,5.197309986924905,4.984993518982907,4.724174131651596,4.417526811628747,4.068430447932897,3.6809247548906434,3.259657586985351,2.8098233673284327,2.337093478199267,1.8475395769257728,1.3475509017207061,0.8437467185123857,0.34288513008838084,-0.1482304779927781,-0.6228460450305913,-1.0743511698306374,-1.496371847672492,-1.882860305356912,-2.2281806689090575,-2.5271892551528925,-2.7753083520442186,-2.9685924423279895,-3.1037859295165546,-3.178371542908175,-3.1906087277311053,-3.1395614656950226,-3.0251151183072733,-2.8479820382037153,-2.6096958503077228,-2.312594462669437,-1.9597920241320899,-1.5551402003151082,-1.1031792886274778,-0.6090798350339623,-0.07857554809638545,0.4821115724627879,1.066352866487663,1.667200282595625,2.2774780860740114,2.8898777434541105,3.4970546771578674,4.091725557278135,4.666764789847726,5.2152988719846425,5.73079731391713,6.207158875676983,6.63879193153328,7.020687857104825,7.348486431389891,7.6185323573196575
-3.6837629146535544,-3.5115823324515123,-3.2786822754258784,-2.9882629539265557,-2.6442459120527593,-2.2512196107787044,-1.81437604082141,-1.339439251981656,-0.8325867975291805,-0.30036519001965223,0.2503994526452493,0.8126943262228079,1.3794151310900054,1.9434622117686071,2.4978363098955185,3.035732602502816,3.55063172306125,4.036386506568339,4.487303261404983,4.898216448870277,5.264555745127826,5.582404568431577,5.8485492754183,6.060518362251396,6.2166111476144,6.315915562992217,6.358314829251468,6.344482955075007,6.275869150115183,6.154671401590631,5.983799615269092,5.766828868211937,5.507943459245328,5.211872571919615,4.883818481913105,4.529378344782305,4.154460689199818,3.7651978141017834,3.3678553444638433,2.968740238951109,2.5741085629089318,2.19007434179983,1.822520793232505,1.477015200419075,1.158728636742094,0.8723616808711119,0.6220771755381567,0.41144098188738765,0.24337156669111182,0.12009913329623978,0.043134870722085106,0.013250750803645461,0.030470152708836906,0.09406943968399095,0.20259045668373,0.35386376182852297,0.5450422516075661,0.772644691569941,1.032608523018868,1.3203511839390518,1.63083906091661,1.9586630798729445,2.2981198485693017,2.643297184390082,2.988162798005337,3.3266548580372866,3.6527731344579766,3.960669409515125,4.244735854650509,4.499690100006774,4.720655769320706,4.903237316624924,5.043588081330581,5.138470573813361,5.185308113227135,5.182227061380744,5.128089029411537,5.022512575801241,4.8658840630054145,4.6593574935092175,4.404843302313136,4.104986239488446,3.76313263131237,3.383287459410292,2.9700618421654585,2.5286116393585774,2.0645680276385243,1.5839610092094132,1.0931369174244094,0.5986710693671156,0.10727678575234778,-0.3742879484093071,-0.8393148737217344,-1.2812395714107638,-1.6937339797829625,-2.070796008952603,-2.406834989470143,-2.696751747117896,-2.936012169799948,-3.1207132221155156,-3.2476404676150596,-3.314316276435463,-3.3190380253460985,-3.260905736399206,-3.1398387474143363,-2.956581160375479,-2.712695970335771,-2.410547935412017,-2.0532754056912736,-1.6447514831566603,-1.1895350339024446,-0.6928122158539596,-0.16032931794158245,0.4016821716649569,0.9865872417857243,1.5874346578936862,2.1970486852761804,2.808123973608913,3.41332229633787,4.005369812003169,4.577153507006174,5.121815490425458,5.63284384117455,6.104158755648935,6.530192809361516,6.905964227997763,7.227142160685708,7.490103059704665
-3.9280473190208447,-3.7462792687533906,-3.5038327916052485,-3.2039538778724816,-2.850609435216521,-2.4484326542484673,-2.002659406895506,-1.5190565653091206,-1.0038432408952995,-0.46360604083908563,0.09479047810950036,0.6642969129743008,1.2377743810233224,1.808090825137426,2.368216922163063,2.9113202653682926,3.4308565177644734,3.9206562769404174,4.3750064535587265,4.788725043912519,5.157228270829862,5.4765891754151586,5.743586863105394,5.955745739587084,6.1113642134057615,6.20953249061173,6.250139240432741,6.23386706758084,6.162176884183292,6.037281430260033,5.862108343959304,5.640253329266399,5.375924107558181,5.07387596823945,4.7393398509558295,4.377943995885713,3.9956302879115264,3.598566493807197,3.1930556479277503,2.7854438804622568,2.382028002577199,1.9889641644564329,1.6121788853207153,1.257283719231653,0.9294947673574552,0.6335581771583254,0.3736826826363937,0.15348013861335086,-0.024085112616635262,-0.15673733033696124,-0.24292034468565915,-0.2818179752181691,-0.2733636183928998,-0.21823887810861353,-0.11786126964350396,0.025638816913991613,0.20945155459483522,0.4301310314805531,0.6836478880079515,0.9654504786897182,1.2705336757738381,1.59351432337423,1.9287122556843586,2.2702357133779785,2.6120699293315637,2.948167609262907,3.272540005416018,3.579347272423617,3.86298680407567,4.118178277782391,4.3400441796498175,4.524184646637005,4.666745542341333,4.764478778434791,4.814794003303852,4.81580090148453,4.766341480311937,4.666011861946367,4.515173247596342,4.3149518742353745,4.067227940237451,3.774613632932536,3.440420545896634,3.068616924655018,2.6637753242602207,2.231011398862451,1.7759146699867812,1.304472234977733,0.8229864783437564,0.3379879350956996,-0.14385547459956372,-0.6158315670358332,-1.0712780652372438,-1.503676493456617,-1.9067444733140364,-2.274525119449071,-2.601472271370529,-2.882530354809008,-3.1132077395228572,-3.289642550149403,-3.4086599910777293,-3.4678203639858385,-3.4654570859856637,-3.400704155441651,-3.273512659521482,-3.0846560703389097,-2.8357242330137336,-2.5291061069065828,-2.1679614784682077,-1.7561820183670092,-1.298342204657824,-0.7996407756345385,-0.26583350867479544,0.29684175702763627,0.8817468271484037,1.4819304671604732,2.0902201254956014,2.6993168028535344,3.3018917611275214,3.8906837392262346,4.458595335511608,4.9987872277474965,5.50476893121112,5.97048484354179,6.39039439031907,6.759545167358198,7.073638073135333,7.3290835362419955
-4.184940099394194,-3.993625629004232,-3.741719559622646,-3.4325132451077147,-3.0700183227577558,-2.6589118643940366,-2.204472564294444,-1.7125088527467112,-1.1892799357862054,-0.6414108594463083,-0.07580277921047829,0.5004603188361461,1.0802071503206676,1.6562755933334992,2.221608740957068,2.7693492160000446,3.29293044406508,3.7861636250226898,4.243319204529498,4.659201725543084,5.029217033741972,5.3494309190307785,5.616618396369609,5.828302961306975,5.9827852969538,6.079161057721529,6.1173275088671,6.0979789575774745,6.022591068781219,5.8933943148787735,5.713336960942295,5.4860381335077815,5.215731659806544,4.907201493210703,4.565709657987766,4.196917750525949,3.8068031235454685,3.4015709531996317,2.9875634453674262,2.571167476059051,2.15872198116233,1.756426412473171,1.3702515600618215,1.0058540057755425,0.6684954195731967,0.3629678401850909,0.09352599529088534,-0.13617238476586757,-0.32311742032130764,-0.4649883898161773,-0.5601849147789455,-0.6078475903913771,-0.607867780256975,-0.5608864485073193,-0.46828205862950667,-0.3321477241702109,-0.15525794956602357,0.0589745523981664,0.306551338687147,0.5829492494754756,0.8831890752036519,1.2019108864178154,1.5334549406007838,1.8719470006327346,2.2113868364857123,2.545738636149478,2.8690220242530384,3.1754023777773073,3.4592791377798187,3.7153708440400313,3.938795665590429,4.125146263576287,4.270557902891293,4.371768824440039,4.426171999336169,4.43185750831346,4.387644922385591,4.293105202465824,4.148571784251028,3.9551406680882195,3.714659489610071,3.429705703445329,3.1035541670698885,2.740134562678308,2.343979239692623,1.9201621971392366,1.4742300516836302,1.0121259518256087,0.5401075000008686,0.06465983067231607,-0.4075949372975616,-0.8699906026228144,-1.3159108313545684,-1.7388828310591626,-2.132669427881976,-2.4913582454209293,-2.8094467231331133,-3.081921768603389,-3.3043329116282165,-3.4728579176835446,-3.584359922699577,-3.636435268696875,-3.6274513490995806,-3.5565739116202693,-3.423783413556385,-3.2298801770883445,-2.976478248579772,-2.6659880237549896,-2.301587857750029,-1.8871850331938609,-1.4273666085098753,-0.927340810439224,-0.3928697673835886,0.16980549831884312,0.7540467923437182,1.3529060633084218,1.95921711066875,2.565690423571713,3.165009844279115,3.7499297236601965,4.313371228762173,4.848516473712594,5.348899175032502,5.808490580427872,6.2217794856080335,6.58384523573635,6.890422705601191,7.137958364136636
-4.451340669671952,-4.250566607048546,-3.989333136884796,-3.670976342675866,-3.2995517429302414,-2.8797792318198896,-2.4169790617589513,-1.9169997576645337,-1.3861389644203446,-0.8310583267932036,-0.25869358337555215,0.3238388781065744,0.9093377084898238,1.4906132021005871,2.0605834815619035,2.6123689322737347,3.139383582120436,3.6354221659665447,4.094741676133145,4.512136278428278,4.8830045673306754,5.203408242268079,5.470121408062583,5.680669834828096,5.833359654036682,5.927295116128971,5.9623851888368185,5.939338932148486,5.859649743373043,5.725568721834848,5.540067555156759,5.306791475729228,5.030002974750882,4.714517090215723,4.365629202601086,3.989036376132974,3.5907533729109864,3.17702454061239,2.754232830937304,2.3288072446172654,1.9071300191521512,1.4954448771873605,1.099767636578794,0.7258004479643674,0.3788508725730455,0.06375694281266586,-0.21518073811525018,-0.4542589024974568,-0.6504226898274401,-0.8013071699363801,-0.9052687399790698,-0.9614059622823692,-0.9695695606825971,-0.9303614475202389,-0.8451228097406258,-0.7159114383579865,-0.5454686386753269,-0.33717620694955475,-0.09500410055401298,0.17655043887837263,0.4725314282203207,0.7875993613073248,1.1161120178286232,1.452209697759967,1.7899036533453667,2.123166444959582,2.446022919579812,2.7526405014545396,3.037417494010542,3.2950681199537266,3.520703072502794,3.7099044140993294,3.858793738869623,3.964092610445438,4.023174396138181,4.034106740360198,3.995684052878132,3.9074495290935936,3.769706368076956,3.5835180074339217,3.350697350095947,3.073785114591667,2.756017595066262,2.401284268083794,2.0140758279424915,1.5994233688091688,1.1628295585045891,0.7101927634558045,0.24772518555056866,-0.21813384205259845,-0.6808081829114594,-1.1336775787670559,-1.5701713789840308,-1.983861995654019,-2.368556763880751,-2.71838690721043,-3.0278923469544106,-3.292101150735665,-3.506602489189275,-3.6676120593323094,-3.772029037437531,-3.817483741837709,-3.802375315305116,-3.7258988756820886,-3.5880617303327362,-3.3896884026812995,-3.1324143754550953,-2.8186686130637275,-2.451645082603797,-2.0352636470728287,-1.5741208533414774,-1.0734312791749339,-0.5389602361192984,0.023051253487240908,0.6059681784647502,1.2028488384546534,1.806536521360012,2.4097542966963896,3.00520161868616,3.585651406883845,4.1440462647003535,4.673592507507058,5.167850701891667,5.620821465689918,6.027025343959268,6.381575658175291,6.680243323468915,6.919512740315338
-4.723968716808693,-4.513867253403122,-4.243483303545373,-3.9161968319407787,-3.5361061794485202,-3.1079727983768235,-2.6371570357692,-2.129545855391099,-1.591473500859666,-1.0296362000507036,-0.4510020931975487,0.13728236718330455,0.7279882481644855,1.3139008736129965,1.887916128743167,2.443135001236665,2.972955053971865,3.4711575684777647,3.9319891599259136,4.3502367429245545,4.72129482147555,5.041224184868623,5.306801212491278,5.515557122818552,5.665806643351698,5.756665727006263,5.788058094315401,5.760710537647883,5.676137081236692,5.536612246956887,5.34513382828578,5.105375721581138,4.821631502663475,4.498749565736617,4.142060759115685,3.757299556406066,3.3505198912313188,2.928006857089842,2.4961855304030918,2.0615282135146606,1.6304614147739145,1.2092738846119069,0.8040270096751931,0.42046883187178996,0.06395290610819426,-0.2606368596858959,-0.5489543249392652,-0.797251241096016,-1.0024285390400696,-1.1620780642289301,-1.2745141809624883,-1.338794811800418,-1.3547316287879434,-1.3228892677237831,-1.244573593020828,-1.1218091965597157,-0.9573064671154741,-0.754418715283141,-0.5170899802435406,-0.24979427719738478,0.04253283401740393,0.35456936944273704,0.6806876458634292,1.015039445527195,1.3516443930630442,1.6844802711939295,2.0075739741646186,2.3150917885928366,2.6014277008318123,2.861288457773666,3.08977415393341,3.2824531809852346,3.4354304557825968,3.545407938155024,3.609736559092492,3.6264588017603114,3.5943413104134754,3.5128970438270954,3.382396638330232,3.2038687988273713,2.9790896921498584,2.7105614734956145,2.401480231379322,2.0556937872412355,1.6776499305199981,1.272335806537702,0.8452093010423583,0.40212337991307834,-0.05075555626677186,-0.5070341567589225,-0.9601822281481271,-1.4036251954889445,-1.8308376126713135,-2.23543640074522,-2.611272494762678,-2.9525196001241536,-3.253758798179113,-3.51005779738915,-3.7170436999304655,-3.8709682431626895,-3.9687645796707915,-4.008094777135671,-3.987387348459362,-3.9058642615508665,-3.763557025018118,-3.5613115986490484,-3.300782033856259,-2.9844129070099217,-2.615410765575192,-2.197704960996857,-1.7358983911696135,-1.23520881700307,-0.7014015500433268,-0.1407144294841534,0.44022388451855543,1.0344811800534894,1.6349133253922625,2.2342590020110085,2.8252362328173826,3.4006393737295992,3.9534352294023924,4.476856965273798,4.964494518061287,5.410380254948728,5.809068697305784,6.155709206950589,6.446110630555191,6.676797009433411
-4.9994036345997825,-4.780151691500214,-4.500838064246799,-4.164885539895571,-3.7764340174419684,-3.340285043823587,-2.861837404932279,-2.347014663266934,-1.8021856455536795,-1.2340789813092137,-0.6496928755573322,-0.056201364578547075,0.5391416482403811,1.129099249357747,1.7065479262695835,2.2645722016515797,2.7965561850465717,3.29627078083402,3.757955352985677,4.176392725632915,4.546976492639581,4.865769717860807,5.129554229045221,5.335869840697055,5.483042982792477,5.570204361048333,5.597295428378289,5.565063604075018,5.475046334922217,5.329544248649394,5.1315838027011775,4.8848699780572185,4.5937297067478555,4.263046850814702,3.8981896679522636,3.5049318032898853,3.0893679362722573,2.6578252851191166,2.2167722278639737,1.7727253376999106,1.3321561507619473,0.9013989862717924,0.48656112214610236,0.09343659397042514,-0.27257516782688085,-0.6065447179464247,-0.9040809349743377,-1.1613913617451583,-1.3753337047691334,-1.5434577766488629,-1.6640373019170496,-1.7360911513422772,-1.7593937204280015,-1.734474322440498,-1.6626056226590709,-1.5457812964363769,-1.386683246885574,-1.1886388664091823,-0.9555689677558123,-0.6919271428368151,-0.4026314292836973,-0.09298927395896944,0.23138312219414395,0.564645913808359,0.9008239478608783,1.2338970543422216,1.5578909898664017,1.8669677239775933,2.155513767215236,2.4182252677677685,2.6501886493828013,2.846955626461694,3.0046115120556696,3.119835829672822,3.189954349056093,3.2129817878591407,3.1876545537104635,3.113453042643858,2.990613158287169,2.8201268694447696,2.6037317796172923,2.343889838372161,2.043755479100251,1.7071336183822283,1.3384280968120166,0.9425812776389577,0.5250056460631187,0.09150836665922424,-0.3517901424096095,-0.7985424734321036,-1.2422641163065293,-1.676425700612741,-2.094546289199028,-2.4902864030636604,-2.857539459112915,-3.1905203227853693,-3.4838497162691113,-3.732633279566854,-3.9325341551973594,-4.079838056832464,-4.171509886405267,-4.20524108172643,-4.179487005764653,-4.093493827672761,-3.9473144924223806,-3.7418135284867264,-3.4786605992389674,-3.1603128614178297,-2.7899863509357337,-2.371616770261507,-1.9098102004342632,-1.409784402363612,-0.8773015044512347,-0.31859299486686155,0.2597219546808779,0.8507237126492265,1.4472837592703678,2.042159344705717,2.6280899282266232,3.1978940669951244,3.7445654157326187,4.261366510006905,4.741919035883583,5.1802893368587295,5.571067974644568,5.909442242600352,6.191260628236751,6.413088332905696
-5.27412593717488,-5.045944316679645,-4.757964636679597,-4.413651242367024,-4.017184127366736,-3.5734032774646702,-3.08774407728612,-2.5661646724389513,-2.0150662912901947,-1.441207628147002,-0.8516144717971887,-0.25348582898065775,0.34590215950712544,0.939293182406157,1.5195472622064923,2.0797354682482805,2.6132315329248206,3.1137991094157775,3.575673471216031,3.9936365323189427,4.363084161153759,4.680084869936744,4.941429082445719,5.144668315659829,5.288143752356544,5.371003830633215,5.393210630327418,5.355534993282537,5.259540472136718,5.107556358586785,4.902640194699251,4.648530317663592,4.349589127347935,4.010737895173275,3.637384050358076,3.235341983852818,2.810748499823526,2.3699741181019927,1.9195314875712173,1.4659822092099375,1.0158433879438267,0.5754952342646953,0.15109101976673123,-0.25152934444265607,-0.626920890565416,-0.9701091924595031,-1.2766589201014864,-1.5427343919522292,-1.765151281667072,-1.941418762081431,-2.0697715059369157,-2.149191107460342,-2.1794166396227235,-2.1609442165567483,-2.0950155870137386,-1.9835959406844828,-1.8293412624896228,-1.635555718399461,-1.4061396978732494,-1.1455292706159226,-0.8586279371634109,-0.550731662106262,-0.22744827400270012,0.1053876041281867,0.44180286653116335,0.775776205565999,1.1013290607731512,1.4126159258830104,1.7040127127313331,1.9702018987391527,2.206253230381254,2.407698818256759,2.57060153909546,2.691615755158416,2.768039470676915,2.7978571666781225,2.779772688049218,2.7132316981227875,2.5984333644265596,2.4363310924341963,2.228622280015832,1.977727221615083,1.6867574457632368,1.359473920196241,1.0002357034352665,0.6139397581817116,0.2059527683312583,-0.21796408396161948,-0.6517363235607967,-1.0890622260685119,-1.5235024859083317,-1.9485722416184612,-2.3578341559954747,-2.744991231891903,-3.1039780462521365,-3.4290491053533736,-3.714863062924821,-3.9565615993117533,-4.149841833345139,-4.291021228044944,-4.377094055474031,-4.405778603509726,-4.375554436364553,-4.285689159555029,-4.136254286738064,-3.92812995834744,-3.6629984181248805,-3.343326311256377,-2.9723360246783885,-2.553966444004162,-2.0928236502728104,-1.594122221249525,-1.063617934311948,-0.5075327891825446,0.06752662279860966,0.6546562820493262,1.2467462374870708,1.8365751756369526,2.416906757014143,2.980586388847345,3.520637095987719,4.0303531633511955,4.50339025331558,4.933850749719507,5.316363145816325,5.646154375803905,5.91911408723103,6.131849963303894
-5.54456015760856,-5.307712484366691,-5.0113719344053,-4.65904294754604,-4.2549439562620694,-3.8039515450727595,-3.3115356817123853,-2.783686913429717,-2.226836533382232,-1.6477708196411083,-1.0535405314535473,-0.45136691296816156,0.15145449730128746,0.7476509230888175,1.330068933548945,1.8917692208722814,2.42611826625233,2.9268756323918836,3.388275682647807,3.8051026055788704,4.172757717975448,4.487318128082992,4.7455859621542436,4.9451274899696465,5.084301626687174,5.162277437328095,5.1790404242806884,5.135387535242789,5.032910986819861,4.873971155330611,4.661658939051377,4.399748143009424,4.092638576452259,3.745290682324839,3.3631526356667605,2.952080952149838,2.5182557375521535,2.0680917825549883,1.608146763826996,1.1450278511375682,0.6852980406824813,0.23538353663107614,-0.198516513900598,-0.6105166624354392,-0.9951269603327424,-1.3473287728408998,-1.6626435455628052,-1.9371935641044151,-2.167753862353888,-2.351794561355544,-2.4875130573092283,-2.5738556219093116,-2.610528128993221,-2.5979957761656634,-2.537471826516092,-2.4308955515427795,-2.280899709734148,-2.090768043771145,-1.864383420906605,-1.6061673737498843,-1.3210119205649506,-1.0142046535573523,-0.6913481789371188,-0.35827507245577617,-0.020959577499306326,0.31457268121850024,0.6423356674243214,0.9564732761448598,1.25134774844847,1.5216248844833582,1.7623548269220721,1.9690472500423035,2.137739869326807,2.265059281524991,2.34827325424165,2.38533370576263,2.3749097482739012,2.316410309007931,2.2099959921617387,2.056579997578489,1.8578180680045069,1.6160875930238212,1.3344561523230016,1.0166399315652428,0.6669525887237724,0.29024528519560344,-0.10816127754383342,-0.5225518603670551,-0.9468976714514532,-1.3749421909245623,-1.8002906221683004,-2.2165017036691563,-2.6171805800779655,-2.9960714142853737,-3.3471484240743896,-3.6647040472633314,-3.943432977923969,-4.178510872713781,-4.365666599811868,-4.501246992367957,-4.582273172511576,-4.606487629363875,-4.57239136350107,-4.479270549124961,-4.327212311853026,-4.117109372487602,-3.8506534632176765,-3.5303175802532807,-3.1593272936752923,-2.741621489096958,-2.2818030644129723,-1.7850802463644873,-1.2571993238818804,-0.7043697163190618,-0.13318240305553963,0.4494771650117805,1.036520473164058,1.6207504091702236,2.194957483612115,2.752016473848197,3.284982154077761,3.7871827855289424,4.252310070922109,4.674504325637017,5.04843368376563,5.369366239543936,5.633234122374979,5.836688615413238
-5.807118717969704,-5.561910174766492,-5.257554032258415,-4.8975931691154715,-4.486282616544257,-4.028533542173125,-3.5298483153772486,-2.996247548195852,-2.434190117550436,-1.8504872719715642,-1.2522120081151487,-0.646604967848097,-0.040978154690149426,0.557382201757173,1.141312293498848,1.703865561525693,2.2384043965543383,2.7386874511495614,3.1989513632336384,3.613985769726461,3.9792005834475974,4.29068461511742,4.545254743789963,4.740494971626179,4.874784840707957,4.947316838607268,4.958102573566843,4.9079676572518345,4.7985353908895885,4.632199507008639,4.4120863717231105,4.14200719943965,3.826400970929726,3.4702688749594257,3.079101211289683,2.658797797204368,2.2155830093310516,1.7559166661366692,1.2864020130805294,0.8136921112021256,0.3443959503747649,-0.11501438971035083,-0.5582942245674791,-0.9795131248768636,-1.373136933388237,-1.734103790976316,-2.057893110389089,-2.340586537465329,-2.5789200543021,-2.7703265054019544,-2.9129679644322946,-3.005757503953907,-3.048370081276234,-3.0412424083421152,-2.9855618300484865,-2.8832443914614028,-2.7369024277799303,-2.5498021594785985,-2.3258119167146636,-2.0693417498255218,-1.7852753046901384,-1.47889495116587,-1.1558012481951792,-0.8218279091603433,-0.48295349452090264,-0.14521110480442695,0.18540262501207327,0.5030179191878992,0.801980341518577,1.0769360883500785,1.3229128660335183,1.5353951875995522,1.7103930030192835,1.8445026724156273,1.9349594006520594,1.979680373313215,1.9772979664849473,1.927182544069013,1.8294545046319337,1.6849853928930658,1.4953880467391472,1.262995906909488,0.9908317710179055,0.6825664241796507,0.3424677230635662,-0.024659153353585817,-0.4135394466233664,-0.818503600931809,-1.2335680289816011,-1.6525207198586287,-2.069010476893093,-2.476638520425745,-2.869051155145533,-3.2400321847817235,-3.583593758658445,-3.8940643549365777,-4.1661726440000955,-4.395126031854608,-4.576682756808979,-4.7072165020796,-4.783772591039823,-4.80411494917449,-4.7667631457451,-4.671018966914021,-4.516982118667286,-4.305554810254495,-4.038435124888678,-3.7180992419242824,-3.3477727314421863,-2.931391295911218,-2.4735514822020326,-1.979452028608517,-1.454826643692495,-0.9058691348473084,-0.3391519127671827,0.23846100801467007,0.8199053140232314,1.398010743094098,1.965597175938869,2.515571139264141,3.041021383581411,3.535312210461375,3.9921732541655204,4.405784470912224,4.770855154831564,5.0826958820137875,5.337282381810225,5.531310446333705
-6.058246244153124,-5.805022108403225,-5.493034089611465,-5.125861665181279,-4.70779444942824,-4.243776011621607,-3.739338785927005,-3.2005309681476772,-2.633836405664513,-2.0460885844167866,-1.4443798987787053,-0.8359674556231551,-0.22817671180541527,0.3716957259234547,0.9564787983686405,1.5192218560440804,2.053286379528399,2.552433295951774,3.01090469159761,3.4234987994149937,3.7856372346984055,4.093423560969519,4.343692389662873,4.53404834986334,4.662894406203509,4.729449152109802,4.7337528597922685,4.6766622255379415,4.559833906783996,4.385697103896751,4.157415592369716,3.8788397581334975,3.554449327780692,3.1892876147987277,2.788888220560592,2.359195233199645,1.9064780571291118,1.4372420796065817,0.9581364373614654,0.47586018511078776,-0.002931811750283231,-0.4717219361608527,-0.9242205227925242,-1.354452933715979,-1.7568417873072746,-2.1262831915862215,-2.4582159195336235,-2.7486825651971616,-2.994381834132131,-3.192711248308644,-3.341799682260512,-3.4405292920205413,-3.4885465492363066,-3.4862622476581313,-3.4348405057507305,-3.3361769452908066,-3.1928663792710044,-3.008160491070279,-2.785916128573923,-2.5305349697343322,-2.246895438082278,-1.9402778562075518,-1.6162839206833692,-1.2807516619655626,-0.9396671163274518,-0.599073983000298,-0.26498256772851025,0.05672067647438417,0.3603617096016756,0.6405642916779033,0.8923309678071456,1.1111184855084082,1.2929065581262988,1.434258983042416,1.532376232419023,1.5851387557406396,1.591140365762407,1.549711220755586,1.4609300641628897,1.3256255358440852,1.1453665248411933,0.9224416898207712,0.659828427848693,0.36115172273582385,0.030633448730755797,-0.32696715821673994,-0.7064210229717414,-1.102103794245578,-1.5080763936992885,-1.918170410367042,-2.3260771294333025,-2.7254389312769334,-3.109941761425504,-3.4734073551494005,-3.8098839021153115,-4.1137338567963235,-4.379717638924542,-4.603072024635339,-4.779582102304242,-4.905645756391467,-4.978329746634058,-4.99541656720214,-4.955441399317779,-4.857718609511901,-4.7023573922178,-4.490266307709117,-4.223146622343299,-3.903474515474796,-3.534472374040066,-3.120069549483898,-2.6648531002296822,-2.174009184202752,-1.6532558980043617,-1.1087684803425717,-0.5470979055479137,0.024916013090222844,0.6002358121634853,1.1717205996372317,1.7322220055711925,2.2746805329841706,2.7922209727302225,3.2782455579211653,3.726523563657107,4.131276106194537,4.487254961517794,4.789814305665413,5.034974376947072,5.219476172000895
-6.294463792127135,-6.033607780093553,-5.714408200014549,-5.340479112402539,-4.916142533214,-4.4463720965086395,-3.9367278202161056,-3.39328287059903,-2.8225433324470117,-2.231362089417619,-1.626848000891039,-1.0162716270756966,-0.4069688019764093,0.19375661645596956,0.7787294785497503,1.340998224680865,1.8739266099933318,2.3712810099784676,2.827312106948863,3.236829836328522,3.595270566213228,3.8987555925051547,4.144140153562759,4.329052301021616,4.451921105368767,4.511993823997951,4.5093418137410985,4.444855127095073,4.320225889334832,4.137920710206081,3.9011425367262866,3.6137825006471864,3.2803624532827174,2.905969009732361,2.4961800422185934,2.056984666660429,1.5946978562617482,1.115870889550242,0.6271988969328519,0.1354268086484638,-0.3527449725380609,-0.8307538487231738,-1.2922659459689156,-1.7312634019722926,-2.142126802254455,-2.519711615068032,-2.859417561602732,-3.157249959364469,-3.4098721913760954,-3.6146485804741353,-3.769677084664422,-3.8738113743178895,-3.926672002889598,-3.9286465376976505,-3.8808786739174104,-3.7852465111191553,-3.6443303251999604,-3.4613703172668133,-3.2402149628200076,-2.9852607174637456,-2.7013839574612346,-2.393866143033016,-2.0683132878258625,-1.730570898109386,-1.386635608860598,-1.0425647900781556,-0.7043854247792994,-0.3780035697797922,-0.06911570140777501,0.21687677911425518,0.4749486513787262,0.7005264262781474,0.8895572544158121,1.038570200472104,1.1447290005091721,1.2058755406808241,1.220563428111705,1.1880811659492665,1.1084645927766332,0.9824983996088554,0.8117066934152004,0.5983327323142826,0.3453081120675898,0.056211834065737376,-0.2647801704696744,-0.612954348902391,-0.9831268306227864,-1.3697177733005415,-1.7668316985449777,-2.168342677244528,-2.5679831546217673,-2.959435151894181,-3.336422546130457,-3.692803112943543,-4.022659018312334,-4.320384466058047,-4.58076924604255,-4.799076984467879,-4.971116970953386,-5.0933085263229785,-5.162736978998985,-5.177200435112097,-5.135246656252937,-5.036199497399692,-4.880174504009698,-4.6680834195010155,-4.401627510231091,-4.083279772409953,-3.716256241950023,-3.3044767818488245,-2.852515870161194,-2.3655440528518956,-1.8492608578369019,-1.3098200874605797,-0.7537485148096374,-0.18785910310679954,0.3808400543693429,0.9452398149322788,1.4982257849539455,2.032774507795706,2.5420487058527366,3.0194902530754755,3.458909584602144,3.854570298543492,4.2012677708321435,4.494400686464983,4.730034488276985,4.904955856219791
-6.512412451876412,-6.244344878555586,-5.91838863529476,-5.538190184247249,-5.108101606159981,-4.6331241188566885,-4.118842710726407,-3.5713527854404776,-2.9971798255067936,-2.4031931795889023,-1.79651516040253,-1.1844267053056399,-0.5742708995028436,0.02664430857813198,0.6111428591275858,1.1722754670868492,1.7034113359610767,2.198325437270772,2.6512801558034447,3.0571001797843955,3.4112396096899147,3.709840368346092,3.949781116662087,4.128716012127925,4.245102789197967,4.298219789887832,4.2881717272392805,4.21588412158696,4.083086507585213,3.892284666503702,3.6467222911810273,3.350332638090263,3.0076808601574014,2.6238978433314126,2.204606487620428,1.7558414777341165,1.2839636781464592,0.7955703610626792,0.297402532411579,-0.20374934019826285,-0.7011398731593312,-1.1881622599585144,-1.6584394022841773,-2.105911404978422,-2.524918213795215,-2.9102762451960897,-3.2573479438289885,-3.5621033046673825,-3.821172511600537,-4.031888970936994,-4.19232215502072,-4.30129981603013,-4.358419280988067,-4.364047693923279,-4.319311227804709,-4.226073445107061,-4.086903139455444,-3.9050321395718472,-3.6843036986083715,-3.4291122249016515,-3.1443352323456484,-2.8352584982344586,-2.507495512028635,-2.166902378701481,-1.8194894039974048,-1.4713306351878939,-1.128472659092425,-0.7968439688481919,-0.4821662020303721,-0.18986852537311316,0.0749936040895165,0.30781413450871176,0.5045054837865515,0.6615599805033039,0.7761027973904076,0.8459356149711723,0.8695703852464367,0.8462527065040613,0.7759744684824548,0.6594755801239134,0.4982347478497626,0.2944494284742307,0.05100523533855461,-0.22856477319364177,-0.5401303492142744,-0.8790231446123851,-1.2401037977366989,-1.6178360662051798,-2.006366953481413,-2.3996116904919416,-2.7913423632979635,-3.175278924658083,-3.545181291983549,-3.894941217199514,-4.2186726156330066,-4.510799061235004,-4.766137193934039,-4.979974841175972,-5.148142728943847,-5.267078746746854,-5.333883834967891,-5.3463686801062025,-5.303090532199676,-5.20337959725054,-5.047354603860546,-4.835927295447755,-4.5707957552251965,-4.254426628378859,-3.890026462373899,-3.481502539839285,-3.033413726869287,-2.5509120007433843,-2.0396754530138583,-1.5058336847812526,-0.9558866190656088,-0.39661784895989105,0.1649962816054409,0.7218806062560825,1.2669567717065315,1.7932392528592707,2.2939304129480984,2.762513285961563,3.1928407888921497,3.579220119798892,3.9164911635727644,4.200097809735948,4.426151184436933,4.591483910654354
-6.70889580133084,-6.434071564828193,-6.101845958131863,-5.715895508185625,-5.280599879500426,-4.800985260359386,-4.28265887656025,-3.7317355294926546,-3.1547571666704712,-2.558606590092788,-1.9504164896248684,-1.3374750538244693,-0.7271294583730762,-0.126688561836431,0.4566738505411748,1.0160139420621985,1.5447095122609857,2.036547235132958,2.4858042482669216,2.887322972268687,3.236578134538456,3.529735080453024,3.763698576776001,3.93615144496473,4.045582504095453,4.091303452393619,4.073454470738774,3.992998488844946,3.8517042128904384,3.652118169966047,3.3975261776317085,3.091904793972552,2.739863442764058,2.3465780377408523,1.9177170477017207,1.4593610486264326,0.9779168986665014,0.4800277455490112,-0.0275198674275432,-0.5378904918119283,-1.044294535387067,-1.5400819672661712,-2.0188336562827027,-2.4744490675115767,-2.901229094915668,-3.2939528784147405,-3.6479475401242976,-3.9591498758842185,-4.2241591530557905,-4.440280292285687,-4.605556847725354,-4.718793345120994,-4.77956668820609,-4.788226498802973,-4.745884412785009,-4.65439251035494,-4.516311212752872,-4.334867126352606,-4.113901457038672,-3.8578097507784603,-3.571473838539486,-3.2601869734296267,-2.929573243613125,-2.5855024248306826,-2.234001500099538,-1.8811641204934144,-1.5330593091532196,-1.195640720463184,-0.874657757510136,-0.575569823654718,-0.3034649386723143,-0.06298388711294423,0.14174901282535624,0.30718752639214464,0.43041662068836106,0.5091963211135087,0.5419956748088359,0.5280163312174873,0.4672053980051176,0.36025738356608095,0.20860519301731562,0.014400300752799966,-0.21951762291321986,-0.48966120293063686,-0.7919453959166638,-1.1217463627186925,-1.4739683416337324,-1.8431175721340098,-2.2233822177212215,-2.608717150160533,-2.9929323870542603,-3.3697839215035694,-3.7330656472319155,-4.076701065512582,-4.394833461802358,-4.681913260118888,-4.9327813016345265,-5.142746850158828,-5.307659200360118,-5.4239718537081565,-5.488798330954392,-5.499958807045338,-5.456016883042919,-5.356305948093782,-5.20094473079968,-4.990841791434257,-4.727688862186498,-4.41394309979513,-4.052798471356755,-3.6481466475397726,-3.2045279257531707,-2.727072846912737,-2.2214353013269266,-1.693718040029619,-1.1503916159110956,-0.5982078727161884,-0.0441091780631504,0.5048653420162736,1.0416752657777018,1.5593747089622372,2.0512071948417905,2.510698239259174,2.9317443591551546,3.308697261547118,3.636442035851334,3.9104682549035004,4.1269329878791,4.282714840177016
-6.880920694883866,-6.5998270949457165,-6.26184948935066,-5.870691988806489,-5.430759228283543,-4.947099633473648,-4.425339827892847,-3.871611077936752,-3.2924687844547766,-2.694806126595546,-2.085763045424117,-1.4726318199751214,-0.8627605360680588,-0.26345577770325984,0.3181141182361048,0.8750139110816882,1.4006331028427526,1.8887731203160154,2.333728833470796,2.7303632898368093,3.0741746393649683,3.361354333286518,3.5888358023323854,3.7543329525817972,3.856367959320821,3.894287988612693,3.8682706307163395,3.7793179868697524,3.629239509072365,3.420623849136309,3.156800126233578,2.841789169298789,2.4802454298930785,2.0773903905417255,1.6389384113136174,1.1710160618660552,0.6800760758724138,0.1728071384294696,-0.3439592263216278,-0.8633433613200836,-1.3785124499751433,-1.882774428545116,-2.369669526096277,-2.8330581559124495,-3.2672039354147384,-3.6668506819904674,-4.027292318621553,-4.344434724619892,-4.614848681684903,-4.835813192270741,-5.005348584096638,-5.122238959619437,-5.186043700366204,-5.1970978910636925,-5.156501685313307,-5.066098790932788,-4.928444406814052,-4.746763092063326,-4.524897190195901,-4.2672465642527175,-3.9787005210150737,-3.6645629122945356,-3.3304714970227467,-2.982312728213236,-2.6261331926854785,-2.2680489778346287,-1.9141542680486314,-1.5704304832233675,-1.2426572630721597,-0.9363265736969684,-0.6565611675743899,-0.40803856535455885,-0.19492164856622285,-0.020796857590321682,0.1113791195502778,0.1993234033954887,0.2414610922418423,0.2369490534597305,0.18568899416686513,0.08832962145321432,-0.05374214198453453,-0.2384207647793939,-0.46291225993063456,-0.7237744569134459,-1.0169668213033907,-1.3379091138961456,-1.681548054842982,-2.042431043654238,-2.4147858846702324,-2.7926053811972498,-3.1697355911801672,-3.539966484032356,-3.897123702825403,-4.235160118962354,-4.548245867966663,-4.830855575099796,-5.077851517897802,-5.2845615288555186,-5.446850514601839,-5.561184556975077,-5.624686665173946,-5.6351833651689995,-5.591241441166581,-5.492194282313337,-5.338157434066601,-5.130033105675977,-4.869503540883188,-4.559013316058405,-4.201740786337662,-3.801559053704077,-3.362986979202942,-2.8911309025062244,-2.3916178638557133,-1.870521244155525,-1.3342798469478125,-0.789611539665199,-0.2434226495833789,0.297285628807024,0.8255125146002487,1.33435328357551,1.817093940858982,2.2673036022417596,2.6789232936229608,3.0463499265452683,3.3645142737384672,3.6289518510652483,3.835865710121344,3.9821802576100236
-7.025735889578624,-6.738890290741748,-6.395705634548759,-5.999911002166843,-5.555933265975042,-5.068840249383482,-4.544275040914181,-3.9883823602982944,-3.407727985534771,-2.809212346972031,-2.1999794761520057,-1.5873225622473373,-0.9785874165121226,-0.38107517458556484,0.19805442267836104,0.7518778370862199,1.2737993234485763,1.7576380409426535,2.1977094864616817,2.5889001300860848,2.9267342276212265,3.2074318942656665,3.4279576453722163,3.5860587432299282,3.680292830962657,3.7100444840130216,3.6755304641639093,3.577793618474442,3.41868552366539,3.200838133160942,2.9276248369825786,2.603111491850573,2.2319981181167146,1.8195520895763853,1.3715337599760031,0.8941155744947309,0.39379580417563553,-0.12269188504185169,-0.6484717604070198,-1.1766209404853973,-1.7002645758313253,-2.2126699629359274,-2.707338279074386,-3.1780926609887565,-3.6191614035677038,-4.0252551250649615,-4.3916368319344645,-4.714183917826241,-4.989441246247194,-5.214664593219262,-5.387853863172319,-5.507775636356787,-5.5739747572041605,-5.5867748281692275,-5.547267630468394,-5.457291649571204,-5.319400037102009,-5.1368184897977915,-4.913393668247394,-4.653532911305542,-4.362136124457221,-4.044520830281396,-3.706341464982537,-3.3535040853764135,-2.99207771460393,-2.6282036013072783,-2.268003695386053,-1.917489653362629,-1.5824736776916482,-1.268482467176281,-0.9806755103932416,-0.7237688913233751,-0.5019656971259261,-0.3188940233056421,-0.17755346274497952,-0.08027084374874205,-0.028665850093150702,-0.023627014955758474,-0.06529843252323819,-0.15307737812587252,-0.28562287209396486,-0.4608750663740451,-0.6760851784906798,-0.9278555468774092,-1.2121892370580805,-1.5245484916826313,-1.8599211909404465,-2.2128943751804853,-2.577733780284185,-2.948468249900392,-3.3189778182861898,-3.6830842042030794,-4.0346424208524105,-4.367632189703893,-4.676247847524806,-4.9549854559403075,-5.198725861171728,-5.402812507674474,-5.563122882445995,-5.676132555771867,-5.738970887874844,-5.749467587869898,-5.706189439963371,-5.608466650157492,-5.4564084128855574,-5.250907448949904,-4.9936334217236995,-4.687015295616549,-4.334212857079201,-3.939077771731084,-3.5061046993736658,-3.040373129612246,-2.5474807325588555,-2.033469139769478,-1.5047431784740595,-0.967984675762664,-0.43006202736986454,0.10206321305233446,0.6214314246362849,1.1211803650154648,1.5946396392643307,2.035422872132329,2.437516294043874,2.795362499855165,3.103938205322978,3.358824908730255,3.5562714629771133,3.6932476753147663
-7.140868036463801,-6.848815387028993,-6.500993598998257,-6.101153990947486,-5.653742832974019,-5.16384441349396,-4.637115274364867,-4.079710512467433,-3.498203157000401,-2.8994977287890644,-2.2907391695133694,-1.6792183937805487,-1.0722757644835736,-0.4772038212324562,0.09884939759374511,0.6489751066028977,1.1665952929860668,1.6455497428443948,2.080177375621813,2.465390767253198,2.79674283751123,3.070484786216353,3.283614484931203,3.43391466378262,3.5199803752738417,3.5412353663714473,3.497937144679454,3.3911706819783234,3.2228308566008783,2.995593892820798,2.7128782084452183,2.378795228985065,1.9980908660622303,1.576078487149627,1.1185643215155345,0.6317663517088083,0.12222782961516976,-0.40327337021638776,-0.937818290661478,-1.4744420174307227,-2.0062290613112808,-2.5264076670031805,-3.0284417352398374,-3.5061190802308655,-3.9536347977313406,-4.365668589467016,-4.737454976229957,-5.064845433477677,-5.344361598284859,-5.573238823384086,-5.749459490998814,-5.871775644283888,-5.93972064539884,-5.9536097244134565,-5.914529440195952,-5.824316230948306,-5.685524385925618,-5.50138391893843,-5.275748966389363,-5.013037465836833,-4.718162993533223,-4.3964597493303295,-4.053601773234858,-3.695517558384009,-3.3283012891657227,-2.9581219797338427,-2.5911318166144577,-2.2333750190712607,-1.8906985222601047,-1.5686657610842767,-1.2724747874512017,-1.0068818909722221,-0.7761318139303905,-0.5838955566900432,-0.4332166609783541,-0.32646673717287955,-0.26531086959778416,-0.25068339273500606,-0.2827743831914691,-0.36102705932444734,-0.48414612477776053,-0.6501169360232348,-0.8562352195437879,-1.0991469137212435,-1.374897565933711,-1.6789905788692407,-2.0064534735558386,-2.351911221883583,-2.7096656000764727,-3.0737794280955595,-3.438164489546058,-3.796671873319232,-4.143183442683095,-4.471703120351182,-4.7764466794544616,-5.051928750303379,-5.29304579107983,-5.495153826607776,-5.65413983233193,-5.76648572956191,-5.829324061664887,-5.840484537755833,-5.798530758896673,-5.702786580065594,-5.553351707248629,-5.35110628087956,-5.097704352370988,-4.795556317447234,-4.447800526195355,-4.058264442990952,-3.631415877568833,-3.1723049494045332,-2.686497579261953,-2.18000142238487,-1.659185265660669,-1.1306930046382941,-0.601353394213699,-0.0780868280007736,0.4321895549870951,0.9226571123316691,1.386689958065756,1.8179469214640982,2.210459916264627,2.5587174803505315,2.8577423118988405,3.10316171049688,3.2912699295927124,3.419081558510302
-7.224154594710652,-6.927464813438095,-6.575598049738505,-6.172325019906068,-5.722108459044103,-5.230046108904251,-4.701804888493611,-4.143547145892668,-3.561850000777039,-2.963618884110033,-2.3559964630061847,-1.7462682037116046,-1.14176587309007,-0.5497703082766754,0.022585205150817966,0.5684096141807833,1.0811455329282031,1.5546561700449213,1.9833065508293217,2.3620379151835973,2.686434267502311,2.9527801638157345,3.1581089435242897,3.3002407461342003,3.377809795672662,3.390280584927387,3.33795274622373,3.221954552954206,3.04422515430113,2.807485802323833,2.515200483620105,2.1715265149709753,1.781255801675867,1.3497475867295534,0.882853636770007,0.38683691518873764,-0.13171511751897125,-0.6659813624304503,-1.2090008295664083,-1.753767964870283,-2.2933282273381383,-2.8208725851282366,-3.329829616441551,-3.8139539363541077,-4.267409724093,-4.684848195722115,-5.061477953840997,-5.393127247474946,-5.676297290409288,-5.908205913170186,-6.086820960885518,-6.2108829944381725,-6.279917003602674,-6.294232996100622,-6.254915483532659,-6.163802041731519,-6.0234512770258615,-5.837100679040004,-5.608614982880258,-5.3424257968724405,-5.043463374541762,-4.717081519542256,-4.368976708202059,-4.005102594905407,-3.6315811295518925,-3.254611562921853,-2.880378644282694,-2.514961325599322,-2.1642432781277057,-1.8338265001018417,-1.5289492490596537,-1.2544094697362915,-1.0144948092743966,-0.8129202168830227,-0.6527740163620965,-0.5364732186371179,-0.4657287093366367,-0.4415208053628419,-0.46408552634964884,-0.532911773967848,-0.6467494563865552,-0.8036284390359478,-1.000888048347227,-1.235216704556479,-1.5027011150799257,-1.7988843234442378,-2.1188317822185407,-2.4572045036354755,-2.808338240231245,-3.1663275613150326,-3.5251136206218154,-3.878574357109522,-4.220615835289988,-4.545263414240443,-4.846751435777138,-5.119610142171085,-5.358748571972736,-5.559532238453317,-5.717854468081578,-5.8302003653115575,-5.8937024735104275,-5.90618731864874,-5.86621215076438,-5.77309133638827,-5.62691200113789,-5.428538673486453,-5.179606836161277,-4.88250544852299,-4.540348659414827,-4.156937083145725,-3.736709159320726,-3.2846832580672363,-2.80639132383695,-2.307804971531085,-1.795255056495904,-1.2753458334417336,-0.7548648972264116,-0.24069015960956808,0.2603048403436945,0.7413459691734894,1.19585254543792,1.6175290817252457,2.0004534348003884,2.3391601249667895,2.628717651705861,2.864798715152874,3.043742350828643,3.1626070969018496
-7.273773261486875,-6.973038504545465,-6.617738319064208,-6.211659886343273,-5.759279394821514,-5.2657049634001165,-4.736610762285966,-4.178163230036427,-3.596940396465125,-2.999845417969967,-2.3940155133043595,-1.7867275526852184,-1.1853016005014085,-0.5970037410867219,-0.028949527638417516,0.5119906137557986,1.0192827197616086,1.4868161048853088,1.9089844583925997,2.280760104807557,2.597760404734572,2.8563053820417004,3.0534657855087493,3.1871009261659005,3.2558857738614817,3.259326946104543,3.197767376832493,3.072379610287337,2.885147823437044,2.6388388371315985,2.3369625292388942,1.983722210217491,1.5839556608886725,1.1430676616169049,0.6669549598828153,0.16192472768747557,-0.36539235010015547,-0.9081331417025023,-1.4592960173730898,-2.0118363712642617,-2.558762385830317,-3.0932297066970724,-3.6086337129319146,-4.098698103082889,-4.557558570715219,-4.979840413700276,-5.3607290082053884,-5.6960321799664975,-5.982233620562509,-6.2165366234240125,-6.396897551406925,-6.522048593009129,-6.591509515656959,-6.60558827980445,-6.565370534682995,-6.472698173198886,-6.330137277494557,-6.140935935898021,-5.908972554282988,-5.638695418248101,-5.33505438512081,-5.003425694876578,-4.6495309850905775,-4.279351675658697,-3.8990399531070237,-3.5148276309572104,-3.1329341911778767,-2.759475321834044,-2.400373257512392,-2.061270202077415,-1.7474460681908444,-1.4637417054474189,-1.2144887098344972,-1.0034468126338862,-0.8337497381934558,-0.7078602987430915,-0.6275353623315936,-0.5938011888881425,-0.6069394813601703,-0.6664843459437635,-0.7712301997663891,-0.9192505082065077,-1.1079270795495832,-1.333989494069814,-1.5935641000220429,-1.8822318724740608,-2.1950943043375535,-2.526846384157368,-2.8718556138178384,-3.2242459327579107,-3.5779853447792256,-3.9269759900835353,-4.26514536954637,-4.58653741093024,-4.885402068011964,-5.156282163431111,-5.394096224185397,-5.594216114570084,-5.752538344198347,-5.865548017524219,-5.930374494770454,-5.944837950883566,-5.9074861474541756,-5.817620870644652,-5.6753136341119035,-5.481410397643863,-5.237525207604155,-4.946022822109585,-4.60999053993672,-4.233199605264737,-3.8200567083505486,-3.375546243009353,-2.905164113350285,-2.4148440027334406,-1.9108771256664638,-1.399826576821567,-0.8884374692023271,-0.38354411462008997,0.1080244568183939,0.5795393161785325,1.0244654653319463,1.4365533598938862,1.809926839049525,2.1391662244066887,2.419385415994734,2.6463018960216838,2.8162986488530697,2.9264771175171633
-7.288267550887929,-6.984099372164852,-6.6259937837950975,-6.217751420414369,-5.763858847611065,-5.2694314354861564,-4.74014744472341,-4.182174224018197,-3.6020875286187475,-3.0067850665618288,-2.403395460571662,-1.7991838783902452,-1.2014556316051412,-0.617459072169642,-0.054289126357086825,0.4812072022955194,0.9825220563083115,1.4435734141549021,1.8587860497228752,2.2231656437461336,2.5323650246668534,2.7827416257324744,2.9714053672467644,3.096256306061034,3.156011536744952,3.15022097841962,3.079271835871938,2.944381681129566,2.7475802599511248,2.4916802844567036,2.180237626191725,1.8175014711366118,1.4083551374823393,0.9582483864360285,0.4731221740878686,-0.040673103187393256,-0.5764647276658914,-1.1273489278028683,-1.6862850220607533,-2.2461911280501248,-2.800040105692836,-3.3409544014811194,-3.86229847795438,-4.357767547998792,-4.821471386987065,-5.248012066358352,-5.6325545389906235,-5.9708891084134015,-6.25948492911002,-6.495533812239103,-6.676983748271564,-6.802561703357098,-6.871785397654473,-6.884963929248469,-6.843187264444044,-6.748304771961264,-6.602893132646258,-6.410214105594434,-6.174162773952333,-5.899207027120833,-5.590319158748816,-5.252900570058781,-4.892700664137553,-4.515731097507514,-4.128176619436066,-3.7363037761460776,-3.346368785706283,-2.964525899512415,-2.5967375577816494,-2.24868761950229,-1.925698902195656,-1.6326562043012038,-1.3739359038790453,-1.15334313275893,-0.9740574165931142,-0.8385875500317332,-0.7487363441505788,-0.7055757421923488,-0.7094326516297706,-0.7598856876172821,-0.8557728672306337,-0.9952101377025488,-1.1756204673566033,-1.3937730773056165,-1.6458322473455511,-1.9274149928867585,-2.2336567831531315,-2.559284356037647,-2.898694583554402,-3.246038255209006,-3.5953075760469244,-3.9404261226336024,-4.275339964529851,-4.594108641458751,-4.8909946875656765,-5.160550413937457,-5.39770069859585,-5.597820588980539,-5.756806594704692,-5.87114063707793,-5.937945725298966,-5.9550325458670486,-5.920936280004243,-5.8349431019123505,-5.697105956562998,-5.508249367380426,-5.269963179484433,-4.984585300925162,-4.655173660349417,-4.2854677525882465,-3.8798402915863512,-3.4432396308163735,-2.981123742846326,-2.4993866701976852,-2.0042784673399825,-1.5023197470911673,-1.0002120225065334,-0.504745096439075,-0.02270279447024781,0.4392316377788741,0.8745691452069024,1.2771061658493381,1.64101234019574,1.960913390401877,2.231967998569859,2.4499375957524254,2.611248071174699,2.713042522988757
-7.2665681999593525,-6.9595946183477775,-6.59932509931823,-6.189570654655956,-5.734825101149141,-5.240207899375636,-4.711398220157217,-4.154561137623856,-3.5762669586626448,-2.983404795281167,-2.383091567728723,-1.782577690946014,-1.1891507441400975,-0.6100384523403475,-0.05231231926940216,0.47720675739018614,0.9720395841258687,1.4261352240331415,1.8339518072094152,2.1905304822263787,2.4915614869055913,2.7334414260184534,2.913320965689862,3.0291422874924683,3.0796657876079934,3.0644856560070295,2.9840341252621307,2.8395743361916104,2.6331819258241933,2.3677155999574984,2.04677710565881,1.6746611662782425,1.2562960808494268,0.7971758191890457,0.3032845617609643,-0.21898526220516534,-0.7629202952182936,-1.321577713942568,-1.8878795602986524,-2.4547086293646805,-3.0150045819289195,-3.5618589479556215,-4.08860770432232,-4.588920145722675,-5.056882821097177,-5.487077378595622,-5.874651248889564,-6.21538019841295,-6.505721899377146,-6.742859790555778,-6.92473664007157,-7.050077366806646,-7.118400828550527,-7.130020440461554,-7.0860336446584595,-6.988300408565001,-6.839411083794708,-6.642644106715815,-6.401914164277101,-6.121711582200875,-5.807033815383056,-5.463310030557793,-5.096319867438405,-4.712107545288592,-4.316892546076969,-3.91697815212652,-3.5186591448366897,-3.128129981233709,-2.751394756658561,-2.394180234959138,-2.061853182501477,-1.759343179797788,-1.4910720054561253,-1.2608905926106246,-1.072024449333792,-0.9270283133027548,-0.8277506789068212,-0.7753086939139853,-0.7700737747553255,-0.811668136533563,-0.8989722781787111,-1.030143306961605,-1.202643832044442,-1.413281006081161,-1.6582551492102853,-1.9332172531543725,-2.2333345364854464,-2.553363107226246,-2.8877266874575334,-3.230600267928741,-3.5759974900490277,-3.9178604990691204,-4.250150976510399,-4.566941042464499,-4.862502719524059,-5.131394669799947,-5.368544954458341,-5.56932862093892,-5.729638995710441,-5.845951649058478,-5.915380101734485,-5.935722459869151,-5.905498292723977,-5.823975205815483,-5.6911847077515985,-5.507927120712742,-5.275765439752048,-4.997008202789896,-4.674681589124964,-4.3124911172760845,-3.9147734608454066,-3.4864390417644513,-3.0329061917626063,-2.5600277933232394,-2.074011419061619,-1.5813340818474098,-1.0886527857775548,-0.6027121291797528,-0.13025025432194237,0.3220955362017941,0.7478821697103182,1.140951885543517,1.495519724738892,1.806256191524966,2.068363916848565,2.277647236622019,2.4305736951942567,2.524326596347854
-7.208010128479485,-6.898872616208117,-6.5370910158970235,-6.126483590531239,-5.671548247375828,-5.177405357146653,-4.649731816100083,-4.09468725000496,-3.51883336971919,-2.929047584775435,-2.3324320626217,-1.7362194858181772,-1.1476768066480099,-0.5740083275898697,-0.022259446511942338,0.5007776028705364,0.9886547116669011,1.4353542991824746,1.8353699633524534,2.18378026212791,2.4763146048543634,2.7094103421243445,2.8802602647840896,2.9868498560183028,3.027983782858196,3.003301263060015,2.913280097986969,2.7592293197274724,2.543270558987781,2.2683083970873765,1.9379901184632338,1.556655427308123,1.129276831265237,0.6613915245249344,0.15902572040598462,-0.3713875120947745,-0.9230957636952002,-1.4891189345176734,-2.062343743950415,-2.635619787937971,-3.2018558107406276,-3.7541148566607685,-4.285706984383408,-4.790278262169993,-5.2618948156716545,-5.69512077083177,-6.0850890212263185,-6.427563851017283,-6.718994560031029,-6.956559364692992,-7.138198985858326,-7.262639480039908,-7.329404022100819,-7.338813503013177,-7.291975963599404,-7.190765042050657,-7.037787767253295,-6.836342179377789,-6.59036540169435,-6.304372921172321,-5.9833899582192736,-5.632875916195851,-5.25864299755669,-4.8667701542667015,-4.463513604394619,-4.055215193594134,-3.6482099088951907,-3.248733862447827,-2.8628340544526156,-2.496281197602166,-2.1544868403352684,-1.842425963712075,-1.5645661476450268,-1.3248043076885094,-1.1264118949420205,-0.9719893303962042,-0.8634303129656646,-0.801896499376747,-0.7878029060088132,-0.8208142298188472,-0.8998521297749742,-1.0231133539866506,-1.1880984431571933,-1.391650590283102,-1.6300040918151064,-1.8988416888238946,-2.1933599700112527,-2.5083418934665844,-2.8382353825144753,-3.177236864268051,-3.5193785488217526,-3.8586181933868757,-4.188930059853355,-4.504395756760089,-4.799293657723756,-5.068185607999644,-5.30599966875393,-5.508107704281876,-5.670396690028196,-5.789332707831203,-5.862016698073795,-5.886231154926093,-5.8604770789643155,-5.784000639341289,-5.656809143421121,-5.479676063317562,-5.254135023953989,-4.9824628139026474,-4.667651636150008,-4.313370968872348,-3.9239195541306913,-3.5041681730179386,-3.0594939972253683,-2.5957074273820826,-2.1189724361550684,-1.635721527455638,-1.1525665008554393,-0.6762062713686543,-0.2133330382362293,0.22946187836800291,0.6457812070672901,1.0295125877494622,1.3749158435247741,1.6767054274664657,1.9301268753809508,2.13102617830437,2.275911086216146,2.362003466229569
-7.112344731138379,-6.801695137585465,-6.439060556570861,-6.02826334155648,-5.573802309945399,-5.080795557888072,-4.554914533279742,-4.00231026586006,-3.429532764012013,-2.8434446844669665,-2.251130462292414,-1.659802153124644,-1.0767032866960866,-0.5090120596309644,0.036254794169853444,0.5523361256130144,1.0328171820176797,1.4717158505269583,1.86356313845543,2.2034767752781272,2.4872269161617,2.711293036420017,2.872911228511369,2.9701112464699513,3.0017427851126275,2.9674906309862994,2.867878476724277,2.7042613480925057,2.4788067513191043,2.1944648050932454,1.8549277746945598,1.4645795729253788,1.0284359318025713,0.5520760783714003,0.041566865717821866,-0.49661958537023554,-1.0556935890688601,-1.6286397229679896,-2.20831150732226,-2.787527621548233,-3.3591683242443295,-3.9162707415204108,-4.452121705629281,-4.960346861543025,-5.434994812706358,-5.8706151479670785,-6.262329278629206,-6.605893116469719,-6.8977507389667965,-7.135078315278301,-7.3158177038901435,-7.438699278388755,-7.503253689450997,-7.509812426752674,-7.4594972018836145,-7.3541983303078,-7.196542444713824,-6.989850021593593,-6.73808334546435,-6.445785668807094,-6.118012448655887,-5.760255651112691,-5.3783622113333545,-4.978447817382905,-4.566807250660786,-4.149822562451189,-3.7338703949078633,-3.3252297650404365,-2.9299916218941986,-2.5539714602345116,-2.20262622904811,-1.880976710699531,-1.593536467521466,-1.3442483580952924,-1.1364295168340244,-0.9727255692536023,-0.8550747232269809,-0.7846822354287892,-0.762005604092652,-0.7867506862136648,-0.8578787815985742,-0.9736245698979564,-1.1315246321576888,-1.3284561376864776,-1.5606851322831832,-1.8239237271482553,-2.113395361050146,-2.423907193322081,-2.74992858365234,-3.0856745278393305,-3.4251928479380624,-3.7624538815283852,-4.091441378947499,-4.406243299758341,-4.701141200722007,-4.970696927093789,-5.209835356895439,-5.413922003398185,-5.5788343535994755,-5.7010259089690685,-5.777581997929291,-5.806266545964986,-5.785559117288677,-5.714681679809365,-5.593614690824496,-5.423102252318058,-5.204646239865295,-4.940489465726248,-4.633588092544826,-4.287573666956186,-3.9067052901827335,-3.4958125832792546,-3.0602302360827665,-2.605725049274087,-2.1384164865618507,-1.664691847332077,-1.191117247842895,-0.7243456600814961,-0.27102330086857496,0.1623043109264204,0.5692853044746808,0.9438521017367898,1.2803084746677194,1.5734117812002975,1.818449212264747,2.011306964527705,2.1485313512993067,2.227380975792955
-6.979747335434153,-6.668244761177729,-6.305420390514528,-5.895097487044474,-5.441772593605242,-4.950558357986155,-4.427117632053265,-3.877589743071307,-3.3085099466219674,-2.7267231670561074,-2.139293212517307,-1.553408716091147,-0.9762871016556074,-0.41507790186759475,0.12323323399390529,0.6319185130453668,1.1045986504437373,1.5353289427115089,1.9186795686872211,2.249809003667038,2.524529527538947,2.7393639172288715,2.8915925360445915,2.9792901658059563,3.001352070120485,2.9575089268051804,2.848330422170884,2.6752174575054033,2.4403830764065475,2.1468223784061458,1.7982718373933895,1.3991585905442863,0.954540402730611,0.4700371407648105,-0.04824529047606618,-0.5937974936623223,-1.1597944604376038,-1.739187569258262,-2.324799423850949,-2.9094202179703608,-3.4859042920223997,-4.047265545684711,-4.58677038792074,-5.098026941496154,-5.575069272760093,-6.012435488288393,-6.405238627000071,-6.749229378323913,-7.0408497724705335,-7.277277116228545,-7.456457585157416,-7.577129028657359,-7.638832696108922,-7.6419137479553125,-7.587510573059183,-7.477533090686756,-7.314630369848055,-7.102148048282022,-6.84407617601755,-6.544988242162134,-6.209972266491153,-5.844554947807782,-5.454619957367985,-5.0463215465675,-4.625994702436268,-4.200063131382288,-3.774946380418899,-3.3569674154004456,-2.9522619674449704,-2.5666909318657796,-2.205757058953992,-1.8745271134943962,-1.577560600846675,-1.3188460629057221,-1.1017458386098482,-0.9289500624333442,-0.802440542197449,-0.7234650164310534,-0.692522143405895,-0.7093574209556905,-0.7729700804283055,-0.8816308418168775,-1.03291026247949,-1.2237172610729794,-1.4503472535259692,-1.7085392011055736,-1.9935407438240675,-2.3001804773783707,-2.6229463301420446,-2.9560689098740656,-3.293608618997997,-3.629545283540954,-3.9578690048641754,-4.272670925675017,-4.568232602734575,-4.839112698153723,-5.080229738930174,-5.28693974988789,-5.4551076376557655,-5.58117129174299,-5.662197471886609,-5.695928667207772,-5.680820240675178,-5.616067310131166,-5.5016209627434165,-5.338193551147789,-5.1272529746073205,-4.871006005039491,-4.57237087354709,-4.234939485926654,-3.8629297833624756,-3.4611289050550784,-3.034827940893196,-2.589749182599296,-2.1319668893567156,-1.667822677237959,-1.2038367194741628,-0.7466160056322679,-0.3027609512285838,0.12122832541538475,0.5190447355435819,0.884664649961308,1.2124347454831241,1.4971540351656667,1.7341499155696558,1.9193471466924386,2.0493287779442673,2.1213881452397563
-6.810819715367548,-6.499127351462526,-6.136777292343656,-5.72759052704545,-5.276058150044458,-4.78728421310081,-4.266919865605645,-3.7210896820223933,-3.1563111855522417,-2.5794086736221304,-1.9974225318249408,-1.417515287391798,-0.846875700233368,-0.29262221838467317,0.23829286508512748,0.7391772251302942,1.2036889862871576,1.6259226166021696,2.0004890407350016,2.3225888587031545,2.588077652006671,2.7935224684209636,2.9362486990394663,3.0143766944726833,3.026847609598236,2.9734381159106578,2.8547637752426507,2.6722710262517158,2.428217893378317,2.125643684763845,1.7683280986711667,1.3607403051311964,0.907978708782891,0.4157022282297931,-0.10994595510928251,-0.6624211213721956,-1.234865063069005,-1.820198242128081,-2.411214776614206,-3.0006789420895617,-3.5814218525278285,-4.146436984317299,-4.688973224215,-5.2026241578910195,-5.681412369422536,-6.119867593000387,-6.513097645195393,-6.85685116816878,-7.147571329761906,-7.382439753836948,-7.559410091767149,-7.677230791656415,-7.73545677365269,-7.734449875472012,-7.675368089779268,-7.560143772162116,-7.391451152877613,-7.172663635176351,-6.90780150571372,-6.60147081633853,-6.258794319527374,-5.8853354501835415,-5.487016442893709,-5.070031754684112,-4.640758027708497,-4.205661873234454,-3.7712067871200383,-3.3437605172923472,-2.929504195417368,-2.5343445181127917,-2.1638302180899873,-1.8230740031607355,-1.5166810619982352,-1.2486851410226765,-1.0224930881307208,-0.840838637744943,-0.7057460795408437,-0.6185043120854274,-0.5796516344890517,-0.5889714761265525,-0.6454991086883575,-0.7475392284798095,-0.8926941422071226,-1.0779021386568968,-1.2994854838244185,-1.5532073402206263,-1.8343367842214886,-2.137720980209207,-2.457863468517911,-2.7890074372751315,-3.125222777351697,-3.4604956657987618,-3.7888193871219826,-4.104285084028716,-4.401171130135642,-4.674029836529589,-4.917770241761009,-5.127735790285311,-5.299775776770818,-5.430309522041439,-5.5163823494705255,-5.555712546935405,-5.546728627338111,-5.4885963383912175,-5.381235017914278,-5.225323042230945,-5.022292270261694,-4.774311542382885,-4.484259448858689,-4.155686735447527,-3.7927688614794306,-3.400249366206639,-2.9833748305595353,-2.5478223417352917,-2.0996204756037287,-1.645064905210357,-1.1906298213660647,-0.7428764123334066,-0.3083596930807495,0.10646500014315574,0.49533452742697026,0.8522681644355834,1.171654243107364,1.4483319821294458,1.6776673413932597,1.8556218169962693,1.9788131910499378,2.044567362210199
-6.606587609180007,-6.295369556819316,-5.934155635872294,-5.526761387012328,-5.077669308686776,-4.591971750180852,-4.075305108084393,-3.53377622448033,-2.973881995645927,-2.402423296457426,-1.8264144066532537,-1.252989189497221,-0.6893053202781088,-0.1424478908211133,0.38066627364239247,0.8733822574460521,1.329397356650156,1.7428467851222877,2.1083835922434555,2.421251679643216,2.6773508996711,2.8732933278881756,3.006449924178531,3.074986930422772,3.0778914951760505,3.0149861654547623,2.8869320404613017,2.695220539695823,2.4421538962083544,2.1308146425139602,1.7650245097304145,1.349293307655814,0.8887584927202112,0.3891162600689144,-0.14345488634681747,-0.7023770275312591,-1.2807610394664863,-1.871498898419001,-2.4673588042610692,-3.0610818061226532,-3.6454785946880794,-4.213525124139221,-4.758455744137527,-5.273852558081126,-5.753729777662191,-6.192611914723373,-6.585604738567922,-6.928458028987816,-7.217619270897972,-7.450277563974344,-7.624397158293865,-7.738740172727844,-7.79287820469705,-7.78719269571976,-7.722864074782291,-7.601849858719335,-7.426852043299604,-7.201274268400182,-6.929169383417779,-6.615178172902414,-6.264460125430797,-5.882617239236929,-5.4756119545379836,-5.049680383484003,-4.6112420730883255,-4.166807583463255,-3.7228851925396027,-3.285888048792408,-2.8620430851920426,-2.4573029807764493,-2.0772624112839893,-1.727079767839958,-1.4114054436428518,-1.1343176940712114,-0.899266966969982,-0.7090294786160005,-0.56567067872288,-0.4705191066962464,-0.424150993187576,-0.42638580791426683,-0.4762927988789518,-0.5722084117351045,-0.7117643233187023,-0.8919256724830084,-1.1090389264671336,-1.3588886841457097,-1.6367625905799867,-1.9375234221127353,-2.255687299446639,-2.585506899156494,-2.921058463137167,-3.256331351584232,-3.5853188490033454,-3.9021089149574446,-4.200973572039171,-4.476455642888086,-4.723451585686093,-4.937289232928027,-5.11379931059693,-5.249379703153018,-5.341051532725821,-5.3865062371259995,-5.384142959125825,-5.3330956970897425,-5.233249812525098,-5.085247641412981,-4.890483111132751,-4.651085421222146,-4.369892001907224,-4.050411117092144,-3.6967746261586525,-3.3136815594006412,-2.9063332932231924,-2.480361231509966,-2.0417480071037892,-1.5967433106299211,-1.151775531594866,-0.7133604577132351,-0.28800832188064085,0.11786948849888179,0.4980527383735833,0.8466023585321609,1.1579468865434808,1.4269641044253876,1.649056708169428,1.8202209265742777,1.9371071044927182,1.9970713772071769
-6.368493248262871,-6.058411334074028,-5.698989929565247,-5.294035979380721,-4.848020279492893,-4.366020426385676,-3.8536550842684063,-3.3170104683000927,-2.7625600522072995,-2.197078605011816,-1.6275517424847536,-1.0610822432680387,-0.5047944264406259,0.03426208401007469,0.5492078722320741,1.0334271940829745,1.4806580914441976,1.8850779029046654,2.2413829794574402,2.5448614935815685,2.7914583254122363,2.9778311193011637,3.101396726402543,3.1603673822745098,3.1537761109940785,3.081490996947336,2.9442181201793316,2.7434931087997834,2.4816614202323923,2.161847619847131,1.7879140785289551,1.3644096578670573,0.8965090908332549,0.38994389510530114,-0.14907422623195932,-0.7139364376548181,-1.2977251294834835,-1.893306359791941,-2.493425102020238,-3.0908019820089816,-3.678230168236078,-4.248671077787826,-4.795347578053711,-5.3118334000468606,-5.792137533111255,-6.2307824418219795,-6.622875033113036,-6.96416940384996,-7.251120514761445,-7.48092806422714,-7.651569973091373,-7.761825037498283,-7.811284458670876,-7.80035211444886,-7.730233595065588,-7.602914182867403,-7.421126110249514,-7.188305579830318,-6.90854017370774,-6.586507412531914,-6.227405348210262,-5.836876184607281,-5.420924017063951,-4.985827862589908,-4.538051217043204,-4.084149422608897,-3.63067615776574,-3.1840903722931593,-2.750664981581778,-2.3363986076965277,-1.9469316096892884,-1.5874675832106515,-1.2627014304174635,-0.9767550066365491,-0.733121241567116,-0.5346175115241134,-0.3833489070597753,-0.2806818991208473,-0.2272287587013666,-0.22284293183093729,-0.2666254158603232,-0.3569420265727603,-0.49145129087089,-0.6671425488517997,-0.8803837041182931,-1.126977924230284,-1.4022284662095914,-1.7010106867675396,-2.0178501950540775,-2.34700601866804,-2.6825575826487134,-3.0184942471916703,-3.3488061136581497,-3.6675747905870493,-3.9690628121237452,-4.247800420539246,-4.4986684620548845,-4.7169762004802145,-4.898532925434584,-5.03971232013439,-5.137508656642492,-5.189584002639791,-5.194305751550425,-5.150773925426638,-5.05883784543321,-4.919101916010115,-4.732920423698088,-4.502381407996758,-4.230279817277918,-3.9200803154974437,-3.5758702530787314,-3.202303455790376,-2.8045356167239444,-2.3881521967361032,-1.9590898462494302,-1.5235524545847996,-1.0879230107007711,-0.6586725202392036,-0.24226726725099224,0.15492426571941742,0.5267234987440834,0.8672315682422,1.1709155751133449,1.4326900374754776,1.6479923840213586,1.8128514062909802,1.9239476857636182,1.978665123233351
-6.098382963270247,-5.790093565519643,-5.433112459686301,-5.031234887939499,-4.588916893450378,-4.111218340322349,-3.603737265840829,-3.0725364626141243,-2.524063298514349,-1.9650638785959758,-1.4024927340082314,-0.8434192871832153,-0.2949323893620974,0.23595574484709614,0.7424048711163362,1.2178399911243556,1.6560412714739152,2.05122935236599,2.3981448556431335,2.692120981570045,2.9291481790725644,3.105929983772516,3.219929240501621,3.2694040603398777,3.253433004733992,3.1719291389127067,3.0256427515306323,2.8161526950711617,2.5458464598129034,2.2178892508930117,1.8361824909875388,1.4053123182274414,0.9304887881169828,0.4174766174675011,-0.12748157410817718,-0.6977484654244741,-1.286380528609083,-1.8862205953037692,-2.4899932156592257,-3.090401493309639,-3.680224059637342,-4.252410849456668,-4.800176357772103,-5.3170890932485815,-5.797155997962522,-6.234900674119752,-6.625434345727839,-6.964518585466091,-7.248618952766899,-7.474948816777305,-7.641502775614471,-7.747079229224767,-7.791291815152635,-7.7745695724848165,-7.698145856966315,-7.564036187569973,-7.375005359432308,-7.134524307872939,-6.846717351089898,-6.516300573064037,-6.148512231333271,-5.749036184885908,-5.323919433922516,-4.879484944297446,-4.422240993941505,-3.9587883255876934,-3.4957264190191513,-3.039560206435554,-2.596608546254516,-2.172915743854487,-1.7741673628126415,-1.405611507737923,-1.071986680735461,-0.7774572189863431,-0.5255572122278889,-0.3191436776136687,-0.1603596372370364,-0.05060760238729789,0.00946617962930274,0.01997651343503093,-0.018206968450639183,-0.10347693187760842,-0.23351610499234177,-0.4053352642556196,-0.6153208819555279,-0.8592917376125491,-1.1325636686170562,-1.4300215201276385,-1.746197252318284,-2.0753530759322465,-2.411568416008812,-2.748829449599135,-3.0811199270404144,-3.4025119684242844,-3.7072555275275647,-3.989865234660698,-4.245203367359732,-4.46855775307053,-4.655713480168616,-4.803017381803721,-4.907434359908942,-4.966594732817052,-4.978831917639981,-4.94320989608741,-4.859540057783004,-4.728387166328113,-4.55106434822536,-4.329617161120111,-4.066796953435876,-3.7660238801701817,-3.431340087221126,-3.067353717043787,-2.6791745197027415,-2.2723419736344046,-1.852746927956968,-1.4265478714433641,-1.0000830109793988,-0.5797794033622139,-0.1720604277831157,0.21674708833725842,0.5805047707014634,0.9133523190594053,1.209793570410776,1.4647777755747502,1.6737749259854025,1.8328440498092216,1.9386934940371336,1.9887323207102536
-5.798489991698565,-5.4926408926234025,-5.138736165227783,-4.74055629887969,-4.302539604369755,-3.8297253188774762,-3.327688057137566,-2.8024645059038793,-2.2604733690812133,-1.7084296671021575,-1.153254574906112,-0.6019820470873913,-0.061663525507780426,0.4607279467486536,0.9583928711750129,1.4247983741713688,1.8537679239525355,2.2395664315689787,2.5769795466489045,2.8613860382476686,3.088822246561212,3.25603770088889,3.3605411215842844,3.4006361570970878,3.3754463497166585,3.2849289732813025,3.129877540819307,2.9119129376689683,2.6334632938760802,2.297732866368891,1.9086603543652185,1.4708672185284648,0.9895967134964783,0.4706444726085788,-0.07971839886053833,-0.6548286615327782,-1.2477195611036156,-1.8512135059254606,-2.4580175239425874,-3.060820181693608,-3.6523886282888895,-4.225664426157765,-4.77385684795653,-5.290532355082552,-5.769699027242998,-6.2058847837172575,-6.594208324326675,-6.9304418204542495,-7.21106450229977,-7.433306416283107,-7.5951817643236605,-7.69551138268923,-7.733934070171296,-7.710906631368248,-7.627692658651589,-7.486340233735472,-7.289648884457632,-7.041126282237801,-6.744935308604726,-6.405832253169752,-6.029097028594604,-5.620456398727177,-5.186001312612758,-4.732099518178451,-4.265304693903006,-3.7922633838238093,-3.3196210501442502,-2.8539285680909963,-2.40155047939518,-1.9685762939605445,-1.5607360843226175,-1.183321555038625,-0.8411136900679594,-0.5383179866298204,-0.2785081753001486,-0.06457920477363421,0.10128986251380856,0.217662538960667,0.2838608279125665,0.2999701638620105,0.26683332926180825,0.18603345701823537,0.05986638262113386,-0.10869723907555884,-0.3160594923204974,-0.5580517370027183,-0.8299992989598595,-1.1267933743745495,-1.442969106565195,-1.7727887062750498,-2.1103284153989814,-2.4495680599641045,-2.784481901860354,-3.1091294808108088,-3.4177451386317204,-3.704824936948251,-3.965209716932753,-4.1941631047872665,-4.387443338820653,-4.541367882052876,-4.652869887068908,-4.719545695889311,-4.739692685283458,-4.712336905419909,-4.637250105083706,-4.51495588783809,-4.346724898331418,-4.134559094260775,-3.8811653150913195,-3.58991851129528,-3.2648151454572414,-2.9104174170052874,-2.5317890935837473,-2.1344238523246464,-1.724167141798237,-1.3071326687046962,-0.8896146910851133,-0.47799736087704225,-0.07866240214797915,0.302103563311934,0.6582007245359642,0.983805517374132,1.2734565115273442,1.5221355205560896,1.7253427725209394,1.8791650611000326,1.9803358945313319,2.0262867711773835
-5.471412668063547,-5.168639947426108,-4.818432925429199,-4.4245543590602905,-3.991421932186105,-3.5240514594354355,-3.0279914496885434,-2.509249925731966,-1.9742145068486183,-1.4295668572612619,-0.8821926840715117,-0.3390885324942976,0.19273332713255376,0.7063405975461075,1.1949759049608029,1.6521496773887658,2.071729653894301,2.4480257733135264,2.775869254065306,3.0506847564750927,3.268554614416362,3.4262742327103304,3.521397869080271,3.552274152818531,3.5180708348240315,3.4187884133087536,3.25526243415589,3.029154422470922,2.742931560090736,2.399835380485348,2.0038399054050187,1.559599794646737,1.0723892193763327,0.5480322985949944,-0.007173944230064122,-0.5865430432885338,-1.1830878209865303,-1.7896131634700467,-2.3988115615877796,-3.003360099606378,-3.5960175542512096,-4.1697202656034165,-4.717675459051724,-5.2334507336242515,-5.711058486101727,-6.145034111577317,-6.530506908576056,-6.863262719248343,-7.139797451066795,-7.357360754253519,-7.513989267049347,-7.608528986969114,-7.640646478315951,-7.610828782314744,-7.520372054078312,-7.37135910802202,-7.166626208083719,-6.909719589013852,-6.6048423379716645,-6.256792399692308,-5.870892591697096,-5.452913626678643,-5.008991235754987,-4.5455385674011755,-4.069155101400344,-3.5865333642101316,-3.104364761060916,-2.6292458504928833,-2.1675863787624605,-1.7255203647317436,-1.3088214808845426,-0.9228239136323466,-0.57234980697266,-0.26164429896330343,0.005680948278662612,0.22669494571598725,0.3991846546005502,0.5216818379827075,0.5934791290783228,0.6146351123132346,0.5859683688964288,0.5090405953704877,0.38612905853997137,0.22018880129824842,0.014805159028110026,-0.2258627166067449,-0.49714650246799375,-0.7939405778826838,-1.1107800861692216,-1.4419240549264423,-1.7814423750251742,-2.123305384045267,-2.461474763508101,-2.789994441176188,-3.1030801901804965,-3.395206635782494,-3.661190417910713,-3.896268312700525,-4.0961691883310305,-4.257178758474065,-4.376196199402392,-4.450781812794011,-4.47919504387718,-4.4604223019818345,-4.394194175854906,-4.2809917872053695,-4.122042180733304,-3.9193028051774403,-3.6754352954776417,-3.3937689187926194,-3.0782541946799653,-2.7334073401475165,-2.3642463215352123,-1.9762194154271386,-1.5751272883207923,-1.167039698071634,-0.7582079978611644,-0.3549746845031285,0.036318723565473165,0.4094241678852115,0.7582785735894677,1.0770931092294769,1.3604389072474603,1.6033280178304032,1.8012884345505271,1.9504321123330075,2.0475149957372385,2.0899881869280015
-5.120088232636086,-4.821013217397356,-4.475107495379629,-4.086113196646473,-3.6584245825138986,-3.1970313617562462,-2.7074533792864632,-2.195667573269205,-1.668028206777556,-1.1311814761964945,-0.5919756792482509,-0.05736818962379697,0.4656694681601743,0.9702471215620638,1.4496506984083666,1.8974348975606976,2.3075124858690153,2.6742389709600944,2.9924914625228967,3.2577406145604098,3.466114636467969,3.614454470436483,3.700359355031881,3.72222212815607,3.6792537650816497,3.571496796875503,3.3998274091880107,3.1659461789157444,2.87235756443736,2.5223384217553155,2.119895971753458,1.6697157907567581,1.177100535592915,0.6479002434556352,0.08843516424434616,-0.49458781294128207,-1.0941639883009497,-1.7030837108850712,-2.3140279892703832,-2.919665535338532,-3.5127499034666942,-4.086215386468442,-4.633270347363258,-5.147486702252815,-5.62288432373162,-6.054009205596532,-6.436004317139982,-6.764672177785202,-7.03652829880704,-7.248844766749039,-7.399683381099063,-7.487917904883603,-7.51324513903228,-7.476184687511301,-7.378067438134693,-7.221012941417939,-7.007896024629604,-6.742303128150624,-6.428478994264054,-6.071264472564634,-5.676026329418395,-5.248580059590704,-4.795106794747545,-4.322065484668348,-3.8361015915565004,-3.3439535848966306,-2.8523585532326363,-2.3679582596299977,-1.897206959303493,-1.4462822710635022,-1.0210003492480977,-0.6267365403068805,-0.26835262907597635,0.049868314845674444,0.32427858899845075,0.5519132280328953,0.7305274438527574,0.8586236293786305,0.9354675677597136,0.9610936421780218,0.9362989974788478,0.8626267615194919,0.7423385891439453,0.5783769428770225,0.37431766965425006,0.13431357011528755,-0.1369702157459613,-0.4344280672565437,-0.7525919445904474,-1.0857145243224684,-1.42785620887617,-1.7729747554628479,-2.1150162336433143,-2.4480060024947976,-2.766138398784574,-3.0638638465302868,-3.3359721355938046,-3.577670671980737,-3.784656574522052,-3.9531815805773802,-4.080108826076925,-4.162960681157567,-4.1999569502089384,-4.190042882522867,-4.1329065849920195,-4.028985579377089,-3.8794624014198034,-3.686249295333595,-3.4519622127448137,-3.1798844777851776,-2.8739206275920277,-2.5385410778688158,-2.1787183944075377,-1.7998560717195273,-1.4077108274575634,-1.0083095146175185,-0.6078618312570849,-0.21267006855950976,0.17096281836891736,0.5368255071688817,0.8788896556749792,1.1913989951797597,1.4689548947519406,1.7065971700901574,1.8998789760136687,2.044934703769081,2.138539901718023,2.178162349298109
-4.747762546843287,-4.452988831583742,-4.1119673772017675,-3.7284168912102214,-3.3067055290706646,-2.8517943355901223,-2.3691720710596575,-1.8647823174340972,-1.344943869948744,-0.8162655156091894,-0.2855563806137058,0.2402669071678687,0.754274947940176,1.249620870773673,1.7196348743443433,2.1579166852994573,2.558424639279628,2.91556013518173,3.2242462763722584,3.4799995923760614,3.6789938299581673,3.8181149121521374,3.895006286133465,3.908104014177732,3.856661104412444,3.740760727671668,3.5613181213968774,3.320071139026412,3.019559561471371,2.6630934438677976,2.2547109236275227,1.799126062737385,1.301667436217599,0.7682083076940894,0.2050893503556418,-0.38096502449165676,-0.9829355799519304,-1.593601182803631,-2.205634469238494,-2.8116989287899714,-3.4045460685676754,-3.9771113190159317,-4.522607360227775,-5.034613584118664,-5.507160461986792,-5.934807658396416,-6.312714819912798,-6.636704069761403,-6.903313355538516,-7.109839925034713,-7.254373343249509,-7.335817609835889,-7.3539020884647925,-7.3091811158036375,-7.203022315766567,-7.03758380219978,-6.815780608002331,-6.541240828678969,-6.218252111372335,-5.851699254521888,-5.446993806566413,-5.009996662819217,-4.546934756250672,-4.064313019060458,-3.568822856478955,-3.067248421304306,-2.5663720066057056,-2.0728798844069853,-1.5932699098712069,-1.1337621836630118,-0.7002140201585862,-0.2980404066461517,0.06785894049704688,0.3931649113295079,0.6741958270794042,0.9079549730491481,1.092168191012726,1.2253110238240668,1.3066250533885464,1.3361232265244865,1.3145841193918977,1.2435352478875115,1.1252256864867651,0.9625884092672082,0.7591929121403281,0.5191888126013656,0.24724125064422442,-0.05154096991372392,-0.371683458222428,-0.7074294024094187,-1.0528266245297049,-1.401817269834015,-1.7483288391978775,-2.086365255334829,-2.410096653768321,-2.7139466084493336,-2.99267553910997,-3.2414591024077133,-3.4559604408613236,-3.6323952514878695,-3.7675887386764337,-3.8590236317252806,-3.9048785749859265,-3.9040563358959357,-3.8562014213996942,-3.7617068442995443,-3.6217099358119142,-3.4380772568367233,-3.2133788159733263,-2.9508519549331944,-2.6543554095492823,-2.3283141949770965,-1.9776560949358823,-1.6077406550922546,-1.224281688239404,-0.8332643922493947,-0.4408582595494215,-0.05332701799202155,0.3230631134166322,0.6821355450184372,1.017894497389306,1.324613938448284,1.596923002775739,1.8298866673173433,2.019080523213785,2.1606585655139092,2.2514130198521736,2.2888253364335895
-4.357956052280579,-4.068066604656783,-3.7324889630164186,-3.3549157290178906,-2.939686394155443,-2.491730918614219,-2.016504706475453,-1.5199158718561878,-1.0082458006123416,-0.4880641082255466,0.03386082492705689,0.5506544956969672,1.0554308059008817,1.5413871554587466,2.0018987708322005,2.430610947459167,2.8215279122503607,3.1690970577801894,3.4682873629370077,3.7146608946153563,3.9044363804229185,4.034543952002819,4.102670280904224,4.1072934622576245,4.047707143957705,3.924033548629633,3.737225190256643,3.489055244809521,3.1820966923329514,2.8196905044909606,2.4059033043572473,1.9454750721111664,1.4437576092051518,0.9066446025544831,0.34049424755436447,-0.24795450739354025,-0.8516709431213919,-1.463425554022643,-2.0758857539408346,-2.6817129851418557,-3.273659892366067,-3.844666223131352,-4.387952133344527,-4.897107613624737,-5.366176806037577,-5.789736052420133,-6.162964603139901,-6.481707017743781,-6.7425264050750915,-6.942747778436059,-7.080490939452696,-7.154692450519303,-7.165116408008032,-7.112353884686415,-6.997811067799311,-6.823686276823409,-6.592936199781578,-6.309231837038153,-5.976904784580492,-5.600884622920807,-5.186628301045828,-4.740042515573248,-4.267400181893686,-3.775252175233816,-3.2703355841375332,-2.759479765928278,-2.249511522633596,-1.747160726225602,-1.25896771372162,-0.7911937458244038,-0.34973577774876086,0.05995327167596831,0.43293764572997695,0.7648642581595579,1.0520196808447535,1.2913778289582127,1.4806376942072585,1.618250618201996,1.7034367464841074,1.7361904571866327,1.7172747145090135,1.6482044539794276,1.531219261626047,1.3692457605023827,1.1658502633755026,0.9251823877406476,0.6519104567361405,0.3511496252033919,0.028383772439718125,-0.31061770931385746,-0.659887030151776,-1.0133477666394826,-1.3649059832888129,-1.7085414015694798,-2.038397306938271,-2.3488679032164033,-2.6346818607878504,-2.890980859997888,-3.1133920030227156,-3.298093055338282,-3.4418695804950508,-3.542163147753171,-3.597109919609899,-3.6055690635545137,-3.567140577573052,-3.4821722699425575,-3.351755788565945,-3.177711751316139,-2.9625641843722463,-2.7095046281413513,-2.422346417908466,-2.1054697867563434,-1.763758569559512,-1.4025294071249972,-1.0274544571221822,-0.6444787117926336,-0.25973310023283513,0.12055538580479119,0.4901552600152851,0.8429224954818619,1.1728915494069283,1.4743641552211804,1.7419946087520226,1.9708703232665576,2.1565864937077124,2.295313792397158,2.383858115736753,2.419711512635198
-3.9544263552357632,-3.6699807203535775,-3.340380330706231,-2.969289123984813,-2.5610155070616827,-2.1204560839121576,-1.6530307907796868,-1.164610332401929,-0.6614369231108423,-0.15003943256692764,0.3628558835740119,0.8704178237755296,1.365804560703812,1.84225852206446,2.293200503109766,2.712321690547756,3.0936723049666766,3.4317456144627947,3.721556135294159,3.9587109151979645,4.139472890391457,4.260815416891436,4.320467199101973,4.316946971920743,4.2495874350335265,4.118548087607255,3.9248167661576088,3.670199845788958,3.3573012230739714,2.9894903553385417,2.5708597838488854,2.106172715216576,1.6008013741834022,1.0606569698710624,0.49211223477033855,-0.09808240044514502,-0.7028878442225472,-1.3150693686071284,-1.9272923401748623,-2.5322193388223906,-3.122607326363631,-3.691403526130247,-4.231838692732742,-4.737516487557665,-5.2024977299434365,-5.621378365529379,-5.989360081004422,-6.3023125971625,-6.556826788358582,-6.75025790452139,-6.880758310018254,-6.947299299944685,-6.949681706772953,-6.888535166601301,-6.7653060723050835,-6.5822343984847995,-6.342319738022905,-6.0492770401284535,-5.707482682861555,-5.321911647282366,-4.898066683682002,-4.441900471098405,-3.959731867949187,-3.4581574327745375,-2.943959458643649,-2.424011811838312,-1.9051848943343561,-1.3942510599581583,-0.8977918057651555,-0.42210803329672175,0.026865370691215862,0.44363944702675506,0.8232444626778839,1.1612955820427637,1.4540500068716746,1.6984548022706019,1.8921847587030447,2.033669781415414,2.1221114472641105,2.157488522421605,2.140551390718786,2.0728054992365665,1.9564840829790782,1.7945105818554137,1.5904513086326413,1.3484590639504204,1.073208521971113,0.7698243259833947,0.443802935653136,0.10092935518192814,-0.25281005683938673,-0.6113174406125605,-0.9684746594056071,-1.3182345846215728,-1.654711131587484,-1.9722667547764265,-2.265596148260169,-2.529804952041423,-2.7604823367552713,-2.9537664270390422,-3.106401626405085,-3.2157870222592866,-3.28001517715062,-3.2979007496100152,-3.268998533098209,-3.193610652578731,-3.0727828129275037,-2.9082896495972017,-2.702609387462547,-2.4588881663826783,-2.1808945395698562,-1.8729647912621161,-1.5399398514743976,-1.1870947058899188,-0.8200613065475642,-0.4447460823581906,-0.0672432263181657,0.30625500252130067,0.6695496805965665,1.0165270176173409,1.3412492362976813,1.6380432313153204,1.9015857348190934,2.126983763878342,2.3098491907088174,2.4463663583995943,2.5333517620562183,2.56830492640117
-3.5411278591616746,-3.262659476272507,-2.9395411139022696,-2.575405625120169,-2.1745280605887385,-1.7417695564455085,-1.282512639554544,-0.8025888431295451,-0.30819963568133923,0.19416823785091153,0.6978318234234582,1.1960041903493437,1.6818885390804093,2.1487728661129095,2.590123857969239,2.999678695034955,3.3715334734201656,3.7002269985908294,3.9808187676476505,4.208960036937386,4.380956967050956,4.493824946860067,4.545333320535975,4.534039874767448,4.459314585782032,4.321352275279104,4.121173978907929,3.860616988300861,3.5423136856924353,3.169659446601063,2.7467700387251783,2.278429091965709,1.7700263532708649,1.227487568857919,0.6571969534896162,0.06591331022458115,-0.5393190470361493,-1.151263343070273,-1.7625860820845158,-2.365954161049073,-2.9541320175916432,-3.5200774737475813,-4.057034954894789,-4.558624799692643,-5.018927431281801,-5.432561231623018,-5.794753048652258,-6.101400368675106,-6.3491243026730295,-6.5353126633160645,-6.658152547672754,-6.716651986938723,-6.7106503769169565,-6.640817559336192,-6.50864158219559,-6.316405324955244,-6.067152329342322,-5.764642326638633,-5.413297095452231,-5.018137418147657,-4.584712027436275,-4.119019545383022,-3.627424513719024,-3.11656869550977,-2.593278892782799,-2.064472571768188,-1.5370626162960288,-1.01786254023081,-0.5134934814665892,-0.0302942730858613,0.42576415781288657,0.8491588757455459,1.2348883983319736,1.5785385198405695,1.8763395919549484,2.125214478537272,2.3228165336873463,2.4675570939663007,2.558622124269967,2.595977810402262,2.580365047746809,2.5132829323604815,2.3969615161029934,2.2343242388834366,2.0289405966132983,1.784969740956277,1.507095834522,1.2004561009676966,0.8705626119198059,0.5232189402652018,0.16443288095841924,-0.1996735049584708,-0.5629552306868164,-0.9193357974999024,-1.2628973713766238,-1.5879684304778607,-1.88920762853282,-2.161682674003096,-2.4009430966851477,-2.6030858611781924,-2.764812889140316,-2.883479668029125,-2.957134251435238,-2.9845460933642878,-2.965224303963499,-2.899425065169407,-2.788148099437684,-2.6331222409166193,-2.4367803139329904,-2.202223676273186,-1.933176932304746,-1.6339334614061194,-1.3092925384684364,-0.9644889435444182,-0.6051160653422389,-0.2370435966726394,0.1336690021692264,0.5008620348734645,0.8583668145029278,1.2000973162789763,1.520140924162704,1.812846969153275,2.07291178720176,2.2954590726503303,2.476114368482137,2.6110726164899414,2.6971577875930737,2.731873723587568
-3.122168903167905,-2.8501825475558467,-2.5340199031249275,-2.1772804667345267,-1.7842038212093905,-1.3596136933076675,-0.9088534383694624,-0.4377138437873449,0.04764574664919774,0.5407818896130554,1.0350559019099703,1.5237258806386391,2.0000405950415567,2.457333932885081,2.8891185743691365,3.2891775754011428,3.651652569460899,3.9711273428570193,4.242705601299771,4.462081825509584,4.625604208932287,4.730328780206768,4.774063935295378,4.755404737428651,4.673756485366579,4.529347199942122,4.3232288333325295,4.057267162832024,3.7341204888676556,3.3572074133900545,2.93066412738701,2.4592917829658707,1.94849466417042,1.404209999489896,0.8328303760720426,0.2411198193236792,-0.36387530958659553,-0.9749193730672261,-1.5846831923984976,-2.185841140364385,-2.7711682532962785,-3.333636023996928,-3.866505555117067,-4.3634167891183075,-4.81847258546274,-5.2263164873581545,-5.582203108252166,-5.882060171076857,-6.122541349555005,-6.301069189057865,-6.415867522754093,-6.465982945170028,-6.451295057739147,-6.372515357314,-6.231174796753336,-6.029600204361962,-5.770879903939804,-5.45881902731661,-5.097885154404823,-4.693145049989232,-4.250193389808194,-3.7750744792401623,-3.2741980645415585,-2.754250417736222,-2.222101940799977,-1.684712581817163,-1.1490363846559823,-0.6219265040195459,-0.11004200934303099,0.38024222594850743,0.842921298444375,1.2724405233123337,1.6637690480424772,2.0124658168365404,2.314736980134316,2.5674839654342714,2.768341558150931,2.915705482884855,3.0087491241633217,3.0474291793429824,3.0324801927834217,2.9653980773970945,2.848412885043714,2.684451238776791,2.4770889855318523,2.230494765419862,1.9493653214189994,1.6388534891470643,1.304489908915777,0.9520995899757051,0.5877145285252067,0.21748363567301787,-0.1524187316524479,-0.5158843253763439,-0.8669613351653596,-1.199942198837814,-1.509447638581795,-1.7905057220202736,-2.0386248189116,-2.249859412000726,-2.4208678229974567,-2.5489610304010437,-2.6321418832768124,-2.6691341523168806,-2.659401004641477,-2.6031526397668885,-2.501342978844402,-2.3556554554743645,-2.1684781119108,-1.9428683570953769,-1.6825078905360504,-1.3916484364874588,-1.0750490642102368,-0.7379059904263938,-0.3857758677439884,-0.024493656272547293,0.33991374643408945,0.7013168806925252,1.0535748250772627,1.3906267160566983,1.7065823739133577,1.99581073344864,2.253024807886448,2.4733619623363485,2.6524583384851828,2.7865163539394966,2.87236429669217,2.907507146169994
-2.7017668949091527,-2.4367362572364133,-2.127969665197193,-1.779031147813087,-1.3941228785294582,-0.9780294125804947,-0.5360533594851704,-0.07394338191471594,0.4021844779534336,0.8859310476416595,1.3707026717413573,1.8498030161418784,2.31652674135582,2.7642537288270703,3.1865425342774154,3.577221750983968,3.9304779932691805,4.240939256051231,4.503752469414061,4.7146541469330066,4.870033121821079,4.966984474508262,5.003353877498673,4.97777171655529,4.88967648957169,4.739327133908816,4.5278040874057845,4.256999045549335,3.9295935351987383,3.5490265815939783,3.1194518979292636,2.6456851734075175,2.1331421743444885,1.587768501614414,1.0159619647132307,0.4244886363153249,-0.1796062600414567,-0.7890914038391164,-1.396645092171718,-1.9949522965269284,-2.576801724003533,-3.135181544677114,-3.6633724650006405,-4.1550368637571555,-4.604302761655786,-5.005841467415972,-5.354937831111824,-5.6475521384167395,-5.880372795754714,-6.050859084597113,-6.157273401443305,-6.198702546450127,-6.175067776174863,-6.0871234923296536,-5.936444596617963,-5.7254026994173515,-5.457131525075689,-5.13548200672711,-4.764967706704306,-4.350701332819059,-3.898323244123242,-3.413922950520604,-2.9039547072259184,-2.375148386211308,-1.8344168713068598,-1.2887612706350247,-0.7451752689026264,-0.21054995235389562,0.3084195692334293,0.8053244461220879,1.2741280255532546,1.7092462525649286,2.10562142458054,2.458788284558,2.7649315465734072,3.020934069439948,3.224415026611577,3.3737575623203013,3.4681255726461337,3.507469403921687,3.4925204173621265,3.4247745258799065,3.30646496447916,3.140524707237437,2.930539089537529,2.680689331858953,2.395687789140459,2.080705865685127,1.7412956381683724,1.3833063170845845,1.0127967486987872,0.6359452142494784,0.25895782001320233,-0.11202320962298828,-0.47101002398322156,-0.8122571293446972,-1.1303456070568811,-1.4202623647046342,-1.6774732901920422,-1.8979892663157742,-2.078424105827283,-2.216043582700526,-2.308804862687312,-2.3553857734527655,-2.355203499696866,-2.3084224396315154,-2.215951113860056,-2.079428173910081,-1.9011977131908993,-1.6842742357845895,-1.4322977860752981,-1.149479882687168,-0.8405410315501207,-0.5106407132860513,-0.16530084780180476,0.18967616753440764,0.548293671795242,0.9044499708089518,1.2520293043970765,1.5849932453494437,1.8974712177508146,2.1838488336754196,2.438852777114558,2.657631011881486,2.8358271554768297,2.9696479425806843,3.055922798816688,3.092154656344063
-2.2842019508653237,-2.026567365584283,-1.7256016925513578,-1.3848315514087586,-1.0084199440778894,-0.6011106799718062,-0.16816424388814588,0.2847140031139157,0.7514522897064335,1.2256964711974425,1.700898460968993,2.1704078161805374,2.6275651910222053,3.0657963424597456,3.478705363584637,3.860165828516646,4.2044085601877885,4.5061047778899175,4.760443444561878,4.963201713546194,5.11080746984697,5.200393070435954,5.2298395103497075,5.1978103744847965,5.103775077262779,4.948021041706466,4.7316546238474935,4.456590745604815,4.125531357127058,3.741933005860627,3.309963942095306,2.834451337305982,2.3208193301934026,1.7750187439799983,1.203449435429273,0.6128763395848595,0.010340362911048784,-0.5969346498879418,-1.2016375946098652,-1.796467113509787,-2.3742285909593233,-2.9279298008362913,-3.4508738859150925,-3.936748386225805,-4.379709087989207,-4.774457536551233,-5.116311144727312,-5.4012649308920535,-5.626044037569566,-5.78814630956193,-5.885874348999009,-5.918356611161448,-5.885557257466122,-5.788274638469884,-5.628128437948957,-5.407535666828842,-5.129675850761793,-4.798445905302198,-4.418405335809737,-3.9947125334097113,-3.533053061679288,-3.0395609394805687,-2.520734021976609,-1.9833446629937952,-1.4343469064003258,-0.8807815011572729,-0.3296800635125805,0.21203027994696044,0.7376204431314053,1.240649826955363,1.7150524085302454,2.1552172828273872,2.556062546026395,2.913101504721487,3.2225003043034794,3.48112619162499,3.686585759771419,3.8372526645275093,3.932284450949234,3.9716282822247875,3.9560155195693345,3.8869452590397486,3.766657086664202,3.5980934649675094,3.384852309701016,3.131130453304808,2.8416588194029178,2.5216302486621185,2.1766210190016473,1.8125071909825607,1.4353769809996435,1.0514404196395244,0.6669375894909539,0.28804675528354595,-0.07920630076570845,-0.42903644409538777,-0.7559835960168457,-1.0549921822606805,-1.3214844907826944,-1.5514268954212054,-1.7413880044023708,-1.888587908386631,-1.9909378300988023,-2.04706961478376,-2.0563546458370974,-2.018911920922773,-1.9356051785713766,-1.8080291214657842,-1.6384849381557158,-1.4299454775994416,-1.1860105785506112,-0.9108531963026558,-0.6091571006853826,-0.28604703961947164,0.05298762972954618,0.402174746619956,0.7555454156360644,1.1070231038531615,1.4505144874142177,1.7800007429112965,2.08962797170199,2.373795456627925,2.627240480384091,2.8451184825975284,3.0230773978424135,3.1573250984295984,3.2446889627151525,3.2826667005101053
-1.8737695756412474,-1.6239359093665016,-1.3311386125750835,-0.9988651333852439,-0.631237727897255,-0.23295808080283598,0.1907566247124317,0.6342452984388613,1.0914811968341622,1.5561557439970237,2.021766744579598,2.4817097494188687,2.929371288226826,3.3582226553389125,3.76191292468926,4.134359879007199,4.46983756559842,4.7630592366096804,5.0092544947470135,5.204239545144031,5.344479549346607,5.427142186858935,5.450141651851161,5.4121724457478315,5.312732468632375,5.152135061720121,4.931509807474917,4.65279205110508,4.318701264965653,3.9327085335986163,3.4989935895657163,3.022391976726842,2.5083330561309323,1.962769698267986,1.3921006222707524,0.8030864461093108,0.2027606004341692,-0.4016636687541424,-1.0028889280207782,-1.5936304968936317,-2.166713363546555,-2.7151677381787973,-3.232321924811796,-3.7118912289872803,-4.148061673552522,-4.535567366594775,-4.869760453630679,-5.1466726891349595,-5.363067778962437,-5.516483773545688,-5.605264930138384,-5.62858260888076,-5.586444920034406,-5.4796949962289325,-5.309997921788501,-5.079816508943,-4.792376265764935,-4.451620050835683,-4.062153052828444,-3.6291788673938115,-3.158427567067307,-2.6560767706593134,-2.1286668151871506,-1.5830112145153152,-1.0261036533506283,-0.4650228121952813,0.09316365236022128,0.6414946374168824,1.1732093075366261,1.6818376935042998,2.16128692236465,2.6059218878451884,3.010639249761828,3.370933746023505,3.682955910060467,3.943560408356778,4.1503443455505735,4.301675026402556,4.396706812824281,4.435386868003942,4.418449736301122,4.347400864796736,4.22448932796622,4.052670168702942,3.835556914718817,3.5773649671392125,3.2828466859518546,2.9572191130673393,2.6060853764715697,2.2353509068553628,1.8511356699616353,1.4596836726892217,1.0672710379694337,0.6801139620730046,0.3042778680555467,-0.05441094948340641,-0.3904499300009461,-0.6987398992793867,-0.9746586363161795,-1.2141273104243469,-1.413668846516529,-1.5704573922261749,-1.6823581878578504,-1.7479572773520449,-1.766580643556409,-1.7383025020621479,-1.6639426425551338,-1.5450528628586548,-1.383892696398622,-1.1833947865028087,-0.9471204085941531,-0.6792057818659718,-0.38429994344685725,-0.0674950785161752,0.26574969238704027,0.6096899740327241,0.95838203225222,1.3057717704422485,1.6457854685480162,1.9724209804344177,2.2798380782264416,2.5624466434694044,2.8149914346720797,3.032632208535059,3.2110180372632735,3.3463547459000087,3.435464490453141,3.475836608348701
-1.4747329243363914,-1.233067634303153,-0.9487669994644945,-0.6252777221175343,-0.2666799336412098,0.12236798288481676,0.5366931151244521,0.9706794006536648,1.418345664720818,1.873429222694703,2.3294738729050035,2.7799210417105638,3.2182027961930673,3.6378354115306104,4.032512170266888,4.396194079504904,4.723197219405257,5.008275481881889,5.246697521431923,5.434316819730743,5.567633860856661,5.643849523447461,5.660908918201269,5.617535032204502,5.513251683733103,5.348395440434619,5.1241163080622565,4.842367154030749,4.5058819877907155,4.1181433761561,3.683339424073649,3.2063108977514463,2.692489205505994,2.14782608019654,1.578715923882278,0.9919118787195047,0.3944367766550413,-0.2065098070779826,-0.8036471163175491,-1.3897100743937898,-1.9575461058019874,-2.5002105819884273,-3.0110595724861975,-3.483838619463522,-3.9127663085089903,-4.292611480411068,-4.618763016786511,-4.887291235440756,-5.09500004785912,-5.239469159597989,-5.319085732770622,-5.3330650763619705,-5.28146008270638,-5.165159284981402,-4.985873568815585,-4.746111728859067,-4.449145216211346,-4.098962572767315,-3.7002141917254696,-3.2581481776947556,-2.778538203158977,-2.26760436878278,-1.7319281716215955,-1.1783627663785428,-0.6139397693015615,-0.045773901235404146,0.5190332049172184,1.0734886969091786,1.610802369172638,2.1244774024257795,2.608396722469527,3.0569037866676965,3.4648766861509213,3.8277945468675685,4.14179532187933,4.4037241892230075,4.6111719025126945,4.762502583364677,4.85687059369051,4.894226279822805,4.875310537145186,4.80163830118583,4.675471226788728,4.499779968807819,4.278196623640296,4.014958028775224,3.714840745444151,3.3830886656243364,3.0253342874314466,2.6475147909044296,2.2557841180984077,1.8564223162547766,1.4557434398459674,1.0600033259813346,0.6753085577546027,0.30752791161956794,-0.03779245193257741,-0.35550884972579766,-0.6409538562322468,-0.8900029574514308,-1.0991331352689984,-1.2654725548981482,-1.3868406553390609,-1.461778079984282,-1.4895660296087097,-1.4702347709588317,-1.404561188860931,-1.2940554260144876,-1.1409368102149149,-0.9480994214592771,-0.7190677990703944,-0.4579434295403726,-0.16934278725648677,0.1416721792283928,0.46967011488688215,0.8089317857359533,1.1535358939283797,1.4974479466631205,1.8346109011582103,2.1590362820459417,2.4648944601549942,2.7466027928444654,2.9989103556966836,3.2169780430429915,3.3964528798207576,3.5335354687250713,3.6250395933788098,3.6684431089360405
-1.0912751980954105,-0.8581065700149308,-0.5825901370191526,-0.26813047668385726,0.08123558122407504,0.4608939244744694,0.865716668516888,1.2901333197179528,1.7282085945961299,2.1737258021977413,2.6202746163743313,3.061342000854437,3.490405003562398,3.9010241082858705,4.286935821942226,4.642143184489376,4.961002915855099,5.238307959744432,5.469364247196268,5.65006058241843,5.776930648622821,5.847206240975203,5.858860955835573,5.810643698482862,5.702101513625235,5.5335913921995905,5.306280862165558,5.022137328033445,4.683906281525833,4.295078661841668,3.8598477962758877,3.3830564983041405,2.8701350386121818,2.327030832985699,1.760130807670106,1.1761775061180102,0.5821800895088354,-0.014678544197120114,-0.607137242640074,-1.1879533654715886,-1.7499994984339837,-2.2863587784851953,-2.790417511784806,-3.2559538032423565,-3.6772209711476505,-4.049024592389268,-4.366792111914675,-4.6266340531598065,-4.825395982733789,-4.960700511052593,-5.030978749074199,-5.035490787856311,-4.974334920281217,-4.848445480830853,-4.659579337554019,-4.4102912281278455,-4.103898286965345,-3.7444342604867082,-3.336594050848781,-2.8856693626087933,-2.397476350104811,-1.8782762740395929,-1.3346902723071912,-0.7736094311518439,-0.20210140716405256,0.3726851024992248,0.9436167155871469,1.5036712097228222,2.04603152927175,2.564176653708288,3.0519680724696663,3.503730674234422,3.9143269381726165,4.279223409864063,4.594548553923191,4.85714119736276,5.064588910652448,5.215255815408539,5.3082994566870045,5.343676531844499,5.322137424711911,5.24520965118597,5.115170478071237,4.93500912890693,4.708379136453941,4.439541539445154,4.1332997491787795,3.7949270277618457,3.430087622658146,3.044752690218834,2.6451122128415947,2.2374841693089427,1.8282222549319296,1.423623466858023,1.0298368700352094,0.6527748408655687,0.298028048798644,-0.02921461846423168,-0.3242400520816975,-0.5828777950262674,-0.8015588467633397,-0.9773655712017268,-1.108072006793666,-1.1921740148589506,-1.2289088473277607,-1.2182638660869949,-1.1609743008391298,-1.058510088653147,-0.9130519939937505,-0.7274573607578849,-0.5052159955671629,-0.2503968221723689,0.03241392166571444,0.338182052905868,0.6615013777677446,0.9966750985897466,1.3378015213268863,1.678862830450948,2.013815653947369,2.336682115152129,2.641640060707689,2.9231111650467043,3.1758456413822502,3.39500233677811,3.5762230538234534,3.7157000228283734,3.810235545143783,3.857292938828172
-0.7274527225714598,-0.5030682963338609,-0.2365814803497468,0.06864644941715636,0.4086229340494565,0.7787788891026339,1.1740319988169048,1.5888576608289935,2.017366585334897,2.4533879569027977,2.890556986753934,3.322405619459497,3.742455111553387,4.144309171196938,4.521746338162426,4.868810292174945,5.179896804953371,5.449836096744505,5.6739694211196845,5.848218781420319,5.969148777386292,6.034019689845235,6.040831033349662,5.988354939610724,5.8761588766259365,5.704617357538621,5.474912447403983,5.1890230330042915,4.849702978447129,4.460448445279633,4.02545480806431,3.5495637426460567,3.038201202637069,2.497307128009255,1.933257846304341,1.3527822302075334,0.7628727636254267,0.17069274071608387,-0.41651912248214396,-0.9915453468678561,-1.5472862836950232,-2.076855306548075,-2.5736712843279124,-3.031547054645288,-3.444772671890121,-3.8081922762817024,-4.117273518397997,-4.368168576798746,-4.557765922952664,-4.683732116120442,-4.744543049332812,-4.739504214195419,-4.668759704894939,-4.533289838333559,-4.3348974255870685,-4.076182887646116,-3.76050856344901,-3.391952708374291,-2.9752538245270905,-2.515746098318899,-2.0192868441258955,-1.4921769634894595,-0.9410755258447633,-0.37290965777860596,0.2052190078063052,0.7861300244048817,1.362660639636519,1.9277617810576624,2.474592191789987,2.9966094149441567,3.48765637127212,3.9420423374918454,4.35461721240484,4.720838053143654,5.036826973298674,5.299419616738243,5.506203553932038,5.655546089640762,5.746611119944428,5.779364830646954,5.75457018594778,5.673770313704207,5.539261049406077,5.354053052956303,5.121824058359598,4.846861954415511,4.533999522552017,4.188541774224273,3.8161869332082787,3.42294219619775,3.01503547713149,2.5988243956306336,2.1807038070443467,1.7670131903743584,1.363945210516939,0.9774567528325191,0.6131836912959383,0.27636059692204573,-0.028253478420805944,-0.29644209528487964,-0.5245904518311886,-0.7097355114206025,-0.849606530432605,-0.9426554213422722,-0.9880765312201953,-0.9858155668294655,-0.9365675522420611,-0.8417638611962535,-0.7035485220566298,-0.5247441460189246,-0.30880797696343043,-0.05977870201443891,0.21778520657891842,0.5188747270224593,0.8381061018572667,1.1698021372239817,1.5080778163504427,1.8469289944758351,2.1803228982892846,2.5022891269405525,2.807009844145656,3.088907861967999,3.342731346353097,3.563633922016534,3.7472490191624845,3.889757385829075,3.9879467862716433,4.039263016342261
-0.38714925221482943,-0.17179444298889446,0.08546064242682694,0.3812989989180977,0.7117730953531811,1.0723594160782108,1.4580215366035052,1.86328084824332,2.2822939367155133,2.70893552395796,3.136885802034553,3.5597209241260455,3.9710053711400137,4.364384884092697,4.7336786425235555,5.072969377948778,5.376690138629003,5.639706467343482,5.857392816797131,6.025702106859349,6.141227422931884,6.2012549640348835,6.203807471153083,6.147677499286983,6.032450038640526,5.8585141394526055,5.627063349050388,5.340084926601145,5.000337958560655,4.611320653743616,4.177227249081785,3.702895103346502,3.193742694336184,2.655699363319048,2.095127767069422,1.5187401009996835,0.9335092452141895,0.34657605754957266,-0.2348459072028526,-0.8035669354533359,-1.3525176150823437,-1.874843882415622,-2.363999339055284,-2.813833558712199,-3.218675159106996,-3.573408486089465,-3.873542845361377,-4.115273320342062,-4.295532331344955,-4.412031219703495,-4.46329127899636,-4.4486638021335825,-4.368338865722086,-4.223342729691049,-4.0155238884297795,-3.7475279674542206,-3.4227618146610324,-3.04534728537704,-2.6200653635616353,-2.1522913956644225,-1.647922336900202,-1.1132970203514716,-0.5551105557959651,0.019675953867312357,0.6039291263875226,1.1904391451298146,1.77201640764692,2.3415876402514604,2.892290149701416,3.417562910422171,3.9112332312051046,4.36759780839963,4.781497052359991,5.148381669194696,5.464370589349716,5.726299456693393,5.931759024839822,6.079122949573747,6.167564615422442,6.197062788558383,6.168396045141577,6.0831260817146084,5.94357017013101,5.75276317153752,5.5144096700055165,5.232826924464309,4.912879465690006,4.559906281449967,4.179641635862755,3.7781306571632047,3.361640900128741,2.936571144418611,2.509358727236242,2.086386727531648,1.6738923191594492,1.277877592005373,0.9040241033577754,0.5576123672584972,0.24344741799614145,-0.03420850367716932,-0.27169519537450504,-0.4660048383839823,-0.6148227402403676,-0.7165579085591478,-0.7703630352871065,-0.7761436215568376,-0.7345561281096082,-0.6469951925835746,-0.5155701106421104,-0.34307093073963335,-0.13292466012994164,0.11085777957432397,0.3837430773710686,0.6807446477875411,0.9964983371670608,1.3253436289230978,1.6614091770508894,1.9987014354933104,2.3311951067532677,2.6529241070540777,2.95807173774251,3.241058763614404,3.496628128267079,3.7199250840311238,3.9065715788387445,4.052733823632493,4.155182060461293,4.211341661887853
-0.0740320301141193,0.1320910485434228,0.37995656068351225,0.6662925289775663,0.9871969910845018,1.3381923226205554,1.714288092773576,2.1100515683796806,2.51968487252642,2.9371077079943237,3.356044475456846,3.7701145524684168,4.172924452791517,4.558160557209571,4.9196810970531315,5.251606080380154,5.5484038779837235,5.804973231776674,6.016719510991906,6.179624121160685,6.290306065877277,6.346074770594048,6.344973399585088,6.285812030057318,6.168190189310255,5.992508409854755,5.759968611402988,5.472563275470416,5.133053535780381,4.7449364635168365,4.3124019785379755,3.840279963801363,3.3339782984017226,2.799412652839875,2.242929006617317,1.6712199513441914,1.0912359308034234,0.510092641584609,-0.06502412703258753,-0.6269548980849122,-1.168662822194146,-1.6833285683872494,-2.1644424743664508,-2.6058926771733297,-3.0020480001590144,-3.3478344442971,-3.6388042201489488,-3.8711963599786077,-4.041988066172262,-4.1489360806113,-4.190607498178779,-4.166399594204984,-4.076548388323832,-3.9221258237780154,-3.70502559948214,-3.4279378499104993,-3.094313022908038,-2.7083154556558418,-2.2747672921514157,-1.7990835196829855,-1.2871990250064704,-0.7454886815469299,-0.18068157539430318,0.40022944120427306,0.9900816158681993,1.581638281895959,2.167685635596461,2.741128966918633,3.295087013935174,3.822983139110898,4.318632070868633,4.776321017110523,5.190884037166777,5.557768654001482,5.87309379806061,6.13369829635692,6.337179253528549,6.4819198138075045,6.567105942089615,6.592732016507924,6.559595181907722,6.469278571195285,6.32412365746797,6.127192151939182,5.882218008810058,5.593550236358039,5.266087341671443,4.905204352860187,4.5166734655839536,4.1065794489162,3.681231017672462,3.24706943336625,2.8105756331492753,2.3781772049299024,1.9561565270880472,1.5505613728229544,1.1671192424499712,0.8111566324311887,0.48752437835959617,0.20053012153525862,-0.046121153582140195,-0.24937767943600053,-0.4068818587014986,-0.5170010438703143,-0.578847721258734,-0.5922888286686399,-0.5579440907411846,-0.47717341241330957,-0.3520535266070741,-0.1853442451503995,0.01955519021456631,0.2586590191222191,0.5274563668918953,0.8209802518530793,1.133883197621922,1.460518358379289,1.7950249868241088,2.131417012713038,2.463673455622537,2.7858293694066774,3.09206600814466,3.376798914284132,3.634762659037414,3.8610910124631284,4.051391385397908,4.201812466577888,4.309104074762629,4.370668356082628
0.20848988628436538,0.4052233916662755,0.643586515609148,0.9203528495750544,1.2316663224930138,1.5730953036567936,1.9396952377761039,2.3260789290567545,2.7264934814289505,3.134902806282784,3.545074528665385,3.9506700589860877,4.345336550774558,4.722799436605314,5.076954224350676,5.401956244601042,5.6923070672830836,5.942936350837615,6.1492779501594095,6.307339188972246,6.4137622973026085,6.465877123892221,6.461744355221589,6.400188605593215,6.2808208845785725,6.1040500970735225,5.871083385138425,5.583915277556311,5.245305770419769,4.858747617839194,4.428423263859004,3.959151992733069,3.4563280127887164,2.9258503172539374,2.3740452818279927,1.8075830617995927,1.2333889397046272,0.658550846621041,0.09022433520200357,-0.4644636803305471,-0.998511083299606,-1.5051352788322485,-1.9778651679614143,-2.4106290933591805,-2.7978375335004824,-3.1344593942185046,-3.4160908349193266,-3.6390156699397487,-3.8002565022138994,-3.897615874927551,-3.9297068653840137,-3.895972691940562,-3.7966950575446305,-3.632991109964209,-3.4067990570722513,-3.120852633291337,-2.778644768320672,-2.3843809593794543,-1.9429229913038113,-1.4597237829230865,-0.9407542613357613,-0.3924232762791009,0.17850833680882494,0.765018355551117,1.359917177500511,1.9559439347116672,2.545863387129801,3.1225622560185577,3.679143667490069,4.209018403640593,4.705991704445693,5.164344426783477,5.57890744683973,5.945128287578543,6.259129062590305,6.517754949911816,6.718612542628475,6.860097565340844,6.941411594905324,6.962567578140236,6.924384096254566,6.828468483398412,6.6771890627358,6.473636915609891,6.221577745569957,5.925394537205645,5.5900218379478295,5.220872607447552,4.823758682203116,4.404805991326088,3.970365731486268,3.5269227641454513,3.081002535413697,2.6390778377246678,2.207476732771796,1.7922929367813176,1.3992999324888302,1.0338700176608109,0.7008994284381915,0.4047405881937909,0.14914243023200968,-0.06280037303096409,-0.2286885691464977,-0.3468493049757744,-0.4163565035043688,-0.43704036643404875,-0.4094858857047521,-0.3350204035121058,-0.21569041615167284,-0.05422796993972412,0.14599285462862888,0.38100873350921327,0.646328395823601,0.9370015371741078,1.2476943519442805,1.5727705930186755,1.906376988910004,2.2425317864484753,2.575215142841304,2.8984600646749947,3.206442583680555,3.4935698699206346,3.7545650123355863,3.9845472438884606,4.179106453209471,4.334370905745391,4.44706719382357,4.514571545381987
0.4573045486478604,0.6445356658325536,0.8733291554472788,1.1405045002242087,1.4422516227698943,1.7741847678999638,2.1314049176938203,2.5085698571999275,2.899970898958053,3.2996151787319654,3.701312354423697,4.098764476209771,4.485657749410945,4.855754883143501,5.202986707812206,5.521541753141044,5.805952505584668,6.051177109245762,6.252675337211614,6.406477739638219,6.509246969841423,6.558330398769365,6.551803249998128,6.4885016201021735,6.368044891037981,6.1908471900496025,5.958117706464963,5.67184983143634,5.334799243982769,4.950451222400864,4.522977612031353,4.057184026360705,3.5584479964434212,3.0326489117052553,2.486090711524036,1.9254183899414388,1.3575294639817013,0.7894816280962751,0.22839787219701102,-0.31862962219536484,-0.8446354745039628,-1.3428756531865698,-1.8069192649066228,-2.230736307460006,-2.608780164181245,-2.9360636897482406,-3.2082278256398253,-3.421601786740743,-3.573253977289508,-3.6610329228921428,-3.68359764387895,-3.6404370419207193,-3.5318780244901813,-3.359082248313678,-3.124031521212447,-2.829502059463329,-2.4790279528036425,-2.0768543392912076,-1.6278809353032702,-1.137596700011735,-0.61200653682729,-0.057551044835330245,0.5189795703963112,1.1105362364240707,1.7099051495568616,2.3098040054856495,2.9029789954703684,3.482301228814095,4.040861251260406,4.572060356458297,5.0696974333592895,5.5280501556970725,5.9419493996574335,6.306845871348879,6.618868035385842,6.874870558252383,7.072472613402457,7.210085537397195,7.286929475778278,7.303038811727721,7.259256327698335,7.157216207906884,6.9993161456471515,6.788678971610433,6.529104365658204,6.2250113527226745,5.881372411775837,5.503640143307357,5.097667543853646,4.669623024380537,4.2259013815061115,3.7730319856505155,3.317585487449105,2.8660803626490585,2.4248906159708015,2.000155946060819,1.5976956369590947,1.2229273869800485,0.8807922143373661,0.5756864912485831,0.31140205587768843,0.09107523576467913,-0.08285451101131547,-0.20867576798076692,-0.2854257220291354,-0.312899842156974,-0.29165055756290603,-0.22297497381606224,-0.10889182170035516,0.04789201371498075,0.24402488825626534,0.47556308168156125,0.7380320003852718,1.0264950107371087,1.3356289058243094,1.659804914345213,1.993174081886084,2.3297557929078847,2.663528157350264,2.9885189594515325,3.2988958585577,3.589054542459449,3.8537035630015612,4.0879446309406635,4.2873472116176155,4.448016344046976,4.566652702363572,4.6406040288435175
0.6696328365821087,0.8472943194386546,1.0664968198644036,1.3241058142690594,1.6163571007810347,1.9389104615856503,2.286911859604963,2.6550632884970007,3.0376992851752043,3.428869018258248,3.822422785415352,4.212101688614127,4.591629209717102,4.9548033803730025,5.295588230120178,5.608203205210598,5.887209277760784,6.127590510065937,6.324829901645558,6.474978425945004,6.5747162584865375,6.621405307313874,6.6131322782750575,6.5487416403295535,6.427857997782031,6.25089752514411,6.019068274112962,5.734359318767311,5.3995188623124095,5.018021584341183,4.5940256594269595,4.13232002378338,3.6382626046627093,3.117710355169269,2.5769420534338523,2.022574927986483,1.4614762592249055,0.9006711788592525,0.34724794410016346,-0.19173799963175142,-0.7093598350903139,-1.198913736363808,-1.6540104652394783,-2.0686629243727985,-2.4373684459430103,-2.755184666700769,-3.0177979286728496,-3.2215832480483817,-3.3636550114861308,-3.441907687619109,-3.4550459800911364,-3.4026039950983,-3.2849531490716806,-3.1032986986859035,-2.859664933616468,-2.5568692301783296,-2.198485318947425,-1.7887962695226962,-1.3327378386239486,-0.8358329617352935,-0.30411829161554915,0.25593620252012594,0.8375134650372354,1.4335402222483915,2.036781234098814,2.639935627594187,3.2357339820338757,3.8170348263524025,4.37691921784608,4.908782099139863,5.406419176040855,5.864108122282746,6.27668299719574,6.639600857912387,6.9489996574943795,7.201746642794335,7.395476599226778,7.528619432038119,7.600416723133734,7.610927056939461,7.561020065974777,7.4523593045862055,7.287374215415663,7.06922160546665,6.801737194943204,6.4893779403186524,6.137155961403613,5.750565018725858,5.335500590676066,4.898174688168351,4.4450266167791455,3.982630951453894,3.5176040261414663,3.0565102596160343,2.605769639018273,2.1715676642990536,1.7597690200463025,1.3758361866471933,1.0247541311601285,0.710962130662232,0.4382936784413014,0.20992530766783157,0.028335039751662183,-0.10472897273756332,-0.18826918398409043,-0.22204850024715772,-0.20658911409889225,-0.14316036559677447,-0.03375582427768009,0.11894006111058741,0.3115952501965835,0.5402827000112023,0.8005414877162428,1.0874455783851078,1.395679240918817,1.7196180210892633,2.0534141021134626,2.3910848211848146,2.7266030658947717,3.0539882480966476,3.3673965448644845,3.661209106893394,3.930116963821734,4.16920140311678,4.37400866368717,4.540617866354948,4.665701199593072,4.7465754891496745
0.8430605544056078,1.0111310480731772,1.2207671981266521,1.4688803564975978,1.7517518586841192,2.065086467714192,2.4040743551194343,2.763460738931549,3.1376221889188853,3.5206485134673,3.9064290620371054,4.288742213137682,4.661346771163999,5.018073966898371,5.352918746407131,5.660129041604112,5.934291742798355,6.170414138717277,6.36399965216974,6.511116778807517,6.6084602312484435,6.653403399808202,6.644041362719833,6.579223811291001,6.4585773970939355,6.282517157009507,6.052246825661331,5.7697480013143485,5.437758288470125,5.059738695954186,4.639830721067032,4.182803696220065,3.6939931123441196,3.1792307612964827,2.6447676556962936,2.0971907874470848,1.5433348742052806,0.9901903149798026,0.4448086308811745,-0.08579329600070484,-0.5947288540501543,-1.0753358724792657,-1.5212680179348725,-1.9265821419171658,-2.2858203586781407,-2.5940857055163953,-2.84711032576309,-3.0413152180276057,-3.1738607119956983,-3.242686959613897,-3.246543869051319,-3.185010055462401,-3.058500535226507,-2.868263046872526,-2.61636304011407,-2.3056575321047137,-1.939758184961515,-1.5229841086259759,-1.0603050361301083,-0.557275652306154,-0.019961980042694005,0.5451391613784492,1.131186515078955,1.731085371007743,2.3375819204247508,2.9433596783750935,3.5411366437895824,4.1237618571554755,4.684310024745044,5.216172906038828,5.713146206843928,6.169510784038453,6.580107047976647,6.940401544238324,7.246544806253731,7.495419692836055,7.684679558085102,7.812775743610974,7.8789740325628745,7.883359859433303,7.826832226871498,7.711086438572115,7.538585913489279,7.312523498969048,7.03677284675658,6.715830554163826,6.354749901039512,5.959067129765676,5.534721318681277,5.087968987658783,4.625294646799922,4.153318554363653,3.67870298732584,3.208058346880904,2.7478504214739052,2.3043101116036593,1.883346883930845,1.4904671676873529,1.1306988347911746,0.8085228174432426,0.5278128145618517,0.29178392264820663,0.10295089921226386,-0.036903370475120933,-0.12674877785687677,-0.16631799256574653,-0.15610544166220708,-0.097355303956702,0.007961287335322975,0.1571794872683029,0.3469839327436208,0.5734612515595695,0.8321611195816392,1.1181649776970117,1.4261614118802646,1.750527105534039,2.0854121946077906,2.42482879394672,2.762741418757284,3.09315799862083,3.4102201735158273,3.708291571930964,3.982042800215248,4.2265319194037305,4.437279250212539,4.6103354278018465,4.742341724116627,4.830581765771428
0.9755665298156924,1.134070673110988,1.3342109871307526,1.5729443611762444,1.8465971115882225,2.1509182100042246,2.481141052329545,2.832052889450793,3.198070930903499,3.5733240368646157,3.9517388333362224,4.327129021360142,4.693286604464932,5.0440737299608855,5.373513829576206,5.675880753417245,5.945784618225259,6.178253136017021,6.368807251807814,6.5135299983449855,6.609127570518334,6.652981731028541,6.643192780456845,6.578612457378468,6.458866275734897,6.284364955333437,6.05630475498393,5.7766566742476275,5.448144646858692,5.074213004369821,4.6589836402792795,4.2072034506770395,3.7241827652468964,3.215725610334487,2.6880527619324583,2.1477186492030222,1.601523257101393,1.056420248536376,0.5194225812877835,-0.0024930681849828495,-0.5024817433900497,-0.9739241783990977,-1.410517988703678,-1.8063648078767343,-2.156052150718205,-2.454728855831074,-2.698173048966752,-2.8828516717616113,-3.0059707372149247,-3.065515601798518,-3.060280682639858,-2.989888194841666,-2.8547956366375686,-2.656291906594567,-2.396482095264893,-2.0782611513432423,-1.7052767772892334,-1.2818820593565743,-0.8130784799254074,-0.3044500939577375,0.23791022559119035,0.8074814581957299,1.3974009106138676,2.0005553041092408,2.609675217981218,3.217431586906361,3.816532921368216,4.399821910830001,4.960370078419571,5.491569183617462,5.987218115375194,6.44160408159492,6.849576981078145,7.206615939773237,7.508887103071013,7.753291898469939,7.937505116433517,8.060002299815675,8.120076081832275,8.117841267105584,8.05422860763297,7.930967383421293,7.750557053767238,7.516228397557986,7.231894707377315,6.902093740575287,6.531921258854892,6.126957104546449,5.693184864947272,5.236906264455121,4.764651496485244,4.283086762323588,3.7989203213662712,3.3188083761120986,2.8492621155540734,2.396557222263764,1.966647111746567,1.5650811180939619,1.196928768347748,0.8667112003393553,0.5783406763177894,0.33506902888437096,0.13944574825026823,-0.006713717572344624,-0.10234902339990293,-0.1471650733534987,-0.14163113324657195,-0.08696894556813606,0.0148699602686021,0.16123741659090296,0.34883173106755183,0.5737501302005297,0.8315497656691061,1.117316395434023,1.4257397431006031,1.75119444480393,2.0878254141452586,2.429636393584795,2.7705804160570295,3.1046508740477345,3.42597188532896,3.7288866551000406,4.008042563277762,4.258471752704664,4.475666058435001,4.655645199100963,4.795017247513943,4.891030507756041
1.0655463841683732,1.2145546914299585,1.4053152211242692,1.6348298433952178,1.8994690831931256,2.195025136529206,2.5167734321636592,2.8595418607502765,3.217786683615685,3.5856740374786034,3.957165870873554,4.326109083975945,4.686326596842316,5.031709042444832,5.35630577070421,5.65441385815902,5.920663844839874,6.150100964969966,6.338260700660153,6.481237566929745,6.5757461310535446,6.61917337808042,6.609621655859182,6.5459415653342985,6.427754303373697,6.255463113970908,6.03025365723208,5.754083261951063,5.429659184589197,5.06040615289694,4.650423624051123,4.204433332894686,3.7277178435997715,3.226050945885521,2.705620853003266,2.172947261414005,1.6347934199728367,1.0980744282578552,0.5697630384183756,0.05679427178999186,-0.43402981999501167,-0.8961339198530331,-1.3232604253483764,-1.7095563706019283,-2.0496550717180133,-2.3387513497198658,-2.5726692733858876,-2.747921467665968,-2.8617591500846755,-2.912212186072187,-2.898118592704253,-2.8191430669378574,-2.6757842670447394,-2.4693707324305194,-2.2020454851885516,-1.8767395143560903,-1.4971344987049617,-1.0676152738370033,-0.593212692262121,-0.07953765900898302,0.46729275172334117,1.0407360830455126,1.6339110730302355,2.2396888309805782,2.850787355827356,3.459868093799865,4.059633204357612,4.642922193819397,5.202806585313074,5.732681321463598,6.226351642246533,6.6781142440112875,7.082831605927928,7.435998465905388,7.733799538019767,7.973157686133226,8.151771901953088,8.268144578399948,8.321597718819426,8.312277877181927,8.241149781797017,8.109978753014122,7.921302181671047,7.6783904874935915,7.385198123103647,7.046305327705536,6.666851462950535,6.252460880127313,5.80916237105848,5.343303343455313,4.861459933760049,4.37034432567889,3.876710579912336,3.3872602995071364,2.908549455529048,2.4468976793943558,2.008301291468046,1.5983512809654055,1.222157380558731,0.8842792914101631,0.5886660118688238,0.33860410723724543,0.13667563046791464,-0.015273733800500677,-0.116155874872785,-0.16565053562299348,-0.1642045455431359,-0.11302004331998683,-0.014031881093927723,0.13012544422970407,0.31616083902338205,0.5401790056028667,0.7977414127209874,1.0839349559692317,1.3934473116853643,1.7206478936562681,2.059673243098203,2.40451562019941,2.749113520798804,3.087442815175738,3.413607197812907,3.7219266474774253,4.007022625893565,4.263898790241994,4.488016059048988,4.675360951813149,4.822506218813428,4.9266628875901555
1.111831693771179,1.2514602167073103,1.4330019946270778,1.653503106283956,1.9093773010019417,2.1964588076471543,2.510063694746978,2.845058904746298,3.195937975513507,3.5569023662997683,3.9219472247731897,4.284950367637164,4.639763200610098,4.98030227485667,5.30064016672982,5.595094376057469,5.858312965076654,6.08535570510614,6.271769560528748,6.413657418748788,6.507739069389259,6.551403544766592,6.542752055098846,6.480630884256932,6.364653753295001,6.1952133075028915,5.973481536219351,5.701399090965403,5.381653624400149,5.0176474279526175,4.613454797552604,4.173769702531395,3.70384447043464,3.2094203282401637,2.696650756498083,2.1720187155692834,1.6422488909781505,1.114216176672282,0.5948516696771853,0.09104748646886485,-0.3904382701651119,-0.8430750652138963,-1.2606506967897353,-1.6373580003179018,-1.96787627432297,-2.247446282855166,-2.471937778006409,-2.637908589251883,-2.7426544430745086,-2.784248804852746,-2.761572173516609,-2.6743304060611917,-2.5230618015968562,-2.3091328310703423,-2.034722556917564,-1.7027959444879825,-1.3170664219015549,-0.8819481948898809,-0.4024989660295305,0.11564615840700376,0.66634866785696,1.2430475367457166,1.838845891185409,2.446602260110552,3.0590251540046958,3.668769668073097,4.268534778630844,4.851159991996736,5.409720014443048,5.937616139618773,6.428663095946737,6.877170160144907,7.2780154233439145,7.626712192137978,7.919466616966889,8.153225762936632,8.325715471821196,8.435467506670934,8.481835620179604,8.465000342629809,8.385962442673682,8.246525172201768,8.049265562890488,7.7974951945037585,7.495211001517732,7.147036823085015,6.758156529815234,6.334239677522357,5.881360741342506,5.405913072013954,4.914518788399186,4.41393587550879,3.910963794591209,3.412348930765946,2.9246912039434747,2.45435315039967,2.007372745623324,1.5893811844602228,1.2055267629133732,0.8604059182450314,0.5580023815055328,0.30163528073872614,0.09391690552359289,-0.06327929398954835,-0.16884004585844536,-0.22242265663572225,-0.22445435201115238,-0.1761205933986814,-0.07934256217129143,0.06325584346936858,0.2483910057095543,0.4721719439385814,0.7301612645400305,1.0174438158378263,1.328702051821536,1.6582970138930468,2.000353760996652,2.3488500162250188,2.6977067532106425,3.0408794189435193,3.372448481474126,3.6867080013770623,3.9782509547147296,4.242050082139816,4.473533103045008,4.668651214396468,4.823939889931375,4.936571105398972
1.1137043145830228,1.244114085744611,1.416642353050308,1.6283784196272642,1.8757780676543827,2.1547161657649654,2.4605478342774916,2.788177292178612,3.132133399869165,3.4866508157338982,3.845755603968902,4.203354066939438,4.553323528556428,4.889603766416772,5.206287780162761,5.497710591828741,5.75853480074732,5.983831660509227,6.169156507882286,6.310617452618997,6.404936331609922,6.449501039540751,6.442408469555973,6.382497429712731,6.2693710423614775,6.103408282024654,5.885764460768183,5.6183606263108485,5.30386199499032,4.94564569698859,4.547758262723807,4.114863424900756,3.6521809483237746,3.1654173272694734,2.6606893061878534,2.1444412821090895,1.6233577349270698,1.104271903465584,0.5940719798905505,0.09960613183325684,-0.37241231999148305,-0.8154982411207632,-1.2234852309712168,-1.5906121073883663,-1.9116041119237785,-2.1817476919411956,-2.3969578040578323,-2.553836786707225,-2.6497239663205763,-2.6827352901306103,-2.651792417105452,-2.5566408450788174,-2.3978568047021875,-2.176842807264863,-1.8958118915149647,-1.5577607721500846,-1.1664322474199411,-0.7262673731227992,-0.2423480530790525,0.2796691700751138,0.833627217091655,1.4129494504353812,2.010726415849874,2.619807153822383,3.232893823812419,3.84263833788082,4.441739672342674,5.023040516661202,5.579621928132712,6.104894688853468,6.592686107614846,7.037321073095385,7.433696245110996,7.777346366619592,8.064501789304787,8.292136428339232,8.458005495626676,8.560672503565602,8.59952518116198,8.574780099040966,8.487475957395818,8.339455648955699,8.133337365435146,7.872475168452335,7.5609095924317025,7.203308985484207,6.80490242274477,6.371405143340875,5.9089375654356395,5.423939022187582,4.923077433763578,4.413156185722156,3.9010195213845105,3.3934577747148653,2.8971137704832812,2.4183917000894404,1.9633697446526341,1.5377176623493578,1.1466204852827342,0.7947093834162338,0.48600065054150643,0.22384365132889728,0.010878440869038108,-0.15099636944071593,-0.26064507133668136,-0.3177053675692467,-0.3225878065553541,-0.27646417894155306,-0.18124506739713492,-0.03954689430996629,0.14535103957976103,0.3695588912921183,0.6286372199431178,0.9176656515084918,1.2313182675928083,1.5639446273259887,1.9096552525567545,2.26241034417135,2.616110452512915,2.964687798139231,3.3021969309082557,3.6229034257327193,3.9213693421470444,4.1925342216703285,4.43179046116282,4.635051981048909,4.798815203274684,4.920211463822202
1.07090569840761,1.1923019589551278,1.3560651811809035,1.5593267010669918,1.7985829405594802,2.0697478200827657,2.3682137364970917,2.688920231321556,3.026429364090581,3.3750067097168968,3.7287068180584617,4.081461909673054,4.427172534903816,4.759798894637001,5.07345151072132,5.362479942286694,5.621558270937694,5.845766122650051,6.030664056539779,6.172362229626947,6.267581341171367,6.313704968785165,6.308822529799058,6.2517622335664935,6.142113531670528,5.980238721360774,5.767273510900915,5.505116511688306,5.19640777881358,4.844496676947079,4.4533994998804545,4.027747417577178,3.5727254621403706,3.094003391746531,2.5976593875149465,2.0900976408452956,1.5779609765076583,1.0680397284662357,0.5671781400422291,0.0821795967941723,-0.3802879811110633,-0.813785260514958,-1.212191823254395,-1.5697924302018882,-1.8813580062225213,-2.1422202032053326,-2.348338486725887,-2.496358795166006,-2.5836629368111543,-2.608408018932167,-2.569555341335791,-2.466888333396862,-2.3010192661094218,-2.0733846270749776,-1.78622920438978,-1.4425790828811842,-1.046203910865573,-0.6015689453850346,-0.11377752662365603,0.41149523409709543,0.9680766455686063,1.5493774898871329,2.1484788243489916,2.758223338417393,3.371310008407429,3.9803907463799377,4.578167711794426,5.1574899451381535,5.711447992154694,6.233465215308865,6.717384535352611,7.157549409649754,7.548877934379896,7.886929053744776,8.167959969494673,8.388973966931998,8.54775800730863,8.642909579335264,8.673852452360423,8.640841128550388,8.544953948937037,8.388074966287643,8.17286485417101,7.902721274153592,7.58172926961818,7.214602393201029,6.806615403350575,6.3635294822212956,5.891511030396555,5.397045182339261,4.88684525876423,4.367759427302744,3.846675880120716,3.330427856041958,2.8256998349603384,2.3389362139060372,1.8762537373290558,1.4433588995060054,1.0454714652412231,0.687255167239494,0.3727565359189642,0.10535270146162912,-0.11229111979484285,-0.2782538801316653,-0.3913802674829192,-0.4512913073261618,-0.4583838773109391,-0.41381916938010993,-0.31950029038918315,-0.17803934565247292,0.007285501720584481,0.23258236148249228,0.4934065704010699,0.7848293820670507,1.1015133958130368,1.4377936336733779,1.7877630952903711,2.14536155826091,2.5044663464959136,2.858983762360647,3.2029398700511997,3.5305693279523203,3.8364009964648442,4.115339094575427,4.362738742602547,4.574474809179504,4.747003076485201,4.877412847646789
0.9836410864054135,1.0962723018730098,1.251560977407917,1.446679088759376,1.678162109664567,1.9419612370896533,2.2335041904273227,2.5477637103302593,2.8793327728608666,3.2225054385937426,3.5713621755793663,3.9198584308077296,4.261915177911332,4.591510139982845,4.902768375966559,5.1900509272643545,5.448040247865804,5.6718211860948315,5.856956348335016,5.999554753975678,6.096332785203068,6.144666543815536,6.142634848440108,6.08905223766283,5.983491485793933,5.826295286280793,5.618576911065659,5.362209810298852,5.059806273559356,4.7146854288910145,4.3308310073441625,3.91283944618106,3.4658590414047152,2.9955209878609104,2.5078632610384393,2.0092483972131707,1.5062763162955968,1.0056934034052007,0.5142991197904312,0.038851450461878656,-0.41402748571797154,-0.8379443380108496,-1.2268246312806301,-1.5749988097133443,-1.8772830026993714,-2.129053371086101,-2.3263129803973817,-2.465750250869297,-2.5447881508254238,-2.5616234283752193,-2.515255314866549,-2.4055032800168097,-2.2330135711322496,-1.9992544251625062,-1.706500000333593,-1.3578032315395294,-0.9569579683405216,-0.5084509041423515,-0.01740394781438781,0.5104921773613333,1.0690521998076443,1.6516774131735368,2.251442523731288,2.8611870377996893,3.473609931693833,4.081366300618976,4.6771646550586645,5.253863523947421,5.804566033397378,6.322711157833916,6.802160386694267,7.23727861370594,7.623008136292368,7.954934748721948,8.229345022874725,8.44327399340124,8.594542597865578,8.681784365320993,8.704460996657131,8.662866634878894,8.558120781056267,8.392149969810793,8.167658474659554,7.888088466127358,7.55757019212229,7.18086288859412,6.7632872570182805,6.310650461969496,5.82916470533552,5.3253605221272,4.805996015132106,4.277963300826237,3.7481934762350964,3.2235614353063022,2.7107918635642214,2.2163677213697452,1.74644248927299,1.306757394251781,0.90256476385177,0.5385585674042384,0.21881310083898253,-0.053269344414965225,-0.2750011156985056,-0.44444156149061653,-0.5604186924525476,-0.6225398632944602,-0.6311913529622093,-0.5875268775848715,-0.4934452269444032,-0.35155736872436283,-0.16514351330175486,0.061899226727730905,0.32511781574691545,0.6195720250745657,0.9399099169477125,1.2804489911942811,1.635261824167219,1.9982649670311952,2.3633098255046168,2.724274216290878,3.075153287058087,3.410148497057407,3.723753384157229,4.010834890802441,4.266709085520429,4.4872101971773075,4.6687519750970745,4.808380498033206
0.8525785248577884,0.9567351936345163,1.103880460634795,1.2912253533989555,1.5153426222059476,1.7722187865543777,2.057314764970519,2.3656342146350373,2.6917985972722054,3.0301278916491405,3.374725792248534,3.7195681693497384,4.058593518791669,4.3857941007625785,4.695306456478712,4.981499999726958,5.239062406845077,5.463080573424562,5.64911596821824,5.793273293541873,5.892261455767931,5.943445957991079,5.9448919480709375,5.895397287320729,5.794515146248445,5.6425657819800294,5.440637305210698,5.190575400579121,4.894962121037783,4.5570840318892145,4.180890131482538,3.7709401209798976,3.3323437330535874,2.870691956918896,2.3919811129408064,1.902530832535602,1.4088970867690547,0.9177814786878957,0.43593806899263043,-0.029920958610536674,-0.4732194676793702,-0.8876100505025919,-1.2670639152575933,-1.6059567106557016,-1.899149075045647,-2.142060769223103,-2.3307373405661798,-2.461908369349074,-2.5330364647339834,-2.5423563063714845,-2.488903165952004,-2.3725304895051447,-2.1939162736852853,-1.9545581255718265,-1.6567570534574454,-1.3035901934799852,-0.8988728315633456,-0.4471102297985904,0.04656009098434305,0.5764348271348644,1.1363192186285413,1.7196082080903263,2.3193733186480774,2.9284540566205863,3.539552581467364,4.145330339417707,4.738505329402425,5.311948660724598,5.8587790714569215,6.372454104710064,6.846856686284946,7.276375911152904,7.655980926804032,7.981286897636494,8.24861214487846,8.45502567949268,8.598384479385802,8.677360005152195,8.69145359852013,8.641000562532618,8.527162880113911,8.35191068583383,8.117992762167813,7.828896484165959,7.488797783049874,7.10250183779632,6.675375332300977,6.213271232442955,5.722447140657952,5.209478374029568,4.681166984190091,4.14444799247511,3.606294151033933,3.073620559444678,2.5531904665624228,2.0515235688481726,1.5748080795532584,1.1288177883968207,0.7188352595510072,0.3495822278587496,0.025158150496881304,-0.2510122447841351,-0.47622170152296395,-0.648512890925752,-0.7667001528863532,-0.8303802434112375,-0.8399319656324781,-0.7965047186055978,-0.7019961544818002,-0.5590192882122094,-0.37085955252202335,-0.14142243239193064,0.12482755428892334,0.42293564174373444,0.7475323700031087,1.0929148156056219,1.4531323284719957,1.8220755415743906,2.1935673749693407,2.561454728832258,2.9196995516976667,3.262467980284285,3.5842162759187355,3.8797723292548154,4.144411569052726,4.373926191323674,4.564686721017984,4.71369502827957
0.6788427079031292,0.7748559681452285,0.9142280165582093,1.0942071572241705,1.3114014629545063,1.5618306523814078,1.840986560559131,2.143901330330211,2.4652223416114376,2.799292799602142,3.1402368220743773,3.4820478015139105,3.8186787708552363,4.144133472558565,4.45255682022515,4.738323449990065,4.996123085458642,5.22104148459162,5.408635799068269,5.55500325539057,5.656842161227308,5.711504348905742,5.71703828901267,5.672222239059074,5.576586933231516,5.430427467408904,5.234804186774801,4.9915325393413825,4.703162015319818,4.372944447311426,4.004792097565209,3.603226103912604,3.1733159933954074,2.7206111001050974,2.2510648395470727,1.7709528942928943,1.286786453335584,0.805221719173929,0.3329669512040494,-0.12331164928810101,-0.5570838888872782,-0.9620480431957208,-1.3322205249161165,-1.6620214917181428,-1.9463551818988145,-2.1806838381080667,-2.361094167762123,-2.484355391973799,-2.5479680514464143,-2.5502028661731053,-2.4901290841565045,-2.367631900774346,-2.183418682810771,-1.9390138874118446,-1.6367427241140668,-1.279703765418975,-0.8717308659357502,-0.41734489971602523,0.07830403204170838,0.6095031372395957,1.1700513048291652,1.75334029429095,2.3524416287528087,2.9601979976779518,3.569317911549929,4.172472305045302,4.762391757463436,5.331962990067976,5.874323309616904,6.382951695584578,6.851755275015744,7.275149992948403,7.648134367002412,7.966355310924063,8.226165122253734,8.424668852296737,8.559761410500837,8.630153898299028,8.635388817457688,8.575843952874095,8.452724887420782,8.268046264625923,8.024602071490246,7.725925366377378,7.376238023535908,6.980391204362849,6.543797394058268,6.07235495904922,5.572366283844154,5.050450634371388,4.513452967122798,3.9683499585577806,3.4221545664561432,2.8818204537267134,2.354147605324684,1.845690450412275,1.3626697649821324,0.9108895753798922,0.4956602112893528,0.12172856880048266,-0.20678345858845426,-0.48643153932475913,-0.7144917396742652,-0.8889930600757233,-1.0087392417192962,-1.073319564797672,-1.08310851536937,-1.0392543548591615,-0.9436567826858124,-0.7989340361486434,-0.6083799203578506,-0.37591140256608846,-0.10600753775807359,0.19635938608296488,0.5257994856982837,0.8765866111942329,1.242744194299027,1.618134382322949,1.9965491787945548,2.3718022847556717,2.7378203262083787,3.0887321633296256,3.4189550056549445,3.7232761040709463,3.996928854482926,4.235662228528418,4.435802542548183,4.594306685843479
0.4640037117287119,0.5522437533835134,0.6842500496982942,0.8573062272875998,1.068053558096407,1.31254267728489,1.586293905569175,1.8843653039843136,2.20142747887931,2.5318440587428563,2.869756683553419,3.2091732828923476,3.5440583719660936,3.8684240656198736,4.176420499803127,4.462424357918501,4.72112422594057,4.947601544756519,5.137405990231836,5.286624190164819,5.391940781456843,5.450690919162345,5.460903470065887,5.421334255357017,5.331488847975262,5.191634578287876,5.002801554851933,4.766772662938289,4.486062660056899,4.163886642708967,3.804118309812787,3.411238593569295,2.99027536589648,2.546735056026234,2.0865271306192352,1.615882490174294,1.1412669231364878,0.6692908307002188,0.2066164898413556,-0.2401358411811385,-0.6644816522655366,-1.0601644235393735,-1.421245076663687,-1.7421873692564398,-2.0179380214689076,-2.244000435989139,-2.416500961071977,-2.5322467493713594,-2.588774381933164,-2.584388555062735,-2.518190266110836,-2.3900940805849613,-2.200834215335919,-1.9519593287535955,-1.645816066738186,-1.2855215704765088,-0.8749253065383145,-0.41856072934378935,0.07841257146131017,0.6102754527550899,1.1708236203446594,1.7534488337105518,2.3512257991250447,2.9570035570753874,3.5635001064923952,4.163398962421184,4.749446316121685,5.314547457542829,5.851861129806289,6.354890513630247,6.817569586126114,7.2343436624616535,7.600243009604852,7.910948517614209,8.162848524372663,8.353086012726646,8.47959553296254,8.541129346551458,8.537272437114035,8.468446189495838,8.335900695527744,8.141695803263229,7.888671183016537,7.580405836178282,7.221167619417308,6.815853495435012,6.369921349979405,5.889314331550294,5.380378773500845,4.8497768466189655,4.304395162520339,3.7512506032948614,3.1973946900530494,2.649817821803845,2.1153547162036572,1.6005923651560197,1.1117817812800745,0.6547547564331083,0.2348467815459564,-0.14317281096998236,-0.47516252381420687,-0.7576613481611898,-0.9879316795093659,-1.1639919195937958,-1.2846383337908602,-1.3494558852196934,-1.3588179223080632,-1.313874753748303,-1.216531301307376,-1.0694141746696002,-0.8758286612171379,-0.6397062652982148,-0.3655435641039726,-0.05833326890698953,0.27651151060176526,0.6332387063361347,1.0058432643624546,1.388156415463034,1.7739369640328393,2.156963288581254,2.5311247385685895,2.8905111223807056,3.2294990097859455,3.542833618816018,3.8257051210025415,4.073818279373487,4.283454429426962,4.451524923094531
0.21006074374255568,0.29093503329915715,0.41601836653728164,0.5826275692050593,0.7874348297754481,1.0265192690704936,1.2954271259988355,1.589239688027745,1.902647984795582,2.230033166997458,2.565551411707415,2.9032221307787642,3.23701821180296,3.5609569919734105,3.8691906545071224,4.156094745175987,4.416353532881027,4.6450409826956465,4.8376961717816425,4.9903920571699105,5.099796598489005,5.16322534699112,5.178684733139387,5.14490541687632,5.061365205629793,4.928301193140568,4.746710925224399,4.518342554450928,4.24567410223,3.9318821017321035,3.5808000462450362,3.196867212845927,2.785068568593176,2.3508665938739566,1.9001259732761953,1.4390322067507582,0.9740052814383378,0.5116096161130854,0.05846154472387877,-0.3788643577838362,-0.7939287858336284,-1.1805197285113833,-1.5327417074264231,-1.8451009620509717,-2.1125853725744186,-2.330737982523432,-2.495723071693976,-2.604383833082548,-2.6542908240472327,-2.6437804902415047,-2.5719831991458895,-2.438840366334547,-2.2451104099021078,-1.9923634246021527,-1.682964625020158,-1.3200467643035112,-0.9074718893905165,-0.4497829431486254,0.04785413375236658,0.5797170150461463,1.1396014065398234,1.7209022508583498,2.3167006052980423,2.9198549987934155,3.523096010643838,4.119122767854994,4.7007000303721,5.260754524507775,5.79246919462752,6.289374071516178,6.745432502414927,7.155121551839654,7.513505463070559,7.816301166508698,8.05993493157813,8.241589381963909,8.359240227990531,8.411682212983367,8.398543920511338,8.32029124437836,8.17821948094061,7.974434161565079,7.711820899593,7.394004678835243,7.025299157265031,6.610646698131708,6.155549969256037,5.665996067982543,5.148374232523981,4.609388288792066,4.0559650540329795,3.4951599736673264,2.9340613049057405,2.3796941794583772,1.8389258777229607,1.3183736282295204,0.8243162091088494,0.3626105734652705,-0.061385351448950076,-0.4428826294201773,-0.7777230858750799,-1.062432041220732,-1.29426129225188,-1.4712217648898014,-1.592105407437324,-1.6564960453828281,-1.6647690744216463,-1.6180800255943082,-1.518342193052775,-1.368193668753328,-1.1709542771737063,-0.9305730448685543,-0.651566972318369,-0.33895199722794866,0.0018328525192252698,0.36500702317512146,0.7445345442780986,1.1342134474768777,1.5277672146339814,1.918936947717025,2.301572944395229,2.6697243732872664,3.0177257713065764,3.340279132111192,3.632530418623169,3.8901394130278257,4.109341913453575,4.287003396310121
-0.08057891212439983,-0.006627585644454648,0.11200877267214193,0.27267790510150114,0.4720804857784524,0.7063215537175543,0.9709705742596687,1.2611292581614173,1.5715061572675848,1.8964969593688537,2.2302693238112328,2.566851034833031,2.900220202373899,3.2243962108948057,3.533530105982009,3.8219931163338456,4.084462035037556,4.316000228462853,4.512133103004137,4.668916938419473,4.783000090535181,4.8516756742820215,4.872924958876092,4.845450838748253,4.768700884699884,4.642879627730434,4.468949880954439,4.24862306084143,3.984338625470537,3.6792329023817536,3.337097729739069,2.9623294797600224,2.5598691706582986,2.135134500748316,1.693944754070059,1.2424396292700075,0.7869931310686038,0.33412373521300753,-0.10959790766141997,-0.537642427134529,-0.9436150265882395,-1.3213472950567204,-1.6649862360035568,-1.9690792489390843,-2.2286538548913137,-2.4392910289280323,-2.5971910911877663,-2.6992312109792183,-2.743013695008604,-2.7269043590591604,-2.650060420678077,-2.5124474966833383,-2.3148454415332673,-2.058842918666727,-1.7468207546297627,-1.3819242829383156,-0.968025038977955,-0.5096723166401715,-0.012035239739179582,0.5191638654587077,1.0777238879050188,1.657046121248745,2.250221111233468,2.850119967162256,3.4494888802950467,4.041045546322806,4.617576161554444,5.172031653546403,5.697621816730849,6.187906052022388,6.636879456010325,7.03905306952276,7.389527176182447,7.684056637931564,7.919107365032794,8.091903141209297,8.200462158639837,8.243622760598068,8.221058039611261,8.133279094008625,7.98162690345986,7.768252942358943,7.496088806467361,7.168805280900365,6.790761424179126,6.36694438162574,5.902900769905687,5.40466059122308,4.8786547389144825,4.331627244522107,3.770543488622845,3.2024956527374178,2.6346067267776725,2.0739344051950814,1.5273762050138624,1.0015771202756962,0.5028410903584124,0.037047504687765076,-0.39042610568174396,-0.7747741272636484,-1.1118247147172209,-1.398092589745845,-1.6308220733304843,-1.808019774318864,-1.9284765033830567,-1.99177813327901,-1.9983052820502503,-1.9492218531223053,-1.846452622919101,-1.6926502204924962,-1.491151992526644,-1.2459273888655507,-0.9615166364219265,-0.6429615910930884,-0.29572976642438653,0.07436736730816595,0.4612606405093427,0.85871276229542,1.2604099379871523,1.6600542177610644,2.05145525951919,2.428620199025297,2.7858403488191508,3.1177734939492208,3.419520616494908,3.6866959612718384,3.9154894508865636,4.102720568071257
-0.4051255173000414,-0.33762116574162415,-0.22492487766344538,-0.06966042512752435,0.12489878419348333,0.354881015746357,0.6158761581613112,0.9030034444013904,1.210985963406951,1.5342308852406419,1.8669142416334708,2.20306903917194,2.5366754350632643,2.8617516761376636,3.172444490907838,3.463117632258345,3.7284372945727324,3.9634531734533165,4.16367399802167,4.32513644423362,4.444466431594052,4.518931913786696,4.546486394515995,4.525802531586315,4.456295333057721,4.338134597228443,4.1722464011129095,3.9603035978499372,3.704705439888157,3.4085465996437563,3.075576010421135,2.710146095593116,2.317153091300628,1.90196929531015,1.4703681903572783,1.0284434926682438,0.5825232639364961,0.139080296595679,-0.2953599632441426,-0.71431265412117,-1.1114265793656064,-1.4805758098658839,-1.815948509123699,-2.112131717488009,-2.3641908875279443,-2.567743034653853,-2.7190224553164666,-2.8149380681726193,-2.8531215500582894,-2.831965566823378,-2.750651537258898,-2.6091665145465277,-2.4083089218298714,-2.1496830345083615,-1.835682259496597,-1.469461418757784,-1.054898398701531,-0.5965456763637476,-0.09957237555864795,0.43030236059187343,0.9868837720633843,1.563582640952141,2.1535020933702786,2.749528850581435,3.344427672530829,3.9309376912731206,4.501869304361042,5.050200289417703,5.569169811005029,6.0523690193857576,6.4938269874614,6.888090796402618,7.230298661373283,7.516245085154198,7.742437138046153,7.906141085626576,8.005418720022508,8.03915289346596,8.007061903009497,7.909702530295846,7.7484616980216945,7.525536863001273,7.243905422300453,6.90728356158243,6.520075121441129,6.08731119604336,5.614581306914195,5.107957111381552,4.573909708412493,4.019221692879942,3.450895181460907,2.876057088377321,2.3018629662823473,1.7354007462539534,1.1835957108280084,0.6531180152932294,0.1502940353488772,-0.3189772357770586,-0.7493015897572448,-1.1358597423378192,-1.4744692494743636,-1.7616373570564792,-1.9946040689915767,-2.171374856496626,-2.2907425775112684,-2.352298327139644,-2.356431095810277,-2.3043162692206627,-2.197893160890299,-2.0398319220774637,-1.8334903227556703,-1.582861039201138,-1.292510216519096,-0.96750819626873,-0.6133534085233718,-0.2358905226926198,0.15877596909585545,0.5643714994165612,0.9745432217991619,1.3829525466529955,1.783367099025191,2.1697507903058417,2.5363507244251497,2.8777797055889294,3.1890931785068917,3.4658595124727976,3.70422263641567,3.9009561417975798
-0.7604367781565686,-0.6988724968365692,-0.5915808886518292,-0.44115980747185113,-0.2508594345370717,-0.024531081111357378,0.23343266364192666,0.5181655697813989,0.8244022085193815,1.1465581223035217,1.4788145652130207,1.8152065911019475,2.1497132195467645,2.4763483803041355,2.7892513260729794,3.0827752110341633,3.351572558803839,3.5906763877114924,3.795575823076458,3.9622851045331338,4.087404990339369,4.16817566866724,4.202520406594699,4.189079299184793,4.127232621796373,4.017113436627557,3.8596092573620595,3.6563527315081994,3.4097014563908026,3.122707199566465,2.7990749454948696,2.4431123354760875,2.059670205103105,1.6540750508380115,1.2320543729961566,0.7996559447767784,0.3631621445598099,-0.07099943974640155,-0.4963478709901412,-0.9064418876578946,-1.2949727749341275,-1.655855763745384,-1.9833186584319815,-2.271986430883997,-2.516960574013122,-2.713892079541911,-2.8590469932692253,-2.949363603981663,-2.982500438581865,-2.9568743641635566,-2.8716882358814453,-2.7269476756024895,-2.5234667184308637,-2.2628622201345534,-1.947537076075423,-1.5806524592407176,-1.1660894391844647,-0.7084004929425736,-0.2127515611848399,0.3151445639908812,0.8691026110074224,1.4425459423295939,2.0285932960301,2.6201499620578597,3.210002136721786,3.790913153320362,4.355720259472985,4.897430602932526,5.409315097609041,5.8849988700774745,6.3185470335819005,6.704544600834096,7.038169427836559,7.315257177408199,7.532357401704073,7.686779966249889,7.776631172131043,7.800839076104839,7.759167658537358,7.652219644098322,7.481427937904666,7.249035798075008,6.958066022223161,6.612279578085076,6.216124255099393,5.774674052292509,5.293560146313308,4.778894400120205,4.2371864760109705,3.675255704958646,3.100138936341452,2.5189956471226376,1.9390116265818613,1.3673025713087417,0.8108189250861839,0.27625327952433654,-0.23004838587530418,-0.7021704006119172,-1.1347048855907733,-1.5228219578543196,-1.8623316975443556,-2.1497370334769292,-2.3822768319286967,-2.557958611384196,-2.67558045213126,-2.7347418216590285,-2.7358431926679923,-2.680074487951217,-2.569392543234624,-2.406487933065848,-2.194741653850615,-1.9381723000576652,-1.6413745024540953,-1.309449519127073,-0.9479289792835153,-0.5626928748654649,-0.15988297454236133,0.2541871024692126,0.6731238699317352,1.0905467053996392,1.5001800095463784,1.8959434851524828,2.2720392553055,2.6230345868415545,2.9439390489484927,3.230275017242546,3.478140529382636,3.684263608040178
-1.1430516843853462,-1.0868920829587856,-0.984443846129987,-0.8382816013362387,-0.6516351065286187,-0.4283381507645753,-0.17276878611189744,0.11021823975999681,0.4153658704484289,0.7370948707492389,1.0695885420091962,1.4068808004516153,1.7429463485794034,2.0717916403354435,2.3875453297149654,2.684546900131438,2.9574321979281826,3.2012146376324484,3.4113609082421394,3.583860088144618,3.715285170086082,3.8028461056121126,3.844433599059345,3.838653012789613,3.7848478860616543,3.6831127177428744,3.534294815886489,3.339985172877012,3.102498481179678,2.8248425595063673,2.510677610244009,2.164265874144731,1.7904123854971334,1.3943976583430573,0.9819032499708586,0.5589312502662596,0.13171883308389698,-0.29335092262623275,-0.7098406796606984,-1.1113516583602483,-1.4916163039474601,-1.844589488187499,-2.1645369469618023,-2.4461196925030078,-2.6844731940350126,-2.875280192628502,-3.014836104212101,-3.1001060676390706,-3.1287728110558763,-3.0992746379199363,-3.0108329720712397,-2.8634690473373143,-2.658009479190888,-2.396080611847212,-2.080091691692189,-1.713207074857484,-1.2993078308971233,-0.842943253702598,-0.34927293291966477,0.1759998278010867,0.7267023372510429,1.2962735698555825,1.8778508323726917,2.464360851114984,3.048614023635194,3.6234005332984713,4.181586997853975,4.716212314402705,5.220581373166926,5.688355341064142,6.113637262879546,6.491051792163539,6.815817944956727,7.083813865932286,7.291632707193553,7.436628843224591,7.516953779636089,7.531581256498868,7.480321197206001,7.36382230884746,7.183563297844569,6.9418328228638835,6.641698463591974,6.286965136609506,5.88212353621471,5.432289316557791,4.943133859918128,4.4208075925848505,3.8718569129558427,3.303135884705359,2.7217139199529363,2.1347807322883194,1.549549876502817,0.9731622104330846,0.41259061418345844,-0.12545271683367742,-0.6346051258439953,-1.1089372715792782,-1.5430306762411063,-1.9320479810581441,-2.2717949490986373,-2.5587733715478818,-2.790224161950099,-2.96416006113802,-3.079387521784477,-3.135517493650576,-3.132964986532379,-3.0729374454293765,-2.9574121293568405,-2.7891028392946255,-2.571416489840975,-2.308400161126497,-2.004679400446271,-1.665388665021049,-1.296094906590193,-0.9027153936375142,-0.4914309466235418,-0.06859582453204638,0.3593544535445463,0.7859960407869935,1.2050091292591867,1.6102684408990013,1.995930561424293,2.3565168821493234,2.686990978584409,2.982829335075679,3.240084420491401,3.455439229717336
-1.5492279017518167,-1.4979116716811975,-1.3997222712386295,-1.2572139045720396,-1.0735988074260907,-0.8526962317626525,-0.5988727473775536,-0.3169747295552099,-0.01225401235010791,0.30971221630116047,0.6431061201146092,0.98195729824,1.3202329773664574,1.6519290127331758,1.971160387567986,2.272249908011527,2.5498138166048845,2.7988430915538753,3.01477926060937,3.1935836366470767,3.3317989757866995,3.426602666832504,3.47585068141991,3.4781116458106407,3.432690535932718,3.3396416450230495,3.1997706260110466,3.0146255664216337,2.786477209875326,2.518288593011252,2.213674517668399,1.8768514232945062,1.5125783617579251,1.1260899040735053,0.7230219242160858,0.3093313075460926,-0.10878928104018826,-0.5250003625410442,-0.9329070816073061,-1.326151818617835,-1.6985066596338292,-2.0439644079615737,-2.356826839825067,-2.6317889437691524,-2.864017938365858,-3.049225934815632,-3.1837351991137632,-3.264535071357336,-3.28932971605651,-3.2565760053539847,-3.1655109750503185,-3.016168439341593,-2.8093845021478008,-2.5467918587082323,-2.2308029385532095,-1.8645820978143965,-1.4520072229014018,-0.997621256681677,-0.5065743003537131,0.01544292280045323,0.5622733335327773,1.1273744749539203,1.703905090185562,2.284816106784138,2.8629447723690498,3.4311106404352074,3.9822120780798995,4.5093219587163365,5.005781212909339,5.465288939117534,5.881987822964735,6.250543678039454,6.56621800223656,6.824932540177514,7.0233249529240025,7.158794819485384,7.229539328785864,7.234578163923256,7.173767230710887,7.04780103754311,6.858203691389191,6.607308632988442,6.29822739087215,5.934807786480569,5.521582169235736,5.063706398918357,4.56689042113852,4.037321398285467,3.481580461458301,2.906554237072589,2.319342373874364,1.727162350965021,1.137252884382906,0.5567772682861051,-0.007272013418809564,-0.5481660880466226,-1.0595286280556104,-1.5354196934738653,-1.970413330689185,-2.35966786385668,-2.6989879184138448,-2.984877332813538,-3.214582242948177,-3.386123762035491,-3.4983198250202787,-3.550795918759217,-3.5439845752547927,-3.4791136627958457,-3.3581836668298726,-3.183934306529239,-2.9598009821540607,-2.6898616903629264,-2.378775177584501,-2.031711223571981,-1.6542740566064964,-1.2524199969629488,-0.8323705048690553,-0.40052187216348933,0.03664715768764659,0.4726685292555477,0.9011774537614508,1.3160031157735397,1.7112562254878074,2.081412180540985,2.4213886651732883,2.7266165949401904,2.993103410924305,3.2174878371619027
-1.974982293798671,-1.9279249001142817,-1.8333893777988715,-1.693912408793954,-1.51269169174861,-1.2935349963527516,-1.0408005200172024,-0.7593294156781888,-0.4543714701226284,-0.13150500891786865,0.20344781457855277,0.5445091237026117,0.8856355464397481,1.2208092672617543,1.5441285921236325,1.8498967233637866,2.13270746720187,2.3875266405966635,2.6097680057873864,2.795362639023252,2.9408207336826484,3.0432849458686286,3.1005745111164957,3.111219492357261,3.0744846598884505,2.9903826518231655,2.8596762162312266,2.6838694917928394,2.4651884400557695,2.2065506971112,1.911525263493732,1.5842825962308555,1.2295358041639313,0.8524737749942906,0.45868717817147675,0.05408839009756505,-0.3551735242794418,-0.762801567812094,-1.162442045189335,-1.547776977628646,-1.9126163827323461,-2.2509891041492804,-2.5572308944156537,-2.82606849142444,-3.05269848387743,-3.2328598330417364,-3.3628990061564705,-3.439826779682412,-3.461365886815001,-3.4259888116575055,-3.332945170379039,-3.182278265622948,-2.9748305523332634,-2.7122379088936945,-2.3969127648345645,-2.032016293143117,-1.6214200292049226,-1.1696574274401674,-0.6818660086787888,-0.1637208842422545,0.3786394353066731,0.9386939294423489,1.5096255425302743,2.0844120521935516,2.655920076181343,3.2170009173366907,3.760586919069089,4.279786995134307,4.76798000763829,5.218904695878281,5.626744905516208,5.986208931994845,6.292601873157345,6.541889982583519,6.730756125860352,6.856645565310716,6.9178014328858115,6.9132893941037,6.843011156082094,6.707706627763288,6.508944698189307,6.249102756944176,5.9313352374187716,5.5595316161771535,5.13826444827186,4.672728156814307,4.168669423514695,3.632310143463484,3.070264010501089,2.4894478876695745,1.8969891892266233,1.300130555520668,0.7061331389114843,0.12217983735939497,-0.4447201879561969,-0.9878243935826799,-1.5007458532746396,-1.9775371512463857,-2.4127680168121626,-2.8015956364963293,-3.1398266830039434,-3.4239702171360586,-3.6512807471700905,-3.819790868595735,-3.928333053453362,-3.9765503108060725,-3.9648955959457037,-3.89462000359332,-3.7677499373889285,-3.587053602166767,-3.3559973147149327,-3.0786922708255986,-2.759832539459875,-2.4046251769127265,-2.018713463256373,-1.6080943585329042,-1.1790313558249408,-0.7379639713448312,-0.29141515716824107,0.15410205043336989,0.5921773253115472,1.0165939765126122,1.4214167205550279,1.801075063805422,2.1504411217133566,2.4649007820486526,2.74041721504443,2.9735858431249094
-2.416134110996031,-2.3727305954388016,-2.2812264707850622,-2.144143881880751,-1.964669045102985,-1.7466013577566772,-1.494293794904458,-1.212585462214986,-0.9067272841059343,-0.5823019032182026,-0.24513894872311215,0.09877310401162598,0.443377212204049,0.7826388830531238,1.1106368187116158,1.4216517851964954,1.7102524274803812,1.971376797010404,2.2004084193992854,2.393245808154925,2.546364423954497,2.6568701868009375,2.7225437688988396,2.741875027548719,2.714087077924292,2.6391496532790697,2.5177815528381573,2.3514421332090083,2.142311955391442,1.8932628541722576,1.6078178476658067,1.2901014498725871,0.9447810863204416,0.5770004401854067,0.19230567195867487,-0.2034344419059626,-0.6041133183147656,-1.0034751201583965,-1.3952057929644197,-1.773025289491437,-2.1307796676843265,-2.4625317475041406,-2.762649030835215,-3.025887625700285,-3.2474709708678073,-3.423162228848717,-3.5493293032458197,-3.6230015392051755,-3.6419172818827947,-3.6045615957504995,-3.510193585424667,-3.358862904572683,-3.151415191282999,-2.8894863239393227,-2.575485548927558,-2.2125676882109113,-1.8045947887276865,-1.3560877245295164,-0.8721684044857697,-0.3584933712326317,0.17882030103082802,0.7332757930227878,1.298082899175414,1.8662487672415713,2.4306717643185527,2.984237169561605,3.519913366722786,4.030847201098983,4.5104571756347625,4.952523189665479,5.351271570707325,5.701454214151355,5.998420726799076,6.238182566755595,6.41746828292141,6.533769080646389,6.5853740743019795,6.571394730710631,6.491778157537998,6.34730904579913,6.139600233380765,5.87107201472652,5.54492047835108,5.165075306449002,4.7361476174035335,4.263368570426206,3.7525195799284354,3.2098551037419956,2.642019072333798,2.0559561142575578,1.4588188050179935,0.8578722212849696,0.26039711922049846,-0.32640692594226994,-0.8955170822565309,-1.4401802075659857,-1.954001899811437,-2.4310304261336415,-2.865834378216089,-3.2535729898507046,-3.5900581560907403,-3.871807310122249,-4.0960864424946095,-4.260942685793095,-4.365226034264493,-4.408599920261261,-4.391540525507454,-4.315324862916652,-4.182007821790733,-3.9943885234919154,-3.7559664839418807,-3.4708882214652483,-3.143885081564896,-2.7802031723268787,-2.385526413590604,-1.9658937982530649,-1.5276120437705578,-1.0771648749649945,-0.6211202247546941,-0.16603666678080864,0.28162959728634473,0.7156158828155574,1.1299410150551898,1.5189889315812162,1.8775867200575442,2.2010759974045033,2.4853766322431623,2.7270419222764004
-2.8683503551429115,-2.8279782372473514,-2.7388684926942193,-2.603531784057485,-2.4251459553292714,-2.207505181466291,-1.9549603902636152,-1.6723518250206517,-1.364934727228628,-1.0382992153422266,-0.6982855172364588,-0.350895779046433,-0.002203720826940758,0.3417365608187468,0.6749813317219646,0.9917861966526467,1.2866920350717612,1.5546066617999426,1.7908810397085981,1.9913789496044128,2.152539116064445,2.2714288957609217,2.3457887552679377,2.3740668967621987,2.3554435305578343,2.28984444106364,2.1779436454319643,2.0211550997223187,1.821613563630138,1.5821448895219707,1.3062261524851762,0.9979361832067355,0.6618972026891958,0.30320838515024273,-0.07262770886721515,-0.4597847847636487,-0.8521974194834308,-1.2436494167558445,-1.6278646536495733,-1.9985991232657798,-2.3497328598615494,-2.675360432746065,-2.969878713933423,-3.228070661513026,-3.4451839154971515,-3.6170030747604294,-3.739914611590947,-3.810963483095333,-3.827900614798152,-3.789220559618491,-3.694188773196766,-3.5428580923447823,-3.3360741551509903,-3.07546965685468,-2.7634474928177157,-2.4031529965560385,-1.998435634639399,-1.5538006691588606,-1.0743514402985104,-0.5657230543308405,-0.034008384211095866,0.5143226008455645,1.072509065401071,1.633589906556418,2.190497467721105,2.73615306839294,3.2635630238650997,3.765913820273094,4.236665120599598,4.669639306034234,5.059106304041473,5.399862518970725,5.687302762148789,5.91748417499429,6.087181249434721,6.193931173240195,6.236068862086549,6.212751183344174,6.123970026751477,5.970554032168226,5.754158942340749,5.4772467068364685,5.143053619800567,4.7555479267583145,4.319377482193072,3.8398081780175852,3.3226539913845867,2.7741996167523446,2.201116750099421,1.6103751812265679,1.0091499219599354,0.40472565277162303,-0.19560019290352726,-0.7846143690649631,-1.3552834450621967,-1.900846802925143,-2.4149057235210525,-2.891507336359927,-3.325222280392824,-3.7112150117598617,-4.045305797899291,-4.324023554269128,-4.5446488085143315,-4.705246215426586,-4.804686192542042,-4.8426553986453715,-4.819655933653147,-4.736993296140817,-4.596753291938241,-4.401768241541223,-4.155572983403891,-3.8623513123926303,-3.5268736258014095,-3.1544266714834706,-2.7507364021331258,-2.3218850350210434,-1.8742234962130824,-1.4142804913738085,-0.9486694907912341,-0.4839949436283726,-0.026759045233071488,0.4167296284933577,0.8404443340086221,1.2387239811030413,1.6063513865910333,1.938624865780873,2.231422162572291,2.4812558288470368
-3.327192801864389,-3.289215064069436,-3.201851199783882,-3.0676034991966987,-2.889644583951813,-2.6717665817383764,-2.4183215579822086,-2.134154073056273,-1.8245268442655795,-1.4950405887685008,-1.1515492052074445,-0.8000715169903503,-0.44670084797424536,-0.09751373108383188,0.2415209382651886,0.5646309993310994,0.8663270949483723,1.1414844771963277,1.385419376245158,1.5939588368014337,1.7635030201115016,1.891079077217091,1.9743858195684896,2.011828544482814,2.0025435134294765,1.9464117287445188,1.8440618070323476,1.6968619030480874,1.5069007940669237,1.2769583894284124,1.010466080906397,0.7114574946625623,0.3845103427411043,0.034680199411425416,-0.332572856637829,-0.7114636908452415,-1.0959665209938063,-1.4799030823539254,-1.857033292336844,-2.2211471203559308,-2.566156350016401,-2.886184920757201,-3.1756565546590916,-3.4293784110552976,-3.6426195663217915,-3.811183188018484,-3.931471360394032,-4.000541620923618,-4.016154383579071,-3.9768105523035175,-3.8817787658817924,-3.7311118611257013,-3.525652292979275,-3.267026405657765,-2.9576276060757705,-2.6005886473806785,-2.1997433841816707,-1.759578509884529,-1.2851759283096464,-0.7821465444856921,-0.2565563813012468,0.2851539621582937,0.8362553998029899,1.3898208050460426,1.938818561639512,2.476207920622326,2.995034838126282,3.4885269603250024,3.9501864320554247,4.373879234455455,4.753919803947914,5.08514974940751,5.363009565474558,5.583602336594673,5.7437485371156,5.841031156111837,5.873830509807164,5.841348247644726,5.743620208207647,5.581517936215283,5.35673882953777,5.071785043373029,4.729931435196953,4.335182986634925,3.892222284871525,3.406347784560809,2.8834036994820083,2.3297024896050402,1.751941012155504,1.1571114932555822,0.5524085485336613,-0.05486646426532843,-0.6574024409391478,-1.247975536783556,-1.8195448453342813,-2.365345431547686,-2.8789774386602653,-3.3544900434495895,-3.7864591072149087,-4.170057458481339,-4.501116846959098,-4.776180725201777,-4.992547143060749,-5.1483011786170625,-5.24233647583908,-5.274365611703992,-5.244919171790239,-5.155333571201253,-5.007727814900477,-4.804969545916162,-4.550630879244201,-4.248934661542071,-3.9046919298709293,-3.52323146493892,-3.110322443814032,-2.6720912923764955,-2.214933917534824,-1.745424562323276,-1.2702225725517255,-0.7959783910607166,-0.32924010446819874,0.1236381425338624,0.5565845786175196,0.9638938427236023,1.340305450054475,1.6810755911970743,1.9820412642299994,2.2396758495110403
-3.788166145114527,-3.7519342875871526,-3.665659431351149,-3.531838644247294,-3.353642500651952,-3.134864265885023,-2.879860322445884,-2.5934827065212787,-2.2810047341199082,-1.9480407931675408,-1.600461459579416,-1.2443051605657092,-0.8856876563048782,-0.5307106409686623,-0.18537077548441316,0.14452954277965624,0.45346839391670346,0.7362862973048336,0.988262747014125,1.205186224420436,1.383416685139617,1.519939625089589,1.612410950861051,1.659192010926402,1.6593742846823014,1.612793373916848,1.5200320939300622,1.382412617056819,1.2019777775453113,0.9814618014215792,0.7242508759341697,0.43433411828641666,0.1162456405742327,-0.22500146478724292,-0.5839882791474762,-0.9549693087836713,-1.3319567030199413,-1.7088082374692504,-2.079317805855049,-2.437307126938837,-2.7767173544555916,-3.0916992779109234,-3.3767008206294173,-3.6265505783079917,-3.8365361960079003,-4.002476453249623,-4.1207860146503705,-4.1885319061325905,-4.203480892692151,-4.164137061416598,-4.069769051090766,-3.9204265153820397,-3.716945558210414,-3.460943035343874,-3.1547997733284645,-2.8016329133510043,-2.405257741335393,-1.970139514323719,-1.5013359348925523,-1.004431058003897,-0.48546153641657175,0.0491637801321585,0.5927497818645604,1.1384053825363956,1.6791368974408438,2.2079432184554544,2.7179114617501363,3.202311755352775,3.6546898440485918,4.068956217933842,4.439470517956646,4.761120036305225,5.029391210646887,5.240433107847498,5.391112003559188,5.479056287404399,5.502691057679662,5.461261912672841,5.354847595826649,5.18436130698425,4.951540649646276,4.65892634234136,4.309829978645509,3.9082912728853243,3.4590253749866946,2.967360976230176,2.4391700559066494,1.8807902352330688,1.298940807756464,0.7006336034012537,0.0930799150686556,-0.5164052287290041,-1.120500125085795,-1.7119734534836952,-2.2837799903848786,-2.829153663114953,-3.341696662177982,-3.815463386699728,-4.245038070364441,-4.625605023969201,-4.953010534319799,-5.223815576176248,-5.4353386226792795,-5.585687978342154,-5.673783205325754,-5.699365366269138,-5.662995963278729,-5.566044610591543,-5.410665635703469,-5.199763958184525,-4.936950744821695,-4.626489482039645,-4.273233239754433,-3.88255402304788,-3.460265217597538,-3.0125382301262915,-2.545814504912346,-2.0667141605118218,-1.5819425364121238,-1.0981959667238979,-0.6220681068557481,-0.15995812928529407,0.28201792381002666,0.6981113897589903,1.0830196590426224,1.4319581764267286,1.7407247684659486,2.0057554061386886
-4.2467667149078485,-4.211623865430023,-4.12577592267735,-3.991717907223038,-3.812621531074203,-3.5922843766243027,-3.3350703021864936,-3.0458419426512116,-2.729886284794552,-2.3928343938151166,-2.040576449430379,-1.6791733151719463,-1.3147659124653128,-0.9534837009938688,-0.6013535783114603,-0.26421050452761685,0.05238886774960516,0.3432483217981961,0.6036087883575234,0.8292185431729471,1.016395886736511,1.1620834101065463,1.263893071029035,1.3201414359036225,1.3298745835790262,1.2928823145389583,1.2097014616631891,1.0816082542596022,0.9105998432628741,0.699365250173748,0.4512461532824201,0.17018806984394086,-0.13931736990003962,-0.4722982335724941,-0.8233752433615098,-1.1868408370854104,-1.5567432044108707,-1.9269740972630598,-2.2913591587135587,-2.643749477653631,-2.978113057884918,-3.2886248901568536,-3.5697543341577154,-3.8163485542697044,-4.023710807514643,-4.187672453781567,-4.304657646134948,-4.371739761521276,-4.386688748080837,-4.348008692901175,-4.254965051622709,-4.107601126888784,-3.9067435341721275,-3.653996548872172,-3.3517253855743947,-3.0030286167803304,-2.611700092050187,-2.1821808671822294,-1.719501794686361,-1.229217559394826,-0.7173330647183112,-0.19022318408187533,0.345453013079309,0.8828423720621231,1.414990848998368,1.9349384958037046,2.435814910502305,2.9109338210703375,3.3538854812513756,3.758625585666969,4.119559458578756,4.43162033520195,4.690340635624109,4.891915228015482,5.033255788576144,5.1120354890012925,5.126723376432174,5.076607954016239,4.961809620320012,4.783281780817151,4.542800602339002,4.242943539514313,3.8870569186203037,3.4792130167248896,3.0241572203804576,2.5272459863792136,1.9943764552590737,1.4319086845584246,0.8465815716265312,0.2454236236606438,-0.36434019567062426,-0.9753842591512556,-1.5803793880615384,-2.1720899448098963,-2.7434695682277495,-3.2877542329082736,-3.798551351703725,-4.269923696124863,-4.696466982127906,-5.073380057605506,-5.396526731569878,-5.662488402070384,-5.868606768679976,-6.013016054104433,-6.094664306166505,-6.113323504033231,-6.069588348944624,-5.964863777670139,-5.801341394247437,-5.581965170037624,-5.310386911594874,-4.990912138198753,-4.628437144138997,-4.2283781431069904,-3.7965935016229384,-3.3393001637794173,-2.8629854493764966,-2.374315470647824,-1.8800414583509095,-1.3869053153870516,-0.901545724950509,-0.43040613036839126,0.02035412456981045,0.44494425247153346,0.8380208979966723,1.1947603343870739,1.5109229788179932,1.7829093344300506
-4.698531213208628,-4.663815277214133,-4.577730106111002,-4.442771858103196,-4.262116562271391,-4.039569276822822,-3.7795044587743347,-3.4867984137837635,-3.166754805900036,-2.8250243041239873,-2.4675195244945245,-2.100326491790289,-1.7296138929484275,-1.3615414242788235,-1.0021685460766416,-0.6573649511526234,-0.3327240282149404,-0.03348055731631372,0.23556618665212592,0.47012282431193286,0.6664647512955597,0.8214906098166215,0.9327675755483473,0.9985668143424395,1.0178886037432286,0.9904767618141774,0.9168221784080646,0.7981553995192567,0.6364283715571342,0.4342856070640897,0.19502518438203587,-0.0774498610882397,-0.37868905914319906,-0.703760118244436,-1.0473216921211574,-1.4037022589342478,-1.766983984662588,-2.1310903705794777,-2.4898764298862615,-2.837220101540866,-3.167113590588756,-3.47375332414306,-3.751627230577337,-3.9955980862343563,-4.2009817285044955,-4.363619005724052,-4.479940421981541,-4.5470225373678685,-4.562635300023322,-4.525279613891027,-4.4342145835873605,-4.289474023308405,-4.091871968158334,-3.8429970815760104,-3.5451960094616286,-3.201545887953033,-2.8158163653666057,-2.392421647433946,-1.9363632165351985,-1.4531640081544737,-0.948794949390253,-0.42959487332503477,0.09781508214712864,0.6266214031617392,1.14991120588871,1.6607670240979648,2.152362055761959,2.6180545378152127,3.0514799285265948,3.4466396058311712,3.797984837017573,4.100494839721263,4.349747835334184,4.541984092574531,4.67416006971513,4.743992887295896,4.7499944973176635,4.691495058051694,4.568655173695005,4.38246681305197,4.1347428790540475,3.8280955590311985,3.465903742001961,3.0522699416607444,2.591967310071586,2.0903774652737295,1.5534199841265215,0.9874745279705837,0.39929667142801323,-0.20407140753654418,-0.8153941465507839,-1.427338442584907,-2.032570799845648,-2.623854443110676,-3.194145058478979,-3.736683842891925,-4.245086581586769,-4.713427528346238,-5.13631693622212,-5.5089711753134925,-5.827274477921919,-6.0878314685289885,-6.288009764900163,-6.425972075403092,-6.500697364388507,-6.511990810157035,-6.460482436481128,-6.347614456672016,-6.175617526558444,-5.94747625726871,-5.666884488211889,-5.338190963041225,-4.966336184656015,-4.556781347590299,-4.115430355733973,-3.6485460287014764,-3.162661679970407,-2.664489313044518,-2.160825727471971,-1.6584578539397206,-1.1640686464915144,-0.6841448500665157,-0.2248879331755549,0.20787057096767514,0.6087481354991093,0.9728836242812098,1.296001986651447,1.5744703695406144
-5.139084913080037,-5.104131748735085,-5.017146345078461,-4.880629177387685,-4.69776375055721,-4.472365721497962,-4.208823217994187,-3.912029222976548,-3.587307004296207,-3.240329667275433,-2.877034989200167,-2.5035367603607037,-2.1260339043206824,-1.7507186801313053,-1.3836852807889484,-1.0308401352044692,-0.6978151954167506,-0.3898854471090112,-0.11189182029618872,0.13182940078368177,0.33750966291833473,0.5020028262486336,0.6228306658998637,0.6982185464193418,0.7271207629311476,0.7092351904717527,0.6450070355804189,0.535621639726217,0.3829864403601757,0.18970235007640524,-0.040975034637444896,-0.30518383841869934,-0.5985132319024411,-0.9160688550913838,-1.252545402057295,-1.6023053272732657,-1.9594625460663064,-2.3179699298394807,-2.6717093418607964,-3.0145829223320044,-3.340604312662263,-3.643988508649981,-3.919239050629289,-4.1612312953115085,-4.365290568534281,-4.527264069657945,-4.643585485915435,-4.711331377397654,-4.728268509100474,-4.692891433942979,-4.604449768094282,-4.462964745381911,-4.269234788949472,-4.024829993550545,-3.7320755687216316,-3.394024449356752,-3.0144194337056236,-2.5976453573700837,-2.148671953382147,-1.6729881809137161,-1.1765289267207129,-0.6655950923445149,-0.14676817484055582,0.37317947196478096,0.8873774460956698,1.388951881270319,1.8711204844195344,2.3272866970031316,2.751131660603497,3.136702696182688,3.478497053449585,3.7715397513440374,4.011454411805932,4.194526085626217,4.317755179922434,4.3789017200940865,4.376519313265818,4.3099783233393865,4.179477917842523,3.9860468016797146,3.731532610483633,3.4185800943255558,3.0505983788505153,2.631717743264573,2.166736500878802,1.6610587060538768,1.1206235394513804,0.5518273396847655,-0.03856064785647495,-0.6434876465040043,-1.2557106180717355,-1.8678921424563157,-2.4726975862337275,-3.0628922214492054,-3.6314369565499303,-4.17158136086227,-4.676952701895443,-5.141639770527752,-5.560270342017407,-5.928081209752835,-6.240979832467825,-6.495596752836475,-6.689328074286122,-6.820367421712394,-6.88772695859961,-6.8912471857808395,-6.831595403570305,-6.710252877070324,-6.52949090187683,-6.292336121973027,-6.002525601141662,-5.664452291645544,-5.2831016772266235,-4.863980489788633,-4.413038508743331,-3.9365845473826866,-3.441197810454401,-2.93363587025288,-2.4207405541119402,-1.9093430635680262,-1.406169654276939,-0.9177491958991812,-0.4503239027667132,-0.009764479617188515,0.3985091373059453,0.7696003440273633,1.09920073367471,1.3836463685568958
-5.564188772830106,-5.528335375931661,-5.439791052592066,-5.301063753902621,-5.1153475834614675,-4.8864718689469315,-4.618841415416089,-4.317368809601836,-3.98739975567677,-3.634632520210193,-3.265032645999699,-2.884744159962076,-2.4999985484022815,-2.117022803072729,-1.7419478530699113,-1.3807186906353965,-1.0390074734385653,-0.722130842286443,-0.4349726320535572,-0.18191307582266036,0.033234491121230114,0.207278528371033,0.33769500974764877,0.4226633173781431,0.4610918033596052,0.4526326594149894,0.3976858875582614,0.2973923203001414,0.1536157951433743,-0.031085257172192682,-0.2534964001970217,-0.5097953994070585,-0.7956093569785061,-1.1060799532566385,-1.4359358586254298,-1.779571276906101,-2.1311294935554264,-2.484590230043133,-2.8338595508810522,-3.172861032634628,-3.495626885398302,-3.7963877169310503,-4.069659647935557,-4.310327523570411,-4.513723020697291,-4.675696521820956,-4.792681714174337,-4.861751974703924,-4.8806677173815425,-4.847914006679018,-4.762727878396905,-4.625114954402167,-4.435855089153124,-4.1964969410396655,-3.9093415183544677,-3.5774149059248863,-3.2044305318708783,-2.794741482446149,-2.353283514370506,-1.8855095464732927,-1.3973165339693105,-0.8949657375613169,-0.384997494266631,0.12585832394262386,0.6307749150389068,1.1229229216987768,1.5955652553783362,2.042151040850917,2.456407362725896,2.832427524385583,3.1647545768432437,3.4484589395866694,3.679209016628501,3.853333807604403,3.9678766244915065,4.020639147813123,4.010215190324394,3.9360136792577882,3.798270518241151,3.598049144880183,3.337229757548873,3.018487342944993,2.645258792225227,2.221699545842672,1.7526303534298326,1.2434748731496188,0.7001889629364451,0.1291826321711601,-0.4627642750530521,-1.0685915062540727,-1.6810517061722614,-2.2928063170735133,-2.896522752801374,-3.4849715077492736,-4.051121862749391,-4.588234869400061,-5.0899523323060745,-5.550380564552157,-5.9641677646858655,-6.326573952527857,-6.633532505004428,-6.881702450451551,-7.068510808824541,-7.192184404152615,-7.251770722452532,-7.247147541099133,-7.179021212197729,-7.048913640617826,-6.859138154810264,-6.612764623131917,-6.313574317975098,-5.96600517244527,-5.575088207654075,-5.146376031027109,-4.6858644156536595,-4.199908066095798,-3.69513175589188,-3.1783380851219665,-2.656413151969363,-2.136231459582568,-1.6245613883387218,-1.1279725537194567,-0.652746341580694,-0.20479086603947105,0.2104384688229819,0.5880117028215097,0.9235893444618744,1.2134787920856696
-5.969784929908826,-5.93237261332741,-5.841618158989146,-5.700040116689022,-5.51084626079258,-5.277882596250977,-5.00557353192352,-4.698854090864542,-4.363095138493673,-4.004022706891869,-3.627632575483214,-3.2401013339258182,-2.8476952012258483,-2.4566779052358356,-2.0732189383829818,-1.7033034985393545,-1.3526453984981404,-1.0266041839259548,-0.7301076385420426,-0.4675807775019085,-0.242882336638514,-0.05924965766332524,0.080747250824307,0.17524182792445764,0.22309674242069888,0.22391898151068879,0.1780640382500429,0.08662914520119647,-0.04856434198736692,-0.224999152613913,-0.4395004910675242,-0.6882840543652669,-0.9670129850259042,-1.2708629397069167,-1.594594338140409,-1.9326307542773646,-2.279142323641222,-2.628132968945532,-2.9735301910658194,-3.30927613525281,-3.6294186235615142,-3.9282008441194622,-4.200148406076603,-4.440152505615564,-4.643548002742445,-4.806185279962002,-4.92449484136275,-4.995543712867136,-5.017082819999724,-4.987584646863784,-4.906270617299305,-4.773127784487963,-4.588914566524387,-4.355155420554643,-4.074124504804746,-3.748818533972285,-3.3829191868290858,-2.9807455733166512,-2.547197409812225,-2.0876896836040335,-1.6080797090682557,-1.1145875868695352,-0.6137111721709314,-0.11213673699628268,0.38335342558522156,0.8659751627754353,1.329037069343978,1.766034213091173,2.1707396610466483,2.537292517897098,2.8602812352037317,3.1348210145270943,3.3566242087245435,3.522062722291332,3.6282215223284,3.6729424949895555,3.654858016360652,3.5734137497742724,3.4288803315594762,3.22235376206328,2.955744476286167,2.631755226437561,2.2538480649211827,1.826200868511559,1.3536539906434322,0.8416477667525402,0.29615172554069635,-0.2764135249075604,-0.869260664685264,-1.475325124236742,-2.0873584106716025,-2.698024013523303,-3.299994568983586,-3.886048943830878,-4.449167901169327,-4.982627029692836,-5.480085656212621,-5.935670517102758,-6.344053037343032,-6.700519154946605,-7.001030732501649,-7.242277714872114,-7.421720321146905,-7.53762069788768,-7.589063607652969,-7.5759658796087015,-7.499074505627377,-7.359953423433404,-7.160959185851297,-6.905205869847495,-6.596519728656967,-6.2393842327548645,-5.838876278774695,-5.40059446781958,-4.930580464248914,-4.43523454141542,-3.92122650064311,-3.3954032128615323,-2.8646940778660483,-2.336015723526494,-1.8161772760411405,-1.3117875224155808,-0.8291652578851199,-0.3742540644045753,0.04745729773498475,0.4310077837265305,0.772029238108505,1.0668029533680494
-6.352040058555484,-6.312417610975397,-6.2188124130264555,-6.073756685271044,-5.880474879347535,-5.642832604009317,-5.365276704437134,-5.052767364932354,-4.710703216426256,-4.3448405276262925,-3.9612076406978645,-3.566015878000293,-3.1655681946398624,-2.7661668817998137,-2.3740216375378473,-1.9951593148498368,-1.6353366313885593,-1.299957081665347,-0.9939932314721975,-0.7219154965125594,-0.487628413923779,-0.2944153078375735,-0.14489212988028477,-0.040971124265354986,0.01616517326549216,0.026079240951563998,-0.010917028099808102,-0.0937688831804504,-0.22069612867999266,-0.38922113473532116,-0.5962070372766382,-0.8379055736635703,-1.1100138627270875,-1.4077393104728009,-1.7258717067625773,-2.058861475614065,-2.400902953794526,-2.746021500381204,-3.0881631849349063,-3.4212857646669272,-3.739449642000831,-4.036907493511413,-4.308191279372663,-4.548195378911624,-4.752254652134395,-4.916216298401318,-5.036504470776866,-5.1101767067362225,-5.1349713514353965,-5.109345277017089,-5.0325013386360045,-4.904405153110131,-4.725790937290272,-4.498156298255828,-4.223746024103049,-3.905525080181398,-3.5471411689504944,-3.1528773600092768,-2.727595438193873,-2.276670749953885,-1.8059194496273803,-1.321519156024742,-0.829924124360744,-0.33777611770087446,0.14818777541097328,0.6212290854901701,1.074702350333327,1.502148620161018,1.897386763307256,2.254601285006679,2.5684254188932494,2.834018315372229,3.047135232160565,3.204189728877318,3.3023069782539247,3.3393674297749056,3.314040195626228,3.225805671841689,3.0749670574916643,2.8626505895496654,2.590794468527827,2.2621266078826086,1.8801314963391613,1.449006614474249,0.9736089929954441,0.45939263810588293,-0.08766232278893266,-0.6611278057906808,-1.2542121739188428,-1.8598497199869917,-2.470793998372301,-3.0797137209564234,-3.6792898963160994,-4.26231287350172,-4.82177795271301,-5.350978244850289,-5.843593500014133,-6.2937736810108325,-6.696216131012687,-7.046235273694732,-7.339823888173119,-7.573705118445385,-7.745374506132878,-7.853131474339024,-7.896099837413445,-7.874237064289255,-7.78833217969386,-7.639992345725344,-7.4316183238177835,-7.166369171780272,-6.848116680217469,-6.481390195126391,-6.071312606818072,-5.6235284076657415,-5.144124830819442,-4.6395471774175565,-4.116509519633582,-3.5819020300091235,-3.04269623306088,-2.5058495024798186,-1.9782101359881703,-1.466424329970911,-0.9768463475011309,-0.5154531267434792,-0.08776451261089968,0.3012297861222544,0.6471355081399813,0.9462105233787115
-6.707386100439421,-6.664912909248658,-6.567830025844428,-6.418686348061948,-6.220725931341825,-5.977836820758882,-5.6944910227408965,-5.375676487100887,-5.026822081396631,-4.653716637076893,-4.2624232290082915,-3.859189915650258,-3.450358215439792,-3.04227062519063,-2.6411784980842814,-2.2531515919762075,-1.8839905733639033,-1.539143718831454,-1.2236289947188004,-0.9419626180337766,-0.6980951083339795,-0.49535573277811795,-0.33640612630605005,-0.22320373765651436,-0.1569756115295855,-0.13820286963423967,-0.1666161007174083,-0.24120171410902946,-0.36021915503735435,-0.5212287251803882,-0.7211296008108949,-0.9562074956007072,-1.2221912777289254,-1.514317723330923,-1.8274034723352317,-2.1559231500033227,-2.494092529466152,-2.8359555384862447,-3.1754738585849775,-3.506617827342198,-3.823457335628736,-4.1202514110434265,-4.391535196904675,-4.632203072539528,-4.837586714809667,-5.0035269720513895,-5.1264385088819076,-5.203366282407849,-5.232033025824655,-5.210877042589742,-5.139079751494127,-5.016582568111968,-4.844092859227408,-4.623078861790084,-4.355753614548117,-4.04504810653876,-3.694573999879073,-3.308576432626877,-2.891877548779676,-2.449811534748962,-1.9881520630185392,-1.5130331524505072,-1.0308645493012885,-0.5482428121110752,-0.07185934611024392,0.39159332224356724,0.83551571316722,1.253494678185674,1.6393944861808853,1.987444424460245,2.292321675502433,2.5492282945722993,2.7539611945106,2.902974140566892,2.993430868803324,3.023248564804531,2.991131073457694,2.896591353537927,2.7399628407420993,2.522399537555375,2.2458648057369235,1.9131089950646367,1.5276361980659008,1.0936605725903115,0.6160528201128365,0.10027754554030349,-0.44767764790800346,-1.02138035926021,-1.614037813905042,-2.21858635192364,-2.8277847500413715,-3.434310092524887,-4.030854870222892,-4.610223969281356,-5.165430212106414,-5.689787132887752,-6.176997708158157,-6.6212378189164385,-7.017233293996766,-7.360329473602154,-7.646552335982342,-7.872660347667309,-8.036186326820173,-8.135468748335452,-8.169672066329952,-8.138795782591691,-8.043672146221752,-7.885952527927782,-7.668082669986512,-7.393267167576726,-7.065423686824946,-6.689127567405721,-6.269547590900186,-5.8123738184722225,-5.323738511057531,-4.810131240643981,-4.278309381017126,-3.735205229439908,-3.187831056250158,-2.6431834066628017,-2.1081479877794536,-1.5894064638228766,-1.093346454075987,-0.6259759813253174,-0.19284355445112955,0.2010350119177785,0.551242033914688,0.8540147545521276
-7.032557908482515,-6.9866070318364635,-6.885436198405164,-6.731613909826072,-6.528406657861223,-6.279727648832479,-5.990076654679264,-5.664471861841096,-5.308374700617065,-4.927608735157152,-4.528273776428089,-4.116656446220021,-3.699138468600442,-3.2821039955068976,-2.8718472849804852,-2.474482043721385,-2.0958537202998437,-1.7414559918478902,-1.4163526260098511,-1.1251058222138104,-0.8717120430443572,-0.6595462389737166,-0.49131524946704275,-0.36902103222142535,-0.2939342318852225,-0.2665784520216732,-0.2867254414158207,-0.3534012502362245,-0.46490325525225473,-0.6188277984844786,-0.8121080325178651,-1.0410614203723785,-1.301446200356881,-1.5885259986734108,-1.8971416564943229,-2.221789235444782,-2.556703077341026,-2.8959427219061493,-3.233482431030082,-3.5633020307399366,-3.8794777629305823,-4.176271838345272,-4.448219400302413,-4.6902116449846325,-4.897573898229572,-5.066137519926264,-5.192304594323367,-5.27310446656694,-5.306241301167142,-5.2901319652176975,-5.2239336762657995,-5.107560999818939,-4.941691932531499,-4.727762962004984,-4.467953150675311,-4.165157447237172,-3.8229495822665065,-3.445535052982514,-3.0376948433445867,-2.6047206579099544,-2.152342569214138,-1.686650087160885,-1.2140077534813225,-0.7409664434021259,-0.2741716191266801,0.1797301753076268,0.6141852614220427,1.0228258912894699,1.3995611158646182,1.7386641712995947,2.0348551449326697,2.2833777471525005,2.4800690964303405,2.6214215213464573,2.7046354940631154,2.7276629328661635,2.6892402453840982,2.588910627018529,2.4270352789779754,2.204793364994638,1.9241706831491183,1.5879371870215429,1.1996136464121299,0.7634278899378705,0.2842612177774237,-0.23241428934860064,-0.780606711147366,-1.3538825090162425,-1.9454509556115238,-2.548253613362544,-3.1550576313796683,-3.7585515762015143,-4.351442475772361,-4.9265527384445935,-5.47691560991371,-5.99586785080161,-6.477138355833596,-6.91493149167035,-7.304004003674021,-7.6397344311812105,-7.918184074974099,-8.136148678124439,-8.291200110586434,-8.38171748702179,-8.406907294402219,-8.366812258889416,-8.262308838194025,-8.095093383866343,-7.867657175552798,-7.583250683954036,-7.24583756887411,-6.860039061257667,-6.431069511476501,-5.9646640084801446,-5.466999084053789,-4.944607611797359,-4.404289090217745,-3.8530165623990196,-3.2978414702029744,-2.7457977682239183,-2.2038066314012528,-1.678583080167566,-1.1765458184276585,-0.703731532935379,-0.26571483842543875,0.1324650279226518,0.48636975531827076,0.7922188543934333
-7.324627380331544,-7.274588553658424,-7.168739109430511,-7.009669985606693,-6.800672835196043,-6.5456886300320685,-6.249247378680695,-5.916399830322753,-5.552642147958548,-5.163834631838174,-4.756115656259076,-4.335812048641895,-3.9093471881779327,-3.483148131664325,-3.063553085986886,-2.6567205399185485,-2.268541342577503,-1.9045549724001642,-1.5698711794511084,-1.2690981061854114,-1.006277898501179,-0.7848307113959325,-0.607507893293177,-0.4763550018382856,-0.3926851635338793,-0.35706314198130884,-0.36930032680423874,-0.4284606997123481,-0.5328776778175683,-0.6801815794526722,-0.8673373065507597,-1.0906916922615573,-1.346029824960592,-1.6286395320937253,-1.9333830911970056,-2.2547751325808796,-2.587065610022154,-2.924326643612477,-3.2605419836890435,-3.589697807303006,-3.9058735394936512,-4.203331391004234,-4.476603322008741,-4.72057417766576,-4.930559795365669,-5.102378954628947,-5.232418127743681,-5.31768809117065,-5.35587157305632,-5.345361239250593,-5.285287457233992,-5.175535422384253,-5.016751382007623,-4.810337847393403,-4.558437840634946,-4.263908378885829,-3.9302835518833668,-3.561727696808649,-3.162979315766803,-2.7392865133667765,-2.296334853185739,-1.840168640602142,-1.3771067340335965,-0.9136540656797854,-0.4564101153238438,-0.01197562569877375,0.4131411252646153,0.8126171717119794,1.1804055134427454,1.5108222914686085,1.798629248251648,2.0391102998110178,2.2281411279486827,2.362250797345026,2.4386745128635257,2.4553967555313445,2.4111841696034766,2.3056077159931814,2.1390537571560153,1.9127238931456096,1.6286235258448012,1.2895392861065487,0.8990056144984656,0.46126093834123444,-0.018805966372703722,-0.5357187018491865,-1.0834842101646218,-1.6556709999839476,-2.245493566311651,-2.8459018439620642,-3.449674464317519,-4.049514531012204,-4.6381465941968205,-5.208413485513113,-5.753371677088791,-6.266383847738273,-6.741207377848731,-7.172077550608829,-7.5537843105143,-7.881741519434191,-8.15204775469245,-8.361537811151923,-8.507824198533998,-8.589328064355282,-8.605299119961167,-8.55582430012291,-8.44182504339381,-8.265043238693854,-8.028016041191332,-7.7340399152644235,-7.387124411987281,-6.991936331095205,-6.5537350507456456,-6.078299930737627,-5.57185080446839,-5.0409626702592005,-4.492475772438079,-3.9334023256130584,-3.370831181025314,-2.8118317611069408,-2.2633585970071657,-1.7321577937804609,-1.2246767192989434,-0.7469781661709147,-0.3046601716817887,0.09721740006501134,0.4541985058983532,0.7624879036489561
-7.581033699136208,-7.526316261666475,-7.415219982193838,-7.250360959924217,-7.035058613378338,-6.773284151016203,-6.469600144145057,-6.129092074646941,-5.757292841622275,-5.360101308651865,-4.943696055663653,-4.51444556520209,-4.078816121318065,-3.6432787296534306,-3.214216379166754,-2.7978329591789124,-2.4000651201124814,-2.026498322824126,-1.682288260405414,-1.3720887586249377,-1.0999871679060995,-0.8694481522047712,-0.6832666598927417,-0.5435307304696468,-0.4515946504762194,-0.40806282435243135,-0.41278457326306706,-0.4648599192603662,-0.5626562557684665,-0.703835650468271,-0.8853923754226429,-1.1037001138479727,-1.3545681553636109,-1.6333057637791124,-1.9347937853158075,-2.253562462244712,-2.583874328711186,-2.919810993254143,-3.2553625572348173,-3.5845183808487797,-3.901357889135318,-4.200140109693266,-4.475390651672574,-4.721984871784563,-4.935226027051056,-5.110917285031966,-5.245426549330096,-5.335743160042534,-5.37952564407192,-5.375139817201491,-5.32168667678201,-5.219019668843081,-5.067751064378745,-4.869247334335744,-4.625613569266308,-4.339667145485393,-4.014900992692207,-3.6554369662135686,-3.26596996820633,-2.8517035943210827,-2.4182782036097006,-1.9716924181371203,-1.5182191532939604,-1.0643173588596535,-0.6165407133129488,-0.18144455883890553,0.23450760870442044,0.6250367723074022,0.9841388366290547,1.3061715978048822,1.5859370039274607,1.818757534346656,2.000545606964547,2.127865019162731,2.1979835385460023,2.208915882768019,2.159456461595425,2.049201397188517,1.8785594883242824,1.648751938858588,1.3618008279471026,1.02050645721018,0.6284138659191252,0.1897689572084026,-0.2905351758559931,-0.8070209978491466,-1.3536974981150314,-1.9241384076667791,-2.5115665938938756,-3.1089434738826194,-3.7090622161109135,-4.304643446419371,-4.888432138248045,-5.453294349670897,-5.992312471008159,-6.498877666736112,-6.966778233769914,-7.390282654431813,-7.7642161957499845,-8.084029996135246,-8.34586168470264,-8.546586696082189,-8.683859572850192,-8.756144686896935,-8.762735958177368,-8.7037653023054,-8.580199695204023,-8.393826901315093,-8.147230069484424,-7.843751555360298,-7.487446478807523,-7.083026667347055,-6.635795769985831,-6.151576448134931,-5.636630659912936,-5.09757414946224,-4.541286332634823,-3.9748168334181035,-3.405289970891041,-2.8398085236955577,-2.2853581076027645,-1.7487134916344502,-1.2363481495171835,-0.7543482964099676,-0.30833259652213363,0.09662135366238933,0.45604275817117157,0.7661246723600139
-7.799609344896918,-7.73964507218246,-7.62275889426402,-7.451594675859171,-7.229502072115132,-6.960484854233226,-6.649140326221904,-6.300590706063326,-5.920407456188624,-5.514529645809102,-5.089177509976508,-4.6507624360948805,-4.205794657059829,-3.7607899605859574,-3.322176736179777,-2.89620467446655,-2.4888564082891023,-2.1057633415310906,-1.7521268505975993,-1.4326459657825172,-1.1514525464675973,-0.9120548565569953,-0.717290326276762,-0.569288155164646,-0.469442270600001,-0.41839500856391876,-0.4160317305637442,-0.4614864349639234,-0.5531582645367243,-0.6887386570928136,-0.8652487347617174,-1.0790863820036507,-1.326082324801657,-1.6015643956505734,-1.900429052732299,-2.217219118686403,-2.5462066161055112,-2.881479504552576,-3.21703106853325,-3.546850668243105,-3.8650145455770084,-4.165775377109758,-4.443649283544034,-4.6934990412226085,-4.910612295206734,-5.0907736443710405,-5.230329555954639,-5.326245168810793,-5.376152159775478,-5.378386974502168,-5.3320188609934975,-5.236867288966862,-5.093508489073744,-4.903271000719763,-4.668220273618532,-4.391132524046892,-4.075458199849785,-3.725275556405754,-3.345234986913294,-2.9404948824977026,-2.516649918897338,-2.079652775150144,-1.6357303842264876,-1.1912958946014176,-0.7528575842057397,-0.3269260131517595,0.08007927154718408,0.4619221577410524,0.8126402052126689,1.126631415728036,1.3987363007104396,1.6243140756098609,1.7993118910295929,1.9203261070925486,1.984654728030017,1.9903402370073078,1.9362022050381014,1.8218591906041248,1.6477395962846018,1.4150813032082303,1.1259200612980749,0.7830667708781804,0.3900739470336342,-0.0488081900275459,-0.5286854096086132,-1.0440822235522154,-1.589012843550522,-2.1570593730016627,-2.74145616156709,-3.335179163428673,-3.9310390692707395,-4.521776928223253,-5.100160940158489,-5.659083081342924,-6.191654227758657,-6.691296460409954,-7.1518312753455575,-7.567562477420156,-7.933352610203701,-8.244691863898094,-8.497758507385566,-8.689470008151044,-8.817524133144504,-8.880429462865795,-8.877524898112515,-8.808987891868274,-8.675831295577922,-8.479888867360843,-8.223789647332957,-7.9109215599331995,-7.545384752812031,-7.1319353243399,-6.675920225135796,-6.183204241332136,-5.660090076868634,-5.1132326474116425,-4.549548778192528,-3.9761235610364887,-3.400114671232317,-2.828655972043816,-2.268761743209413,-1.7272328596053494,-1.2105662175088954,-0.7248686590029733,-0.27577658067741473,0.1316176681825486,0.49283158912957026,0.8040496414902641
-7.978601589138981,-7.912847417978719,-7.789656043925052,-7.611701568322043,-7.382366209058231,-7.1056884700361485,-6.786302391364366,-6.429368754355753,-6.040499227071939,-5.625674533848033,-5.1911578145953765,-4.743404405562722,-4.288969321718433,-3.8344137513250582,-3.386211885193492,-2.9506593963692485,-2.5337848607221445,-2.141265365449353,-1.7783474914812565,-1.4497747780700925,-1.1597226845458988,-0.911741956667093,-0.7087111846978387,-0.5527992090145051,-0.44543788853756583,-0.38730559959067334,-0.37832167999337885,-0.4176518774582587,-0.5037247048873443,-0.6342584501579654,-0.8062984366434729,-1.0162639851677744,-1.2600043903991955,-1.5328630967931423,-1.8297491429000676,-2.1452148398068056,-2.4735385611300216,-2.808811449577086,-3.145026789653653,-3.4761707584108734,-3.7963132467195777,-4.099697442707296,-4.380826886708158,-4.634548743104364,-4.856132088271886,-5.04134008472166,-5.186494998448975,-5.288535118240427,-5.3450627508022315,-5.354382592439733,-5.315529914843356,-5.228288147387939,-5.093195589183842,-4.911541138798065,-4.6853490859061075,-4.417353164930548,-4.110960223768048,-3.770204008838796,-3.399689708815992,-3.0045300315114183,-2.5902737096364388,-2.1628274398087477,-1.7283723536943292,-1.293276199220286,-0.8640024722446711,-0.4470177840350733,-0.048698776745243144,0.3247600925985892,0.6674365894097454,0.9737672787849374,1.238629408247567,1.4574169259488297,1.626109545233333,1.7413338628504862,1.8004156485432286,1.8014225467239071,1.743196564727632,1.6253758648383667,1.4484055269081666,1.2135371028331252,0.9228169412399978,0.579063418266612,0.18583336607160827,-0.25262185750624344,-0.7314100690377594,-1.2450610027137834,-1.7875972426114832,-2.352612374400955,-2.933355284839221,-3.5228194503145764,-4.113835984800699,-4.699169163859776,-5.271613105556593,-5.8240882718195,-6.349736455158577,-6.842012935711674,-7.294774532059979,-7.7023623255999505,-8.059677911692624,-8.362252120307097,-8.6063052531805,-8.788798002171434,-8.90747234283944,-8.960881836527019,-8.948410921401466,-8.87028292596825,-8.72755669534975,-8.522111878935455,-8.256623085631936,-7.934523267663786,-7.559956843530954,-7.137723213215942,-6.673211452059078,-6.172327092013912,-5.6414120085441155,-5.087158526695425,-4.516518939536989,-3.936611695103843,-3.354625553306653,-2.777723041376542,-2.2129445449063896,-1.6671143613231387,-1.1467500138279787,-0.6579760768843285,-0.2064436998833329,0.20274306541486983,0.565093124533743,0.876785488438762
-8.116689238462905,-8.044629871167416,-7.914648239915588,-7.7294510087928066,-7.492455128388818,-7.2077358387062755,-6.879965743184458,-6.514345828766731,-6.1165294186385335,-5.692540141994566,-5.248685087590882,-4.79146437374899,-4.327478415985198,-3.8633342038664362,-3.405551910623853,-2.960473152329953,-2.5341721881680703,-2.132371309860673,-1.7603616072964943,-1.4229302196760565,-1.1242950881836586,-0.8680481186158318,-0.6571075420753598,-0.493680130479732,-0.3792337830919823,-0.31448085254796965,-0.29937242601537606,-0.3331036213365399,-0.41412980148015766,-0.5401934555673825,-0.708361343335258,-0.9150713542929741,-1.1561883950694258,-1.4270684904885722,-1.7226301675481315,-2.0374320883589774,-2.3657558096821933,-2.7016924742251502,-3.0392321833490827,-3.3723547630811037,-3.695120615844777,-4.001760349399081,-4.286761892117575,-4.544953839697177,-4.771583832150167,-4.962390830743656,-5.113670251406271,-5.222331012794843,-5.285943672267459,-5.302778949817253,-5.271836076792095,-5.192860551025698,-5.066351030789805,-4.893555254613302,-4.6764550303174275,-4.417740492376474,-4.120773979728753,-3.7895440342691566,-3.42861016135737,-3.0430391257781815,-2.6383336778227062,-2.2203547128042533,-1.7952379618408612,-1.3693063907868812,-0.9489795466556494,-0.5406811358551651,-0.15074614541537046,0.21467117326800134,0.5496871489389825,0.8487750827944005,1.106846955058871,1.319329276624905,1.4822319974636058,1.5922094798360331,1.646612654732163,1.6435316028857727,1.5818279354342097,1.4611564919342657,1.2819760230053965,1.0455486792473832,0.7539282851007644,0.4099375337769202,0.017134395065245694,-0.4202318204630546,-0.8972741517269924,-1.4085307053024103,-1.948035547538439,-2.5093968012007513,-3.085880875252788,-3.670501669372201,-4.256113523964886,-4.835506632785544,-5.401503599560833,-5.947055802747085,-6.465338233987961,-6.94984149595376,-7.394459683767437,-7.793572930616539,-8.142123471629294,-8.435684169629695,-8.670518550728552,-8.843631515394033,-8.952810020028329,-8.996653163343634,-8.974591259029106,-8.88689362926774,-8.734665010452023,-8.519830620762097,-8.245110096890185,-7.9139806619103705,-7.530630035934657,-7.099899743666887,-6.6272196062685165,-6.118534327217054,-5.580223191355557,-5.019013991567549,-4.441892377132006,-3.8560078807058398,-3.2685779261670422,-2.6867911466011787,-2.1177113501518408,-1.5681834611698817,-1.044742735236997,-0.5535284996179098,-0.10020360617867136,0.3101192972913794,0.6729436679545795,0.9844462422110035
-8.21299444799273,-8.134144823499081,-7.996920436727478,-7.804062684464522,-7.559025253400073,-7.265921946867496,-6.9294655739365645,-6.554898776674455,-6.147917783126195,-5.714590171331199,-5.2612678121182785,-4.794496224356883,-4.3209216248677045,-3.8471969856379262,-3.379888422925687,-2.925383236117008,-2.489800888920519,-2.0789081820170408,-1.6980398052435877,-1.352025379654946,-1.0451240064735274,-0.7809672323344832,-0.5625112198817168,-0.39199878137527855,-0.2709317923904089,-0.20005435491109735,-0.17934692623478798,-0.20803147427048418,-0.28458756323070544,-0.40677911860029814,-0.5716914688015885,-0.7757781153043353,-1.0149165451059865,-1.284472271477767,-1.579370172441434,-1.8941720932522796,-2.223159590671388,-2.560420624261711,-2.8999389443604437,-3.2356848885474343,-3.5617062788776934,-3.8722181111496283,-4.161689745051518,-4.424928339916589,-4.657157334513295,-4.854088840042084,-5.011988902301818,-5.1277346906012,-5.198862785986109,-5.223607868107122,-5.200931236770986,-5.130538748972793,-5.012887902946173,-4.849183955365751,-4.641365114104482,-4.392077004678309,-4.104636761500243,-3.7829872431516645,-3.431642011965262,-3.055621850305578,-2.6603837071593404,-2.2517430772919136,-1.835790909748585,-1.4188062215389878,-1.0071656548168688,-0.60725126086642,-0.22535782108708635,0.13239897645611065,0.4601721966073178,0.7524698732645767,1.004236549393819,1.2109289725140504,1.3685848581080253,1.4738837296838398,1.5241989545529013,1.5176402172512224,1.4530858061889806,1.3302042316903693,1.1494648430785273,0.9121372667670226,0.6202796442699454,0.2767158064294314,-0.11499832423269257,-0.5506186594934148,-1.0252666106567458,-1.5334917665704926,-2.0693427306793635,-2.626445147955445,-3.198085850651541,-3.7773019648775144,-4.3569737492317815,-4.9299198831309115,-5.488993886829546,-6.0271803379175966,-6.537689550571174,-7.014049404002346,-7.450193045125153,-7.840541246894333,-8.180078277293019,-8.464420223518877,-8.68987482029228,-8.85349194892405,-8.953104103186073,-8.9873562573124,-8.955724718669725,-8.858524700711143,-8.696906508619795,-8.472840388361476,-8.1890902474779,-7.849176610655204,-7.457329322726732,-7.018430654217454,-6.537949597812789,-6.021868266369628,-5.4766014125688125,-4.908910185503695,-4.325811319075134,-3.7344830099073603,-3.1421687877328077,-2.5560807081877615,-1.9833032063397145,-1.4306989389200324,-0.9048179143117073,-0.41181116225438075,0.04264986935670574,0.45344708437108694,0.8160816653856903,1.1267312589386054
-8.26708948324282,-8.180997103229398,-8.03611219531762,-7.835212892394203,-7.58179144447972,-7.280001860538029,-6.934598604762714,-6.550867224080542,-6.134547895381255,-5.691752978777023,-5.228879745644598,-4.752519516157816,-4.269364489557621,-3.786113580858187,-3.3093785896311685,-2.8455920197878837,-2.4009178439953134,-1.9811664628825605,-1.5917150481409041,-1.2374343808632413,-0.9226232031106054,-0.6509509930592665,-0.4254099536956899,-0.24827687359213169,-0.12108537767196315,-0.04460893804893584,-0.018854862087158586,-0.043069318939458534,-0.11575330918204763,-0.2346893269850554,-0.3969783127313761,-0.5990863482593225,-0.8369004090136078,-1.105792359289496,-1.400690260253163,-1.7161559571599012,-2.0464678236263754,-2.3857074681914985,-2.727849152745201,-3.0668506344987767,-3.396744123546667,-3.7117260470019993,-4.006244328189357,-4.275081925198144,-4.513435426730148,-4.7169875738560565,-4.881972663026602,-5.005233887238278,-5.084271787194405,-5.117283111004439,-5.103189517636505,-5.041655704047586,-4.9330966866170485,-4.778674122071233,-4.580281709324743,-4.340519869368225,-4.062660053301177,-3.750599176677983,-3.408804819411086,-3.0422519625606386,-2.656352154565427,-2.2568761081180644,-1.8498708234191181,-1.4415724126186338,-1.0383158627465503,-0.6464430194565625,-0.2722101008174036,0.07830394120601936,0.39928690415906787,0.6852793846810981,0.9312561623645379,1.1327017502400434,1.2856790250374055,1.3868899465861517,1.4337274859999245,1.4243180050875686,1.3575534630266577,1.2331129688450735,1.05147334767974,0.813908543017777,0.52247783400403,0.18000300421306653,-0.20996524618147944,-0.6431912013415948,-1.1148077548432562,-1.6193790326298436,-2.1509711603524844,-2.7032302062726243,-3.269466229075281,-3.842742273062837,-4.415967082495576,-4.98199025331805,-5.533698504918483,-6.064111737419236,-6.566477541538187,-7.034362848278489,-7.461741444321375,-7.843076135476486,-8.173394414100626,-8.448356576001032,-8.664315336740724,-8.81836611500022,-8.908387280073267,-8.933069799871449,-8.891935873031555,-8.785346281797342,-8.6144963591376,-8.381400621867616,-8.088866279141161,-7.740455980365706,-7.340440316195727,-6.893740728680153,-6.405863619883789,-5.882826570501309,-5.331077689423386,-4.75740921036525,-4.1688665311950786,-3.572653954391552,-2.976038432237817,-2.3862526472940617,-1.8103987670082917,-1.2553542009131693,-0.7276806598666048,-0.23353776963742673,0.2213975735179867,0.6320049988837712,0.9937865991948656,1.302924111466233
-8.278998367771692,-8.185245466618095,-8.032319008045857,-7.823035688272404,-7.560927962948806,-7.250191496162733,-6.895623656967356,-6.502553941134156,-6.076767307625632,-5.624421517101896,-5.151959642244086,-4.6660189856462875,-4.173337689576436,-3.6806603523622234,-3.194643978100599,-2.7217655796612323,-2.2682327296593874,-1.8398983105784315,-1.442180654147754,-1.0799901822988738,-0.7576635686339432,-0.4789063316717943,-0.24674465071109752,-0.06348706367224044,0.06930343439164388,0.15082652130013907,0.1810506884453127,0.1607083303106448,0.09127987763464063,-0.02503277571339746,-0.1853431504849179,-0.3861268169654984,-0.6232771016238914,-0.8921690518997796,-1.1877307289593388,-1.504520794913443,-1.8368112723547174,-2.17867428137481,-2.524071503495098,-2.8669450839663053,-3.201308664197592,-3.5213372349383922,-3.821454518269466,-4.096416622213551,-4.341390765342676,-4.5520279393793945,-4.724528464462233,-4.855699493245128,-4.943003634890276,-4.984597996668513,-4.979363077509854,-4.926921092517016,-4.827643458121084,-4.682647322090048,-4.493781178813214,-4.263599765967713,-3.9953285916260506,-3.692818588922361,-3.360491536464701,-3.0032770147652803,-2.626541790190132,-2.2360126265871516,-1.8376936192973186,-1.4377792253468697,-1.0425642261352472,-0.6583519039854342,-0.2913617408660494,0.052362043959214954,0.36703981077703474,0.6472423928532625,0.8879723352919764,1.084739312370869,1.2336286371411629,1.3313618732346204,1.3753486690377161,1.3637290571266902,1.2954055953828074,1.1700648686477317,0.9881880191319401,0.7510501279533072,0.4607084269891107,0.11997947746572518,-0.26759439282821385,-0.6977889503266598,-1.1657516257011604,-1.6660640671015188,-2.192812823468218,-2.739667189494919,-3.299963142059158,-3.866792211125186,-4.433094057481269,-4.991751476205543,-5.535686509218678,-6.057956333184803,-6.551847590612884,-7.010967852273265,-7.429332937702082,-7.801448877082649,-8.122387371381336,-8.38785369724803,-8.594246107615449,-8.73870589668597,-8.819157427430868,-8.834337559031832,-8.783814058916308,-8.6679927371137,-8.488113197442296,-8.24623325832943,-7.945202253650216,-7.588623578633253,-7.1808069954569795,-6.726711355549707,-6.231878528814025,-5.702359452154436,-5.1446333190834945,-4.565521027283748,-3.972094080477828,-3.3715802036951157,-2.771266976142672,-2.1784048127611935,-1.600110633799983,-1.0432735512666214,-0.5144638720482052,-0.019846670274702022,0.43489888323211645,0.844653327894392,1.2049228469239388,1.511896428535514
-8.249193413497597,-8.147398961683539,-7.986088486261265,-7.768118889078698,-7.497064280910719,-7.177163230704582,-6.813257056358177,-6.410720035715741,-5.975382528287714,-5.513448096038592,-5.031405794069764,-4.53593886800231,-4.033831143417679,-3.5318724231688603,-3.036764220311154,-2.5550271476625133,-2.0929112596924657,-1.6563105989224882,-1.2506831379205932,-0.8809772301594185,-0.551565589583678,-0.2661877110244091,-0.027901523128413208,0.16095506605415966,0.29879221140351186,0.3847853894954034,0.41888165535820887,0.4017948347901261,0.33498974656909164,0.22065570419585379,0.061669698471699286,-0.1384501919129888,-0.3756004765713818,-0.6451562029431623,-0.9420422490500875,-1.260810925978992,-1.595724767875236,-1.940843314461914,-2.2901126352998333,-2.6374563069544372,-2.976866534471192,-3.3024941073557073,-3.608735897622081,-3.890318643163286,-4.142377813203221,-4.360530423152235,-4.54094075280629,-4.680378023278205,-4.776265202891556,-4.826718238879069,-4.83057514831649,-4.78741454635826,-4.6975633404771076,-4.562093473915726,-4.382807757749909,-4.1622149866297935,-3.9034946862076354,-3.6104519883131836,-3.2874632710065494,-2.939413332727192,-2.571624990996426,-2.1897821048025587,-1.7998471143627615,-1.4079742710727736,-1.020419793001326,-0.6434502263712869,-0.2832503204500607,0.05416826823997489,0.3630561366119922,0.638011883443494,0.8740632150855951,1.0667422421374195,1.2121538814524246,1.307036373935205,1.3488130387396309,1.335634507145633,1.2664108128482587,1.140832857762725,0.9593829217302633,0.7233340386011808,0.4347382179045624,0.09640364848178384,-0.28813882415048575,-0.7146795035217708,-1.178383342510044,-1.6738524125544594,-2.19519648902772,-2.7361107848160033,-3.2899597624587145,-3.849865868448086,-4.408801962705969,-4.959686162842945,-5.495477787321452,-6.009273064596708,-6.4943992769448675,-6.944506027991179,-7.353652361645451,-7.716388516700564,-8.027831174965542,-8.283731150459962,-8.480532571638404,-8.615422726380778,-8.68637186892846,-8.692162427253791,-8.632407196569872,-8.507556257755603,-8.318892516241316,-8.068515915175693,-7.759316534254971,-7.394936940231714,-6.979724304663742,-6.5186729468171505,-6.017358092804359,-5.481861764151753,-4.918691818339201,-4.3346952589037056,-3.7369670121185976,-3.1327554299371774,-2.5293658239470105,-1.9340633618900918,-1.3539766664906419,-0.7960034457854287,-0.26671945502268746,0.22770795710221903,0.6816005299055303,1.0898428932862583,1.4479484816560129,1.7521166603790896
-8.178586690015075,-8.068408221350982,-7.898411468519595,-7.671494988492646,-7.391275796904603,-7.0620364115474406,-6.688662932391798,-6.276575037829859,-5.831648888676445,-5.360134029316306,-4.868565457877822,-4.363672103295588,-3.8522829956763527,-3.3412324468314516,-2.8372655697644715,-2.3469454591476273,-1.8765633294885584,-1.4320528641473635,-1.0189099672331743,-0.6421190325611894,-0.3060867503883289,-0.014584364893760693,0.22930082514595074,0.4232040616139915,0.5655112981467401,0.6553765749562634,0.692728378385654,0.678264922272541,0.6134384450263067,0.5004287717004349,0.3421065420721727,0.14198665168748464,-0.09582740906680076,-0.3667075044859472,-0.6655721615676727,-0.9869642029515467,-1.325133582414376,-1.6741242277186856,-2.0278636397400014,-2.3802539586800737,-2.7252631883405445,-3.0570152681603586,-3.369877700023851,-3.6585454724758666,-3.918120078428097,-4.144182492948327,-4.332859064291405,-4.480879372731523,-4.585625226554148,-4.645170091137741,-4.65830838360977,-4.624574210166318,-4.544249273754821,-4.418359834304457,-4.248662759864025,-4.037620862663415,-3.7883678670504928,-3.504663504307068,-3.1908393704204965,-2.851736314985522,-2.4926342506638703,-2.119175381320038,-1.7372819415407015,-1.3530696193908884,-0.9727578968392148,-0.6025785874073344,-0.24868387762133692,0.08294481262289621,0.3865858457501875,0.6568629817850766,0.8888263634001093,1.0780277049966451,1.2205886007009732,1.3132609621850837,1.3534787073065375,1.3393999431590482,1.2699390205112158,1.1447879789090118,0.9644270509261008,0.7301240480645965,0.4439226074685849,0.10861943570747579,-0.2722691587976329,-0.6945510017826906,-1.1534114694150193,-1.6434758595659973,-2.1588798658008397,-2.6933471866675953,-3.2402732012336504,-3.7928135551248223,-4.343976430795407,-4.886717222397754,-5.414034300185393,-5.919064532380728,-6.395177234114817,-6.836065233386585,-7.235831782715403,-7.5890721017368055,-7.89094840962951,-8.137257395934954,-8.32448918278525,-8.449876949330404,-8.511436518602455,-8.507995346359394,-8.439210498663812,-8.305575358006662,-8.108414954539617,-7.849869977232485,-7.5328696773054675,-7.161094030890512,-6.738925677383221,-6.27139229225952,-5.764100186253711,-5.223160044859495,-4.655105831411193,-4.066807971996511,-3.4653820198126972,-2.8580940591935526,-2.252264154527945,-1.655169176032787,-1.0739463424614855,-0.5154988102119471,0.013595390902197413,0.5071698223235986,0.9595503138453605,1.3656287465662962,1.7209289320475523,2.021663688988963
-8.068516547976206,-7.949651801902999,-7.770708166227231,-7.5346271027802185,-7.245069576041148,-6.9063628858747474,-6.523438532799602,-6.101761996512277,-5.647255420247847,-5.1662142914180516,-4.665219291464789,-4.1510445538479495,-3.6305636176326312,-3.110654394578457,-2.598104479543273,-2.099518127237408,-1.621226193007121,-1.169200291753632,-0.7489723679286324,-0.3655607916595276,-0.023404002551367764,0.27369738508691577,0.5226292224120953,0.7210025500635324,0.8671818853139128,0.9603026996900214,1.0002778675743818,0.9877930224360688,0.9242909142372006,0.811945017007221,0.6536227873789588,0.4528391208983784,0.21370069109672712,-0.059158015297219646,-0.3606460368339146,-0.6852936157843738,-1.027335093964835,-1.3807958304525414,-1.739581889759325,-2.0975712108431126,-2.4487049474388822,-2.787077668855817,-3.10702512763012,-3.40320833599443,-3.6706927465178767,-3.9050214027271277,-4.102281012038409,-4.259159994687803,-4.372997677106509,-4.441823924724709,-4.464388645711515,-4.440180741737719,-4.3694362324372396,-4.253135434712261,-4.092989234191334,-3.89141464179996,-3.6514999813380653,-3.3769602020147023,-3.072082950972514,-2.7416661729466534,-2.3909481254750364,-2.025530806791665,-1.6512978881525036,-1.2743283215224646,-0.9008068561689495,-0.5369327428722979,-0.18882793153210287,0.13755392346740425,0.43651634579808307,0.7027055318059036,0.9311912279656478,1.1175418259515064,1.2578925906571645,1.349006032458303,1.3883235450262654,1.3740075525283189,1.3049735433638154,1.1809115098111622,1.0022964620958292,0.7703878393349317,0.4872177964005896,0.15556850276664136,-0.22106125535223997,-0.638499726981353,-1.0919555147202458,-1.5760798346328047,-2.085036865946119,-2.6125812237362185,-3.1521414862040738,-3.696908621507948,-4.239928088643904,-4.774194333555383,-5.292746366263099,-5.788763087844364,-6.2556570378039105,-6.687165252750224,-7.077435966045332,-7.421109934694462,-7.713395253398188,-7.950134605375485,-8.127864004028565,-8.243862197298087,-8.296190036001743,-8.28371924674702,-8.206150197208558,-8.064018394598648,-7.858689614890094,-7.59234371857667,-7.267947366257953,-6.889216001903678,-6.460565621119278,-5.98705498400256,-5.47431906525514,-4.928494656225174,-4.356139142797686,-3.7641435779842976,-3.1596412473627558,-2.549912988068174,-1.9422905669643273,-1.3440594502973178,-0.762362305181691,-0.2041045625807495,0.32413665782988976,0.8161990079697414,1.2664155688317111,1.6696885986641483,2.0215553623637383,2.3182451436362945
-7.920729368895341,-7.792917739977751,-7.60480952088192,-7.35939012228388,-7.060365290735573,-6.712107726649668,-6.319594731849137,-5.888337768450795,-5.424304922716709,-4.933837365372135,-4.423560982384266,-3.9002944161713446,-3.370954805746753,-2.8424625447243748,-2.32164638800017,-1.815150231123087,-1.329342860980506,-0.8702319328162067,-0.44338336739408724,-0.0538472841896831,0.29390850706219207,0.5960565419859437,0.8494584704945196,1.0517038968635886,1.2011387696805542,1.2968829485116324,1.3388367273707928,1.327676251279846,1.2648379191768702,1.1524920219468906,0.993506016222736,0.7913979806947897,0.550280939918338,0.27479886906942186,-0.029944690033858357,-0.35846436770194956,-0.7049759370658073,-1.063483320838981,-1.4278683822894807,-1.7919822103085672,-2.149736588501457,-2.4951943368292016,-2.8226572315157994,-3.126750244451327,-3.4025008966637937,-3.64541259084125,-3.851530874361804,-4.017501685607279,-4.140620751060592,-4.218873427193571,-4.2509644176500325,-4.236336940787255,-4.17518107321216,-4.0684311494066865,-3.917752253694996,-3.7255159964546483,-3.494765919412817,-3.2291730229338365,-2.932982049300762,-2.610949288124937,-2.2682727913137803,-1.9105159937705836,-1.5435258306511963,-1.173346521219316,-0.8061302520010296,-0.44804603715018043,-0.10518806105471146,0.2165151831481832,0.5113896554517934,0.7741011560043254,0.9997361085533925,1.1838765755405811,1.3226684205632673,1.4128816298109144,1.4519619140284195,1.438072835013801,1.3701278338988492,1.247811680613774,1.0715910129990478,0.8427137878998198,0.5631976230926385,0.23580716584491768,-0.13597922091801906,-0.5480130126536962,-0.9955287301541687,-1.4732060751452007,-1.975240143381859,-2.4954187490737585,-3.027205792954316,-3.563829519723561,-4.098374440168649,-4.623875640000207,-5.133414162093853,-5.620212131900574,-6.077726297534666,-6.499738676447269,-6.880443039370104,-7.214526018830258,-7.497241703205836,-7.724478666985916,-7.892818492363363,-7.999584955064494,-8.042883176756487,-8.021628185658882,-7.935562474167661,-7.785262295316242,-7.572132596601396,-7.298390647896271,-6.9670385776382355,-6.581825186006853,-6.147197553229434,-5.668243103371107,-5.1506229169879365,-4.600497207978784,-4.02444398915259,-3.4293720459014727,-2.822429416604496,-2.2109086408716734,-1.6021500815959748,-1.00344465338464,-0.42193729791761003,0.13546746397982623,0.6621966031089159,1.1520950225889772,1.5995061805624466,1.9993457886132178,2.3471675766439533,2.639220226078762
-7.7373567689297005,-7.600380556592047,-7.402934002345189,-7.148047298937911,-6.839471593470101,-6.481625387658811,-6.079531965747263,-5.6387487328792645,-5.165289458630399,-4.665540518251219,-4.146172306667268,-3.6140470662450737,-3.076124417852278,-2.5393659151408787,-2.0106399538454562,-1.496628361056079,-1.003735964002688,-0.5380043942412687,-0.10503132188385034,0.2901037634642696,0.6429062020016129,0.9495243281087608,1.2067983553349686,1.4122993192706228,1.564357556542558,1.6620803463484364,1.7053584942549629,1.6948617942599085,1.6320234621569325,1.5190137888310606,1.3587034140595402,1.1546167675567935,0.9108763623253724,0.632138753909871,0.3235230960889588,-0.009466672762528994,-0.36102488941185396,-0.7251312753287438,-1.0956408437145424,-1.4663753133307489,-1.8312147184344487,-2.1841879026744877,-2.519560601932303,-2.8319198565568513,-3.116253546737523,-3.368023915124253,-3.5832340272408887,-3.7584862215209687,-3.891031715489061,-3.9788106610916953,-4.0204820786591755,-4.0154432435217835,-3.9638382498661926,-3.8665556308699554,-3.725215070309291,-3.5421433964890072,-3.3203402022915576,-3.0634335832216917,-2.775626626438652,-2.461635415923287,-2.1266194402523055,-1.7761053982288828,-1.4159054923076548,-1.0520313790110032,-0.6906050082385196,-0.3377676286323962,0.00041173666646032725,0.31802703084228634,0.6094238176906089,0.8692845746324629,1.09270939618286,1.2752909434870767,1.4131825559562714,1.5031585368534612,1.5426657345542945,1.5298656635892276,1.4636665427418538,1.3437447695573854,1.1705554996043288,0.9453321526322616,0.6700748242113077,0.34752773831953143,-0.018853968549969347,-0.4249476900472262,-0.8660164326261728,-1.3367708145405477,-1.8314391306790063,-2.343844517783608,-2.8674881531295364,-3.395637333207913,-3.9214172085730796,-4.437904897790567,-4.93822466810967,-5.415642853590937,-5.863661183191319,-6.276107211731649,-6.647220585465506,-6.971733930597512,-7.244947226775874,-7.462794617280323,-7.621902712089376,-7.719639557778844,-7.754153577627957,-7.724401924577592,-7.630167836844862,-7.4720667389871505,-7.251540987880605,-6.97084332123616,-6.633009223701016,-6.2418185800766155,-5.801747134557588,-5.31790841706351,-4.795986930701154,-4.242163516293295,-3.663033919029372,-3.06552167710282,-2.456786531367602,-1.8441296174629278,-1.2348967466429042,-0.6363811080801661,-0.055726733316641464,0.5001659472992452,1.0247311557685446,1.5118241723601025,1.955801908551909,2.3515965409338255,2.6947811971268134,2.9816267959636904
-7.520888536633138,-7.374573989144459,-7.167660130088363,-6.903222552761582,-6.585058205568386,-6.217631572646079,-5.806011881264874,-5.355802219882097,-4.873061562598625,-4.364220793623364,-3.8359939078301393,-3.29528562943974,-2.749096739357923,-2.2044284320753067,-1.6681870348675898,-1.1470904151674022,-0.6475773765168908,-0.17572129982017248,0.26285077468096185,0.6630325073145497,1.020305037035289,1.330795261860069,1.591324826652862,1.7994491550434861,1.9534860032902217,2.052533162143466,2.096475086145885,2.0859783861508303,2.022476277951962,1.908142235578724,1.7458532498324035,1.539143238874687,1.2921472960766807,1.0095375889435472,0.6964518399392388,0.3584154238022831,0.0012582050092422303,-0.3689726878429469,-0.7461028978258653,-1.1239223943528827,-1.4962772353688767,-1.8571602241801328,-2.20079916512697,-2.521741457719722,-2.8149338221096674,-3.0757960190924782,-3.3002875142437214,-3.4849661370385805,-3.6270379004763287,-3.7243972731899806,-3.775657332482846,-3.780169371264957,-3.7380316824186037,-3.650087398573394,-3.5179114214327933,-3.3437866304568926,-3.1306697136685564,-2.8821471114487247,-2.602381705326147,-2.2960510159509573,-1.968277795799749,-1.6245540109744856,-1.2706593011884864,-0.9125750863376367,-0.5563955508098792,-0.20823678200036833,0.12585463327141932,0.43999224199195686,0.7285382852296014,0.9861889111727861,1.2080548130402113,1.3897361277909366,1.5273905119096731,1.617793406290192,1.658389612040577,1.6473354213430882,1.58353068059632,1.4666403050735228,1.2971049132476256,1.0761404026617878,0.8057264455967768,0.48858403959843777,0.12814240296735613,-0.27150434360837394,-0.7056501231106633,-1.1690387529268385,-1.6559338504779988,-2.1601958290479715,-2.675364917703032,-3.1947490527014875,-3.711515417452583,-4.2187843548955275,-4.709724340889176,-5.177646690336733,-5.616098669564841,-6.018953708916194,-6.380497448321904,-6.695508405256693,-6.959332128159423,-7.1679477880954785,-7.318026265892868,-7.406978909739454,-7.432996267635808,-7.395076238343936,-7.293041231604912,-7.1275440813555,-6.900062612309636,-6.612882918388084,-6.26907156885992,-5.872437112493912,-5.42748139933913,-4.939341381865868,-4.413722190104804,-3.8568223972592195,-3.2752525013198603,-2.6759477429550667,-2.066076459047997,-1.4529452335989979,-0.843902152427569,-0.24623949456833832,0.3329027989136369,0.8866315488697314,1.4083913544505304,1.8920509492604256,2.3319837097833744,2.7231412103275447,3.061118815922601,3.342212415860751
-7.274141633762788,-7.118359781464871,-6.901895048489271,-6.627868829437105,-6.300124055132891,-5.923171152740928,-5.502125032844945,-5.042633988427562,-4.550801502548008,-4.033102059363473,-3.4962921356020447,-2.947317615522625,-2.3932189208695904,-1.8410351776746792,-1.297708753556152,-0.7699914922588444,-0.26435394667303425,0.2131011321673999,0.6567198539540021,1.0613716777709863,1.4225163062093578,1.7362620686007229,1.9994149978484854,2.2095179372139095,2.364879154508011,2.4645900894571477,2.5085320134595666,2.4973715373686196,2.4325450601223855,2.3162324067743474,2.151320056573057,1.9413545080487555,1.6904864665331174,1.4034066682165875,1.0852742719268111,0.7416388536461399,0.37835712791779974,0.0015055934684906624,-0.38270964342523817,-0.7680445758645493,-1.1483092214517614,-1.5174584519520387,-1.8696804308670785,-2.1994813976691043,-2.5017655906551326,-2.771909170672549,-3.0058270943385716,-3.2000319866030864,-3.351684177151852,-3.458632191590888,-3.5194431248032587,-3.5334224683946065,-3.5006231146992803,-3.4218434142741327,-3.298614319977916,-3.1331758064111277,-2.928442906472826,-2.687961854913457,-2.415856969931053,-2.1167690360756364,-1.795786073122589,-1.4583674844325536,-1.1102626730923564,-0.7574252934862329,-0.4059243687550882,-0.061853549972645805,0.2687601798438535,0.5800470449537138,0.8663829571926883,1.1224746634529013,1.343440332766835,1.524884419167102,1.6629657167691685,1.754457619199238,1.796799705217201,1.7881398946203189,1.7273665515352223,1.6141300541395829,1.448853498699916,1.2327323594700192,0.9677230822984473,0.6565207465385261,0.30252608482897236,-0.09019769867010141,-0.5169777260741912,-0.9725931373030681,-1.4513448263195998,-1.9471322581987043,-2.453536301773843,-2.963906926158228,-3.4714545391347804,-3.969343692252271,-4.450787842212209,-4.9091438412874915,-5.338004831326623,-5.731290236349829,-6.083331587558323,-6.3889529712174795,-6.643544963551817,-6.843131006476209,-6.984425282430718,-7.064881264324544,-7.082730245979391,-7.037009297681224,-6.927578238550501,-6.755125370361772,-6.521161874038798,-6.228004928124228,-5.878749765854456,-5.477231041852692,-5.027974028718729,-4.536136305846757,-4.00744073564797,-3.4481006441269457,-2.864738231749347,-2.264297335212702,-1.653951739761307,-1.0410103039609027,-0.43282020349298295,0.16333037308470028,0.7403087359068832,1.2912320829744792,1.8095584667736122,2.2891730859146526,2.7244687145998556,3.1104191645460926,3.4426447712424224,3.717469007745069
-7.00022563336362,-6.834892907146199,-6.608839532445214,-6.325232886282031,-5.987961842508161,-5.601582511601419,-5.17125500867083,-4.702672135657364,-4.201980975568537,-3.6756984944157978,-3.130622328965349,-2.5737380043147113,-2.0121238737493825,-1.4528551036436612,-0.9029080379280139,-0.36906626969540746,0.14217027803411852,0.6246720041600206,1.0727608171300191,1.481284739664635,1.845684905669592,2.1620540325159268,2.4271855727384897,2.6386128811512792,2.794637874541273,2.8943488094904097,2.9376269573969362,2.9251421122586234,2.8583370240375894,2.7394010062345817,2.571233118466706,2.3573954712247724,2.102057338525738,1.8099308929237403,1.4861994944902481,1.1364395692742777,0.7665372019488177,0.3826006405886986,-0.009130032217324446,-0.4023747692278532,-0.7909056565040864,-1.1686379249725676,-1.529718578096881,-1.8686113734949892,-2.180176949515622,-2.459746958047819,-2.7031911511834963,-2.9069764705590293,-3.06821730283318,-3.1847161911917206,-3.254994429213327,-3.2783121079557027,-3.2546773376804397,-3.1848445200996744,-3.0703017032125706,-2.913247206495817,-2.716555857217978,-2.483735326798783,-2.218873197336153,-1.9265755206788957,-1.6118977538610761,-1.2802690636168437,-0.9374110875213724,-0.5892523187118615,-0.24183934400778506,0.09875378931936873,0.4265167755251908,0.7355935096363811,1.020370502192384,1.2755619758991052,1.4962904168625808,1.6781614167461778,1.8173317223977952,1.9105695050954423,1.955305971214012,1.9496775582787995,1.8925580933208628,1.7835804323114537,1.6231472482277283,1.41243078889127,1.1533615819581158,0.848606221119723,0.5015345224868255,0.11617649108595107,-0.30283031773084046,-0.7503023204250887,-1.220579462750752,-1.707601849549935,-2.204992382511003,-2.706144255120845,-3.204312083771944,-3.692705400855724,-4.164583200443388,-4.613348210329694,-5.032639566040679,-5.416422582866668,-5.75907436079953,-6.055464013890293,-6.301026389212967,-6.491828230294478,-6.624625844296228,-6.696913449948548,-6.706961512597099,-6.6538445119072325,-6.537457734837192,-6.358522839371353,-6.1185820910553606,-5.8199813323991805,-5.465841902493657,-5.0600218785127105,-4.607067159980039,-4.1121530586703425,-3.581017189796115,-3.0198845818368523,-2.4353860312874014,-1.8344708232064313,-1.2243150174036335,-0.6122265623067362,-0.005548543120363958,0.588438102797527,1.1626110627312114,1.7101009880171416,2.22438239614742,2.699359883450713,3.129448461537984,3.5096469125854943,3.8356031558463206,4.1036707291671455
-6.702505010037343,-6.527583642094537,-6.291949840282534,-5.998816924649695,-5.652119452361047,-5.256458738419698,-4.817039406893027,-4.339597859670288,-3.8303236616132574,-3.2957749387714967,-2.74278896874983,-2.178389208186898,-1.6096900507107597,-1.0438006390079182,-0.4877290663569719,0.05171170401935021,0.5679948990343441,1.0549667163436425,1.506927628031273,1.9187070881324741,2.2857306185924005,2.6040783564135355,2.8705342656834643,3.0826253501921466,3.2386503435821403,3.3376975024353848,3.3796512812945454,3.3651878251814322,3.295759372505428,3.1735678171358352,3.001527830650328,2.7832200922249983,2.5228353122404954,2.225109864494782,1.8952539591259914,1.5388733923129008,1.1618859980766307,0.770434000804217,0.37079352342697636,-0.030717455272573746,-0.42783138051701,-0.8144223231947652,-1.1845948049151607,-1.5327689833478748,-1.853760987883287,-2.142857265885139,-2.395881886131834,-2.609255847232752,-2.780047553426407,-2.9060137465941844,-2.985630319766818,-3.0181125819292567,-3.003424694498376,-2.9422781543267242,-2.8361193542896554,-2.6871064082333636,-2.4980755800956986,-2.272497805196278,-2.0144259329318066,-1.7284334524097784,-1.4195455840377609,-1.0931637290382543,-0.7549843637393958,-0.41091354495695354,-0.06697825570816551,0.27076413400831106,0.5963169892154632,0.9038348036436816,1.1877115636461928,1.442665809002456,1.6638211634492615,1.8467811713824092,1.9876973573016044,2.0833295200998587,2.131097383880098,2.129122849072046,2.076262220500338,1.9721279308468704,1.8170994266565839,1.6123230375585438,1.3597008055469175,1.0618684077851805,0.7221624612504827,0.34457764843690675,-0.06628575184525642,-0.505283207848636,-0.9667953050943777,-1.4448041812794905,-1.9329759624660152,-2.424748050750403,-2.9134200433677915,-3.3922470100792976,-3.854533820477985,-4.293729196036145,-4.703518163549912,-5.077911607100269,-5.411331654464738,-5.698691690543838,-5.935469864023631,-6.117775043152383,-6.242404280912625,-6.30689096755865,-6.309542977815502,-6.249470259186318,-6.126601454839168,-5.941689307380311,-5.696304746322709,-5.392819720030779,-5.03437899014607,-4.624861260766415,-4.168830163796019,-3.6714757638108835,-3.1385473784984166,-2.576278632367302,-1.9913057702735262,-1.3905803518411526,-0.78127752674186,-0.17070115292651217,0.43381293560006773,1.02499417862946,1.5957337167814787,2.139178666398554,2.6488229426910848,3.118593379396446,3.54292995858499,3.9168590461969974,4.236058626276002,4.496914638309583
-6.38455873304463,-6.200056937990806,-5.954896866709149,-5.652337522561529,-5.296358667238275,-4.891606124700845,-4.4433281189649,-3.957303533773958,-3.4397630940279056,-2.8973045666149275,-2.336803160680967,-1.7653183732072244,-1.1899985741339658,-0.6179846554958253,-0.05631408070116328,0.4881733369606268,1.008926623159017,1.4997705391859473,1.954986988440163,2.3693898129963338,2.7383919544310604,3.0580640612995613,3.3251837466653824,3.5372748311740647,3.692636048468166,3.7903588382740447,3.830334006158405,3.8132471855903223,3.740563195347733,3.6144995412605083,3.437989463591604,3.214635077880807,2.9486512957525886,2.6448013410715765,2.3083247941056655,1.9448592003817646,1.5603563702331997,1.1609945683895688,0.7530878493233069,0.3429938326555535,-0.06297876679815695,-0.4586615380719936,-0.838115402826995,-1.1957160097744883,-1.5262342837795566,-1.8249109888924255,-2.0875242508645058,-2.3104490858849283,-2.49070809688782,-2.6260126252066254,-2.7147937817993206,-2.7562229268061422,-2.750221316784375,-2.6974587934627596,-2.599341544086151,-2.457989119170034,-2.276201046552143,-2.057413528850881,-1.8056468527216383,-1.5254442706454123,-1.2218032375181211,-0.900099993315227,-0.5660085780434368,-0.22541544471628316,0.11566910092182764,0.45120135963963426,0.7751952951638146,1.0818128770385416,1.3654524086905955,1.6208335675301877,1.8430779300265439,2.0277838182272694,2.1710943842470716,2.2697579447069955,2.3211796866143954,2.323463988192571,2.275446730976806,2.176717121216777,2.0276286872649085,1.8292992730883963,1.5836000041534264,1.293133358489889,0.9612006305424894,0.5917592262635418,0.18937037267224754,-0.24086203825121077,-0.6933606248828823,-1.1621507492934517,-1.6409427461545227,-2.1232189984052003,-2.602324640650315,-3.071560618172845,-3.524277794243385,-3.953970781604327,-4.354370175842463,-4.719531888824427,-5.043922319177232,-5.322498153413452,-5.550779664940485,-5.724916467827729,-5.841744786581678,-5.8988354208360025,-5.894531713153537,-5.827976967247244,-5.699130910907075,-5.508774950706608,-5.258506122013257,-4.95071979574214,-4.588581360458724,-4.175987252641345,-3.717515856995509,-3.218368940572134,-2.6843044170878154,-2.1215613594123757,-1.5367782869671966,-0.9369058492383285,-0.32911510542058525,0.27929733773497034,0.8810060233730518,1.4687538446207782,2.0354484071039423,2.57425622488327,3.078693450577869,3.5427118883845026,3.9607791041375444,4.327951528567731,4.639939547359491,4.893163683109389
-6.050137643278178,-5.856109578754699,-5.6015230789582615,-5.289682351776037,-4.9246116678567,-4.511000451109997,-4.054139407405848,-3.559848580525884,-3.034398336208614,-2.4844243728833426,-1.9168379400385713,-1.3387325109677093,-0.7572882049591512,-0.17967528417729528,0.3870419379028348,0.9359994467480213,1.460624831664043,1.9547242852575586,2.412564098966744,2.828945534497715,3.1992720449798075,3.5196079279442007,3.786727613310022,3.998154921722812,4.152191769969547,4.247935948800626,4.285287752230016,4.264945394095348,4.188389305135127,4.057855559864506,3.876298834910134,3.647345447055621,3.375237157992104,3.064766561713972,2.7212049878372504,2.350223958201055,1.957811323481273,1.5501832799486213,1.1336935229141556,0.7147408320371282,0.2996764039873361,-0.10528775032110671,-0.49416804359088706,-0.8612949200080366,-1.2013936211241216,-1.5096589679623764,-1.7818231038539611,-2.01421524368362,-2.203812589837539,-2.348281701576406,-2.4460097410134845,-2.49612516342942,-2.498507570257688,-2.4537865975965323,-2.3633298693600997,-2.2292201999637564,-2.0542223845440244,-1.8417400629779908,-1.595763285294551,-1.3208075384630509,-1.021845116132372,-0.7042298219565474,-0.3736160921400451,-0.03587370242356841,0.3030007122158723,0.6369740512507072,0.9600677542213961,1.2664481077456657,1.5505145528810478,1.8069847197701914,2.0309749625341253,2.218075230835458,2.3644171945169297,2.4667346331040143,2.5224152113976417,2.5295428843317618,2.486930307009434,2.3941407674878232,2.2514993084574826,2.0600928573576267,1.821759340520856,1.539065913444617,1.2152765940318457,0.8543097364437671,0.4606859279323938,0.039467027623006246,-0.40381280723412205,-0.8632231473192375,-1.3325193081465982,-1.8052292100250023,-2.2747438630811407,-2.734410206275523,-3.1776249941488457,-3.5979284082341563,-3.9890960719038993,-4.3452281678741995,-4.660834396384124,-4.9309135686675845,-5.151026703953111,-5.317362587834061,-5.42679485419631,-5.476929770511316,-5.466144035551741,-5.39361203765243,-5.259322168570652,-5.064081940734435,-4.8095118120618965,-4.498027780392074,-4.132812966670932,-3.7177785601781133,-3.257514648094038,-2.7572315934988114,-2.222692758470168,-1.6601394904433242,-1.0762093987016508,-0.47784904225433217,0.12777777090362064,0.733384811170676,1.3316600750270915,1.9153629206059632,2.4774203512513795,3.011021118432776,3.509706345228647,3.9674554195997804,4.378765972170998,4.7387268353139405,5.043082977822017,5.288291521025231
-5.703120119825686,-5.4996656267874275,-5.235797743956384,-4.914865188178077,-4.5409358300494675,-4.11874157533456,-3.65361428994139,-3.1514136584902093,-2.6184479782606456,-2.061388988024563,-1.487181913582672,-0.9029519775765106,-0.31590866942423723,0.26675089864308676,0.8379382119066132,1.3907678194694317,1.918648741952039,2.415371560000524,2.8751899846845097,3.2928957892628468,3.6638860758408316,3.984221958805225,4.250677868075154,4.460780807440577,4.612839044712513,4.705959859088622,4.740056124951427,4.715841668099127,4.6348154879555095,4.4992350953994205,4.312079368301333,4.077001473511521,3.798272542850884,3.480716919661941,3.1296399098729255,2.750749075665513,2.35007019925671,1.9338591177558535,1.5085106865121145,1.0804661670390052,0.6561203559546072,0.24172977313138566,-0.15667678960805076,-0.533384093136217,-0.8830714359776879,-1.2008876567354465,-1.4825190974362683,-1.724249572416954,-1.9230115019909357,-2.076427496574186,-2.182841813420378,-2.2413412526863485,-2.251765210175077,-2.214704758654097,-2.131490785937438,-2.0041713737392532,-1.8354787544547502,-1.6287863313345188,-1.388056388895805,-1.117779252860918,-0.8229047805573085,-0.5087671718367706,-0.18100418563094628,0.1545280730868604,0.49184356804332935,0.8249166745246728,1.1477731491449041,1.454580416152502,1.7397358693374358,1.9979519164941577,2.2243365393586987,2.414468205321701,2.564464047130333,2.671040322103645,2.731564271753217,2.7440966245807736,2.7074241174968643,2.621081552896781,2.485363056943097,2.301322357941441,2.070762059691969,1.796212041150358,1.4808972684284556,1.128695455920298,0.744085158022995,0.3320850094881507,-0.1018150410435239,-0.5517295450949291,-1.011459355550016,-1.4745782682394437,-1.9345232869674343,-2.3846872419646,-2.818512456562291,-3.2295841400792087,-3.6117221867372877,-3.959070080864707,-4.266179647421872,-4.528090443463825,-4.740402659743057,-4.899342491232309,-5.001819039655237,-5.045471928693136,-5.028708941740542,-4.950733131099621,-4.811558994382094,-4.612017466566691,-4.353749632495446,-4.039189222387895,-3.671534109991316,-3.2547071870602577,-2.793307136804331,-2.2925497706647793,-1.7582007252847323,-1.1965004379613946,-0.6140824275012704,-0.017886001713742217,0.584935408555707,1.1871090270410996,1.7813393152286605,2.360405028969785,2.9172554090172693,3.445104177299938,3.9375200406603095,4.388512451849618,4.792611443133593,5.144940429992852,5.441280979954245,5.678128653196111
-5.347466560532512,-5.134730684459647,-4.861770973032522,-4.531979743044942,-4.1494673469481285,-3.7190068505441993,-3.245969760579812,-2.7362536932163364,-2.196202986075962,-1.6325233542427597,-1.0521917728655694,-0.46236283471569206,0.12972712072204928,0.7168567799727693,1.291916191953928,1.8480013370833315,2.3785056240209084,2.8772070530441938,3.3383498467755452,3.7567194274497746,4.12770971402776,4.44738182089626,4.712513361118823,4.920637689509447,5.070072562326413,5.159937839135936,5.19016200628111,5.161477458245414,5.075404630816328,4.934225236116523,4.740945002083136,4.499246465696205,4.213432508124757,3.8883614490235194,3.529374634663286,3.1422175587668524,2.7329556443898455,2.307885888679716,1.8734456288398944,1.4361197263321794,1.0023474867330022,0.5784306344401242,0.17044364458967065,-0.21585230066388128,-0.5750905174248562,-0.9023740429918521,-1.1933438188437007,-1.4442388772444497,-1.6519476896628145,-1.814049961655178,-1.9288482953514057,-1.9953892852778365,-2.013473763906741,-1.9836560679055337,-1.9072323523870343,-1.7862181363240786,-1.6233154154853777,-1.4218698276098722,-1.1858184959677711,-0.9196293099599533,-0.6282325231116309,-0.3169456580017719,0.008607197205383277,0.3425805362402181,0.6789957986431957,1.0118316767740807,1.3351150648776413,1.6430113399347905,1.9299126733873024,2.19052310064463,2.4199391211708425,2.613724665261004,2.767979343455865,2.8793989897851207,2.94532761932813,2.963800042394105,2.9335745102317237,2.8541549087082965,2.725802164852812,2.5495346844384548,2.327117794723611,2.061042322872869,1.7544925952308879,1.4113042933368007,1.0359127472140413,0.6332923830046508,0.208888168506687,-0.23145998517244437,-0.6815988064385545,-1.1351480847998348,-1.5855907153306086,-2.026365097052142,-2.4509585810814403,-2.8530006475866934,-3.2263544924018923,-3.5652057245765523,-3.8641469148922103,-4.118256791927869,-4.323172955815401,-4.475157069365333,-4.571151590511154,-4.608827227556033,-4.586620427861832,-4.503760349585158,-4.360284912888445,-4.157045679674334,-3.8957014671653645,-3.5787007583823764,-3.209253129547555,-2.7912900684446487,-2.329415706644395,-1.828848130153438,-1.2953520654768982,-0.7351638594351098,-0.15490977963477792,0.43848124326425,1.0378692317520366,1.635997874568571,2.2255910309183857,2.7994496940615785,3.3505480752103365,3.8721274800575025,4.35778668023605,4.801567530138116,5.198034645138407,5.54234803945098,5.830327719451027,6.058509339946262
-4.987173213458986,-4.765345508790039,-4.483527123153641,-4.145152855197856,-3.7543742174120216,-3.3160039164368755,-2.835451390560194,-2.3186502962859077,-1.7719789475484133,-1.202174808779912,-0.616244225259006,-0.021368639823660884,0.5751914067974767,1.1661931647658292,1.7445081143135726,2.3032166238979457,2.835699521810323,3.335725319880974,3.797531889708218,4.215901470382447,4.586227980864541,4.904575718685676,5.167728647933438,5.373229611869092,5.519408947119472,5.605402125211364,5.631156201173141,5.597425005851976,5.5057531762791765,5.358449274644071,5.158548399013565,4.909764835715823,4.61643544223208,4.283454578559626,3.916201522510372,3.520461408645734,3.1023408200594536,2.668179235753242,2.2244575928788146,1.7777052618563207,1.334406752787487,0.9009094733835923,0.4833338418077533,0.0874870226346971,-0.28121849893551487,-0.6178403596535373,-0.9179747189254492,-1.177816660170581,-1.3942117499980586,-1.5646980388404577,-1.6875379231971464,-1.7617394342637522,-1.7870666684124294,-1.7640392296093825,-1.6939207102261111,-1.5786963926089579,-1.421040507014983,-1.2242735299360903,-0.9923101483210576,-0.7295986477685273,-0.4410526045308837,-0.13197587041969383,0.19201806510448954,0.525091171585833,0.8612692056383522,1.1945319972525672,1.5189043934056783,1.828546548730406,2.1178422622835242,2.3814840872025234,2.6145539858558933,2.812598366332285,2.9716964158830885,3.088520742105782,3.160389441887209,3.185308839874712,3.1620062707889875,3.089952421363761,2.9693728960955745,2.801248824215844,2.5873064811918693,2.3299960544210494,2.032459837393138,1.698490287273594,1.3324785254762885,0.9393539973006086,0.5245161331749186,0.09375896868476397,-0.34681021825319935,-0.7908571084172624,-1.2319101656724043,-1.663452816825545,-2.079016683843179,-2.472274548505552,-2.8371317313679913,-3.1678145873011445,-3.4589548586105074,-3.7056686832544665,-3.903629129202681,-4.049131215475503,-4.139148484628307,-4.171380308931578,-4.144289241601622,-4.057127863345766,-3.9099547212503434,-3.7036391095985093,-3.4398545984140996,-3.1210613731928722,-2.7504776061862026,-2.332040233538966,-1.870355661387309,-1.3706410655998609,-0.8386570822048687,-0.2806328068228724,0.29681587008896104,0.886773471206323,1.4821164840252548,2.0756079950040434,2.6599941007559247,3.2281007650003906,3.7729297827136454,4.287752524378989,4.766200163270294,5.202349136888676,5.590800659342282,5.926753183693511,6.206066810946925,6.4253187540464936
-4.6262259022673815,-4.395539523389161,-4.105138099784559,-3.7584975901397533,-3.359809147782701,-2.9139234108952605,-2.4262858581077684,-1.9028641222363625,-1.3500682665635693,-0.7746651256513523,-0.18368789484497838,0.4156577817737629,1.016089927112533,1.6103472226474702,2.191285536650183,2.751972657209357,3.2857799241691,3.7864694983356433,4.2482760681628875,4.665981872741225,5.034984014175951,5.351353141022286,5.611882705815079,5.814128132184147,5.956435368716896,6.037958455625391,6.058665884301701,6.01933568683682,5.921539350328721,5.767614807096497,5.56062890455518,5.304329905345143,5.003090707290184,4.661843601928708,4.2860075079112505,3.8814087198373386,3.4541963026549762,3.010753335314159,2.5576052639249522,2.101326663432802,1.6484477272529516,1.2053618061236715,0.7782353006283282,0.37292117664603497,-0.005122680075203556,-0.35090912421328957,-0.6599903663295839,-0.9285185849838289,-1.153297691661342,-1.3318255311642015,-1.462325936661065,-1.5437702032474447,-1.575887694594282,-1.5591654519264626,-1.4948368309889941,-1.3848593486165663,-1.2318820738192042,-1.0392030467673803,-0.810717350607636,-0.5508565936657839,-0.2645206814268094,0.04299713300140956,0.3660908359721007,0.6989267141029857,1.0355316616388348,1.3698834613026007,1.69600173772329,2.008038273148624,2.3003653843634124,2.567661087409571,2.804989822449171,3.0078775742815047,3.1723803037257463,3.2951447001868575,3.373460374889812,3.4053027359539723,3.3893659189664476,3.325085288128519,3.2126491713949603,3.052999646206099,2.8478223482620457,2.5995254321052954,2.311207966851928,1.9866182010578377,1.630102275294243,1.246544097490837,0.8412972225541229,0.4201096923921155,-0.010957106348630674,-0.445614423237062,-0.8774357499238108,-1.299948784065288,-1.7067284492400414,-2.0914896519496553,-2.4481784585705872,-2.7710603954974453,-3.054804614415109,-3.29456272111975,-3.4860411397908546,-3.6255659740706596,-3.7101394304818536,-3.737486987149372,-3.7060946198402336,-3.615235536185668,-3.4649860156525225,-3.2562301053252476,-2.9906530777025986,-2.6707237143095197,-2.2996656357585237,-1.8814180527598832,-1.4205864613117352,-0.9223839468058348,-0.39256389407063486,0.1626549784228628,0.7366702335530303,1.3225828590015376,1.9132887399827219,2.5015732003635787,3.0802073072167335,3.642044608025696,4.180116962557129,4.68772814293523,5.15854390554285,5.586677286614548,5.966767939106808,6.294054410711404,6.564438360569152,6.774539823974722
-4.268554188303016,-4.029284771456593,-3.7306171061629696,-3.376066791946946,-2.9698629136776,-2.5168921498793493,-2.0226339554947366,-1.493087712688032,-0.934692854871523,-0.3542430666738381,0.24120425531593215,0.8444220306523055,1.4481097135576604,2.0449903735475674,2.627907298525081,3.18991878813162,3.7243898311872554,4.2250794053537994,4.686222199085151,5.102603634616122,5.469627165076048,5.783372927467413,6.040646954693621,6.2390202823450585,6.376857427694411,6.453333867317438,6.468442293850032,6.4229875894498525,6.318570611344632,6.157561041201598,5.943059702747987,5.678850898966733,5.369345459222751,5.019515315893073,4.63482054766634,4.221129930996348,3.784636130779379,3.3317667349237827,2.86909239406492,2.4032333664617527,1.9407657885565173,1.4881289935077329,1.0515351832031528,0.6368827240698327,0.24967428392853086,-0.10505904305393754,-0.4228265625793455,-0.6997387980836252,-0.9325594554215992,-1.1187478160646345,-1.256490977081272,-1.34472550086581,-1.3831481883478753,-1.3722158441258594,-1.313134058433116,-1.2078351868573018,-1.058945862087008,-0.8697445204904721,-0.6441095679414051,-0.38645894199822306,-0.10168194944221948,0.20493563243250634,0.5277921070527399,0.8610548986669552,1.1987488542523548,1.5348465341836988,1.8633591907049945,2.1784271237919985,2.474408113133947,2.7459626525663348,2.988134758961877,3.1964271906876487,3.366869990370308,3.496081361752948,3.5813199995325595,3.6205281126949185,3.6123645142946916,3.556227291991391,3.4522657219487014,3.3013812418397626,3.105217454509779,2.8661392901275713,2.587201609199658,2.2721076794392787,1.9251581040479568,1.5511909154335275,1.1555136748249615,0.7438285328601706,0.32215130739505615,-0.10327427892498209,-0.5260659886000674,-0.9397948208986635,-1.3380778241206577,-1.7146706505887643,-2.0635585382034014,-2.37904442273856,-2.6558329237169063,-2.889109003144438,-3.0746101698225248,-3.20869119136072,-3.2883803801361635,-3.3114266368244962,-3.2763365641166486,-3.18240110202436,-3.029711282815774,-2.819162856050261,-2.5524496902557603,-2.2320460153183563,-1.8611777264159541,-1.4437831241208232,-0.9844636139542227,-0.48842503010811456,0.03858961973858688,0.5903750704504186,1.1603453499117313,1.7416208435224911,2.327119673905744,2.9096521353878737,3.4820168788055255,4.037097516432667,4.567958309676856,5.067937613771273,5.530737783832208,5.950510294942559,6.321934894688188,6.6402916888971175,6.901525159060867,7.102299221684275
-3.917986505462874,-3.67045084692743,-3.363873377062588,-3.001807626934271,-2.588518721754115,-2.1289273163587437,-1.6285446150388325,-1.093399370088412,-0.529957864986435,0.05496201439464621,0.6542814351020483,1.2607547480050068,1.8670657953653316,2.4659250663300387,3.0501663603549183,3.6128416260573495,4.147312669112985,4.647338467183637,5.107156891867621,5.521559716423793,5.885959882428749,6.196450107253529,6.449852035762105,6.6437552722301465,6.776545770294031,6.847423207773343,6.856407127370637,6.804331781373338,6.692829776357307,6.5243047703019785,6.30189362727715,6.029418581806874,5.71133010409469,5.352641286555738,4.958854689732924,4.535882690028324,4.089962461296578,3.6275667959713243,3.155312028001445,2.6798643586728925,2.2078459068481524,1.7457418069901312,1.2998096615345243,0.8759926189811409,0.47983729599545644,0.11641769160387505,-0.2097338447715682,-0.4946876309363091,-0.735168809414458,-0.9285999255772672,-1.0731333437920634,-1.1676730637118302,-1.211885649639698,-1.2062001406624079,-1.1517969657662772,-1.0505860442175314,-0.9051744049025261,-0.7188238069166675,-0.4953989853662705,-0.23930727910605937,0.04456948089645106,0.35094983442072114,0.6742332225242831,1.0085850221880488,1.3480248580410266,1.6865169180729773,2.0180609722559426,2.3367827834701074,2.6370226091982834,2.913420519986614,3.160997306275595,3.3752298082397845,3.5521195828439716,3.6882539173032685,3.780858307181079,3.8278396389307368,3.827819449065138,3.780156773452706,3.684960248489938,3.543089278995069,3.356144243439629,3.126445863382876,2.8570040184886722,2.5514764391005667,2.2141178528982213,1.8497202986119394,1.4635454462005903,1.0612498775114314,0.6488043826147099,0.2324084133063351,-0.1815990945258692,-0.5868312648717062,-0.9769458918521932,-1.345737799314005,-1.6872296345369426,-1.9957598011327837,-2.26606627483402,-2.493365102268534,-2.6734224562050106,-2.8026192101074567,-2.878007098903713,-2.897355650193338,-2.8591891990477674,-2.7628134382800384,-2.608331102633213,-2.3966465376958483,-2.1294590603570227,-1.8092451750682148,-1.4392298668693204,-1.023347345855737,-0.5661917663489286,-0.07295858539131905,0.45062264267371643,0.9983631177166934,1.5636962653402586,2.139764708353087,2.7195115398376117,3.2957746378842394,3.8613827181200695,4.4092517944599665,4.932480711420473,5.424444422968205,5.878883723067793,6.289990181431513,6.652485103781476,6.9616914182964065,7.213597487677992,7.404911958067956
-3.5782067909606274,-3.3227613278539656,-3.00866842207683,-2.6395176450377025,-2.219608098260426,-1.753892185929756,-1.2479104824661291,-0.7077185902302406,-0.1398069939448674,0.4489849841538458,1.0515599424278328,1.6606566197857613,2.268946278120886,2.869129918132959,3.454034988253731,4.0167102539561625,4.550517520915905,5.049218949939191,5.507058763648376,5.918838223749577,6.279982852187949,6.586600978295097,6.835532815620277,7.024389404802849,7.151580900723017,7.216333831267031,7.218697109267206,7.159536736359096,7.040519295430771,6.864084484804225,6.633407100090375,6.352349016651896,6.025401864730439,5.657621218595404,5.254553238737984,4.822154810518606,4.366708312317202,3.894732219880933,3.4128888101856676,2.927890266937611,2.4464045103036343,1.974962075294586,1.519865346418916,1.0871014210211498,0.6822598206263524,0.31045619938473545,-0.02373688765116877,-0.31635119495608466,-0.5640751289540076,-0.764296502314975,-0.9151351166649999,-1.0154647350305697,-1.0649241562031633,-1.0639172580224856,-1.0136020331534237,-0.9158687970599662,-0.7733079013556381,-0.5891674343684495,-0.3673015325010243,-0.11211005879430548,0.17152947285774922,0.47833673986534675,0.8027091360184602,1.138806815949804,1.4806410319033887,1.8221644895970086,2.157362421907135,2.480343069507527,2.7854262665916476,3.067228857273416,3.3207457138008145,3.5414251906865317,3.7252379283673758,3.8687380149248707,3.96911562338998,4.024240363674266,4.032694720499537,3.9937970899670265,3.907614075618328,3.7749618578980018,3.597396606668016,3.3771940626449735,3.1173185681230438,2.821381977923915,2.4935930260497168,2.1386978599606516,1.7619125808249343,1.3688487427041682,0.9654328648191106,0.5578210973536168,0.15231025147417143,-0.24475354263015836,-0.6270672506043504,-0.9884631056744628,-1.3229992229580827,-1.6250473622768142,-1.8893765839850327,-2.1112315986779366,-2.286404684978664,-2.4113001389019226,-2.4829903222994734,-2.4992624951513736,-2.4586557453303626,-2.3604874681243944,-2.2048689943057176,-1.992710117824027,-1.725712430133798,-1.4063515255484957,-1.0378482986311508,-0.6241297082773596,-0.1697795316590498,0.32002022751689385,0.8395564799130746,1.382659823118304,1.9427859201439377,2.513102364258038,3.086579832307063,3.656086267171867,4.214482786120453,4.754719986176667,5.2699333105904875,5.753536152176873,6.199309399529831,6.601486180497885,6.954830623153848,7.254709536886615,7.497156014034758,7.678924064302213
-3.2527131159586373,-2.989752216939681,-2.6685742842517355,-2.2928028656154877,-1.866768811902912,-1.3954538974285267,-0.8844255466794316,-0.3397635632601468,0.2320201317428583,0.8240676474081566,1.4292659701371135,2.040341258469842,2.6499552858523328,3.250802701960298,3.83570777208107,4.397719261687609,4.930202159599986,5.426924977648471,5.882141426902687,6.290665349437304,6.647937879158043,6.950085914081795,7.193971104121506,7.377228691160363,7.498295680145233,7.556427969092125,7.551706220181489,7.485030411361087,7.358103165861544,7.173402113545977,6.934141690863924,6.6442249332161705,6.308185952698631,5.93112392352899,5.518629515156792,5.076704817467757,4.6116778921553365,4.130113157993682,3.6387188743789123,3.1442530263216186,2.653428934536615,2.172821916107504,1.7087783043874516,1.267328101580572,0.854102484335739,0.4742573124336613,0.13240370425758208,-0.16745335856710786,-0.4219675497631894,-0.6284941192593856,-0.7851226320552129,-0.8906990856655087,-0.9448371176347151,-0.9479181694811066,-0.9010806300673324,-0.8061981375845519,-0.665847372878894,-0.4832658255746772,-0.2623001562607433,-0.007345910904481126,0.27672053423090104,0.5846168092880508,0.9107350857087415,1.249227145740692,1.5940927593559464,1.939270095176727,2.278726863873081,2.606550882829417,2.9170387598069745,3.204781420727161,3.464745252176087,3.692347692138462,3.883526181917505,4.034799487062299,4.143320504062037,4.206919791037191,4.224139192942383,4.1942550730239425,4.117290810449788,3.9940183770549167,3.8259489618586406,3.615312768207871,3.365028262874918,3.0786613070039355,2.760374743326955,2.414869150513522,2.0473156019461975,1.663281380837095,1.2686497047949183,0.8695345992821837,0.4721921296442453,0.08292925454621036,-0.2919884010362821,-0.6464285381670767,-0.974482628173587,-1.2705535154993006,-1.5294389244659092,-1.7464096715230637,-1.917281457844604,-2.0384792063691566,-2.107093011328979,-2.1209248855054423,-2.078525619246192,-1.9792212038683723,-1.8231284185053702,-1.6111593316722765,-1.3450146246855526,-1.0271658013818001,-0.6608265051242472,-0.24991331765895453,0.20100343717768931,0.6867582206847782,1.2016573412432114,1.7395536338505093,2.2939277319774147,2.8579748126560154,3.4246956175232155,3.9869904911007765,4.537755133765679,5.069976741275209,5.576829195727682,6.051765984567437,6.488609554524729,6.881635855798784,7.225652897672584,7.516072219171907,7.748972276197541,7.921152858399582
-2.9447787949797326,-2.674732869049966,-2.3469342947649006,-1.9650383691933535,-1.5334053133370624,-1.057043751577209,-0.5415453096447176,0.006988772492199091,0.5820280050617893,1.1766988851820575,1.7838758188858146,2.396275476265909,3.006553279744292,3.6074006958522578,4.191641989877137,4.7523291104363095,5.282833397373888,5.776932850967403,6.228893762655034,6.633545586472017,6.9863480250093595,7.283449412647645,7.521735600543639,7.698868680647198,7.813315028034948,7.86436229007103,7.852125105248101,7.777539491856479,7.642346004667916,7.449061914384145,7.200942817492818,6.901934231248983,6.5566138676968375,6.170125410012418,5.748104732170563,5.296599607370512,4.821984040332706,4.330868432251547,3.8300068438275403,3.32620266061922,2.826213985414153,2.33666008414066,1.863930195011494,1.4140959753545788,0.992828807449285,0.6053231144070323,0.25622675071117906,-0.050420569311669494,-0.31123995664297976,-0.5235564245849784,-0.6854317726255318,-0.7956868370324403,-0.8539128190287159,-0.8604715563303942,-0.816484760527298,-0.7238123990431876,-0.5850205540205013,-0.403339239269776,-0.18261079830629967,0.07277036053329086,0.35792581371822535,0.6675679690429522,0.9960806255642498,1.3376040832578697,1.686123575000285,2.035559747207293,2.3798598872595917,2.7130885861093645,3.0295165333253404,3.323706169167055,3.5905929636926377,3.8255611557532117,4.0245128641195524,4.183929577798975,4.300925141489581,4.3732894735446575,4.39952238606392,4.378857017920022,4.3112725396713225,4.1974959423101605,4.038992877486158,3.837947673024365,3.59723280201956,3.3203682343457945,3.0114712439444453,2.675197381699406,2.3166734501437443,1.9414234308775233,1.5552884167881054,1.164341687516878,0.7748001368852342,0.39293331417889754,0.024971376535724232,-0.3229867333179608,-0.6450635713314532,-0.935690645915557,-1.1896917872464163,-1.4023612343243834,-1.5695353152472178,-1.687656685334042,-1.7538301916184293,-1.7658695493566516,-1.7223341449255498,-1.6225554180034047,-1.4666524222889996,-1.2555363161594109,-0.9909036904542368,-0.6752187978102746,-0.311684904441222,0.09579486124240477,0.5426666404101939,1.0237842920795353,1.533476362040037,2.0656206557486065,2.613725390440013,3.1710158079367883,3.730525051516745,4.285188048810623,4.827937098928841,5.351797836477023,5.849984238182866,6.315991349626955,6.743684439890249,7.1273833403821385,7.461940790022495,7.74281369139931,7.96612628035953,8.128724323345208
-2.6574164223368575,-2.380749854809971,-2.046826773589607,-1.659331845874344,-1.222652142732585,-0.7418204897893351,-0.2224499491392118,0.32933967056429003,0.90700226758885,1.5036517586839182,2.112153061435041,2.7252164949110282,3.335494298389411,3.935677938401484,4.518594863378998,5.077303372963371,5.605184295445978,6.096028211472909,6.544117024442907,6.944298757076494,7.2920545483283705,7.583556933822939,7.815718614783635,7.986231053290073,8.093592373767013,8.1371241998908,8.116977210496653,8.03412535541601,7.890348830259244,7.6882060657662,7.430995140278791,7.12270517100035,6.767958378933425,6.3719436517793495,5.940342546826478,5.479248780301041,4.995082339343731,4.494499426453335,3.9842995028783017,3.471330736249918,2.962395178200469,2.464154999517862,1.9830410935386602,1.5251653232212847,1.096237634175816,0.7014891856137899,0.34560256471977735,0.03265004856170006,-0.23395923721541267,-0.45152254040213735,-0.6180764992393032,-0.7324195136732811,-0.7941231811248435,-0.8035326620372008,-0.7617559972327738,-0.6706425554316351,-0.5327509429624403,-0.3513068565621724,-0.13015150211536777,0.12631866477377512,0.41321999822628663,0.7252565336516197,1.0568005878345876,1.4019779236553682,1.754756251784011,2.109035795346964,2.4587406152926983,2.7979093843808904,3.120784306518394,3.421896905436765,3.6961494520605473,3.938890862708419,4.145985979609389,4.313877239979679,4.439637848750207,4.521015691419353,4.556467355713159,4.5451817718947165,4.487093129679726,4.382882882690837,4.233970807055812,4.042495236922167,3.811282754114578,3.5438077597164455,3.2441424998834885,2.9168982546501123,2.567158524937332,2.20040516762387,1.8224385297759595,1.4392927195110268,1.0571472212710813,0.6822361165040662,0.32075620613800004,-0.021224651722667076,-0.3378576769945496,-0.6236004839429041,-0.8733003252945762,-1.0822720669738373,-1.2463697694589433,-1.3620508408703325,-1.4264318307164787,-1.4373350502828495,-1.3933253343074223,-1.2937363970338742,-1.138686382022974,-0.9290823571749351,-0.6666136621295513,-0.35373417237409266,0.006366299213297233,0.40980108922806924,0.8520357365581108,1.3279463376295206,1.8318864086912943,2.3577613389643646,2.8991094104739457,3.449188266683478,4.001065633979751,4.547713038726945,5.082101218883816,5.597295903685367,6.086552627995545,6.543409259745634,6.961774949226763,7.3360142574852105,7.661025287003057,7.93231072031446,8.146040770058317,8.299107155832294
-2.3933452478969786,-2.1105541734347932,-1.7710320900707124,-1.378490515069982,-0.9373407207448264,-0.4526369690839446,0.0699891091327639,0.6244020932912353,1.2040433012905956,1.8020171614330298,2.411182240280045,3.024245673756032,3.6338597011385225,4.23271897210323,4.813657286105943,5.369742431235347,5.894367816151369,6.381339633460667,6.8249583552472695,7.22009344059539,7.562250229703549,7.847628108262818,8.073169147626395,8.236596559222022,8.336442443786668,8.372064465339237,8.343651234256068,8.252216341207223,8.099581141841181,7.888346548752056,7.62185424023004,7.304137842436821,6.93986478090024,6.5342696266351465,6.093079879956889,5.622435239511948,5.128801493745401,4.618880245703979,4.099515738708882,3.577600089236115,3.059978253777553,2.55335405824491,2.0641986016052476,1.598662310147697,1.162491865582455,0.760953159822269,0.3987613427930281,0.08001892818914835,-0.1918371928326903,-0.41407910681602766,-0.5847210156802621,-0.7025417155695276,-0.7670961266317691,-0.7787157385427955,-0.7384979934213403,-0.6482847841736931,-0.5106304000549566,-0.3287594001713595,-0.10651503767500342,0.15170100948171744,0.44099672303483517,0.7560646561218393,1.0912625884319667,1.4406987606389763,1.798320460123562,2.158004683579952,2.5136495737641056,2.8592653177738248,3.1890632029879855,3.497541554004556,3.7795673192156363,4.030452138398137,4.246021801989976,4.422678107440189,4.557452226824786,4.648048821268476,4.692880269887735,4.691090522103003,4.642568230260286,4.547948972460375,4.408606531153497,4.226633349217068,4.004810439685111,3.746567175855371,3.4559315330340787,3.137471489643584,2.7962284218835634,2.4376434408116077,2.0674777219699925,1.691727964096759,1.3165381837961327,0.9481091063062248,0.5926064479331781,0.2560694028141193,-0.05567935482201081,-0.3371208617911796,-0.5831229977441438,-0.7890183609856801,-0.9506757647953493,-1.0645643197684973,-1.127809171442792,-1.1382380794648375,-1.0944181531380055,-0.9956821965679643,-0.8421442628386138,-0.6347041686503669,-0.3750408764934834,-0.06559480851968746,0.29046068739884445,0.6892583455758705,1.1262859423079803,1.5964445444806634,2.094115252106935,2.613233519198181,3.147370029420519,3.6898170093463682,4.233678784095957,4.771965318881804,5.297687446292043,5.803952453697928,6.284058698314106,6.731587929282032,7.140494026529717,7.505186914665656,7.820610476118091,8.082313370213129,8.286511762745285,8.430143082462704
-2.154962263757831,-1.8665721871519299,-1.5220034565023814,-1.1249917903182545,-0.679969897275467,-0.1920106080480002,0.3332388346236779,0.8896304297569497,1.4705960068036759,2.0692336430420024,2.6783987218890175,3.2907983792691122,3.899088037604237,4.495968697594144,5.074283647141888,5.627113254704706,6.147866540903096,6.630368267028999,7.068940341530133,7.4584764247345365,7.794508706907397,8.073265943869545,8.291721956322313,8.447633932005646,8.539570011999073,8.566925791862623,8.529929522811251,8.42963595555313,8.267908927591009,8.047392951467275,7.771474214430481,7.444231547167605,7.070378058520007,6.655194262529529,6.204453641931767,5.724341696677589,5.221369615760016,4.70228378429853,4.17397239445905,3.6433704675771708,3.117364615268573,2.6026988690754695,2.105882891295632,1.6331038443183081,1.190143142554906,0.782299240659492,0.41431752518444864,0.09032827533584298,-0.18620645648260847,-0.41253632049301425,-0.5866559148125372,-0.7073273583124808,-0.7740919003733914,-0.7872704319673887,-0.7479529193994258,-0.6579769385022369,-0.5198956409001704,-0.3369356329670227,-0.11294539020308864,0.1476650370542384,0.4399921482690271,0.7587139594831905,1.0981707281795476,1.4524502717424987,1.8154766511205234,2.181100944815331,2.5431928099210124,2.8957315170073885,3.232895154319748,3.5491467239236174,3.8393158976693265,4.098675263542695,4.3230099722144555,4.508679788278737,4.652672659437878,4.752649038207022,4.806976322859993,4.814752925447534,4.775821622793794,4.690771999322029,4.560931946212368,4.388348337551572,4.1757571585880084,3.926543511769932,3.6446920707915202,3.3347286893537844,3.00165399783527,2.6508699357696104,2.288100269319694,1.9193062293857788,1.550598476362262,1.188146650865372,0.8380878052339336,0.5064350277506288,0.19898757009368118,-0.07875623147677813,-0.3216819889920194,-0.5251370535581154,-0.6850019409295451,-0.7977543577308416,-0.8605248978608111,-0.8711435955314516,-0.8281766499081284,-0.7309527746196349,-0.5795787715500766,-0.3749440802503283,-0.11871420987511072,0.18668688242983045,0.5381052465106164,0.9316958540897091,1.3629714519230924,1.826860690660272,2.317774735104722,2.8296814409087245,3.356186074847379,3.8906174622265435,4.4261183670147854,4.955738849054001,5.472531299068574,5.969645826780461,6.440424670614474,6.878494309348957,7.277853986474134,7.63295940654466,7.9388004287807306,8.190971665664067,8.385734992139666,8.520073082902382
-1.9443173283504371,-1.650880604459068,-1.301841782626123,-0.9009580177243642,-0.4526805871149917,0.03790206656744477,0.5651301202139232,1.122846084394561,1.7044754375371793,2.303113073775506,2.911614376526629,3.5226896648593575,4.129000712219682,4.72325800775462,5.298317419735778,5.847274928580965,6.363558123595958,6.841013202436392,7.27398627479381,7.657397851062916,7.986809491638657,8.258481701689995,8.469422278230468,8.617424449342582,8.70109428764699,8.719867029542336,8.674012086281689,8.564626690427488,8.39361827943076,8.163675874792247,7.878230868285796,7.541407773911904,7.157965643538921,6.733230973628938,6.2730230482219405,5.783572767816735,5.271436103479098,4.7434033891732295,4.206405721924637,3.6674197781927216,3.133372375223663,2.6110461078903846,2.1069873745907737,1.62741807041529,1.17815217251666,0.7645183721754434,0.39128982145567415,0.06262196081045568,-0.21800072103506418,-0.44780827050075844,-0.6247786084309586,-0.7476601829295723,-0.8159836446734536,-0.8300624088209442,-0.7909821246034388,-0.7005792302229198,-0.5614089245713028,-0.37670303637057706,-0.15031841350603603,0.1133234114129612,0.40930440075490926,0.732285048355301,1.076585188407601,1.436269411863991,1.8052358614804334,2.177307130096769,2.5463219582791075,2.9062264174636825,3.251163273363341,3.575558251501837,3.8742019719384153,4.142326382891706,4.375674602177536,4.570563170016362,4.723935825500957,4.83340804030381,4.897301675329055,4.914669267105573,4.885307598779979,4.809760363505433,4.689309883671403,4.5259580055790005,4.322396443627099,4.081966998651904,3.808612219626252,3.5068172144300225,3.181543441917804,2.8381554322438434,2.4823414837332445,2.120029471076439,1.75729897004594,1.4002909572906599,1.055116379294974,0.7277649017908516,0.42401514953261354,0.14934772639987715,-0.09113773243992374,-0.2928002805677803,-0.4515290297673586,-0.5638071350243299,-0.6267674648028961,-0.6382391431770438,-0.5967842788352682,-0.5017243342065669,-0.35315573402550715,-0.15195446450742478,0.10023043019893807,0.40099439066613174,0.7472057041489859,1.1350443128293521,1.560050547227232,2.01718312278259,2.5008856059397964,3.005160435460115,3.523649476852085,4.0497199942699025,4.576554846311514,5.097245650955062,5.604887621275638,6.09267474820536,6.553993999805931,6.982517218417905,7.372289427477668,7.7178123083318315,8.0141216733562,8.25685784418298,8.442327941703876,8.56755920637931
-1.7630926056255514,-1.4651857905507857,-1.112274870000209,-0.708135567531865,-0.2572347724675228,0.2353264921897139,0.7638789148835583,1.3222586551600883,1.9038880083027068,2.501861868445141,3.109038802148898,3.7181354795068264,4.321823162412181,4.912824920380533,5.4840122336440595,6.02849965130585,6.539736199035376,7.011592275732093,7.438440841154214,7.8152317758261995,8.13755838949113,8.401715163630174,8.604745935599428,8.744481865022523,8.819568665358727,8.829482733044797,8.77453596118807,8.655869182299263,8.475434342787754,8.235965668679587,7.940940235062119,7.594528498962841,7.201535494670354,6.767333519951134,6.297787259393109,5.799172395567841,5.2780888483858215,4.74136985667084,4.1959881725722115,3.6489606781798356,3.1072527540706023,2.57768373121755,2.06683474071978,1.580960240409068,1.1259044440646353,0.7070238084786927,0.3291166469623108,-0.0036391637099760787,-0.2877395310107844,-0.5203978240871558,-0.699578293016026,-0.8240187871976106,-0.8932424814949852,-0.9075584739929314,-0.8680512762920977,-0.7765593738620282,-0.635643187942833,-0.4485429196415005,-0.21912689911529004,0.04816880393086731,0.3484086296590436,0.6762326486153789,1.0259374685611171,1.3915617622559249,1.7669751867938952,2.145969418486887,2.5223499987674245,2.8900276765392983,3.2431079409735846,3.575977465802951,3.8833862313194496,4.16052415288681,4.403091123947184,4.607359476111465,4.77022796762977,4.889266532804897,4.962751157019118,4.989688383123783,4.969829102995407,4.903671440996492,4.792452691730856,4.638130430650115,4.443353070541096,4.211420287518658,3.946233884734514,3.6522397985445805,3.334362078424061,2.9979297866894177,2.648597865455929,2.292263104792141,1.934976416503252,1.582852671383721,1.241979393367221,0.918325621261808,0.6176522474412928,0.34542512298399675,0.10673218058243525,-0.09379422937356978,-0.2520486670288229,-0.36451656193439097,-0.4283298724164625,-0.4413136320721595,-0.40202269839017624,-0.3097681566499735,-0.16463297825057965,0.03252331559864796,0.2800710784672633,0.5756279883365254,0.9160873029206529,1.2976565481655156,1.715906119381574,2.165827133649688,2.641897740523211,3.138156977496845,3.648285148927468,4.165689613598655,4.6835947882446,5.19513511319415,5.693449682732561,6.171777217428839,6.6235500489069015,7.042485799453463,7.4226754692968635,7.7586666929393235,8.045540991907137,8.278983933779212,8.455347205212826,8.571701718537293
-1.6125865449215744,-1.310807631129177,-0.9546411730120151,-0.5478785060887015,-0.09499910004955903,0.3988865336550437,0.9281027324447804,1.4864824727213104,2.0674480497680365,2.664097540863105,3.2692958635920615,3.8757691764950204,4.47620132183379,5.06333098108451,5.630048203164641,6.169488973540963,6.675126519126772,7.1408580888881925,7.561086012713192,7.930791920474366,8.245603098227003,8.50185006779483,8.696614598075064,8.827767489529954,8.893995615656882,8.894817854746874,8.83058969985554,8.702496492451953,8.512535383470789,8.263486282251606,7.958872206908751,7.602909596889969,7.200449287788245,6.756908977917998,6.27819813393991,5.770636387270259,5.240866562679127,4.69576355411411,4.142340319355021,3.5876523038224697,3.038701624193462,2.502342344142251,1.9851881575092525,1.493523758752738,1.0332211271635794,0.609661880781024,0.22766676923757367,-0.10856672689000169,-0.39551783780148725,-0.6303862618765287,-0.8111256504883706,-0.9364663772234475,-1.0059272998712778,-1.0198163788858967,-0.9792201731355115,-0.8859823904378639,-0.7426718244180619,-0.5525401584550599,-0.3194702598016885,-0.047915720369303694,0.2571674767148162,0.590396175564589,0.9460410657487457,1.3181123343650814,1.700448721979708,2.0868087057708995,2.4709625046387353,2.846783590945237,3.2083384020703924,3.54997297197968,3.8663952481102495,4.152751921452153,4.404698676837981,4.618462865035971,4.7908977069265495,4.9195272612906535,5.002581519833022,5.039021134134904,5.02855142728216,4.9716254958516375,4.869436363597664,4.723898304359806,4.537617606203545,4.313853199422617,4.056467715644766,3.7698696818465316,3.4589476796653296,3.128997415207796,2.7856427459673254,2.4347517980451476,2.0823493773920076,1.734526932251664,1.397351359633872,1.076773965966182,0.778540890821107,0.5081062828020504,0.2705494785723404,0.07049738016066051,-0.08794684714318934,-0.20126772275226268,-0.2665931145158837,-0.281740804831373,-0.24525527403788816,-0.15643415407935135,-0.01534395134881228,0.17717521066266784,0.4195159229333516,0.7093208339038857,1.043510785052511,1.4183233671155522,1.8293613770443666,2.2716505150287976,2.7397055293556356,3.2276038963679228,3.729066015051915,4.237540802327436,4.746295497279382,5.248508421446768,5.737363398751735,6.206144513325506,6.6483298767381545,7.0576830880683525,7.428341100700051,7.754897258285956,8.032478328299064,8.256814444083858,8.424300964166505,8.532051369419687
-1.4937025724660704,-1.1886681211070877,-0.8298782985349562,-0.42113702063684244,0.033066754449665975,0.527616164250161,1.0568323630398977,1.6145483272205354,2.1941895352198957,2.7888604153401637,3.3914353736141507,3.9946531489505244,4.591213195571662,5.173872763638986,5.735543338433648,6.269385106666254,6.768898145316766,7.228009073481065,7.641151970395255,8.003342442244136,8.310243815425554,8.558224543304359,8.74440603561639,8.866700252862007,8.923836550392855,8.915377406448238,8.841722823042126,8.704103346168882,8.504561810076702,8.245924067132131,7.931759117869774,7.5663292030417555,7.154530558789004,6.701825665498695,6.2141679386762245,5.69791991459746,5.159766073156291,4.606621513930813,4.04553775803155,3.4836069869792246,2.9278660501520584,2.3852015739656185,1.8622574888868177,1.3653462548855773,0.9003650124998058,0.4727178160901814,0.08724501909144333,-0.25183922064680925,-0.5410004625569648,-0.777427806314978,-0.9590674274803114,-1.0846453825658449,-1.1536793917303478,-1.1664794626954142,-1.1241373766774518,-1.0285052138791975,-0.882163250197726,-0.6883777061075631,-0.4510489710679644,-0.17465106027963584,0.13583681669792158,0.4750055857861135,0.8370974508917974,1.2160916825847894,1.6057938222976156,1.9999270246761054,2.3922242320785694,2.77651986507594,3.1468397212810166,3.4974878018043745,3.8231288297094865,4.118865287376845,4.380307878796383,4.603638417366647,4.785664248446203,4.923863437138454,5.016420083878039,5.062249271455553,5.061011295171202,5.013114980752343,4.919710050341251,4.782668653056151,4.6045563311413975,4.388592843366762,4.138603411980611,3.8589610961216962,3.554521121217604,3.230548108753088,2.892637252254227,2.5466305719677984,2.198529451293846,1.8544047115522084,1.5203055173721411,1.2021684223798914,0.9057278636730559,0.6364293938258508,0.399346901140466,0.19910501308018935,0.03980780507283421,-0.07502515181778863,-0.14251447424120012,-0.16046756744518964,-0.12741545843337077,-0.04263931414368871,0.09381375674910286,0.2811258681626514,0.5177145815346071,0.8012501290696417,1.1286834170364428,1.4962844378122402,1.8996905714573713,2.3339641168951175,2.7936582612606085,3.272890575526265,3.7654230168145912,4.264747324396113,4.764174618565895,5.256927950499837,5.736236507682296,6.195430154190653,6.62803297838694,7.027854532505435,7.389077479080578,7.706340407711777,7.974814651637605,8.190274016071433,8.349156428082793,8.44861662962435
-1.4069426088837345,-1.0992847930697822,-0.7385163595228506,-0.3284507125773707,0.12641683860503009,0.6209662484055252,1.1495186710993694,1.7059102662326413,2.283572863257201,2.8756203789224997,3.474939799629902,4.074285476248643,4.666375431686385,5.243988352468241,5.8000599251191876,6.327777186416494,6.820669583469886,7.272695484723375,7.67832294572527,8.032603613002934,8.33123874449533,8.570636434405934,8.747959252508688,8.861161641158224,8.909016555654466,8.89113098319507,8.807950130319302,8.660750226335042,8.451620048517475,8.183431431653402,7.859799177581808,7.485030927602761,7.0640676999299465,6.602415923795256,6.1060719195636715,5.581439878634871,5.035244486533243,4.47443940616759,3.906112894748551,3.337391866498068,2.775345733535673,2.2268913589034307,1.6987004385799036,1.1971105937820505,0.7280414013692099,0.29691651950429865,-0.0914070211051175,-0.43270139184204004,-0.7234215534351673,-0.960749129746672,-1.142625979262463,-1.2677770208646681,-1.3357220219796186,-1.3467762126771081,-1.3020397465585387,-1.2033761860986147,-1.0533803442899825,-0.8553359638135922,-0.6131638574180489,-0.33136126673628374,-0.014933319520307187,0.3306824244894113,0.6996972526717522,1.0860572364629437,1.4835325947630682,1.8858092056761864,2.286580959769519,2.6796416378468115,3.0589750046659576,3.4188418369638596,3.753862649194426,4.059094942895495,4.330103884687305,4.563025412446546,4.754620877854249,4.902322454743717,5.004268674758935,5.059329592904841,5.067121233632154,5.028009121056176,4.943100852597842,4.81422783155425,4.643916428645792,4.435348993262855,4.192315279816024,3.919154991234217,3.6206922683231424,3.302163068600237,2.969136479737125,2.6274310994298835,2.283027684154637,1.9419793228507278,1.610320427346097,1.293975848792087,0.9986714282571031,0.7298472699542231,0.49257498762024154,0.29148011885645964,0.130670829567555,0.013673942017141671,-0.05662078329477327,-0.07800729828042552,-0.0490001649374614,0.031138847514473156,0.16238486780933314,0.34394498032415366,0.5742643302606099,0.8510432146138192,1.1712649412933775,1.5312340857854916,1.926624626883938,2.352537302360337,2.8035653939791976,3.273868030849188,3.7572499924435157,4.247246899242873,4.737214601179211,5.220421512990645,5.690142602107691,6.1397537093996855,6.562824876384269,6.953211364446208,7.305141082066647,7.613297184610565,7.872894677185425,8.079749933547967,8.230342141847704,8.321865799786025
-1.3524054692442138,-1.0427690424554612,-0.6806762398611634,-0.26994681681979127,0.1849207343626095,0.6788063680672122,1.2060344217136905,1.7604474058721622,2.3354866384417523,2.9242786165404655,3.519725938530236,4.114601523965581,4.701644832117854,5.273658750755995,5.823605816471642,6.344702436171829,6.83050980631441,7.275020271655605,7.672737928086283,8.018752353674923,8.308804447199117,8.539343462900446,8.707574452407119,8.81149545802205,8.849923944003512,8.82251210207446,8.729750822087674,8.572962276378028,8.354281224640959,8.076625302967647,7.743654713745027,7.359721880345917,6.929811769828719,6.459473716284915,5.954745695203295,5.422072103614035,4.86821619037223,4.300168354486804,3.7250515858696063,3.1500253614838942,2.5821893300756966,2.0284881201987286,1.495618589078589,0.9899407942536662,0.5173939163855389,0.08341829090994857,-0.3071153806981367,-0.649968671118031,-0.9415890652646498,-1.1791538699266129,-1.3606038059590746,-1.4846658395117283,-1.5508649603591007,-1.559524770955984,-1.5117569071757435,-1.4094394685886602,-1.255184790393799,-1.0522970385614656,-0.804720252272485,-0.5169775913523011,-0.19410266921479669,0.15843603787157945,0.534816618152119,0.9289498205306088,1.3345685873653619,1.7453197449693487,2.1548565441426026,2.5569307328339654,2.9454828514276548,3.314729468051011,3.6592461163152876,3.9740447603886304,4.254644691369418,4.497135853456806,4.698233707061726,4.855324857226826,4.966502807810437,5.0305933429680065,5.047169185538201,5.016553734914982,4.939813842698156,4.818741740660858,4.6558263901440995,4.454214672700482,4.217662986530758,3.950479949941971,3.657461039772504,3.343816107685351,3.0150908188014247,2.6770831438928915,2.33575610705537,1.9971480444268974,1.6672816653605096,1.3520732249783474,1.0572431159876905,0.7882291680362156,0.5501039049987269,0.34749695495339555,0.18452373500469865,0.0647214445657851,-0.009006702527792565,-0.03443819318230279,-0.010068191677084615,0.06486377017691813,0.19035779157305144,0.36564854065236974,0.5892112274070018,0.8587785504729684,1.1713684008688432,1.5233219528142716,1.9103516239513725,2.32759824668114,2.769696660904334,3.230848818080325,3.7049033788924888,4.1854406934584025,4.665861975272232,5.139481419018253,5.599619968918936,6.039699418999228,6.453335519927256,6.83442877903449,7.177251670567648,7.476531021760598,7.727524406264173,7.926089458915091,8.06874512361159,8.15272395782346
-1.329790143771309,-1.0188293479351906,-0.6560727692450006,-0.24534334620362838,0.20886042888288003,0.7014216935401167,1.2266711362117948,1.7784607559152967,2.350244450918302,2.9351643302993833,3.5261415611057574,4.115970499255634,4.6974148052641915,5.263304216967033,5.80663064108556,6.320642233874937,6.798934168105225,7.235534828875202,7.624986243616858,7.962417631237296,8.243611050552214,8.465058237657463,8.62400784412953,8.718502421229681,8.747404637741486,8.71041236870142,8.608062446989248,8.441723027360098,8.21357467081379,7.926580413989452,7.584445241346768,7.191565525103275,6.752969137176965,6.274247066783126,5.761477495041044,5.221143382311609,4.660044713550032,4.085206620466446,3.5037846557140195,2.9229685328825052,2.3498856662295813,1.7915058455560007,1.2545483644087927,0.7453928841285823,0.2699952626497759,-0.16619049382448348,-0.5582830851155405,-0.9020366080889263,-1.1938942305860034,-1.4310321217646365,-1.6113930497475475,-1.7337092030326222,-1.7975139437793897,-1.8031423567146017,-1.7517206148072026,-1.645144339833889,-1.4860462902830862,-1.277753858557314,-1.0242370020299156,-0.7300473661882032,-0.40024948097404245,-0.04034502178946742,0.34380877707837043,0.7460853879914888,1.1601787015171103,1.5796949042010187,1.998245213988343,2.409538154454249,2.8074700573733926,3.186212510030459,3.5402955086670094,3.8646851419293284,4.154854707238263,4.406848257522868,4.61733568440342,4.783658565136913,4.903866132732188,4.976740869732638,5.001813374255592,4.979366299873879,4.910427326663349,4.79675127701775,4.64079164444031,4.445661954273802,4.215087520097096,3.9533482962499162,3.665213653716204,3.3558700216082338,3.030842438123017,2.695911141652206,2.357024403490125,2.0202088572998917,1.691478616405352,1.3767444875675203,1.0817245889282665,0.8118576602732828,0.5722203159542465,0.3674494352491229,0.20167081241192752,0.07843510019134803,0.0006619774289156055,-0.029406645063340564,-0.01024369415605575,0.05893626879922054,0.1781609267598503,0.34669501265734715,0.5630461381247354,0.8249815849070186,1.1295558427562078,1.4731485247402916,1.8515121431307593,2.2598290884648615,2.692777022994057,3.144601779387884,3.609196747966603,4.080187642410009,4.551021456158426,5.015058360688084,5.465665253377065,5.896309637400799,6.300652509374124,6.672638942394077,7.006585082576267,7.297260325697932,7.539963506489882,7.730592015537564,7.865702856507611,7.9425647681419065
-1.3384038990454186,-1.0267793271134078,-0.6640227484232177,-0.25395710147773787,0.19892230456140458,0.6895049582438411,1.2121310364605495,1.7606651185974662,2.3285767148828396,2.9090265030805247,3.4949570866014303,4.0791870226075915,4.654506821680851,5.213775591786572,5.750016988994288,6.256513145871372,6.726895275530441,7.155229694611396,7.53609807138485,7.864670784796014,8.136772375514852,8.348938179585492,8.498461357542782,8.583429665173275,8.602751454574065,8.55617054380861,8.444269748176936,8.26846302373855,8.030976332041215,7.734817491796814,7.383735436309746,6.982169442657142,6.535189037880796,6.048425416826494,5.527995323944239,4.98041845569503,4.412529529735293,3.8313862405164785,3.2441743773182505,2.65811141924201,2.0803499417924733,1.5178821710918244,0.9774470044893278,0.4654407805984393,-0.012166971879036148,-0.44991164803626643,-0.8429044718808157,-1.18689522320466,-1.478325932218407,-1.7143748153474894,-1.8929898630628224,-2.012911636247291,-2.0736849793323873,-2.0756595141404404,-2.0199789358468117,-1.9085592895175563,-1.7440565600733147,-1.5298240581091247,-1.2698602266601984,-0.968747627741829,-0.6315839904294693,-0.2639063126575969,0.12839089474487042,0.5391420523488573,0.9620004109544003,1.3905301242523789,1.8182991858142465,2.2389719106056063,2.6463996495584605,3.0347084525878003,3.398382440413327,3.7323417080037933,4.032013661509946,4.293396785070183,4.513115942519128,4.688468440264284,4.817460209702439,4.89883160865565,4.93207248942011,4.917426334044693,4.855883413225861,4.749163081519581,4.599685476219249,4.410533038045759,4.185402416610663,3.9285474603992356,3.644714117844707,3.339068191135445,3.0171169860879514,2.684625988292581,2.347531766568739,2.0118523585503576,1.6835964292001449,1.3686725107137163,1.0727996313709538,0.8014206214344224,0.5596193464555939,0.35204306286197173,0.18283101824311043,0.05555033035367618,-0.02685992424650374,-0.06213559733669172,-0.048724645328133365,0.014185954191639372,0.12665394897044768,0.28797647358070066,0.49669572276440555,0.750615577000004,1.0468289648878477,1.3817555941252984,1.7511895351201008,2.150356000760204,2.5739765345072354,3.0163416986676186,3.4713902471238303,3.9327936735018225,4.394044948033877,4.848550195351832,5.289722021984256,5.711073177053288,6.106309222939329,6.469418904608316,6.7947609367192205,7.077145976129263,7.3119126133179755,7.4949962986392045,7.6229902170316794,7.693197236505447
-1.3771750820557727,-1.065550510123762,-0.7034577075294641,-0.29471642963135025,0.15618436543299197,0.6441436546604588,1.163514195310582,1.7081761787298668,2.2716176838318436,2.847020824744061,3.427352406121251,4.0054578351921135,4.574156992668252,5.126340735863163,5.655066697158587,6.1536530494644515,6.615768937434499,7.035520318547253,7.40753002111143,7.727010905926512,7.989831113610745,8.192570489166606,8.33256739765424,8.407955278173716,8.41768842584912,8.361556641164164,8.240188540723251,8.055043481133836,7.808392206016439,7.503286482927656,7.1435181500314755,6.733568139528835,6.278546184092028,5.784122041897552,5.256449193495523,4.7020820680481545,4.127887945953189,3.5409547582885725,2.9484960598456182,2.357754490972765,1.7759050634961602,1.2099596073402226,0.6666736971270488,0.1524573422374903,-0.32670932992295604,-0.7653542386336795,-1.1585842908286863,-1.5021481286692004,-1.7924898296333969,-2.0267928324949014,-2.2030135001096274,-2.3199038756324257,-2.377023340590363,-2.374739039012187,-2.314215089362616,-2.1973907631399214,-2.0269479634572622,-1.8062684865715444,-1.5393816920459618,-1.2309033410293928,-0.8859664851297357,-0.5101453988232332,-0.10937364472989808,0.31014255795401025,0.7420144271736235,1.1797628922461454,1.616911738133467,2.047080298958537,2.464074388283665,2.8619741805019814,3.235217802655656,3.5786794584433386,3.887740985225123,4.158355839353752,4.38710461381436,4.571241313402398,4.708729744793313,4.798269519988031,4.839311319758785,4.832061216775067,4.777474013895554,4.677235709466383,4.533735356159069,4.35002673072719,4.129780376927843,3.8772267206956013,3.5970910835397807,3.2945215352682427,2.9750106288961895,2.6443121475390585,2.308354063987068,1.9731489675130118,1.6447032485142041,1.3289263493242667,1.0315413886999565,0.7579984481036328,0.5133917702363058,0.3023820648610177,0.12912504457330165,-0.0027927751538801004,-0.0904100803519916,-0.13143775234090627,-0.12429616376785146,-0.06814222742990017,0.03711420606166427,0.1908048543882339,0.3915085110252541,0.6370674952995055,0.9246148304407176,1.250611782282503,1.6108952435833064,2.000734308441246,2.4148952499548333,2.8477139939927083,3.293175074383507,3.7449959615451363,4.196715578865488,4.641785760126886,5.073664357804607,5.485908686786357,5.872267981321432,6.226773554919133,6.543825383318414,6.818273879125219,7.045495692587479,7.221462455331135,7.342801481563082,7.406847552890403
