0.00023934621876466094,0.0002792554593235643,0.0003244962351616837,0.00037553511310944046,0.0004328369687430927,0.0004968566022476992,0.0005680292782555161,0.0006467602731820368,0.0007334135563762951,0.0008282997761492947,0.0009316637669896574,0.0010436718383353017,0.0011643991462799274,0.0012938174855692632,0.001431783868155406,0.0015780302744273493,0.0017321549721080486,0.001893615793863641,0.002061725745946574,0.0022356512839437283,0.0024144135326105635,0.002596892632629254,0.002781835238808383,0.0029678649036358837,0.0031534945034220494,0.003337138667411805,0.003517121655245387,0.0036916708941306976,0.003858875736263078,0.004016569955265925,0.004162056315002749,0.0042915175825587815,0.004398827533594339,0.004473253791348505,0.004495185730242708,0.00442846992460321,0.004207138596066048,0.0037132426269609027,0.002741181730405231,0.0009425107157116641,-0.002255970656449378,-0.007768381032867419,-0.017006372524205077,-0.03207831223525873,-0.05602524535250755,-0.09307543001160393,-0.14888246157084173,-0.23069253581428106,-0.3473678256017335,-0.5091808540999316,-0.7272961198880489,-1.0128769665457575,-1.375802361795052,-1.8230494843487999,-2.356886307962631,-2.973108335683576,-3.6596235594128155,-4.395715786357012,-5.152279144603397,-5.893207603198081,-6.577951188460357,-7.1650420260932535,-7.616189760013102,-7.900394366715417,-7.997465571757018,-7.900394366715417,-7.616189760013102,-7.1650420260932535,-6.577951188460357,-5.893207603198081,-5.152279144603397,-4.395715786357012,-3.6596235594128155,-2.973108335683576,-2.356886307962631,-1.8230494843487999,-1.375802361795052,-1.0128769665457575,-0.7272961198880489,-0.5091808540999316,-0.3473678256017335,-0.23069253581428106,-0.14888246157084173,-0.09307543001160393,-0.05602524535250755,-0.03207831223525873,-0.017006372524205077,-0.007768381032867419,-0.002255970656449378,0.0009425107157116641,0.002741181730405231,0.0037132426269609027,0.004207138596066048,0.00442846992460321,0.004495185730242708,0.004473253791348505,0.004398827533594339,0.0042915175825587815,0.004162056315002749,0.004016569955265925,0.003858875736263078,0.0036916708941306976,0.003517121655245387,0.003337138667411805,0.0031534945034220494,0.0029678649036358837,0.002781835238808383,0.002596892632629254,0.0024144135326105635,0.0022356512839437283,0.002061725745946574,0.001893615793863641,0.0017321549721080486,0.0015780302744273493,0.001431783868155406,0.0012938174855692632,0.0011643991462799274,0.0010436718383353017,0.0009316637669896574,0.0008282997761492947,0.0007334135563762951,0.0006467602731820368,0.0005680292782555161,0.0004968566022476992,0.0004328369687430927,0.00037553511310944046,0.0003244962351616837,0.0002792554593235643
0.00030991351641127213,0.0003615893404236607,0.00042016861523957804,0.00048625546724883364,0.0005604518329485875,0.0006433466028813532,0.0007355033723002654,0.000837446906709012,0.0009496484858353965,0.0010725103475378213,0.0012063495117290103,0.0013513813214516162,0.0015077030913420335,0.0016752783003043585,0.0018539218026617722,0.002043286557777248,0.0022428523896907016,0.0024519172834049784,0.0026695917007516913,0.0028947963533079496,0.0031262637972385107,0.003362544103099022,0.00360201467372583,0.0038428939677320564,0.004083258281711684,0.004321059517742344,0.004554139317187485,0.0047802296773341475,0.004996919487409053,0.005201545352024091,0.005390924861501375,0.005560776488371803,0.005704539452592761,0.005811085184092725,0.005860453400501904,0.005816195073867505,0.005612107546275914,0.005130073187464227,0.004164394036080444,0.0023666012441048868,-0.0008364532664816944,-0.006358759787631843,-0.015611766945088874,-0.030703565704942048,-0.05467485628923409,-0.09175348812942184,-0.14759259036106268,-0.22943784223679228,-0.34615085780976734,-0.5080035678443714,-0.7261598540633689,-1.0117824281551295,-1.3747496204324416,-1.8220379761258154,-2.3559148486514108,-2.9721751427070906,-3.6587262821925504,-4.39485154442592,-5.151444572809224,-5.892398903257548,-6.577164186076556,-7.164272232814602,-7.61543243898977,-7.899644601495416,-7.996718337256679,-7.899644601495416,-7.61543243898977,-7.164272232814602,-6.577164186076556,-5.892398903257548,-5.151444572809224,-4.39485154442592,-3.6587262821925504,-2.9721751427070906,-2.3559148486514108,-1.8220379761258154,-1.3747496204324416,-1.0117824281551295,-0.7261598540633689,-0.5080035678443714,-0.34615085780976734,-0.22943784223679228,-0.14759259036106268,-0.09175348812942184,-0.05467485628923409,-0.030703565704942048,-0.015611766945088874,-0.006358759787631843,-0.0008364532664816944,0.0023666012441048868,0.004164394036080444,0.005130073187464227,0.005612107546275914,0.005816195073867505,0.005860453400501904,0.005811085184092725,0.005704539452592761,0.005560776488371803,0.005390924861501375,0.005201545352024091,0.004996919487409053,0.0047802296773341475,0.004554139317187485,0.004321059517742344,0.004083258281711684,0.0038428939677320564,0.00360201467372583,0.003362544103099022,0.0031262637972385107,0.0028947963533079496,0.0026695917007516913,0.0024519172834049784,0.0022428523896907016,0.002043286557777248,0.0018539218026617722,0.0016752783003043585,0.0015077030913420335,0.0013513813214516162,0.0012063495117290103,0.0010725103475378213,0.0009496484858353965,0.000837446906709012,0.0007355033723002654,0.0006433466028813532,0.0005604518329485875,0.00048625546724883364,0.00042016861523957804,0.0003615893404236607
0.0003996569004997539,0.00046629678085964945,0.0005418391827450332,0.0006270631727911941,0.0007227449936013552,0.0008296440640342964,0.0009484871827615119,0.0010799510745581038,0.0012246434902491127,0.0013830831459513428,0.0015556788628007078,0.0017427083419259688,0.0019442970779091058,0.0021603979740505838,0.002390772271053513,0.002634972433936834,0.0028923276569544753,0.003161932640149832,0.0034426402611425558,0.0037330587085736126,0.0040315535538607864,0.004336255103573728,0.004645071167370715,0.004955705029040119,0.0052656777684895045,0.00557235281830306,0.005872958053994782,0.00616459541389863,0.0064442173275509355,0.0067085281289361275,0.006953728392890035,0.007174946129138446,0.007365067914974794,0.00751246132472261,0.007596721402845351,0.007581023191607546,0.007398865326947826,0.006931915874090803,0.005974352654976164,0.004177676735565176,0.0009688063735587386,-0.004566085488780699,-0.013838188696913268,-0.028955243039784112,-0.05295751003373305,-0.09007231934399632,-0.14595220719117613,-0.2278421959332905,-0.34460318896569947,-0.5065063636699403,-0.7247148172866805,-1.0103904579016898,-1.3734108052078078,-1.820751598809533,-2.354679403211374,-2.970988362165532,-3.6575851772204517,-4.393752451812855,-5.150383212950312,-5.891370445717074,-6.576163322226535,-7.16329325450342,-7.614469322167364,-7.898691093704147,-7.995768047887461,-7.898691093704147,-7.614469322167364,-7.16329325450342,-6.576163322226535,-5.891370445717074,-5.150383212950312,-4.393752451812855,-3.6575851772204517,-2.970988362165532,-2.354679403211374,-1.820751598809533,-1.3734108052078078,-1.0103904579016898,-0.7247148172866805,-0.5065063636699403,-0.34460318896569947,-0.2278421959332905,-0.14595220719117613,-0.09007231934399632,-0.05295751003373305,-0.028955243039784112,-0.013838188696913268,-0.004566085488780699,0.0009688063735587386,0.004177676735565176,0.005974352654976164,0.006931915874090803,0.007398865326947826,0.007581023191607546,0.007596721402845351,0.00751246132472261,0.007365067914974794,0.007174946129138446,0.006953728392890035,0.0067085281289361275,0.0064442173275509355,0.00616459541389863,0.005872958053994782,0.00557235281830306,0.0052656777684895045,0.004955705029040119,0.004645071167370715,0.004336255103573728,0.0040315535538607864,0.0037330587085736126,0.0034426402611425558,0.003161932640149832,0.0028923276569544753,0.002634972433936834,0.002390772271053513,0.0021603979740505838,0.0019442970779091058,0.0017427083419259688,0.0015556788628007078,0.0013830831459513428,0.0012246434902491127,0.0010799510745581038,0.0009484871827615119,0.0008296440640342964,0.0007227449936013552,0.0006270631727911941,0.0005418391827450332,0.00046629678085964945
0.0005132949190425363,0.0005988831121941218,0.0006959051603848313,0.0008053616492294499,0.0009282495373284178,0.0010655441758921098,0.0012181790207542148,0.0013870232158935255,0.0015728573193590986,0.0017763475384574563,0.0019980189380923294,0.0022382281806375567,0.00249713644367517,0.0027746832390935093,0.0030705619190754046,0.003384197697163287,0.0037147290318751292,0.004060993212635956,0.004421516949741196,0.0047945126980674475,0.005177881332721951,0.005569221631982792,0.0059658467807476665,0.006364807720051405,0.00676292248383618,0.007156809352183951,0.0075429190164665715,0.007917555599650074,0.008276865610936546,0.0086167527683986,0.008932636347860559,0.009218896682504963,0.009467720563028957,0.009666837554022409,0.009795279630279841,0.009815745811058076,0.00966135649411027,0.009213508380477336,0.008266222002057535,0.006470960328236815,0.003254725614660567,-0.00229610250025015,-0.011592386180099952,-0.026741420533981326,-0.050782911564896685,-0.0879435307814503,-0.14387506362265362,-0.22582170065035934,-0.3426434453858621,-0.5046105212358218,-0.7228850320864433,-1.0086278684575984,-1.371715523590476,-1.819122716961523,-2.353115014111838,-2.9694855952422916,-3.6561402472203666,-4.392360720177009,-5.149039260607167,-5.890068156102726,-6.574895973263684,-7.16205361821592,-7.613249770571054,-7.897483709592602,-7.9945647391192765,-7.897483709592602,-7.613249770571054,-7.16205361821592,-6.574895973263684,-5.890068156102726,-5.149039260607167,-4.392360720177009,-3.6561402472203666,-2.9694855952422916,-2.353115014111838,-1.819122716961523,-1.371715523590476,-1.0086278684575984,-0.7228850320864433,-0.5046105212358218,-0.3426434453858621,-0.22582170065035934,-0.14387506362265362,-0.0879435307814503,-0.050782911564896685,-0.026741420533981326,-0.011592386180099952,-0.00229610250025015,0.003254725614660567,0.006470960328236815,0.008266222002057535,0.009213508380477336,0.00966135649411027,0.009815745811058076,0.009795279630279841,0.009666837554022409,0.009467720563028957,0.009218896682504963,0.008932636347860559,0.0086167527683986,0.008276865610936546,0.007917555599650074,0.0075429190164665715,0.007156809352183951,0.00676292248383618,0.006364807720051405,0.0059658467807476665,0.005569221631982792,0.005177881332721951,0.0047945126980674475,0.004421516949741196,0.004060993212635956,0.0037147290318751292,0.003384197697163287,0.0030705619190754046,0.0027746832390935093,0.00249713644367517,0.0022382281806375567,0.0019980189380923294,0.0017763475384574563,0.0015728573193590986,0.0013870232158935255,0.0012181790207542148,0.0010655441758921098,0.0009282495373284178,0.0008053616492294499,0.0006959051603848313,0.0005988831121941218
0.0006565676278220148,0.0007660455027480527,0.0008901486911174836,0.0010301570655710842,0.0011873458593501059,0.0013629626671739423,0.0015582014943983165,0.001774174083569715,0.002011878864884197,0.002272167999808202,0.002555713111234659,0.0028629704144125336,0.0031941460753893477,0.003549162722409085,0.003927628115065774,0.004328807030597407,0.004751597451439229,0.005194512128476802,0.005655666546285019,0.006132774225940813,0.00662315016205102,0.007123722991869604,0.007631056208410759,0.008141378291049476,0.008650620886397802,0.009154462800065889,0.009648374864055492,0.010127655330495314,0.01058743461915864,0.011022607046406839,0.011427606840743156,0.011795871678614098,0.012118706072738891,0.012383035196853511,0.01256718111794403,0.012633242694276885,0.012513863447907354,0.012090097948940223,0.011155768420903125,0.009362289801725508,0.006136770250105257,0.0005658500031514059,-0.008760919967527092,-0.02395027412690165,-0.048041218097049074,-0.08525959359488348,-0.14125623948789404,-0.2232742976247361,-0.3401726369821519,-0.5022202782129468,-0.7205780728004196,-1.006405628336208,-1.3695781439302728,-1.8170690529005091,-2.351142661313455,-2.967590934542309,-3.6543185062417436,-4.390606050710587,-5.147344830387932,-5.888426253480208,-6.5732981231673415,-7.16049070774732,-7.611712182509062,-7.895961462070015,-7.993047629714108,-7.895961462070015,-7.611712182509062,-7.16049070774732,-6.5732981231673415,-5.888426253480208,-5.147344830387932,-4.390606050710587,-3.6543185062417436,-2.967590934542309,-2.351142661313455,-1.8170690529005091,-1.3695781439302728,-1.006405628336208,-0.7205780728004196,-0.5022202782129468,-0.3401726369821519,-0.2232742976247361,-0.14125623948789404,-0.08525959359488348,-0.048041218097049074,-0.02395027412690165,-0.008760919967527092,0.0005658500031514059,0.006136770250105257,0.009362289801725508,0.011155768420903125,0.012090097948940223,0.012513863447907354,0.012633242694276885,0.01256718111794403,0.012383035196853511,0.012118706072738891,0.011795871678614098,0.011427606840743156,0.011022607046406839,0.01058743461915864,0.010127655330495314,0.009648374864055492,0.009154462800065889,0.008650620886397802,0.008141378291049476,0.007631056208410759,0.007123722991869604,0.00662315016205102,0.006132774225940813,0.005655666546285019,0.005194512128476802,0.004751597451439229,0.004328807030597407,0.003927628115065774,0.003549162722409085,0.0031941460753893477,0.0028629704144125336,0.002555713111234659,0.002272167999808202,0.002011878864884197,0.001774174083569715,0.0015582014943983165,0.0013629626671739423,0.0011873458593501059,0.0010301570655710842,0.0008901486911174836,0.0007660455027480527
0.0008364207876010418,0.0009758878683559691,0.0011339865655215545,0.0013123473464508385,0.0015125947682295257,0.0017363181784184505,0.001985038655513896,0.002260172481003009,0.002562991584441228,0.0028945815593527636,0.0032557980058699797,0.0036472221100008395,0.004069116512733131,0.004521382647927,0.005003520829050221,0.00551459443436861,0.006053199571775482,0.006617441592294345,0.007204919760447803,0.007812721275516016,0.008437425664338439,0.009075120322443982,0.009721427639302045,0.010371543641355159,0.0110202872750824,0.011662158004586885,0.012291396624375088,0.012902038696353906,0.013487939122468155,0.014042725096479228,0.014559594296854116,0.015030801063771058,0.015446542368370056,0.01579273361610673,0.016046805712184923,0.016170104120512733,0.01609467373133471,0.015701139630798465,0.014783075101880608,0.01299183478764157,0.009754659789045576,0.004158517478061254,-0.005206522556624526,-0.02044649099195855,-0.044599514247526145,-0.08189039238577221,-0.13796877602360624,-0.2200764905385717,-0.33707098069044433,-0.4992197572905322,-0.7176820996551674,-1.003616004889952,-1.366895047555466,-1.814491046428485,-2.3486667265313868,-2.965212528239365,-3.6520316375554773,-4.388403378264507,-5.145217777500116,-5.8863651395582,-6.571292309281861,-7.158528754290698,-7.6097820167870385,-7.89405055364066,-7.991143171268571,-7.89405055364066,-7.6097820167870385,-7.158528754290698,-6.571292309281861,-5.8863651395582,-5.145217777500116,-4.388403378264507,-3.6520316375554773,-2.965212528239365,-2.3486667265313868,-1.814491046428485,-1.366895047555466,-1.003616004889952,-0.7176820996551674,-0.4992197572905322,-0.33707098069044433,-0.2200764905385717,-0.13796877602360624,-0.08189039238577221,-0.044599514247526145,-0.02044649099195855,-0.005206522556624526,0.004158517478061254,0.009754659789045576,0.01299183478764157,0.014783075101880608,0.015701139630798465,0.01609467373133471,0.016170104120512733,0.016046805712184923,0.01579273361610673,0.015446542368370056,0.015030801063771058,0.014559594296854116,0.014042725096479228,0.013487939122468155,0.012902038696353906,0.012291396624375088,0.011662158004586885,0.0110202872750824,0.010371543641355159,0.009721427639302045,0.009075120322443982,0.008437425664338439,0.007812721275516016,0.007204919760447803,0.006617441592294345,0.006053199571775482,0.00551459443436861,0.005003520829050221,0.004521382647927,0.004069116512733131,0.0036472221100008395,0.0032557980058699797,0.0028945815593527636,0.002562991584441228,0.002260172481003009,0.001985038655513896,0.0017363181784184505,0.0015125947682295257,0.0013123473464508385,0.0011339865655215545,0.0009758878683559691
0.0010612141225614306,0.0012381638563838517,0.0014387525704351678,0.0016650489304002485,0.0019191141032751957,0.002202964583750504,0.0025185302497126496,0.002867608017185204,0.003251811654772631,0.003672518516070629,0.004130814149116069,0.004627435937304382,0.005162717108040527,0.005736532604928746,0.006348248447588018,0.006996676291452752,0.007680034940035825,0.008395920546892319,0.009141287167824128,0.009912439180360487,0.010705036871154068,0.011514116191694028,0.01233412327296958,0.013158963707948735,0.013982065710948783,0.014796454720758263,0.015594834143099203,0.016369661339382446,0.017113196978197014,0.017817484512905168,0.018474176093350267,0.019074047041457754,0.01960591004373514,0.0200544184250632,0.020395889252950244,0.02059072634518286,0.020570226379178463,0.020214477641335576,0.019316742270935904,0.017528299550202686,0.014276556740847346,0.008648890091369557,-0.0007639826048491706,-0.01606721238017585,-0.04029782676407673,-0.07767932388478375,-0.13385986919869614,-0.21607964266366053,-0.33319430895128527,-0.4954694917650518,-0.7140625054146391,-1.0001293341050852,-1.36354152191903,-1.8112688696643524,-2.3455721262614255,-2.9622398260339295,-3.649173345606457,-4.385650320794802,-5.142559234759601,-5.883789012050455,-6.568785299712604,-7.156076564620565,-7.607369557699785,-7.891662163694295,-7.988762842973024,-7.891662163694295,-7.607369557699785,-7.156076564620565,-6.568785299712604,-5.883789012050455,-5.142559234759601,-4.385650320794802,-3.649173345606457,-2.9622398260339295,-2.3455721262614255,-1.8112688696643524,-1.36354152191903,-1.0001293341050852,-0.7140625054146391,-0.4954694917650518,-0.33319430895128527,-0.21607964266366053,-0.13385986919869614,-0.07767932388478375,-0.04029782676407673,-0.01606721238017585,-0.0007639826048491706,0.008648890091369557,0.014276556740847346,0.017528299550202686,0.019316742270935904,0.020214477641335576,0.020570226379178463,0.02059072634518286,0.020395889252950244,0.0200544184250632,0.01960591004373514,0.019074047041457754,0.018474176093350267,0.017817484512905168,0.017113196978197014,0.016369661339382446,0.015594834143099203,0.014796454720758263,0.013982065710948783,0.013158963707948735,0.01233412327296958,0.011514116191694028,0.010705036871154068,0.009912439180360487,0.009141287167824128,0.008395920546892319,0.007680034940035825,0.006996676291452752,0.006348248447588018,0.005736532604928746,0.005162717108040527,0.004627435937304382,0.004130814149116069,0.003672518516070629,0.003251811654772631,0.002867608017185204,0.0025185302497126496,0.002202964583750504,0.0019191141032751957,0.0016650489304002485,0.0014387525704351678,0.0012381638563838517
0.0013409546024968763,0.0015645490260304173,0.0018180137638222687,0.002103962790481495,0.002425000605242675,0.00278367525922824,0.003182425354204891,0.0036235214807734204,0.00410900280369005,0.0046406097527174955,0.0052197140308944,0.005847247398963484,0.006523630924470583,0.007248706585643543,0.00802167328226339,0.008841029417302304,0.009704524263855414,0.010609120312810624,0.0115509687002693,0.012525399633719772,0.013526929466027408,0.014549285695918018,0.01558545067827807,0.016627724146722367,0.01766780364111346,0.018696880272949926,0.019705744269004337,0.020684889024254707,0.021624591289020542,0.022514923656187198,0.023345614967155662,0.02410560000317901,0.02478196879983503,0.02535780410596499,0.025808036891524253,0.026091899157804015,0.026139756480703893,0.025831029134737393,0.024958592061378293,0.023173630761257984,0.01990375927217937,0.014236862662518963,0.004764465373650856,-0.010617488967126231,-0.034944660392998636,-0.07243892686093459,-0.12874660564302653,-0.21110582908082615,-0.3283700466436166,-0.4908025336536464,-0.7095581590994097,-0.9957904022639457,-1.3593682804340115,-1.8072590831882802,-2.3417211003185083,-2.9585404941929734,-3.6456163897840996,-4.382224322341598,-5.1392508536534995,-5.880583191266141,-6.565665491644317,-7.153024976301291,-7.604367411470621,-7.888689969923571,-7.985800681395068,-7.888689969923571,-7.604367411470621,-7.153024976301291,-6.565665491644317,-5.880583191266141,-5.1392508536534995,-4.382224322341598,-3.6456163897840996,-2.9585404941929734,-2.3417211003185083,-1.8072590831882802,-1.3593682804340115,-0.9957904022639457,-0.7095581590994097,-0.4908025336536464,-0.3283700466436166,-0.21110582908082615,-0.12874660564302653,-0.07243892686093459,-0.034944660392998636,-0.010617488967126231,0.004764465373650856,0.014236862662518963,0.01990375927217937,0.023173630761257984,0.024958592061378293,0.025831029134737393,0.026139756480703893,0.026091899157804015,0.025808036891524253,0.02535780410596499,0.02478196879983503,0.02410560000317901,0.023345614967155662,0.022514923656187198,0.021624591289020542,0.020684889024254707,0.019705744269004337,0.018696880272949926,0.01766780364111346,0.016627724146722367,0.01558545067827807,0.014549285695918018,0.013526929466027408,0.012525399633719772,0.0115509687002693,0.010609120312810624,0.009704524263855414,0.008841029417302304,0.00802167328226339,0.007248706585643543,0.006523630924470583,0.005847247398963484,0.0052197140308944,0.0046406097527174955,0.00410900280369005,0.0036235214807734204,0.003182425354204891,0.00278367525922824,0.002425000605242675,0.002103962790481495,0.0018180137638222687,0.0015645490260304173
0.0016875551737713667,0.001968942720790378,0.0022879212520790513,0.0026477803841295612,0.003051797808931043,0.0035031801800470743,0.004004996411981176,0.004560103981719337,0.005171069123068553,0.005840082119909627,0.0065688692234935845,0.007358603029567168,0.008209813440275405,0.009122301589495369,0.010095059314264356,0.011126196895383612,0.012212881854208074,0.0133512915687864,0.01453658235163579,0.01576287740619291,0.01702327574270517,0.0183098836770243,0.019613869934369903,0.02092554457646753,0.022234460824435386,0.023529537044380364,0.02479919301988086,0.0260314887766443,0.027214242975243188,0.028335086297519657,0.029381364591161925,0.030339732193603756,0.031195144762886685,0.03192873909225544,0.032513728766309424,0.032907893896835565,0.03304044641790797,0.03278997893226,0.0319488866403517,0.03016823884671274,0.026875905786287693,0.021160402959130655,0.011614254249581738,-0.0038652404234516755,-0.028312046754918052,-0.06594603529733109,-0.12241123340844298,-0.20494323641772275,-0.32239274914201144,-0.48502013724144144,-0.7039772399330562,-0.9904144328825852,-1.354197602657568,-1.8022909274046912,-2.3369496500367477,-2.9539569940513237,-3.6412092946067705,-4.377979484335528,-5.135151744430433,-5.876611155057783,-6.561800025841926,-7.149244035284105,-7.600647729577182,-7.885007399352773,-7.982130540787016,-7.885007399352773,-7.600647729577182,-7.149244035284105,-6.561800025841926,-5.876611155057783,-5.135151744430433,-4.377979484335528,-3.6412092946067705,-2.9539569940513237,-2.3369496500367477,-1.8022909274046912,-1.354197602657568,-0.9904144328825852,-0.7039772399330562,-0.48502013724144144,-0.32239274914201144,-0.20494323641772275,-0.12241123340844298,-0.06594603529733109,-0.028312046754918052,-0.0038652404234516755,0.011614254249581738,0.021160402959130655,0.026875905786287693,0.03016823884671274,0.0319488866403517,0.03278997893226,0.03304044641790797,0.032907893896835565,0.032513728766309424,0.03192873909225544,0.031195144762886685,0.030339732193603756,0.029381364591161925,0.028335086297519657,0.027214242975243188,0.0260314887766443,0.02479919301988086,0.023529537044380364,0.022234460824435386,0.02092554457646753,0.019613869934369903,0.0183098836770243,0.01702327574270517,0.01576287740619291,0.01453658235163579,0.0133512915687864,0.012212881854208074,0.011126196895383612,0.010095059314264356,0.009122301589495369,0.008209813440275405,0.007358603029567168,0.0065688692234935845,0.005840082119909627,0.005171069123068553,0.004560103981719337,0.004004996411981176,0.0035031801800470743,0.003051797808931043,0.0026477803841295612,0.0022879212520790513,0.001968942720790378
0.0021151186641877114,0.0024677993123942052,0.0028675950971424344,0.003318629100953646,0.0038250094606220794,0.004390755276030999,0.005019713010067119,0.00571546411772492,0.006481225020669448,0.007319740938961222,0.008233175491483561,0.009222998365977472,0.010289873722015595,0.011433552308234379,0.01265277053084733,0.013945159886476287,0.01530717025252167,0.01673401049857101,0.018219609731305028,0.019756602204320017,0.021336338506172593,0.02294892507543301,0.02458329335932724,0.026227298977412383,0.027867849937604775,0.029491060966799442,0.031082427690192063,0.032627008350039545,0.034109589328496226,0.035514788986896265,0.03682701353233319,0.038030104166314596,0.039106383597069166,0.04003458810371667,0.040785812719018995,0.041316046516329766,0.04155307830706692,0.041374479685158456,0.040572054046666695,0.038796727357607315,0.0354766858955204,0.029701222855567425,0.020064095026354947,0.004464275436479849,-0.020130111487895862,-0.05793645998237697,-0.11459597258603615,-0.19734111499200835,-0.31501920623743496,-0.47788702264823046,-0.6970926659413768,-0.9837826831869233,-1.347819098924048,-1.7961622530636403,-2.331063629914749,-2.948302827609297,-3.635772739814933,-4.372743088597766,-5.130095118468832,-5.871711285276667,-6.557031620399089,-7.14457989889096,-7.596059161913403,-7.880464611898137,-7.9776030868277585,-7.880464611898137,-7.596059161913403,-7.14457989889096,-6.557031620399089,-5.871711285276667,-5.130095118468832,-4.372743088597766,-3.635772739814933,-2.948302827609297,-2.331063629914749,-1.7961622530636403,-1.347819098924048,-0.9837826831869233,-0.6970926659413768,-0.47788702264823046,-0.31501920623743496,-0.19734111499200835,-0.11459597258603615,-0.05793645998237697,-0.020130111487895862,0.004464275436479849,0.020064095026354947,0.029701222855567425,0.0354766858955204,0.038796727357607315,0.040572054046666695,0.041374479685158456,0.04155307830706692,0.041316046516329766,0.040785812719018995,0.04003458810371667,0.039106383597069166,0.038030104166314596,0.03682701353233319,0.035514788986896265,0.034109589328496226,0.032627008350039545,0.031082427690192063,0.029491060966799442,0.027867849937604775,0.026227298977412383,0.02458329335932724,0.02294892507543301,0.021336338506172593,0.019756602204320017,0.018219609731305028,0.01673401049857101,0.01530717025252167,0.013945159886476287,0.01265277053084733,0.011433552308234379,0.010289873722015595,0.009222998365977472,0.008233175491483561,0.007319740938961222,0.006481225020669448,0.00571546411772492,0.005019713010067119,0.004390755276030999,0.0038250094606220794,0.003318629100953646,0.0028675950971424344,0.0024677993123942052
0.0026402457095633406,0.0030804874719000306,0.0035795417912889618,0.004142555400687117,0.004774656376702651,0.005480861653563766,0.006265972667381667,0.0071344600520471205,0.00809033878016905,0.009137035636073787,0.01027725140698954,0.01151282066457433,0.012844572461353225,0.014272195663568273,0.01579411296113867,0.01740736781516141,0.019107528703530316,0.020888614988314184,0.02274304854045113,0.02466163490774773,0.026633577293548552,0.02864652591723882,0.03068666443487718,0.03273883395708146,0.034786693680715915,0.03681291494518209,0.03879940196834974,0.040727526247209836,0.0425783499651902,0.04433279179690345,0.045971647527097675,0.04747530330606516,0.04882284809269249,0.04999006989077175,0.05094546175957583,0.05164281304600443,0.052008164703642765,0.05191783433876738,0.05116289850218421,0.049394107113702665,0.04604003460962341,0.040190929338536574,0.030442062323517417,0.014694461481308041,-0.01008118170663174,-0.048099220100740275,-0.1049973868402932,-0.1880043038461716,-0.30596313179183565,-0.46912623863692227,-0.6886371357570755,-0.9756376679987402,-1.3399851166159724,-1.788635107456209,-2.323834508567937,-2.94135846546352,-3.6290956450235132,-4.366311826144767,-5.1238846465499135,-5.8656933389399075,-6.551175136584459,-7.138851476754224,-7.59042355215299,-7.87488522870174,-7.972042535999661,-7.87488522870174,-7.59042355215299,-7.138851476754224,-6.551175136584459,-5.8656933389399075,-5.1238846465499135,-4.366311826144767,-3.6290956450235132,-2.94135846546352,-2.323834508567937,-1.788635107456209,-1.3399851166159724,-0.9756376679987402,-0.6886371357570755,-0.46912623863692227,-0.30596313179183565,-0.1880043038461716,-0.1049973868402932,-0.048099220100740275,-0.01008118170663174,0.014694461481308041,0.030442062323517417,0.040190929338536574,0.04604003460962341,0.049394107113702665,0.05116289850218421,0.05191783433876738,0.052008164703642765,0.05164281304600443,0.05094546175957583,0.04999006989077175,0.04882284809269249,0.04747530330606516,0.045971647527097675,0.04433279179690345,0.0425783499651902,0.040727526247209836,0.03879940196834974,0.03681291494518209,0.034786693680715915,0.03273883395708146,0.03068666443487718,0.02864652591723882,0.026633577293548552,0.02466163490774773,0.02274304854045113,0.020888614988314184,0.019107528703530316,0.01740736781516141,0.01579411296113867,0.014272195663568273,0.012844572461353225,0.01151282066457433,0.01027725140698954,0.009137035636073787,0.00809033878016905,0.0071344600520471205,0.006265972667381667,0.005480861653563766,0.004774656376702651,0.004142555400687117,0.0035795417912889618,0.0030804874719000306
0.003282364483893607,0.003829674879962635,0.004450101292384241,0.005150042161047895,0.0059358727321923545,0.006813830079385831,0.007789883368038185,0.008869590508858435,0.010057942932548495,0.011359200831682965,0.012776721836214592,0.014312786693285276,0.01596842608445717,0.01774325320695551,0.019635307142343822,0.02164091230924389,0.023754559421271703,0.02596881332559963,0.028274252864176543,0.03065944746627231,0.03311097453948824,0.03561348086915226,0.03814979014669712,0.040701057378963776,0.04324696915735071,0.04576598629015756,0.04823562146735544,0.050632738079997096,0.0529338444079501,0.05511533519523934,0.057153591447386055,0.05902477452132803,0.06070401918775623,0.06216350833631658,0.06336855336568706,0.06427025382480904,0.06479251340860062,0.06481011636294289,0.06411325046136537,0.062352450356581615,0.05895676512056292,0.053017611051549965,0.043132110759561484,0.027203804852828133,0.002206523775877836,-0.036070366376265046,-0.09326035640425537,-0.1765873681124021,-0.2948894773791359,-0.45841366166902026,-0.6782978193458018,-0.9656780454357918,-1.3304058211634058,-1.7794310080783298,-2.3149948295234504,-2.9328669864037007,-3.6209309771373133,-4.358447758963154,-5.116290559268167,-5.858334669528811,-6.544013901523246,-7.131846833908879,-7.58353239911902,-7.86806282880606,-7.965243164088078,-7.86806282880606,-7.58353239911902,-7.131846833908879,-6.544013901523246,-5.858334669528811,-5.116290559268167,-4.358447758963154,-3.6209309771373133,-2.9328669864037007,-2.3149948295234504,-1.7794310080783298,-1.3304058211634058,-0.9656780454357918,-0.6782978193458018,-0.45841366166902026,-0.2948894773791359,-0.1765873681124021,-0.09326035640425537,-0.036070366376265046,0.002206523775877836,0.027203804852828133,0.043132110759561484,0.053017611051549965,0.05895676512056292,0.062352450356581615,0.06411325046136537,0.06481011636294289,0.06479251340860062,0.06427025382480904,0.06336855336568706,0.06216350833631658,0.06070401918775623,0.05902477452132803,0.057153591447386055,0.05511533519523934,0.0529338444079501,0.050632738079997096,0.04823562146735544,0.04576598629015756,0.04324696915735071,0.040701057378963776,0.03814979014669712,0.03561348086915226,0.03311097453948824,0.03065944746627231,0.028274252864176543,0.02596881332559963,0.023754559421271703,0.02164091230924389,0.019635307142343822,0.01774325320695551,0.01596842608445717,0.014312786693285276,0.012776721836214592,0.011359200831682965,0.010057942932548495,0.008869590508858435,0.007789883368038185,0.006813830079385831,0.0059358727321923545,0.005150042161047895,0.004450101292384241,0.003829674879962635
0.004064078755076874,0.004741734318318382,0.005509918904211842,0.006376554778473943,0.007349535489467295,0.008436583506255523,0.009645089585851384,0.01098193528785802,0.012453300781349494,0.014064460848642069,0.015819572758870915,0.0177214604324305,0.019771400013719572,0.021968912580634804,0.02431157021059946,0.02679482196118543,0.02941184647766458,0.032153437883322,0.03500793131984315,0.03796117396970794,0.04099654660137899,0.044095039624823404,0.04723538631642348,0.05039425422673852,0.05354649370423099,0.05666543966401207,0.059723258557680736,0.06269132561601683,0.06554060520466976,0.0682419846424907,0.0707664703905028,0.07308508054961388,0.07516813606873139,0.07698343097785414,0.07849240332762468,0.07964287811166121,0.08035615712992368,0.08050515791803374,0.07987898625362128,0.07812791472361423,0.07468157022061822,0.06863279090273255,0.05858095349867812,0.04243265756290258,0.01716555490807485,-0.021426460920913992,-0.07897171610911255,-0.16268841054714722,-0.28140842989288584,-0.44537218923163124,-0.6657107536562772,-0.9535532183721759,-1.3187440036578164,-1.7682259536169003,-2.304233419737602,-2.922529474669306,-3.6109913247532646,-4.348874057350359,-5.107045530712595,-5.849376238276627,-6.5352958265028,-7.123319393977757,-7.575143121485485,-7.859757251122656,-7.956965620632181,-7.859757251122656,-7.575143121485485,-7.123319393977757,-6.5352958265028,-5.849376238276627,-5.107045530712595,-4.348874057350359,-3.6109913247532646,-2.922529474669306,-2.304233419737602,-1.7682259536169003,-1.3187440036578164,-0.9535532183721759,-0.6657107536562772,-0.44537218923163124,-0.28140842989288584,-0.16268841054714722,-0.07897171610911255,-0.021426460920913992,0.01716555490807485,0.04243265756290258,0.05858095349867812,0.06863279090273255,0.07468157022061822,0.07812791472361423,0.07987898625362128,0.08050515791803374,0.08035615712992368,0.07964287811166121,0.07849240332762468,0.07698343097785414,0.07516813606873139,0.07308508054961388,0.0707664703905028,0.0682419846424907,0.06554060520466976,0.06269132561601683,0.059723258557680736,0.05666543966401207,0.05354649370423099,0.05039425422673852,0.04723538631642348,0.044095039624823404,0.04099654660137899,0.03796117396970794,0.03500793131984315,0.032153437883322,0.02941184647766458,0.02679482196118543,0.02431157021059946,0.021968912580634804,0.019771400013719572,0.0177214604324305,0.015819572758870915,0.014064460848642069,0.012453300781349494,0.01098193528785802,0.009645089585851384,0.008436583506255523,0.007349535489467295,0.006376554778473943,0.005509918904211842,0.004741734318318382
0.005011529336273388,0.005847165390528318,0.006794435318078057,0.007863108286658193,0.009062918051830685,0.010403387406482492,0.011893630100080306,0.01354213197650385,0.015356513975327493,0.017343280578357233,0.019507558230597348,0.02185282918737715,0.024380667098099256,0.02709048139051569,0.02997927812533435,0.03304144540810669,0.03626857163564544,0.03964930478469851,0.043169260595250614,0.046810986841803015,0.05055398991349411,0.05437482863308763,0.05824727862650513,0.06214256857332848,0.06602968721586866,0.0698757568022057,0.07364646405491251,0.07730653246406038,0.08082020707988911,0.08415170013116384,0.08726550404239079,0.09012640320339621,0.0926988841317426,0.09494542148719765,0.09682275875874281,0.0982747521249722,0.09921954984627086,0.09952780697465828,0.09898731789090022,0.09724803755387264,0.09374029318431425,0.08755864625790828,0.07730520553239623,0.060890278055459206,0.03529614720093849,-0.0036778061424131148,-0.061653648560404284,-0.14584264488996734,-0.2650691781396182,-0.42956570968283225,-0.6504550225756007,-0.9388577281248996,-1.3046096886263745,-1.754645242923528,-2.2911904137033607,-2.9100002400602807,-3.5989443022345333,-4.337270573198132,-5.095840403723041,-5.83851847194259,-6.5247293758832745,-7.112983996228613,-7.564975178718264,-7.849690754074569,-7.946933101529902,-7.849690754074569,-7.564975178718264,-7.112983996228613,-6.5247293758832745,-5.83851847194259,-5.095840403723041,-4.337270573198132,-3.5989443022345333,-2.9100002400602807,-2.2911904137033607,-1.754645242923528,-1.3046096886263745,-0.9388577281248996,-0.6504550225756007,-0.42956570968283225,-0.2650691781396182,-0.14584264488996734,-0.061653648560404284,-0.0036778061424131148,0.03529614720093849,0.060890278055459206,0.07730520553239623,0.08755864625790828,0.09374029318431425,0.09724803755387264,0.09898731789090022,0.09952780697465828,0.09921954984627086,0.0982747521249722,0.09682275875874281,0.09494542148719765,0.0926988841317426,0.09012640320339621,0.08726550404239079,0.08415170013116384,0.08082020707988911,0.07730653246406038,0.07364646405491251,0.0698757568022057,0.06602968721586866,0.06214256857332848,0.05824727862650513,0.05437482863308763,0.05055398991349411,0.046810986841803015,0.043169260595250614,0.03964930478469851,0.03626857163564544,0.03304144540810669,0.02997927812533435,0.02709048139051569,0.024380667098099256,0.02185282918737715,0.019507558230597348,0.017343280578357233,0.015356513975327493,0.01354213197650385,0.011893630100080306,0.010403387406482492,0.009062918051830685,0.007863108286658193,0.006794435318078057,0.005847165390528318
0.006154762370266011,0.0071810242150765055,0.008344385918333171,0.009656845196088995,0.011130356273977361,0.012776614290026541,0.014606812027617789,0.01663137112635178,0.01885965101904254,0.02129963999372991,0.023957633943082438,0.02683790949657415,0.029942399285442452,0.03327037801575996,0.03681816876906961,0.04057887946236058,0.04454217963292221,0.048694127628380025,0.05301705784622054,0.05748953685889753,0.062086396069309734,0.06677884696392276,0.0715346830626881,0.07631857027865141,0.08109242449785313,0.0858158715075333,0.09044677932138398,0.09494184516418827,0.09925720628247142,0.10334902046538684,0.1071739200317225,0.1106891675178443,0.1138522093752887,0.11661910169182704,0.11894092330429162,0.12075674145501795,0.1219808992131895,0.12248132162459137,0.12204422068432673,0.1203191680881355,0.11673733610162888,0.11039536562672081,0.09989866200029615,0.08316200588462089,0.057173269286691544,0.017738454351182653,-0.040756952416531794,-0.12551584773093746,-0.24535356159372163,-0.41049295810090275,-0.6320468268604095,-0.9211255421567558,-1.2875546398697455,-1.7382581960443624,-2.27545218349184,-2.894881947687087,-3.5844078669016493,-4.32326932959186,-5.08231983433528,-5.8254170422798754,-6.511979459803179,-7.100512878092455,-7.552706118685017,-7.837544102639273,-7.934827449288493,-7.837544102639273,-7.552706118685017,-7.100512878092455,-6.511979459803179,-5.8254170422798754,-5.08231983433528,-4.32326932959186,-3.5844078669016493,-2.894881947687087,-2.27545218349184,-1.7382581960443624,-1.2875546398697455,-0.9211255421567558,-0.6320468268604095,-0.41049295810090275,-0.24535356159372163,-0.12551584773093746,-0.040756952416531794,0.017738454351182653,0.057173269286691544,0.08316200588462089,0.09989866200029615,0.11039536562672081,0.11673733610162888,0.1203191680881355,0.12204422068432673,0.12248132162459137,0.1219808992131895,0.12075674145501795,0.11894092330429162,0.11661910169182704,0.1138522093752887,0.1106891675178443,0.1071739200317225,0.10334902046538684,0.09925720628247142,0.09494184516418827,0.09044677932138398,0.0858158715075333,0.08109242449785313,0.07631857027865141,0.0715346830626881,0.06677884696392276,0.062086396069309734,0.05748953685889753,0.05301705784622054,0.048694127628380025,0.04454217963292221,0.04057887946236058,0.03681816876906961,0.03327037801575996,0.029942399285442452,0.02683790949657415,0.023957633943082438,0.02129963999372991,0.01885965101904254,0.01663137112635178,0.014606812027617789,0.012776614290026541,0.011130356273977361,0.009656845196088995,0.008344385918333171,0.0071810242150765055
0.007528096092824692,0.00878335134385708,0.010206298025785574,0.011811610947141806,0.013613911721867879,0.01562750506517441,0.017866081245470025,0.020342387319365343,0.023067871122757145,0.026052303398423737,0.029303384863655097,0.032826346407265845,0.03662355189528539,0.040694114196418045,0.0450335359485254,0.049633387214046004,0.054481032458237495,0.05955941918002098,0.06484693999233504,0.07031737896147279,0.07593995156071547,0.0816794456716765,0.08749646867848371,0.0933478028271355,0.09918686758015875,0.10496428343701329,0.11062852601609288,0.1161266508152025,0.1214050554040681,0.12641022199984142,0.13108934079715506,0.13539063854115274,0.13926310464985706,0.14265508476084152,0.1455108529234701,0.14776372356550474,0.1493234686868517,0.15005473385351156,0.14974183018515086,0.14803386897427243,0.14436303761515007,0.13782847496600312,0.12703954645161858,0.1099164067617685,0.08345364137143634,0.0434652063539996,-0.015654338468947815,-0.10109783742151374,-0.22166974538264242,-0.3875813975085965,-0.6099335785589302,-0.8998243653707019,-1.2670668889905035,-1.7185728970518097,-2.256546289732464,-2.8767207678346307,-3.5669456555634036,-4.306450029037626,-5.066077954214341,-5.809678662934154,-6.496663343847855,-7.085531674273856,-7.537967641588262,-7.822952671551947,-7.9202852693808365,-7.822952671551947,-7.537967641588262,-7.085531674273856,-6.496663343847855,-5.809678662934154,-5.066077954214341,-4.306450029037626,-3.5669456555634036,-2.8767207678346307,-2.256546289732464,-1.7185728970518097,-1.2670668889905035,-0.8998243653707019,-0.6099335785589302,-0.3875813975085965,-0.22166974538264242,-0.10109783742151374,-0.015654338468947815,0.0434652063539996,0.08345364137143634,0.1099164067617685,0.12703954645161858,0.13782847496600312,0.14436303761515007,0.14803386897427243,0.14974183018515086,0.15005473385351156,0.1493234686868517,0.14776372356550474,0.1455108529234701,0.14265508476084152,0.13926310464985706,0.13539063854115274,0.13108934079715506,0.12641022199984142,0.1214050554040681,0.1161266508152025,0.11062852601609288,0.10496428343701329,0.09918686758015875,0.0933478028271355,0.08749646867848371,0.0816794456716765,0.07593995156071547,0.07031737896147279,0.06484693999233504,0.05955941918002098,0.054481032458237495,0.049633387214046004,0.0450335359485254,0.040694114196418045,0.03662355189528539,0.032826346407265845,0.029303384863655097,0.026052303398423737,0.023067871122757145,0.020342387319365343,0.017866081245470025,0.01562750506517441,0.013613911721867879,0.011811610947141806,0.010206298025785574,0.00878335134385708
0.009170475805709557,0.010699585924342891,0.012432972156205355,0.01438851086404967,0.01658401361075218,0.019036905923714386,0.021763864831718396,0.024780418374364246,0.02810051192387152,0.0317360478735077,0.03569640698046906,0.03998796133920431,0.044613590532543816,0.049572213886714726,0.054858352865057296,0.06046173839865136,0.06636697830047153,0.07255329978301608,0.07899438145062705,0.0856582879359552,0.09250751858151095,0.09949917923349279,0.10658528332432071,0.1137131849656592,0.12082614268581947,0.12786400749559634,0.1347640225800423,0.14146171282606612,0.14789182805359863,0.15398927939338689,0.1596899651356237,0.16493130605750098,0.16965217774961078,0.1737917048664734,0.17728602356299586,0.18006156843446208,0.18202264490603082,0.18302997659015435,0.1828656013358421,0.1811780798360417,0.17740081348472297,0.17063592846408338,0.15949752609662035,0.14191218791039512,0.11488252806522108,0.0742320147952311,0.014366058766386719,-0.0718961626191991,-0.19334609860267504,-0.3601812967980221,-0.5834881852799607,-0.8743501342793628,-1.2425654398132309,-1.6950311058787177,-2.2339365949042445,-2.8550016817437753,-3.546062470964536,-4.286335706086522,-5.046654172527806,-5.7908570214594635,-6.4783466902100555,-7.067615544478092,-7.5203417904313925,-7.805502673779277,-7.902894171449478,-7.805502673779277,-7.5203417904313925,-7.067615544478092,-6.4783466902100555,-5.7908570214594635,-5.046654172527806,-4.286335706086522,-3.546062470964536,-2.8550016817437753,-2.2339365949042445,-1.6950311058787177,-1.2425654398132309,-0.8743501342793628,-0.5834881852799607,-0.3601812967980221,-0.19334609860267504,-0.0718961626191991,0.014366058766386719,0.0742320147952311,0.11488252806522108,0.14191218791039512,0.15949752609662035,0.17063592846408338,0.17740081348472297,0.1811780798360417,0.1828656013358421,0.18302997659015435,0.18202264490603082,0.18006156843446208,0.17728602356299586,0.1737917048664734,0.16965217774961078,0.16493130605750098,0.1596899651356237,0.15398927939338689,0.14789182805359863,0.14146171282606612,0.1347640225800423,0.12786400749559634,0.12082614268581947,0.1137131849656592,0.10658528332432071,0.09949917923349279,0.09250751858151095,0.0856582879359552,0.07899438145062705,0.07255329978301608,0.06636697830047153,0.06046173839865136,0.054858352865057296,0.049572213886714726,0.044613590532543816,0.03998796133920431,0.03569640698046906,0.0317360478735077,0.02810051192387152,0.024780418374364246,0.021763864831718396,0.019036905923714386,0.01658401361075218,0.01438851086404967,0.012432972156205355,0.010699585924342891
0.011125804799048329,0.012980951800861708,0.015083930671931043,0.01745642937335209,0.02012005724971358,0.02309595529963946,0.02640435642824714,0.030064099563980613,0.03409210351154016,0.038502808492670286,0.04330759542976203,0.04851419507534214,0.05412610099693947,0.06014200209951276,0.06655525171276423,0.07335339119684785,0.0805177464427252,0.08802311548987873,0.09583756469743623,0.1039223494478253,0.11223197321931346,0.12071439603971397,0.1293113998445458,0.13795911411558323,0.14658870031910348,0.15512718789165364,0.16349844728699636,0.1716242756665815,0.17942555566560675,0.18682342250139686,0.19374033092976037,0.20010083672336496,0.20583177449357395,0.21086129088819605,0.2151158335224834,0.21851364623302494,0.22095252623496403,0.2222885278736979,0.2223009825644005,0.22063779548578952,0.2167338133546091,0.2096947189003894,0.19814025175084352,0.18000464488219986,0.15230007097481563,0.1108613229300534,0.05010672984584755,-0.03713021845472719,-0.15962548739963126,-0.3275602098962108,-0.5520037217220258,-0.8440218842132347,-1.21339533159813,-1.6670035148930635,-2.2070187077181527,-2.8291441054420843,-3.5212000740419103,-4.262388674508429,-5.023529262256444,-5.768448986953823,-6.4565398670753344,-7.046285563497905,-7.499357399593562,-7.784727644526958,-7.882189265181822,-7.784727644526958,-7.499357399593562,-7.046285563497905,-6.4565398670753344,-5.768448986953823,-5.023529262256444,-4.262388674508429,-3.5212000740419103,-2.8291441054420843,-2.2070187077181527,-1.6670035148930635,-1.21339533159813,-0.8440218842132347,-0.5520037217220258,-0.3275602098962108,-0.15962548739963126,-0.03713021845472719,0.05010672984584755,0.1108613229300534,0.15230007097481563,0.18000464488219986,0.19814025175084352,0.2096947189003894,0.2167338133546091,0.22063779548578952,0.2223009825644005,0.2222885278736979,0.22095252623496403,0.21851364623302494,0.2151158335224834,0.21086129088819605,0.20583177449357395,0.20010083672336496,0.19374033092976037,0.18682342250139686,0.17942555566560675,0.1716242756665815,0.16349844728699636,0.15512718789165364,0.14658870031910348,0.13795911411558323,0.1293113998445458,0.12071439603971397,0.11223197321931346,0.1039223494478253,0.09583756469743623,0.08802311548987873,0.0805177464427252,0.07335339119684785,0.06655525171276423,0.06014200209951276,0.05412610099693947,0.04851419507534214,0.04330759542976203,0.038502808492670286,0.03409210351154016,0.030064099563980613,0.02640435642824714,0.02309595529963946,0.02012005724971358,0.01745642937335209,0.015083930671931043,0.012980951800861708
0.013443236959512475,0.01568479891305669,0.018225814488581737,0.021092489107218487,0.02431093319828805,0.027906691291754392,0.03190421067415411,0.036326254299153066,0.04119326504749254,0.04652269094438651,0.05232828348370772,0.05861938368302559,0.06540021279707217,0.072669186638319,0.08041827407867642,0.08863242142544628,0.09728906487550432,0.10635775306630088,0.11579990079213948,0.12556869319483374,0.13560915715152155,0.14585841317721168,0.15624611696163615,0.16669509469163257,0.17712217054256643,0.1874391779770031,0.19755413825009432,0.2073725785899048,0.2167989464128092,0.22573804989095808,0.23409641066658288,0.24178333706533273,0.2487113928763191,0.25479571374720805,0.25995126455379425,0.2640865815450009,0.26709174848455275,0.2688172857592778,0.2690393171518587,0.2674049709335136,0.26335080679997436,0.2559867226574484,0.24393914058447028,0.22515136196065041,0.19664688810873293,0.15427393378805682,0.09246613886513724,0.004073956070438672,-0.11966022879677793,-0.2888980941330376,-0.5146887181330219,-0.8080772108036552,-1.1788232738358884,-1.6337855546665425,-2.1751159549490247,-2.798498020247554,-3.4917334633533756,-4.234006943702114,-4.99612189963191,-5.741891256774877,-6.430694685306888,-7.021005529256113,-7.474486954588651,-7.760105332328897,-7.857650061893003,-7.760105332328897,-7.474486954588651,-7.021005529256113,-6.430694685306888,-5.741891256774877,-4.99612189963191,-4.234006943702114,-3.4917334633533756,-2.798498020247554,-2.1751159549490247,-1.6337855546665425,-1.1788232738358884,-0.8080772108036552,-0.5146887181330219,-0.2888980941330376,-0.11966022879677793,0.004073956070438672,0.09246613886513724,0.15427393378805682,0.19664688810873293,0.22515136196065041,0.24393914058447028,0.2559867226574484,0.26335080679997436,0.2674049709335136,0.2690393171518587,0.2688172857592778,0.26709174848455275,0.2640865815450009,0.25995126455379425,0.25479571374720805,0.2487113928763191,0.24178333706533273,0.23409641066658288,0.22573804989095808,0.2167989464128092,0.2073725785899048,0.19755413825009432,0.1874391779770031,0.17712217054256643,0.16669509469163257,0.15624611696163615,0.14585841317721168,0.13560915715152155,0.12556869319483374,0.11579990079213948,0.10635775306630088,0.09728906487550432,0.08863242142544628,0.08041827407867642,0.072669186638319,0.06540021279707217,0.05861938368302559,0.05232828348370772,0.04652269094438651,0.04119326504749254,0.036326254299153066,0.03190421067415411,0.027906691291754392,0.02431093319828805,0.021092489107218487,0.018225814488581737,0.01568479891305669
0.01617741486301327,0.01887488108880731,0.02193270587181536,0.02538242447177961,0.029255457836545512,0.033582545918101774,0.038393108260102,0.04371453750213669,0.049571434338498685,0.05598479549365819,0.06297116933480082,0.07054179671983361,0.07870175745128398,0.08744914513868812,0.09677429522797414,0.10665909230309012,0.11707638337991993,0.12798952368957048,0.13935208030511476,0.15110771684970478,0.16319027941432623,0.1755240997226258,0.18802452654573504,0.20059869043301817,0.21314649998204024,0.2255618599768097,0.23773409229936596,0.2495495284088057,0.26089322494367917,0.27165072692491904,0.2817097576161808,0.2909616359350809,0.2993020885147045,0.3066309002236532,0.312849488247726,0.3178549355246572,0.3215282252504018,0.3237133486768696,0.32418264512304734,0.32258232624073513,0.3183509727510807,0.3106034557556791,0.29797408149454696,0.2784168505291606,0.24896863006378622,0.205493470379565,0.14244307545977614,0.05268791139594614,-0.0725079846690661,-0.24328333810018526,-0.47066332657132315,-0.7656685770314631,-1.1380340943187015,-1.594593981165409,-2.1374761037506502,-2.7623408241935796,-3.4569678476817978,-4.200521302759688,-4.96378584830766,-5.710557628001957,-6.400201743114744,-6.991179365537989,-7.445144036878802,-7.731055169353877,-7.828697953371146,-7.731055169353877,-7.445144036878802,-6.991179365537989,-6.400201743114744,-5.710557628001957,-4.96378584830766,-4.200521302759688,-3.4569678476817978,-2.7623408241935796,-2.1374761037506502,-1.594593981165409,-1.1380340943187015,-0.7656685770314631,-0.47066332657132315,-0.24328333810018526,-0.0725079846690661,0.05268791139594614,0.14244307545977614,0.205493470379565,0.24896863006378622,0.2784168505291606,0.29797408149454696,0.3106034557556791,0.3183509727510807,0.32258232624073513,0.32418264512304734,0.3237133486768696,0.3215282252504018,0.3178549355246572,0.312849488247726,0.3066309002236532,0.2993020885147045,0.2909616359350809,0.2817097576161808,0.27165072692491904,0.26089322494367917,0.2495495284088057,0.23773409229936596,0.2255618599768097,0.21314649998204024,0.20059869043301817,0.18802452654573504,0.1755240997226258,0.16319027941432623,0.15110771684970478,0.13935208030511476,0.12798952368957048,0.11707638337991993,0.10665909230309012,0.09677429522797414,0.08744914513868812,0.07870175745128398,0.07054179671983361,0.06297116933480082,0.05598479549365819,0.049571434338498685,0.04371453750213669,0.038393108260102,0.033582545918101774,0.029255457836545512,0.02538242447177961,0.02193270587181536,0.01887488108880731
0.01938863537097481,0.02262154925247606,0.02628635294627403,0.030420841468299747,0.03506267283165014,0.040248688875733823,0.04601414893027141,0.05239188308000538,0.05941137526260782,0.06709779005710372,0.07547096068530673,0.0845443593179608,0.09432407409954613,0.10480782022067028,0.11598401471112423,0.12783094624077462,0.14031607195233842,0.15339547308299606,0.16701349976228363,0.1811026328384673,0.19558358686133256,0.2103656734532231,0.22534743828319015,0.24041757778448727,0.2554561336505309,0.27033595390081133,0.284924398492233,0.2990852539547931,0.3126808029651385,0.3255739664764114,0.33763038954780117,0.34872026300722414,0.3587195386879417,0.36750997236963406,0.3749770698301806,0.38100446239258107,0.3854624448737281,0.38818734022716633,0.3889470430181528,0.38738668835293083,0.3829472305941941,0.37474938173157746,0.3614367077467591,0.34097577511076355,0.3104191489064752,0.26564947782163534,0.2011396816726761,0.10978373172077416,-0.017128905953871232,-0.18970999898029517,-0.4189566544952491,-0.715860744735866,-1.0901282687318563,-1.5485645021015257,-2.093269081987333,-2.7198751421579503,-3.416136540445521,-4.161193292399105,-4.925808000916687,-5.673757099705819,-6.364388579241931,-6.956149315561056,-7.410681546712142,-7.69693651197406,-7.794694458384562,-7.69693651197406,-7.410681546712142,-6.956149315561056,-6.364388579241931,-5.673757099705819,-4.925808000916687,-4.161193292399105,-3.416136540445521,-2.7198751421579503,-2.093269081987333,-1.5485645021015257,-1.0901282687318563,-0.715860744735866,-0.4189566544952491,-0.18970999898029517,-0.017128905953871232,0.10978373172077416,0.2011396816726761,0.26564947782163534,0.3104191489064752,0.34097577511076355,0.3614367077467591,0.37474938173157746,0.3829472305941941,0.38738668835293083,0.3889470430181528,0.38818734022716633,0.3854624448737281,0.38100446239258107,0.3749770698301806,0.36750997236963406,0.3587195386879417,0.34872026300722414,0.33763038954780117,0.3255739664764114,0.3126808029651385,0.2990852539547931,0.284924398492233,0.27033595390081133,0.2554561336505309,0.24041757778448727,0.22534743828319015,0.2103656734532231,0.19558358686133256,0.1811026328384673,0.16701349976228363,0.15339547308299606,0.14031607195233842,0.12783094624077462,0.11598401471112423,0.10480782022067028,0.09432407409954613,0.0845443593179608,0.07547096068530673,0.06709779005710372,0.05941137526260782,0.05239188308000538,0.04601414893027141,0.040248688875733823,0.03506267283165014,0.030420841468299747,0.02628635294627403,0.02262154925247606
0.023142923233077973,0.027001837300374382,0.03137626948330335,0.036311333176157375,0.04185197824206696,0.0480421803319681,0.05492402616033866,0.06253670281365448,0.07091540330540508,0.08009016491822672,0.0900846612485907,0.10091497312979755,0.11258836757459433,0.12510211735813084,0.13844239666004166,0.15258329011108906,0.16748595346940462,0.1830979638326868,0.199352895658368,0.2161701558385925,0.23345510663400365,0.25109949943279997,0.2689822351359366,0.2869704585646896,0.30492098470570744,0.3226820437874421,0.3400953197383966,0.35699824146116277,0.3732264662391645,0.3886164648758625,0.4030080704580698,0.4162467726352851,0.4281854042146,0.4386846428873076,0.4476113921567079,0.45483355685370924,0.460208935844932,0.4635648869569842,0.46466410832437804,0.4631504764471954,0.4584677207493944,0.44974338189370167,0.4356318515698514,0.41411438724924576,0.3822619066489192,0.33597880214315795,0.2697627973090498,0.17653534366734686,0.04761563666456525,-0.12707657461984379,-0.358505579620861,-0.6576296329945761,-1.0341208226287877,-1.494750721914202,-2.0415859649873407,-2.6702278525286567,-3.368400023824846,-4.11521430354694,-4.881407508600683,-5.6307330294625455,-6.322518852109251,-6.915195139069218,-7.370390913225663,-7.657047858748681,-7.754940443305026,-7.657047858748681,-7.370390913225663,-6.915195139069218,-6.322518852109251,-5.6307330294625455,-4.881407508600683,-4.11521430354694,-3.368400023824846,-2.6702278525286567,-2.0415859649873407,-1.494750721914202,-1.0341208226287877,-0.6576296329945761,-0.358505579620861,-0.12707657461984379,0.04761563666456525,0.17653534366734686,0.2697627973090498,0.33597880214315795,0.3822619066489192,0.41411438724924576,0.4356318515698514,0.44974338189370167,0.4584677207493944,0.4631504764471954,0.46466410832437804,0.4635648869569842,0.460208935844932,0.45483355685370924,0.4476113921567079,0.4386846428873076,0.4281854042146,0.4162467726352851,0.4030080704580698,0.3886164648758625,0.3732264662391645,0.35699824146116277,0.3400953197383966,0.3226820437874421,0.30492098470570744,0.2869704585646896,0.2689822351359366,0.25109949943279997,0.23345510663400365,0.2161701558385925,0.199352895658368,0.1830979638326868,0.16748595346940462,0.15258329011108906,0.13844239666004166,0.12510211735813084,0.11258836757459433,0.10091497312979755,0.0900846612485907,0.08009016491822672,0.07091540330540508,0.06253670281365448,0.05492402616033866,0.0480421803319681,0.04185197824206696,0.036311333176157375,0.03137626948330335,0.027001837300374382
0.027511992062834365,0.03209941656929758,0.03729968199316308,0.04316641852337472,0.04975306194525732,0.057111889913942226,0.0652929345426159,0.0743427809061729,0.0843032659799184,0.09521009767651122,0.10709141884513525,0.11996634616148817,0.13384351855139068,0.14871969392707896,0.16457843634156216,0.18138893795680852,0.19910502126722884,0.21766436664120847,0.2369880083008976,0.2569801382651352,0.2775282525012969,0.2985036665987114,0.31976241977401304,0.3411465760662942,0.36248592028117177,0.3836000335856952,0.40430071931863165,0.4243947325790301,0.44368674523313717,0.4619824466076703,0.47909163099431484,0.49483104193873995,0.5090266073807714,0.5215144752946566,0.5321399007057388,0.5407524866713485,0.5471954898416224,0.5512858348376999,0.5527801724252105,0.5513209143958413,0.5463550196631676,0.53701797578793,0.5219767729247017,0.49922976526047663,0.4658692284701107,0.4178248592376875,0.34962324662464656,0.25421782242335456,0.12296237975969343,-0.054186654580293536,-0.2881553782884031,-0.5898629234145583,-0.9689419136076514,-1.4321247011444234,-1.9814395127696824,-2.612450603269,-3.312846444965365,-4.06170605527288,-4.8297362425366535,-5.5806635805727565,-6.273792775035524,-6.867534538036192,-7.323502513251373,-7.610627265051762,-7.708676535335975,-7.610627265051762,-7.323502513251373,-6.867534538036192,-6.273792775035524,-5.5806635805727565,-4.8297362425366535,-4.06170605527288,-3.312846444965365,-2.612450603269,-1.9814395127696824,-1.4321247011444234,-0.9689419136076514,-0.5898629234145583,-0.2881553782884031,-0.054186654580293536,0.12296237975969343,0.25421782242335456,0.34962324662464656,0.4178248592376875,0.4658692284701107,0.49922976526047663,0.5219767729247017,0.53701797578793,0.5463550196631676,0.5513209143958413,0.5527801724252105,0.5512858348376999,0.5471954898416224,0.5407524866713485,0.5321399007057388,0.5215144752946566,0.5090266073807714,0.49483104193873995,0.47909163099431484,0.4619824466076703,0.44368674523313717,0.4243947325790301,0.40430071931863165,0.3836000335856952,0.36248592028117177,0.3411465760662942,0.31976241977401304,0.2985036665987114,0.2775282525012969,0.2569801382651352,0.2369880083008976,0.21766436664120847,0.19910502126722884,0.18138893795680852,0.16457843634156216,0.14871969392707896,0.13384351855139068,0.11996634616148817,0.10709141884513525,0.09521009767651122,0.0843032659799184,0.0743427809061729,0.0652929345426159,0.057111889913942226,0.04975306194525732,0.04316641852337472,0.03729968199316308,0.03209941656929758
0.03257307141878779,0.03800439408477468,0.044161295288488264,0.051107270976375525,0.058905586928963354,0.0676181377480788,0.07730415940588765,0.08801880672244516,0.0998116129624254,0.11272485483144104,0.12679185230989568,0.14203523875859408,0.1584652423117678,0.17607802447034393,0.19485412574650524,0.21475707092233193,0.23573218772342366,0.25770569226013534,0.28058409228951,0.3042539550951881,0.32858208053479043,0.35341611160199526,0.3785856047998256,0.4039035708761846,0.42916848318417217,0.45416673614581704,0.4786755197665305,0.5024660569622058,0.5253071264462652,0.5469687606348658,0.5672259572230207,0.5858621605985423,0.6026721324107712,0.6174636056903179,0.63005675811329,0.6402799921718533,0.6479597189789147,0.652900777449741,0.6548528131470219,0.6534565411609944,0.6481626614090646,0.6381158670477305,0.6219977421491251,0.5978264455400201,0.5627189937093046,0.5126343955640817,0.4421326776126829,0.34420431722829903,0.21024318509283846,0.030248195028114266,-0.20666250977922906,-0.5113627421996423,-0.8934394109590879,-1.3595794350445283,-1.9117665505175405,-2.545522098622822,-3.2484938146748674,-3.999722712536626,-4.769880838979823,-5.52266370370787,-6.217349044715948,-6.81232504297451,-7.269187527063162,-7.556854180304164,-7.65508495354326,-7.556854180304164,-7.269187527063162,-6.81232504297451,-6.217349044715948,-5.52266370370787,-4.769880838979823,-3.999722712536626,-3.2484938146748674,-2.545522098622822,-1.9117665505175405,-1.3595794350445283,-0.8934394109590879,-0.5113627421996423,-0.20666250977922906,0.030248195028114266,0.21024318509283846,0.34420431722829903,0.4421326776126829,0.5126343955640817,0.5627189937093046,0.5978264455400201,0.6219977421491251,0.6381158670477305,0.6481626614090646,0.6534565411609944,0.6548528131470219,0.652900777449741,0.6479597189789147,0.6402799921718533,0.63005675811329,0.6174636056903179,0.6026721324107712,0.5858621605985423,0.5672259572230207,0.5469687606348658,0.5253071264462652,0.5024660569622058,0.4786755197665305,0.45416673614581704,0.42916848318417217,0.4039035708761846,0.3785856047998256,0.35341611160199526,0.32858208053479043,0.3042539550951881,0.28058409228951,0.25770569226013534,0.23573218772342366,0.21475707092233193,0.19485412574650524,0.17607802447034393,0.1584652423117678,0.14203523875859408,0.12679185230989568,0.11272485483144104,0.0998116129624254,0.08801880672244516,0.07730415940588765,0.0676181377480788,0.058905586928963354,0.051107270976375525,0.044161295288488264,0.03800439408477468
0.03840857871957454,0.04481292977035212,0.05207284767956958,0.060263203773486776,0.0694585979779253,0.07973201339159347,0.09115329818664278,0.10378748823950677,0.11769299076241954,0.13291965638674016,0.14950677440987076,0.16748103298808006,0.18685449263889864,0.20762262719125607,0.2297624909652946,0.25323107416136087,0.27796390989763403,0.30387399580739494,0.33085109039575367,0.3587614393383116,0.38744797953953747,0.4167310591030203,0.44640969952971243,0.47626341264743904,0.5060545691922675,0.5355312987262557,0.5644308815151531,0.5924835712863394,0.6194167613607884,0.6449593711534056,0.668846277313941,0.6908225297563958,0.7106469548872758,0.7280945228422864,0.7429564967035807,0.755036834364832,0.7641425237589138,0.7700644687844894,0.7725442378906484,0.7712205898430963,0.7655485379978632,0.7546833897139646,0.7373235560892498,0.7115100310241733,0.6743883575709843,0.6219513421095003,0.5487975650713814,0.44796021799060604,0.3108793816268809,0.1276029580493857,-0.11269989909857647,-0.420850748932066,-0.8063837901229741,-1.2759335563318233,-1.831432485134521,-2.468352437761036,-3.1742941790885797,-3.9282549042638504,-4.700866579395739,-5.455788896757523,-6.152268500192166,-6.748667591896171,-7.2065614593508265,-7.494852933818805,-7.593292982934416,-7.494852933818805,-7.2065614593508265,-6.748667591896171,-6.152268500192166,-5.455788896757523,-4.700866579395739,-3.9282549042638504,-3.1742941790885797,-2.468352437761036,-1.831432485134521,-1.2759335563318233,-0.8063837901229741,-0.420850748932066,-0.11269989909857647,0.1276029580493857,0.3108793816268809,0.44796021799060604,0.5487975650713814,0.6219513421095003,0.6743883575709843,0.7115100310241733,0.7373235560892498,0.7546833897139646,0.7655485379978632,0.7712205898430963,0.7725442378906484,0.7700644687844894,0.7641425237589138,0.755036834364832,0.7429564967035807,0.7280945228422864,0.7106469548872758,0.6908225297563958,0.668846277313941,0.6449593711534056,0.6194167613607884,0.5924835712863394,0.5644308815151531,0.5355312987262557,0.5060545691922675,0.47626341264743904,0.44640969952971243,0.4167310591030203,0.38744797953953747,0.3587614393383116,0.33085109039575367,0.30387399580739494,0.27796390989763403,0.25323107416136087,0.2297624909652946,0.20762262719125607,0.18685449263889864,0.16748103298808006,0.14950677440987076,0.13291965638674016,0.11769299076241954,0.10378748823950677,0.09115329818664278,0.07973201339159347,0.0694585979779253,0.060263203773486776,0.05207284767956958,0.04481292977035212
0.04510561546859991,0.052626648671400426,0.061152427975487936,0.0707708794995704,0.08156961063971062,0.0936343300499591,0.10704706484246806,0.12188419074713641,0.13821429903558766,0.1560959324470717,0.1755752308805315,0.19668353592043528,0.21943501099288037,0.2438243407298329,0.2698245785728473,0.2973852154027162,0.32643054369606755,0.356858391089442,0.38853929404778526,0.42131617644298563,0.4550045892015726,0.48939355583570576,0.5242470547865884,0.5593061533240586,0.59429178953051,0.6289081788470477,0.6628467996957481,0.6957908880989437,0.727420342022054,0.7574168981303009,0.7854693887278987,0.811278800858421,0.834562720359312,0.8550585174970827,0.8725242719324113,0.8867358880640486,0.8974780630892466,0.9045257085835539,0.9076111234118026,0.9063708211917438,0.9002647655357419,0.8884604450409923,0.869675582101479,0.8419773769643796,0.8025441107856411,0.7474073771327469,0.6712100022977481,0.5670341981122178,0.42637307767276855,0.23933076371217876,-0.004865048702989538,-0.31697595041047466,-0.7064756481401732,-1.1799385562796454,-1.7392382404291533,-2.379789776785267,-3.0891400252725663,-3.8462358931128318,-4.621663348413733,-5.379040978085556,-6.077579741210818,-6.675612025816519,-7.134689545685341,-7.423698087325536,-7.522378308916901,-7.423698087325536,-7.134689545685341,-6.675612025816519,-6.077579741210818,-5.379040978085556,-4.621663348413733,-3.8462358931128318,-3.0891400252725663,-2.379789776785267,-1.7392382404291533,-1.1799385562796454,-0.7064756481401732,-0.31697595041047466,-0.004865048702989538,0.23933076371217876,0.42637307767276855,0.5670341981122178,0.6712100022977481,0.7474073771327469,0.8025441107856411,0.8419773769643796,0.869675582101479,0.8884604450409923,0.9002647655357419,0.9063708211917438,0.9076111234118026,0.9045257085835539,0.8974780630892466,0.8867358880640486,0.8725242719324113,0.8550585174970827,0.834562720359312,0.811278800858421,0.7854693887278987,0.7574168981303009,0.727420342022054,0.6957908880989437,0.6628467996957481,0.6289081788470477,0.59429178953051,0.5593061533240586,0.5242470547865884,0.48939355583570576,0.4550045892015726,0.42131617644298563,0.38853929404778526,0.356858391089442,0.32643054369606755,0.2973852154027162,0.2698245785728473,0.2438243407298329,0.21943501099288037,0.19668353592043528,0.1755752308805315,0.1560959324470717,0.13821429903558766,0.12188419074713641,0.10704706484246806,0.0936343300499591,0.08156961063971062,0.0707708794995704,0.061152427975487936,0.052626648671400426
0.05275526887731633,0.06155182612915514,0.07152352865229016,0.0827732143303327,0.09540334827071831,0.10951417482312645,0.12520163242697047,0.14255504969742702,0.16165465059196887,0.18256890636229878,0.20535178196930734,0.23003993435024117,0.2566499289669459,0.2851755489954959,0.31558527789587376,0.34782004049234033,0.3817912897005076,0.4173795253115402,0.45443332752068094,0.4927689809977415,0.5321707551865091,0.5723918932567931,0.6131563459074535,0.6541612673233211,0.6950802693659128,0.7355674068130995,0.7752618411828209,0.8137931027823095,0.8507868382682124,0.8858708900693203,0.9186814965892933,0.948869314300201,0.9761048222262025,1.0000824423899335,1.0205223508713188,1.0371684081187662,1.0497798498593065,1.058113320525333,1.0618905308500204,1.0607454299432117,1.0541436358203535,1.041266551030983,1.0208539561909311,0.9910029856028452,0.94892931534164,0.8907088434266692,0.8110349357407716,0.7030457972809507,0.5582951170390983,0.3669512354919061,0.11830871632481565,-0.19832553286482546,-0.5923561222187307,-1.070288795215435,-1.6339298712646741,-2.278629564170802,-2.9918731612226086,-3.752550128536097,-4.531193893254924,-5.29137608991448,-5.992266916875845,-6.592164707094811,-7.052594247426425,-7.342421855101913,-7.441376412383326,-7.342421855101913,-7.052594247426425,-6.592164707094811,-5.992266916875845,-5.29137608991448,-4.531193893254924,-3.752550128536097,-2.9918731612226086,-2.278629564170802,-1.6339298712646741,-1.070288795215435,-0.5923561222187307,-0.19832553286482546,0.11830871632481565,0.3669512354919061,0.5582951170390983,0.7030457972809507,0.8110349357407716,0.8907088434266692,0.94892931534164,0.9910029856028452,1.0208539561909311,1.041266551030983,1.0541436358203535,1.0607454299432117,1.0618905308500204,1.058113320525333,1.0497798498593065,1.0371684081187662,1.0205223508713188,1.0000824423899335,0.9761048222262025,0.948869314300201,0.9186814965892933,0.8858708900693203,0.8507868382682124,0.8137931027823095,0.7752618411828209,0.7355674068130995,0.6950802693659128,0.6541612673233211,0.6131563459074535,0.5723918932567931,0.5321707551865091,0.4927689809977415,0.45443332752068094,0.4173795253115402,0.3817912897005076,0.34782004049234033,0.31558527789587376,0.2851755489954959,0.2566499289669459,0.23003993435024117,0.20535178196930734,0.18256890636229878,0.16165465059196887,0.14255504969742702,0.12520163242697047,0.10951417482312645,0.09540334827071831,0.0827732143303327,0.07152352865229016,0.06155182612915514
0.06145170255183047,0.07169832684593155,0.08331381304148221,0.09641795131620737,0.11113009762142846,0.12756702107026158,0.1458404750584827,0.1660545135622353,0.18830258504414812,0.21266444788821823,0.23920296290049317,0.26796082972504864,0.2989573445545824,0.33218526575385304,0.3676078814439817,0.4051563782116243,0.44472761244300724,0.48618238493772015,0.5293443151204977,0.5739994031447656,0.6198963564065455,0.6667477415433295,0.7142320041065108,0.76199637611964,0.8096606670928158,0.8568219071444145,0.9030597818314975,0.947942766644252,0.9910348331694527,1.0319025547002152,1.0701223787786514,1.1052877440587807,1.1370155766447199,1.1649514732680288,1.1887725196935013,1.2081861475179398,1.2229226468449372,1.232717895283815,1.2372815665538108,1.2362446943290313,1.2290793247777738,1.2149826783902375,1.1927196124560577,1.16042129151613,1.1153459036933255,1.0536197140898709,0.9699935440281824,0.8576692537878465,0.7082693974749532,0.5120353208804008,0.2583376066251193,-0.0634389659174367,-0.46262045510837624,-0.9456345365748157,-1.5142110815523684,-2.163626565669062,-2.8812962779647853,-3.646044383196135,-4.428344577825609,-5.191715119040325,-5.895279866773786,-6.497298438807088,-6.9592650103809115,-7.250023765269272,-7.349290198397288,-7.250023765269272,-6.9592650103809115,-6.497298438807088,-5.895279866773786,-5.191715119040325,-4.428344577825609,-3.646044383196135,-2.8812962779647853,-2.163626565669062,-1.5142110815523684,-0.9456345365748157,-0.46262045510837624,-0.0634389659174367,0.2583376066251193,0.5120353208804008,0.7082693974749532,0.8576692537878465,0.9699935440281824,1.0536197140898709,1.1153459036933255,1.16042129151613,1.1927196124560577,1.2149826783902375,1.2290793247777738,1.2362446943290313,1.2372815665538108,1.232717895283815,1.2229226468449372,1.2081861475179398,1.1887725196935013,1.1649514732680288,1.1370155766447199,1.1052877440587807,1.0701223787786514,1.0319025547002152,0.9910348331694527,0.947942766644252,0.9030597818314975,0.8568219071444145,0.8096606670928158,0.76199637611964,0.7142320041065108,0.6667477415433295,0.6198963564065455,0.5739994031447656,0.5293443151204977,0.48618238493772015,0.44472761244300724,0.4051563782116243,0.3676078814439817,0.33218526575385304,0.2989573445545824,0.26796082972504864,0.23920296290049317,0.21266444788821823,0.18830258504414812,0.1660545135622353,0.1458404750584827,0.12756702107026158,0.11113009762142846,0.09641795131620737,0.08331381304148221,0.07169832684593155
0.071291023518025,0.08317828299492894,0.09665357928703514,0.11185588274053086,0.12892365994916896,0.14799237647767208,0.16919167908334104,0.1926422823135743,0.21845259710363238,0.24671515232730004,0.27750287372977595,0.3108652977958705,0.3468248103224045,0.3853730101818832,0.42646730738395144,0.4700278704762603,0.5159350410364372,0.5640273320265435,0.6141001217506673,0.665905145847817,0.7191508760938412,0.7735038568747857,0.8285910482977449,0.8840031994431987,0.9392992467525647,0.994011701491004,1.0476529569103916,1.0997224098459244,1.1497142514627936,1.1971257339146917,1.2414656561535578,1.2822627194366976,1.3190732590112508,1.3514876296868439,1.3791341639741224,1.401679077130319,1.418819909595172,1.430269042974319,1.4357225320659526,1.4348081119612122,1.4270051017705594,1.4115286187222131,1.387171892361789,1.3521045897300819,1.3036329979409327,1.237940368432929,1.1498425287750031,1.032613360121041,0.877953331960303,0.6761863897728951,0.41676912554102774,0.08917442434079437,-0.3158348971154361,-0.8045981869085705,-1.378758821263666,-2.0335098469445185,-2.7561873555563206,-3.5255416285767573,-4.311978781967461,-5.07895668070403,-5.785546756485692,-6.389964823961785,-6.853670423773297,-7.145482697453052,-7.245101993222375,-7.145482697453052,-6.853670423773297,-6.389964823961785,-5.785546756485692,-5.07895668070403,-4.311978781967461,-3.5255416285767573,-2.7561873555563206,-2.0335098469445185,-1.378758821263666,-0.8045981869085705,-0.3158348971154361,0.08917442434079437,0.41676912554102774,0.6761863897728951,0.877953331960303,1.032613360121041,1.1498425287750031,1.237940368432929,1.3036329979409327,1.3521045897300819,1.387171892361789,1.4115286187222131,1.4270051017705594,1.4348081119612122,1.4357225320659526,1.430269042974319,1.418819909595172,1.401679077130319,1.3791341639741224,1.3514876296868439,1.3190732590112508,1.2822627194366976,1.2414656561535578,1.1971257339146917,1.1497142514627936,1.0997224098459244,1.0476529569103916,0.994011701491004,0.9392992467525647,0.8840031994431987,0.8285910482977449,0.7735038568747857,0.7191508760938412,0.665905145847817,0.6141001217506673,0.5640273320265435,0.5159350410364372,0.4700278704762603,0.42646730738395144,0.3853730101818832,0.3468248103224045,0.3108652977958705,0.27750287372977595,0.24671515232730004,0.21845259710363238,0.1926422823135743,0.16919167908334104,0.14799237647767208,0.12892365994916896,0.11185588274053086,0.09665357928703514,0.08317828299492894
0.08236991754520993,0.09610450199402942,0.11167391017060616,0.12923870893724326,0.1489588831187807,0.17099095013979415,0.19548470435281107,0.22257961980133684,0.2524009548889928,0.28505561782565053,0.3206278672924529,0.3591749379308457,0.4007226943749363,0.4452614299303285,0.49274193596150345,0.5430719749073014,0.5961132929753064,0.6516793074333832,0.7095335976043771,0.7693893179157023,0.830909635576609,0.8937092747663994,0.9573572239309857,1.0213806333981719,1.0852698976561928,1.1484848809308452,1.210462206578849,1.2706234901432991,1.3283843513210343,1.383163987940642,1.4343950278885782,1.4815332793068372,1.5240668532545514,1.561523903155594,1.5934778662551687,1.6195485489719506,1.639396616227889,1.6527079935616096,1.6591634011172607,1.6583868598423699,1.6498658780462003,1.6328357243540694,1.606121574948807,1.567936449976327,1.515640795127632,1.4454820274055507,1.352349170214249,1.229597198884422,1.069014314190467,0.8610174673398704,0.5951600952701268,0.26101428845433206,-0.1505570647007528,-0.645793857087257,-1.2262420731428247,-1.8870008202680788,-2.6153170152166916,-3.3898577482562757,-4.18095304095029,-4.951992757757441,-5.661989297151648,-6.269109152263365,-6.734772865812788,-7.0277713822307994,-7.127787994829465,-7.0277713822307994,-6.734772865812788,-6.269109152263365,-5.661989297151648,-4.951992757757441,-4.18095304095029,-3.3898577482562757,-2.6153170152166916,-1.8870008202680788,-1.2262420731428247,-0.645793857087257,-0.1505570647007528,0.26101428845433206,0.5951600952701268,0.8610174673398704,1.069014314190467,1.229597198884422,1.352349170214249,1.4454820274055507,1.515640795127632,1.567936449976327,1.606121574948807,1.6328357243540694,1.6498658780462003,1.6583868598423699,1.6591634011172607,1.6527079935616096,1.639396616227889,1.6195485489719506,1.5934778662551687,1.561523903155594,1.5240668532545514,1.4815332793068372,1.4343950278885782,1.383163987940642,1.3283843513210343,1.2706234901432991,1.210462206578849,1.1484848809308452,1.0852698976561928,1.0213806333981719,0.9573572239309857,0.8937092747663994,0.830909635576609,0.7693893179157023,0.7095335976043771,0.6516793074333832,0.5961132929753064,0.5430719749073014,0.49274193596150345,0.4452614299303285,0.4007226943749363,0.3591749379308457,0.3206278672924529,0.28505561782565053,0.2524009548889928,0.22257961980133684,0.19548470435281107,0.17099095013979415,0.1489588831187807,0.12923870893724326,0.11167391017060616,0.09610450199402942
0.09478405048698992,0.11058860128188676,0.12850450571205965,0.1487165299887255,0.1714087705656226,0.19676133391748338,0.22494659019952673,0.2561250338637955,0.29044080125528776,0.32801691293131324,0.36895032636524844,0.4133069021443817,0.4611164030129084,0.5123676593613572,0.567004046223594,0.6249194247335378,0.6859547045969288,0.7498951828303454,0.816468807331727,0.8853455014723375,0.9561376677450891,1.0284019647016134,1.1016424223265355,1.1753149272124235,1.2488330711525135,1.3215753158425045,1.3928933828836598,1.4621217322511821,1.5285879426649713,1.5916237504465225,1.650576432207075,1.704820117825269,1.7537664717277743,1.7968739493821533,1.833654476738223,1.8636758581384458,1.886557438714278,1.9019554994268062,1.9095335776189502,1.9089115324624806,1.8995860484355436,1.880814974226226,1.8514592828938683,1.8097805726472416,1.7531999749980771,1.678036805808676,1.579262105950576,1.4503217184791035,1.2831021489122698,1.0681245633242433,0.7950509154545304,0.4535644575026512,0.034640210306169594,-0.4678502774037001,-1.0553438605257313,-1.7228343854353902,-2.4574688465963526,-3.237821116781878,-4.034135952187531,-4.8097270212677365,-5.5235405745302675,-6.133687839310024,-6.601545660339662,-6.895873386606401,-6.996335201039056,-6.895873386606401,-6.601545660339662,-6.133687839310024,-5.5235405745302675,-4.8097270212677365,-4.034135952187531,-3.237821116781878,-2.4574688465963526,-1.7228343854353902,-1.0553438605257313,-0.4678502774037001,0.034640210306169594,0.4535644575026512,0.7950509154545304,1.0681245633242433,1.2831021489122698,1.4503217184791035,1.579262105950576,1.678036805808676,1.7531999749980771,1.8097805726472416,1.8514592828938683,1.880814974226226,1.8995860484355436,1.9089115324624806,1.9095335776189502,1.9019554994268062,1.886557438714278,1.8636758581384458,1.833654476738223,1.7968739493821533,1.7537664717277743,1.704820117825269,1.650576432207075,1.5916237504465225,1.5285879426649713,1.4621217322511821,1.3928933828836598,1.3215753158425045,1.2488330711525135,1.1753149272124235,1.1016424223265355,1.0284019647016134,0.9561376677450891,0.8853455014723375,0.816468807331727,0.7498951828303454,0.6859547045969288,0.6249194247335378,0.567004046223594,0.5123676593613572,0.4611164030129084,0.4133069021443817,0.36895032636524844,0.32801691293131324,0.29044080125528776,0.2561250338637955,0.22494659019952673,0.19676133391748338,0.1714087705656226,0.1487165299887255,0.12850450571205965,0.11058860128188676
0.10862624014297224,0.12673887535087477,0.14727120465112584,0.17043497736997645,0.19644117526533292,0.22549620742263846,0.2577976168016846,0.2935293363405522,0.3328565519449359,0.3759202499994871,0.42283154757224234,0.47366592347988046,0.5284574869948141,0.5871934373064236,0.6498088799822005,0.7161821757179667,0.7861310007957804,0.859409297174778,0.9357052824758366,1.0146406759402133,1.0957712756378855,1.1785889949276913,1.2625254328524298,1.346957014463268,1.431211693879408,1.5145771661465268,1.5963104844579772,1.6756489273018633,1.751821904649127,1.8240636302013227,1.8916262109316273,1.9537927026164916,2.0098895290306587,2.0592974299982005,2.1014597442368927,2.1358862919669988,2.1621503453175994,2.1798751305155917,2.1887050254833746,2.188255248868116,2.178032716895167,2.1573204558073207,2.1250193534252717,2.0794451741860955,2.0180867164006413,1.9373434656582085,1.832277915156788,1.6964372286225842,1.5218175247790977,1.2990561728986116,1.0179361267261313,0.6682645876493272,0.24114160806302132,-0.2694370020186343,-0.8647864142660164,-1.5397831053534237,-2.2814626529186057,-3.068294988989052,-3.870429795911914,-4.651095780948817,-5.369165437326455,-5.982688369097044,-6.452992696218503,-6.748802537660339,-6.849760767609903,-6.748802537660339,-6.452992696218503,-5.982688369097044,-5.369165437326455,-4.651095780948817,-3.870429795911914,-3.068294988989052,-2.2814626529186057,-1.5397831053534237,-0.8647864142660164,-0.2694370020186343,0.24114160806302132,0.6682645876493272,1.0179361267261313,1.2990561728986116,1.5218175247790977,1.6964372286225842,1.832277915156788,1.9373434656582085,2.0180867164006413,2.0794451741860955,2.1250193534252717,2.1573204558073207,2.178032716895167,2.188255248868116,2.1887050254833746,2.1798751305155917,2.1621503453175994,2.1358862919669988,2.1014597442368927,2.0592974299982005,2.0098895290306587,1.9537927026164916,1.8916262109316273,1.8240636302013227,1.751821904649127,1.6756489273018633,1.5963104844579772,1.5145771661465268,1.431211693879408,1.346957014463268,1.2625254328524298,1.1785889949276913,1.0957712756378855,1.0146406759402133,0.9357052824758366,0.859409297174778,0.7861310007957804,0.7161821757179667,0.6498088799822005,0.5871934373064236,0.5284574869948141,0.47366592347988046,0.42283154757224234,0.3759202499994871,0.3328565519449359,0.2935293363405522,0.2577976168016846,0.22549620742263846,0.19644117526533292,0.17043497736997645,0.14727120465112584,0.12673887535087477
0.12398441085596881,0.14465790928825498,0.16809321137034652,0.19453200470396684,0.2242151007994927,0.2573780919854468,0.29424645092346563,0.3350301159943203,0.37991762798863676,0.4290699067156317,0.4826137795808977,0.5406353970081784,0.6031736908249911,0.6702140503722503,0.7416824060884082,0.8174399206406272,0.897278492388828,0.9809172742640467,1.0680004023947995,1.1580961126301814,1.250697399364443,1.3452243399428636,1.4410281699110592,1.5373971502400694,1.6335642184332315,1.72871636222468,1.822005598422201,1.9125613808195314,1.9995041993075813,2.0819600644002123,2.1590754905607157,2.2300324851300224,2.294062895770528,2.3504612353328698,2.398594743706193,2.437908906632661,2.4679258773755244,2.4882322073101486,2.498451016620205,2.4981923752032196,2.486974551601201,2.4641085070291497,2.4285394154889275,2.3786431398703756,2.311983556075262,2.225049099518302,2.113003731479972,1.9695070328833724,1.7866767403725936,1.5552791528617114,1.2652314758858758,0.9064784347967063,0.47025880686194554,-0.04929372766524098,-0.6533593306163896,-1.3366842547668487,-2.086180458682862,-2.8802025501724633,-3.6887947253533486,-4.475091425439975,-5.197883308563414,-5.815151606580521,-6.288170378391904,-6.585624654597398,-6.687133666933472,-6.585624654597398,-6.288170378391904,-5.815151606580521,-5.197883308563414,-4.475091425439975,-3.6887947253533486,-2.8802025501724633,-2.086180458682862,-1.3366842547668487,-0.6533593306163896,-0.04929372766524098,0.47025880686194554,0.9064784347967063,1.2652314758858758,1.5552791528617114,1.7866767403725936,1.9695070328833724,2.113003731479972,2.225049099518302,2.311983556075262,2.3786431398703756,2.4285394154889275,2.4641085070291497,2.486974551601201,2.4981923752032196,2.498451016620205,2.4882322073101486,2.4679258773755244,2.437908906632661,2.398594743706193,2.3504612353328698,2.294062895770528,2.2300324851300224,2.1590754905607157,2.0819600644002123,1.9995041993075813,1.9125613808195314,1.822005598422201,1.72871636222468,1.6335642184332315,1.5373971502400694,1.4410281699110592,1.3452243399428636,1.250697399364443,1.1580961126301814,1.0680004023947995,0.9809172742640467,0.897278492388828,0.8174399206406272,0.7416824060884082,0.6702140503722503,0.6031736908249911,0.5406353970081784,0.4826137795808977,0.4290699067156317,0.37991762798863676,0.3350301159943203,0.29424645092346563,0.2573780919854468,0.2242151007994927,0.19453200470396684,0.16809321137034652,0.14465790928825498
0.1409393515399906,0.1644399629716507,0.19108005631718253,0.22113437009917106,0.25487664694285084,0.29257469656543206,0.3344848251468744,0.3808456802642794,0.4318715857716406,0.4877454673561822,0.5486114961453734,0.6145676036837819,0.6856580457491047,0.7618662136660895,0.8431079088173564,0.9292253077836872,1.0199818509042542,1.1150582851098674,1.2140500819385633,1.3164664332452916,1.4217310001282606,1.5291845552179102,1.6380896152694893,1.7476371108637871,1.8569550841285078,1.9651193450719,2.0711659536133773,2.1741053284524994,2.2729377151144363,2.366669671174062,2.4543311402624255,2.534992575404352,2.607781415188728,2.671896980581216,2.7266225007414504,2.7713324381575526,2.8054925124618326,2.828648787139271,2.840400914494067,2.8403532803649862,2.8280366858969876,2.8027929316417124,2.763616082161546,2.7089483471607303,2.6364364858560143,2.542667131490615,2.422916262938252,2.27096756619553,2.0790730402915765,1.8381413184372932,1.538237815950177,1.1694590803418572,0.7231970368060674,0.19373757003283476,-0.4199504351649528,-1.112469468446342,-1.8705950167844458,-2.6725543736517037,-3.4882752816638383,-4.280788115264067,-5.008793189194391,-5.630196254543906,-6.106211688494795,-6.405481369307882,-6.507598428192443,-6.405481369307882,-6.106211688494795,-5.630196254543906,-5.008793189194391,-4.280788115264067,-3.4882752816638383,-2.6725543736517037,-1.8705950167844458,-1.112469468446342,-0.4199504351649528,0.19373757003283476,0.7231970368060674,1.1694590803418572,1.538237815950177,1.8381413184372932,2.0790730402915765,2.27096756619553,2.422916262938252,2.542667131490615,2.6364364858560143,2.7089483471607303,2.763616082161546,2.8027929316417124,2.8280366858969876,2.8403532803649862,2.840400914494067,2.828648787139271,2.8054925124618326,2.7713324381575526,2.7266225007414504,2.671896980581216,2.607781415188728,2.534992575404352,2.4543311402624255,2.366669671174062,2.2729377151144363,2.1741053284524994,2.0711659536133773,1.9651193450719,1.8569550841285078,1.7476371108637871,1.6380896152694893,1.5291845552179102,1.4217310001282606,1.3164664332452916,1.2140500819385633,1.1150582851098674,1.0199818509042542,0.9292253077836872,0.8431079088173564,0.7618662136660895,0.6856580457491047,0.6145676036837819,0.5486114961453734,0.4877454673561822,0.4318715857716406,0.3808456802642794,0.3344848251468744,0.29257469656543206,0.25487664694285084,0.22113437009917106,0.19108005631718253,0.1644399629716507
0.1595623068704388,0.1861681606077288,0.21632833023395812,0.2503538567179608,0.2885546535387895,0.33123391732544466,0.37868182115515775,0.4311685461910706,0.48893673586943315,0.5521934866776382,0.6211020197276871,0.6957732067030098,0.776257151097802,0.8625350496572779,0.9545115782191308,1.0520080594404895,1.154756675960541,1.262395990355695,1.374468021986739,1.4904171100095802,1.6095907612674982,1.7312426417363351,1.8545378212913515,1.978560324830582,2.1023229795758693,2.224779480226332,2.3448385220592627,2.4613797780946602,2.5732714199393216,2.679388800536488,2.778633824531866,2.869954416002259,2.9523633327748695,3.024955339022454,3.086921388261101,3.1375579325091767,3.176268705868771,3.2025553007654763,3.215991592871228,3.216175724772491,3.2026522631654757,3.174796881889811,3.131657345885947,3.0717487388235334,2.9928088572341216,2.891532192819877,2.763317762256541,2.6020855659804605,2.4002350740408964,2.1488312566894616,1.8381023197958266,1.4583115691845412,1.0010191445561185,0.4606781087984677,-0.16357894353138347,-0.8661965956660924,-1.6338004370102626,-2.4444779216096517,-3.268028881967777,-4.067369387743882,-4.801100522374448,-5.427045130438165,-5.90635203595504,-6.207615719551385,-6.3104006441585305,-6.207615719551385,-5.90635203595504,-5.427045130438165,-4.801100522374448,-4.067369387743882,-3.268028881967777,-2.4444779216096517,-1.6338004370102626,-0.8661965956660924,-0.16357894353138347,0.4606781087984677,1.0010191445561185,1.4583115691845412,1.8381023197958266,2.1488312566894616,2.4002350740408964,2.6020855659804605,2.763317762256541,2.891532192819877,2.9928088572341216,3.0717487388235334,3.131657345885947,3.174796881889811,3.2026522631654757,3.216175724772491,3.215991592871228,3.2025553007654763,3.176268705868771,3.1375579325091767,3.086921388261101,3.024955339022454,2.9523633327748695,2.869954416002259,2.778633824531866,2.679388800536488,2.5732714199393216,2.4613797780946602,2.3448385220592627,2.224779480226332,2.1023229795758693,1.978560324830582,1.8545378212913515,1.7312426417363351,1.6095907612674982,1.4904171100095802,1.374468021986739,1.262395990355695,1.154756675960541,1.0520080594404895,0.9545115782191308,0.8625350496572779,0.776257151097802,0.6957732067030098,0.6211020197276871,0.5521934866776382,0.48893673586943315,0.4311685461910706,0.37868182115515775,0.33123391732544466,0.2885546535387895,0.2503538567179608,0.21632833023395812,0.1861681606077288
0.17991244068906312,0.20991153117839026,0.2439182451415884,0.28228329284949033,0.3253561132862293,0.37347857193747136,0.4269778497494615,0.4861585860411119,0.5512943703191745,0.6226187115823336,0.7003156477102614,0.7845101906532146,0.8752588339659985,0.972540376278899,1.0762473360505016,1.1861782479255356,1.3020311378604126,1.4233984717061903,1.5497638592457688,1.6805007721985674,1.8148735002572547,1.9520405240714869,2.0910604289649224,2.23090041922837,2.37044742161779,2.5085216899880303,2.643892742591851,2.775297380814319,2.901459453201524,3.021110939544373,3.1330138305791304,3.235982157536667,3.3289033614614634,3.4107579526557483,3.4806360509246814,3.537748862767291,3.581432387932422,3.6111396233357986,3.6264162773737123,3.6268536703524163,3.612011411199872,3.581302188608144,3.53383244831567,3.468196906624064,3.382232840598764,3.2727526036901957,3.1352896614674917,2.96391297123453,2.7511831512010483,2.488336008075211,2.1657776362230337,1.7739535657145205,1.3046077517436174,0.7523759402707149,0.1165696187912375,-0.5970832445331977,-1.3750444393490926,-2.1952486109242417,-3.0273558186781395,-3.8341572263349253,-4.574145482858115,-5.2050528371850895,-5.687956480472072,-5.991399099836341,-6.094913831103401,-5.991399099836341,-5.687956480472072,-5.2050528371850895,-4.574145482858115,-3.8341572263349253,-3.0273558186781395,-2.1952486109242417,-1.3750444393490926,-0.5970832445331977,0.1165696187912375,0.7523759402707149,1.3046077517436174,1.7739535657145205,2.1657776362230337,2.488336008075211,2.7511831512010483,2.96391297123453,3.1352896614674917,3.2727526036901957,3.382232840598764,3.468196906624064,3.53383244831567,3.581302188608144,3.612011411199872,3.6268536703524163,3.6264162773737123,3.6111396233357986,3.581432387932422,3.537748862767291,3.4806360509246814,3.4107579526557483,3.3289033614614634,3.235982157536667,3.1330138305791304,3.021110939544373,2.901459453201524,2.775297380814319,2.643892742591851,2.5085216899880303,2.37044742161779,2.23090041922837,2.0910604289649224,1.9520405240714869,1.8148735002572547,1.6805007721985674,1.5497638592457688,1.4233984717061903,1.3020311378604126,1.1861782479255356,1.0762473360505016,0.972540376278899,0.8752588339659985,0.7845101906532146,0.7003156477102614,0.6226187115823336,0.5512943703191745,0.4861585860411119,0.4269778497494615,0.37347857193747136,0.3253561132862293,0.28228329284949033,0.2439182451415884,0.20991153117839026
0.20203421996041,0.2357219561909896,0.27391008761012603,0.31699244732757204,0.3653614408507663,0.4194009689620193,0.47947844231402054,0.5459359582455087,0.61908074644207,0.699175027838634,0.7864254693522873,0.8809724542258962,0.982879422381873,1.0921225655600717,1.2085811864407678,1.3320290477735857,1.4621270452137922,1.5984175347904437,1.7403206316774673,1.8871327705683114,2.0380277792720105,2.192060666451526,2.348174262528491,2.505208780997956,2.6619142874855726,2.816965977885928,2.96898207692989,3.1165440762242125,3.2582189367524124,3.3925827833484936,3.5182455121900627,3.633875605195635,3.7382242767769265,3.8301478366325106,3.9086267924580613,3.97277968391417,4.021868879567453,4.055294550187501,4.072571784703439,4.073284487206057,4.057008618404266,4.023197104287969,3.9710201800365943,3.8991591272551083,3.8055593641362715,3.687161366707138,3.539644754305137,3.357240409014288,3.1326841264690994,2.8573974225439227,2.521979766748456,2.1170747775078818,1.634626228150447,1.0694684517633903,0.4211074028727553,-0.3045413769565837,-1.093761617505491,-1.9243218520109044,-2.765730198419089,-3.5806420404366825,-4.327432152447222,-4.963734300655848,-5.45054780712881,-5.756359056426136,-5.860667129986927,-5.756359056426136,-5.45054780712881,-4.963734300655848,-4.327432152447222,-3.5806420404366825,-2.765730198419089,-1.9243218520109044,-1.093761617505491,-0.3045413769565837,0.4211074028727553,1.0694684517633903,1.634626228150447,2.1170747775078818,2.521979766748456,2.8573974225439227,3.1326841264690994,3.357240409014288,3.539644754305137,3.687161366707138,3.8055593641362715,3.8991591272551083,3.9710201800365943,4.023197104287969,4.057008618404266,4.073284487206057,4.072571784703439,4.055294550187501,4.021868879567453,3.97277968391417,3.9086267924580613,3.8301478366325106,3.7382242767769265,3.633875605195635,3.5182455121900627,3.3925827833484936,3.2582189367524124,3.1165440762242125,2.96898207692989,2.816965977885928,2.6619142874855726,2.505208780997956,2.348174262528491,2.192060666451526,2.0380277792720105,1.8871327705683114,1.7403206316774673,1.5984175347904437,1.4621270452137922,1.3320290477735857,1.2085811864407678,1.0921225655600717,0.982879422381873,0.8809724542258962,0.7864254693522873,0.699175027838634,0.61908074644207,0.5459359582455087,0.47947844231402054,0.4194009689620193,0.3653614408507663,0.31699244732757204,0.27391008761012603,0.2357219561909896
0.22595477649776236,0.2636310914912709,0.3063406418900549,0.3545238900688005,0.40861970177385104,0.4690574310793886,0.5362479895227148,0.6105739782677823,0.6923790025461883,0.7819563298685391,0.8795370962130323,0.9852783059934355,1.099250910326311,1.2214282820882936,1.3516754335733214,1.4897393413710927,1.6352407516779692,1.787667836145903,1.9463720524341983,2.110566534136853,2.2793272914969855,2.4515974476245335,2.6261946657181636,2.8018218425375774,2.97708105405691,3.1504906431845097,3.320505239074247,3.485538394927586,3.64398742724491,3.794259932946506,3.9348013464619154,4.064122765418247,4.1808281006658286,4.283639362237497,4.371418532884341,4.443183950455844,4.4981183652005985,4.535564826315835,4.555005313517966,4.556015711651266,4.53818966280986,4.501023602076917,4.443756740952047,4.365163965185138,4.263307627322122,4.135266743934217,3.976878972256015,3.7825502856610163,3.5452059013235537,3.256468144761493,2.9071455844453604,2.4880960342156966,1.9914793332478942,1.4123445493725963,0.7504079167476703,0.011787802404358061,-0.7896069850790264,-1.631365359923386,-2.482831143860107,-3.3065128999651012,-4.0606579433646735,-4.7027935496541575,-5.193834840079141,-5.502207318540486,-5.607373243043457,-5.502207318540486,-5.193834840079141,-4.7027935496541575,-4.0606579433646735,-3.3065128999651012,-2.482831143860107,-1.631365359923386,-0.7896069850790264,0.011787802404358061,0.7504079167476703,1.4123445493725963,1.9914793332478942,2.4880960342156966,2.9071455844453604,3.256468144761493,3.5452059013235537,3.7825502856610163,3.976878972256015,4.135266743934217,4.263307627322122,4.365163965185138,4.443756740952047,4.501023602076917,4.53818966280986,4.556015711651266,4.555005313517966,4.535564826315835,4.4981183652005985,4.443183950455844,4.371418532884341,4.283639362237497,4.1808281006658286,4.064122765418247,3.9348013464619154,3.794259932946506,3.64398742724491,3.485538394927586,3.320505239074247,3.1504906431845097,2.97708105405691,2.8018218425375774,2.6261946657181636,2.4515974476245335,2.2793272914969855,2.110566534136853,1.9463720524341983,1.787667836145903,1.6352407516779692,1.4897393413710927,1.3516754335733214,1.2214282820882936,1.099250910326311,0.9852783059934355,0.8795370962130323,0.7819563298685391,0.6923790025461883,0.6105739782677823,0.5362479895227148,0.4690574310793886,0.40861970177385104,0.3545238900688005,0.3063406418900549,0.2636310914912709
0.25168131175663583,0.29364733932506093,0.3412196714328915,0.3948889201838346,0.4551439192659272,0.5224629077244907,0.5973035822558593,0.680092105848556,0.7712112055984859,0.8709875395781576,0.9796785602171619,1.0974591479823834,1.2244083322723769,1.360496454279131,1.5055731569999948,1.6593566085357556,1.8214243743788252,1.9912063509363496,2.167980154777529,2.3508693292450253,2.5388446818850894,2.730729003004343,2.9252053385750645,3.120828901341822,3.3160426045526754,3.5091960958820416,3.698568057600058,3.8823914253168623,4.058881063056447,4.226263316132038,4.382806740523302,4.526853167205223,4.656848082191323,4.771369056354733,4.869150598984081,4.949103280978592,5.010324223163362,5.052095040540189,5.073862103899453,5.075192673393618,5.055699407429378,5.014925535077342,4.9521844518022915,4.866351714520813,4.755615438561798,4.6172036407167685,4.4471239478248075,4.239970643770719,3.988872668410436,3.6856683178378478,3.321391046252203,2.8871290344546434,2.37527450022874,1.7811074584125226,1.1045702987030936,0.35199952672323054,-0.46248897413097456,-1.3162909380036205,-2.1785734862069988,-3.0116872763716747,-3.773742541316931,-4.422152026090973,-4.917740294038773,-5.228867371971548,-5.334955914327346,-5.228867371971548,-4.917740294038773,-4.422152026090973,-3.773742541316931,-3.0116872763716747,-2.1785734862069988,-1.3162909380036205,-0.46248897413097456,0.35199952672323054,1.1045702987030936,1.7811074584125226,2.37527450022874,2.8871290344546434,3.321391046252203,3.6856683178378478,3.988872668410436,4.239970643770719,4.4471239478248075,4.6172036407167685,4.755615438561798,4.866351714520813,4.9521844518022915,5.014925535077342,5.055699407429378,5.075192673393618,5.073862103899453,5.052095040540189,5.010324223163362,4.949103280978592,4.869150598984081,4.771369056354733,4.656848082191323,4.526853167205223,4.382806740523302,4.226263316132038,4.058881063056447,3.8823914253168623,3.698568057600058,3.5091960958820416,3.3160426045526754,3.120828901341822,2.9252053385750645,2.730729003004343,2.5388446818850894,2.3508693292450253,2.167980154777529,1.9912063509363496,1.8214243743788252,1.6593566085357556,1.5055731569999948,1.360496454279131,1.2244083322723769,1.0974591479823834,0.9796785602171619,0.8709875395781576,0.7712112055984859,0.680092105848556,0.5973035822558593,0.5224629077244907,0.4551439192659272,0.3948889201838346,0.3412196714328915,0.29364733932506093
0.27919861685641434,0.3257529548415568,0.37852655663358603,0.4380636748820612,0.5049065893797094,0.5795858269226943,0.6626091259825949,0.754449243619204,0.8555307519831689,0.9662160239554674,1.0867906602497406,1.2174486617003335,1.3582776982999587,1.5092448685267856,1.6701833762572678,1.8407805758051463,2.0205678462411862,2.2089127523108885,2.405013929570855,2.607899094924041,2.816426530282055,3.029290317035649,3.2450295135095995,3.4620413684606373,3.678598553429191,3.8928702783364266,4.102947031277391,4.306868557861433,4.502654569504218,4.688337543369949,4.8619968448527064,5.02179325598082,5.166002810312359,5.2930485854555895,5.401528744077899,5.490238588698213,5.558183650234631,5.6045798331887875,5.628835420762816,5.63050844807077,5.60923191351731,5.564599097391223,5.496002742911765,5.402426085669735,5.282191757858963,5.1326871480822565,4.950101684008743,4.729231067931926,4.463422143095382,4.144744209425163,3.764471260670345,3.3139378799507684,2.7857848390428153,2.175539175525834,1.4833851768460926,0.7158926713850331,-0.1126009686023055,-0.9792848503256399,-1.8531370949348078,-2.6963394631501254,-3.4668555634736853,-4.121975638176815,-4.622427389159472,-4.936500808421164,-5.043576190111962,-4.936500808421164,-4.622427389159472,-4.121975638176815,-3.4668555634736853,-2.6963394631501254,-1.8531370949348078,-0.9792848503256399,-0.1126009686023055,0.7158926713850331,1.4833851768460926,2.175539175525834,2.7857848390428153,3.3139378799507684,3.764471260670345,4.144744209425163,4.463422143095382,4.729231067931926,4.950101684008743,5.1326871480822565,5.282191757858963,5.402426085669735,5.496002742911765,5.564599097391223,5.60923191351731,5.63050844807077,5.628835420762816,5.6045798331887875,5.558183650234631,5.490238588698213,5.401528744077899,5.2930485854555895,5.166002810312359,5.02179325598082,4.8619968448527064,4.688337543369949,4.502654569504218,4.306868557861433,4.102947031277391,3.8928702783364266,3.678598553429191,3.4620413684606373,3.2450295135095995,3.029290317035649,2.816426530282055,2.607899094924041,2.405013929570855,2.2089127523108885,2.0205678462411862,1.8407805758051463,1.6701833762572678,1.5092448685267856,1.3582776982999587,1.2174486617003335,1.0867906602497406,0.9662160239554674,0.8555307519831689,0.754449243619204,0.6626091259825949,0.5795858269226943,0.5049065893797094,0.4380636748820612,0.37852655663358603,0.3257529548415568
0.3084667852187023,0.3599013773307656,0.41820719371513193,0.4839855405926083,0.5578355445141605,0.6403433469769331,0.7320699122715927,0.8335375562035165,0.9452153584833358,1.0675036792521717,1.2007180585187296,1.3450728340701157,1.50066486627447,1.6674578045696684,1.8452673677275593,2.0337481356639606,2.2323823622914896,2.4404713146727657,2.657129621970383,2.8812830774301403,3.111670277579928,3.346848405440336,3.585203370083555,3.82496440539079,4.0642231091038825,4.300956772548701,4.533055715279762,4.758354200667194,4.974664370403683,5.179812498116961,5.371676720850748,5.54822525195584,5.70755389066221,5.8479213912597405,5.967780894370545,6.0658050998695385,6.140902121111261,6.192217971088169,6.219120421987923,6.2211576969180395,6.1979844284687555,6.149247132791712,6.074422949576986,5.972609644437655,5.842272925433306,5.680969693442313,5.485082744535359,5.249622015207861,4.96816611678582,4.633030051273577,4.235743656952102,3.7679035972765877,3.222415012938985,2.5950676817526905,1.8863031803143238,1.1029395055581155,0.25954961142817545,-0.6208358351510208,-1.5069939295182704,-2.3609267889590777,-3.1404420682879883,-3.8026997124276116,-4.30832439876041,-4.62553162831911,-4.73365663967744,-4.62553162831911,-4.30832439876041,-3.8026997124276116,-3.1404420682879883,-2.3609267889590777,-1.5069939295182704,-0.6208358351510208,0.25954961142817545,1.1029395055581155,1.8863031803143238,2.5950676817526905,3.222415012938985,3.7679035972765877,4.235743656952102,4.633030051273577,4.96816611678582,5.249622015207861,5.485082744535359,5.680969693442313,5.842272925433306,5.972609644437655,6.074422949576986,6.149247132791712,6.1979844284687555,6.2211576969180395,6.219120421987923,6.192217971088169,6.140902121111261,6.0658050998695385,5.967780894370545,5.8479213912597405,5.70755389066221,5.54822525195584,5.371676720850748,5.179812498116961,4.974664370403683,4.758354200667194,4.533055715279762,4.300956772548701,4.0642231091038825,3.82496440539079,3.585203370083555,3.346848405440336,3.111670277579928,2.8812830774301403,2.657129621970383,2.4404713146727657,2.2323823622914896,2.0337481356639606,1.8452673677275593,1.6674578045696684,1.50066486627447,1.3450728340701157,1.2007180585187296,1.0675036792521717,0.9452153584833358,0.8335375562035165,0.7320699122715927,0.6403433469769331,0.5578355445141605,0.4839855405926083,0.41820719371513193,0.3599013773307656
0.3394191984063625,0.3960148802158546,0.46017126400796715,0.5325499927382561,0.6138103109783161,0.7045971752895885,0.8055278386762748,0.9171770275610289,1.0400608904142872,1.1746199606246834,1.3212014403609817,1.4800411746586095,1.6512457431238223,1.8347751476782308,2.030426615803906,2.2378200670069717,2.456385803121114,2.685354978407611,2.9237533814639267,3.1703990166537226,3.4239039077927367,3.6826804616769064,3.9449526251098357,4.20877194863482,4.472038536253409,4.732526716687648,4.987915122197608,5.235820709382049,5.473836105553674,5.699569514764338,5.9106862659664525,6.104950922415579,6.280268677379456,6.434724505798875,6.5666181809170565,6.674492744761919,6.757153287203871,6.813671907800008,6.843373536506004,6.845796019788222,6.820616869367648,6.767538900731197,6.686128506657976,6.575604573445074,6.434584118358019,6.260803309181421,6.050849437825551,5.799959003154016,5.501955721733499,5.149414436640529,4.734135553332164,4.247992897084168,3.6841711906862695,3.038738071645182,2.3124072114830434,1.5122590566147247,0.6531156992867153,-0.24175977247911362,-1.1409318601247476,-2.0062126998698453,-2.795245018443421,-3.4650509654224733,-3.9761462650976824,-4.296667640931748,-4.40590268318649,-4.296667640931748,-3.9761462650976824,-3.4650509654224733,-2.795245018443421,-2.0062126998698453,-1.1409318601247476,-0.24175977247911362,0.6531156992867153,1.5122590566147247,2.3124072114830434,3.038738071645182,3.6841711906862695,4.247992897084168,4.734135553332164,5.149414436640529,5.501955721733499,5.799959003154016,6.050849437825551,6.260803309181421,6.434584118358019,6.575604573445074,6.686128506657976,6.767538900731197,6.820616869367648,6.845796019788222,6.843373536506004,6.813671907800008,6.757153287203871,6.674492744761919,6.5666181809170565,6.434724505798875,6.280268677379456,6.104950922415579,5.9106862659664525,5.699569514764338,5.473836105553674,5.235820709382049,4.987915122197608,4.732526716687648,4.472038536253409,4.20877194863482,3.9449526251098357,3.6826804616769064,3.4239039077927367,3.1703990166537226,2.9237533814639267,2.685354978407611,2.456385803121114,2.2378200670069717,2.030426615803906,1.8347751476782308,1.6512457431238223,1.4800411746586095,1.3212014403609817,1.1746199606246834,1.0400608904142872,0.9171770275610289,0.8055278386762748,0.7045971752895885,0.6138103109783161,0.5325499927382561,0.46017126400796715,0.3960148802158546
0.37196086655186156,0.4339826347600019,0.504289983967685,0.5836079918613002,0.6726591077992553,0.7721501232730407,0.882757470150395,1.005110976499985,1.139776276302547,1.2872361388939073,1.447871054299876,1.6219394790961612,1.8095582111624535,2.010683417621984,2.2250928852298015,2.4523700934399004,2.6918907245219996,2.94281221998677,3.2040669663382504,3.4743596446263103,3.752169207065122,4.03575585067527,4.323173244021805,4.612286131140177,4.900793290025106,5.186255665658267,5.466129333898566,5.7378027869340285,5.998637866708119,6.246013510891167,6.477371313690119,6.690261731829437,6.88238956593115,7.0516570888677395,7.1962028318391,7.314433521730163,7.4050459351754245,7.467034463203385,7.499678993798766,7.502506463997026,7.4752184393813135,7.417576925469192,7.329242150838179,7.209560341423814,7.057307592684898,6.870408543790706,6.645665482351797,6.378553102468937,6.063152810904228,5.692312633373968,5.258117434811825,4.752732433217391,4.169636288650809,3.5051887650477176,2.760389599598748,1.942595163696005,1.0668894799210777,0.15677999107927842,-0.7560742947182515,-1.6332857780272283,-2.432323789240984,-3.1100656074741826,-3.6269124097176,-3.9509180970211704,-4.061320164827144,-3.9509180970211704,-3.6269124097176,-3.1100656074741826,-2.432323789240984,-1.6332857780272283,-0.7560742947182515,0.15677999107927842,1.0668894799210777,1.942595163696005,2.760389599598748,3.5051887650477176,4.169636288650809,4.752732433217391,5.258117434811825,5.692312633373968,6.063152810904228,6.378553102468937,6.645665482351797,6.870408543790706,7.057307592684898,7.209560341423814,7.329242150838179,7.417576925469192,7.4752184393813135,7.502506463997026,7.499678993798766,7.467034463203385,7.4050459351754245,7.314433521730163,7.1962028318391,7.0516570888677395,6.88238956593115,6.690261731829437,6.477371313690119,6.246013510891167,5.998637866708119,5.7378027869340285,5.466129333898566,5.186255665658267,4.900793290025106,4.612286131140177,4.323173244021805,4.03575585067527,3.752169207065122,3.4743596446263103,3.2040669663382504,2.94281221998677,2.6918907245219996,2.4523700934399004,2.2250928852298015,2.010683417621984,1.8095582111624535,1.6219394790961612,1.447871054299876,1.2872361388939073,1.139776276302547,1.005110976499985,0.882757470150395,0.7721501232730407,0.6726591077992553,0.5836079918613002,0.504289983967685,0.4339826347600019
0.40596720288064453,0.47365928025045506,0.5503944437217881,0.6369640608461372,0.7341566305534429,0.8427435623940697,0.9634631306812033,1.0970027451999171,1.2439797527349477,1.4049210595673742,1.5802419418334601,1.770224485372177,1.974996166250996,2.1945091441942997,2.428520890222288,2.6765768036062485,2.937995488679571,3.2118573564645843,3.49699718743638,3.792001238761165,4.095209401630846,4.404722812479741,4.7184171975798455,5.03396208648326,5.348845869694147,5.660406504263447,5.965867492606197,6.26237857954332,6.547060434228645,6.817052408898709,7.0695622929361726,7.301916799811949,7.511611318028281,7.696357195150586,7.854124462991113,7.9831773978825185,8.08209958815214,8.149804218716156,8.18552410829392,8.188774793467333,8.15928297632217,8.096872516491166,8.0013017018064,7.872049829272599,7.70805923249341,7.507451504932729,7.267253606644477,6.983189147897777,6.64960882403007,6.259646139076884,5.805683220687194,5.280189794881689,4.676951688815718,3.9926339411744514,3.2285352303488106,2.3923002718174855,1.4992868077215666,0.5732576338160635,-0.35389467229161475,-1.24357378558926,-2.0530678357375605,-2.739102710913132,-3.261959885146572,-3.589606709320461,-3.7012283293393695,-3.589606709320461,-3.261959885146572,-2.739102710913132,-2.0530678357375605,-1.24357378558926,-0.35389467229161475,0.5732576338160635,1.4992868077215666,2.3923002718174855,3.2285352303488106,3.9926339411744514,4.676951688815718,5.280189794881689,5.805683220687194,6.259646139076884,6.64960882403007,6.983189147897777,7.267253606644477,7.507451504932729,7.70805923249341,7.872049829272599,8.0013017018064,8.096872516491166,8.15928297632217,8.188774793467333,8.18552410829392,8.149804218716156,8.08209958815214,7.9831773978825185,7.854124462991113,7.696357195150586,7.511611318028281,7.301916799811949,7.0695622929361726,6.817052408898709,6.547060434228645,6.26237857954332,5.965867492606197,5.660406504263447,5.348845869694147,5.03396208648326,4.7184171975798455,4.404722812479741,4.095209401630846,3.792001238761165,3.49699718743638,3.2118573564645843,2.937995488679571,2.6765768036062485,2.428520890222288,2.1945091441942997,1.974996166250996,1.770224485372177,1.5802419418334601,1.4049210595673742,1.2439797527349477,1.0970027451999171,0.9634631306812033,0.8427435623940697,0.7341566305534429,0.6369640608461372,0.5503944437217881,0.47365928025045506
0.44128330705002816,0.514864087839403,0.5982746354486144,0.6923751604753098,0.7980227553470066,0.9160559364636983,1.047277202470893,1.1924337626532415,1.3521966683391076,1.5271386627071775,1.7177111478053224,1.9242207488264405,2.146806031300517,2.385414993206495,2.639784007360955,2.9094189261787906,3.1935790776771897,3.491264875529624,3.8012097348464366,4.121876927766245,4.451461928466994,4.787900686513727,5.128884132365772,5.471879062326854,5.814155376251016,6.152819454787853,6.484853269247969,6.807158621633491,7.116605719440761,7.410085101742347,7.684561748008951,7.937130010895754,8.165067801192455,8.365888187591745,8.53738621269595,8.677678215744638,8.785230237264416,8.858871128372774,8.897784825631852,8.901475026076893,8.869694536438892,8.802331452802106,8.699245899045138,8.560055368528133,8.383874835729173,8.169030434181341,7.912782449732229,7.6111129959265265,7.25865242843575,6.848830724927948,6.374338724961484,5.827962390828118,5.203806547443702,4.498853266023769,3.7147116800011504,2.8593259546305996,1.9483380940325903,1.0057760819342931,0.06377506146329281,-0.8388518776503435,-1.659204685314931,-2.353852027885633,-2.882951066024794,-3.2143792669328244,-3.3272674107129436,-3.2143792669328244,-2.882951066024794,-2.353852027885633,-1.659204685314931,-0.8388518776503435,0.06377506146329281,1.0057760819342931,1.9483380940325903,2.8593259546305996,3.7147116800011504,4.498853266023769,5.203806547443702,5.827962390828118,6.374338724961484,6.848830724927948,7.25865242843575,7.6111129959265265,7.912782449732229,8.169030434181341,8.383874835729173,8.560055368528133,8.699245899045138,8.802331452802106,8.869694536438892,8.901475026076893,8.897784825631852,8.858871128372774,8.785230237264416,8.677678215744638,8.53738621269595,8.365888187591745,8.165067801192455,7.937130010895754,7.684561748008951,7.410085101742347,7.116605719440761,6.807158621633491,6.484853269247969,6.152819454787853,5.814155376251016,5.471879062326854,5.128884132365772,4.787900686513727,4.451461928466994,4.121876927766245,3.8012097348464366,3.491264875529624,3.1935790776771897,2.9094189261787906,2.639784007360955,2.385414993206495,2.146806031300517,1.9242207488264405,1.7177111478053224,1.5271386627071775,1.3521966683391076,1.1924337626532415,1.047277202470893,0.9160559364636983,0.7980227553470066,0.6923751604753098,0.5982746354486144,0.514864087839403
0.4777238242226897,0.5573807961189924,0.6476792623146868,0.7495504683152786,0.863922283962306,0.9917024690891427,1.1337597914822444,1.2909031638542723,1.4638590519511863,1.6532474952289284,1.8595571718430632,2.0831200276374844,2.324086070676927,2.5823990046910166,2.85777343255683,3.1496744007189137,3.45730007360721,3.779568320547977,4.115107963962141,4.462255375297676,4.819057013692478,5.183278382534468,5.552419732842436,5.923738672942194,6.294279655615555,6.660910112057501,7.020362792477798,7.369283661923758,7.7042844919021105,8.02199908647492,8.319141884489166,8.592567479756429,8.839329381182198,9.056736065677697,9.242402015235314,9.394290921901286,9.510747535851765,9.590513689340987,9.632722880437631,9.636866589676467,9.602724559567358,9.530251167840563,9.419411616731708,9.269965995925773,9.08120741740774,8.85167306703593,8.578863985202965,8.259029019094568,7.887087088691546,7.4567740845804575,6.961099387163859,6.393175263504032,5.747435692698549,5.0211898723444826,4.216367275350157,3.341221050788435,2.4116865152440274,1.4520652836126846,0.4947427874728696,-0.42124421725653516,-1.252801509363917,-1.9563355276705954,-2.4918751615151846,-2.82720513265121,-2.941400124453085,-2.82720513265121,-2.4918751615151846,-1.9563355276705954,-1.252801509363917,-0.42124421725653516,0.4947427874728696,1.4520652836126846,2.4116865152440274,3.341221050788435,4.216367275350157,5.0211898723444826,5.747435692698549,6.393175263504032,6.961099387163859,7.4567740845804575,7.887087088691546,8.259029019094568,8.578863985202965,8.85167306703593,9.08120741740774,9.269965995925773,9.419411616731708,9.530251167840563,9.602724559567358,9.636866589676467,9.632722880437631,9.590513689340987,9.510747535851765,9.394290921901286,9.242402015235314,9.056736065677697,8.839329381182198,8.592567479756429,8.319141884489166,8.02199908647492,7.7042844919021105,7.369283661923758,7.020362792477798,6.660910112057501,6.294279655615555,5.923738672942194,5.552419732842436,5.183278382534468,4.819057013692478,4.462255375297676,4.115107963962141,3.779568320547977,3.45730007360721,3.1496744007189137,2.85777343255683,2.5823990046910166,2.324086070676927,2.0831200276374844,1.8595571718430632,1.6532474952289284,1.4638590519511863,1.2909031638542723,1.1337597914822444,0.9917024690891427,0.863922283962306,0.7495504683152786,0.6476792623146868,0.5573807961189924
0.5150734359787267,0.600958183889402,0.6983164040340698,0.8081521489592841,0.9314658316300052,1.069236182753623,1.222399892497445,1.3918291163395762,1.5783071168868188,1.7825024097894733,2.0049418792511586,2.2459834234500757,2.5057887784467088,2.7842972465911937,3.0812011177186562,3.3959236143021947,3.727600211314673,4.075064174471856,4.436837124194109,4.811125365401961,5.195822624661889,5.588519707003092,5.986521427055791,6.38687098648077,6.786381766679056,7.181676288233723,7.569231862845977,7.945432236152531,8.306624296375652,8.649178707707001,8.969553118043505,9.26435638100373,9.530412005375082,9.764818772263158,9.965006098540446,10.128781220915851,10.254364573341435,10.340408798317547,10.385995697112307,10.390604228990624,10.35404174421771,10.276330555721698,10.157543565522495,9.997587017031323,9.795936603799989,9.551345829209728,9.2615624943877,8.92310883445999,8.53119953263347,8.079884024131939,7.562498176954228,6.97248870337467,6.304626948199374,5.556557396345504,4.730537851820065,3.835138155843574,2.886594254835688,1.9094882212351196,0.9364620191064885,0.0067816504377136155,-0.8362596483834626,-1.5489020414963424,-2.091042946885338,-2.4303720271033358,-2.545906469330829,-2.4303720271033358,-2.091042946885338,-1.5489020414963424,-0.8362596483834626,0.0067816504377136155,0.9364620191064885,1.9094882212351196,2.886594254835688,3.835138155843574,4.730537851820065,5.556557396345504,6.304626948199374,6.97248870337467,7.562498176954228,8.079884024131939,8.53119953263347,8.92310883445999,9.2615624943877,9.551345829209728,9.795936603799989,9.997587017031323,10.157543565522495,10.276330555721698,10.35404174421771,10.390604228990624,10.385995697112307,10.340408798317547,10.254364573341435,10.128781220915851,9.965006098540446,9.764818772263158,9.530412005375082,9.26435638100373,8.969553118043505,8.649178707707001,8.306624296375652,7.945432236152531,7.569231862845977,7.181676288233723,6.786381766679056,6.38687098648077,5.986521427055791,5.588519707003092,5.195822624661889,4.811125365401961,4.436837124194109,4.075064174471856,3.727600211314673,3.3959236143021947,3.0812011177186562,2.7842972465911937,2.5057887784467088,2.2459834234500757,2.0049418792511586,1.7825024097894733,1.5783071168868188,1.3918291163395762,1.222399892497445,1.069236182753623,0.9314658316300052,0.8081521489592841,0.6983164040340698,0.600958183889402
0.553088025471839,0.6453114295963415,0.7498550965415165,0.867797182161759,1.0002119341134144,1.1481503175533072,1.312618154329209,1.4945519686677546,1.6947928312558826,1.9140585970152297,2.152915036423315,2.4117464620516573,2.6907265467633716,2.989790113166327,3.3086067407891666,3.646557083493671,4.002712810663721,4.375821078110013,4.764294395612875,5.166206685842651,5.579296223522227,6.000976004967957,6.428351928844559,6.858248972821384,7.287245332891342,7.711714258602644,8.127873075284826,8.53183864057275,8.919688243385016,9.287524723063635,9.631544364613312,9.948105906266667,10.233798761738603,10.485508282875479,10.700475526504487,10.876348488444389,11.01122107307962,11.103655145209741,11.152679888885203,11.157761519170599,11.118735485618858,11.035693245883795,10.908817319271694,10.738162705061496,10.523390929079719,10.263475663578086,9.956415863781103,9.599012020192527,9.186779845055332,8.714087900623351,8.174604355322744,7.562116321149457,6.871738515124624,6.101456678988072,5.253862793498508,4.337849030455623,3.3699573185698357,2.3750551811283485,1.3860456820223703,0.4424281508380892,-0.4123016175664542,-1.1342145522707412,-1.6830742591705095,-2.026473649170633,-2.1433713895873803,-2.026473649170633,-1.6830742591705095,-1.1342145522707412,-0.4123016175664542,0.4424281508380892,1.3860456820223703,2.3750551811283485,3.3699573185698357,4.337849030455623,5.253862793498508,6.101456678988072,6.871738515124624,7.562116321149457,8.174604355322744,8.714087900623351,9.186779845055332,9.599012020192527,9.956415863781103,10.263475663578086,10.523390929079719,10.738162705061496,10.908817319271694,11.035693245883795,11.118735485618858,11.157761519170599,11.152679888885203,11.103655145209741,11.01122107307962,10.876348488444389,10.700475526504487,10.485508282875479,10.233798761738603,9.948105906266667,9.631544364613312,9.287524723063635,8.919688243385016,8.53183864057275,8.127873075284826,7.711714258602644,7.287245332891342,6.858248972821384,6.428351928844559,6.000976004967957,5.579296223522227,5.166206685842651,4.764294395612875,4.375821078110013,4.002712810663721,3.646557083493671,3.3086067407891666,2.989790113166327,2.6907265467633716,2.4117464620516573,2.152915036423315,1.9140585970152297,1.6947928312558826,1.4945519686677546,1.312618154329209,1.1481503175533072,1.0002119341134144,0.867797182161759,0.7498550965415165,0.6453114295963415
0.5914965429172745,0.6901242878755375,0.8019278611480065,0.9280602897958923,1.0696704212823498,1.2278822037464818,1.4037713070967797,1.598339291332559,1.8124856342598137,2.0469780413520122,2.3024215723213977,2.5792272278531843,2.877580741308793,3.1974124091322906,3.5383688652092213,3.899787753670838,4.280676277123654,4.679694589155404,5.095144958242286,5.524967552987235,5.966743585392589,6.41770640051079,6.874760919765109,7.334511635477203,7.793299121112126,8.247244772100531,8.692303233279407,9.124321708642443,9.539105094069221,9.932485628704654,10.300395526276091,10.638940817797879,10.944474396091334,11.21366597207296,11.443566290634909,11.63166245656467,11.77592053351052,11.87481066788308,11.927308881266772,11.932868512463505,11.891353401494095,11.802924867253479,11.667876182248548,11.486412643115564,11.258383533651346,10.98298497648827,10.65846968354421,10.281919284134883,9.849153638966774,9.354863744292437,8.793053512444,8.157853982546976,7.444726802048075,6.652002505799489,5.782610714233774,4.845769269895411,3.8583292545413084,2.84544660030485,1.8402881765629457,0.8825890583681373,0.016049698070340845,-0.7152298446439209,-1.2708779769477214,-1.6183898555044687,-1.736665021351385,-1.6183898555044687,-1.2708779769477214,-0.7152298446439209,0.016049698070340845,0.8825890583681373,1.8402881765629457,2.84544660030485,3.8583292545413084,4.845769269895411,5.782610714233774,6.652002505799489,7.444726802048075,8.157853982546976,8.793053512444,9.354863744292437,9.849153638966774,10.281919284134883,10.65846968354421,10.98298497648827,11.258383533651346,11.486412643115564,11.667876182248548,11.802924867253479,11.891353401494095,11.932868512463505,11.927308881266772,11.87481066788308,11.77592053351052,11.63166245656467,11.443566290634909,11.21366597207296,10.944474396091334,10.638940817797879,10.300395526276091,9.932485628704654,9.539105094069221,9.124321708642443,8.692303233279407,8.247244772100531,7.793299121112126,7.334511635477203,6.874760919765109,6.41770640051079,5.966743585392589,5.524967552987235,5.095144958242286,4.679694589155404,4.280676277123654,3.899787753670838,3.5383688652092213,3.1974124091322906,2.877580741308793,2.5792272278531843,2.3024215723213977,2.0469780413520122,1.8124856342598137,1.598339291332559,1.4037713070967797,1.2278822037464818,1.0696704212823498,0.9280602897958923,0.8019278611480065,0.6901242878755375
0.630003578958915,0.7350520920100605,0.8541341934111195,0.9884779734762239,1.1393070708252993,1.3078186037824957,1.4951582694786658,1.7023928305038285,1.9304803215984336,2.1802384266554173,2.452311595399402,2.74713758508483,3.064914220506839,3.4055672603359954,3.7687203339587234,4.153667965454952,4.559352725295285,4.984347541682091,5.426844159016353,5.884648648751801,6.355184757301285,6.835505717644339,7.322314958452249,7.8119959211497525,8.300650947167632,8.784148931808266,9.258181165635508,9.718324507335021,10.160110761053925,10.579100871645238,10.970962304210985,11.331547734348293,11.656972927304198,11.943691399942141,12.188563097065432,12.388913819741632,12.542581462968897,12.647944219509437,12.703924812118894,12.709963670308621,12.665953097389432,12.572124452692824,12.428882046010417,12.236581856851448,11.995261408585893,11.704339844816339,11.3623242850449,10.966578218525791,10.51322643457574,9.99728319049552,9.413089003712892,8.75511972266273,8.019184815100626,7.2039604933922,6.312714883696195,5.354992334653692,4.347953874051693,3.317044582644068,2.2956958119596464,1.3238789872090404,0.4454997431845005,-0.29517043307192914,-0.8576244032232969,-1.2092593189500072,-1.3289154433501817,-1.2092593189500072,-0.8576244032232969,-0.29517043307192914,0.4454997431845005,1.3238789872090404,2.2956958119596464,3.317044582644068,4.347953874051693,5.354992334653692,6.312714883696195,7.2039604933922,8.019184815100626,8.75511972266273,9.413089003712892,9.99728319049552,10.51322643457574,10.966578218525791,11.3623242850449,11.704339844816339,11.995261408585893,12.236581856851448,12.428882046010417,12.572124452692824,12.665953097389432,12.709963670308621,12.703924812118894,12.647944219509437,12.542581462968897,12.388913819741632,12.188563097065432,11.943691399942141,11.656972927304198,11.331547734348293,10.970962304210985,10.579100871645238,10.160110761053925,9.718324507335021,9.258181165635508,8.784148931808266,8.300650947167632,7.8119959211497525,7.322314958452249,6.835505717644339,6.355184757301285,5.884648648751801,5.426844159016353,4.984347541682091,4.559352725295285,4.153667965454952,3.7687203339587234,3.4055672603359954,3.064914220506839,2.74713758508483,2.452311595399402,2.1802384266554173,1.9304803215984336,1.7023928305038285,1.4951582694786658,1.3078186037824957,1.1393070708252993,0.9884779734762239,0.8541341934111195,0.7350520920100605
0.6682926332235128,0.7797255674921971,0.9060449945129332,1.0485536429324753,1.208549519147509,1.387302497463272,1.586027905820786,1.8058573403000089,2.047807061095006,2.3127444475988557,2.601353116568403,2.914097430362931,3.2511872367637493,3.6125437823554853,3.9977678222500037,4.406111004571172,4.8364516335252095,5.287275905697184,5.756665667070832,6.242293651051825,6.741427029849419,7.250939943954036,7.767335469901142,8.286777249550068,8.805130740888329,9.318013768450262,9.82085575933031,10.30896475728489,10.777601020654467,11.222055735750988,11.637733117748047,12.020233921027465,12.365438125600809,12.669584278116224,12.929342603374979,13.141878511837634,13.304902455393124,13.416701193689208,13.476144452368338,13.482659824728621,13.436167916245017,13.336969730198598,13.18557998510254,12.982504490348958,12.727967943288803,12.421611246011121,12.062194485444225,11.647361415219695,11.173540027115536,10.636066009554964,10.029614579597228,9.349004443079739,8.59039091911541,7.752793940761713,6.839818223680281,5.861332774313355,4.8348068119263035,3.785972929072363,2.748525462243828,1.762670848871374,0.8725187446866887,0.12251109366626434,-0.44671018764298154,-0.8024448007279892,-0.9234740663100931,-0.8024448007279892,-0.44671018764298154,0.12251109366626434,0.8725187446866887,1.762670848871374,2.748525462243828,3.785972929072363,4.8348068119263035,5.861332774313355,6.839818223680281,7.752793940761713,8.59039091911541,9.349004443079739,10.029614579597228,10.636066009554964,11.173540027115536,11.647361415219695,12.062194485444225,12.421611246011121,12.727967943288803,12.982504490348958,13.18557998510254,13.336969730198598,13.436167916245017,13.482659824728621,13.476144452368338,13.416701193689208,13.304902455393124,13.141878511837634,12.929342603374979,12.669584278116224,12.365438125600809,12.020233921027465,11.637733117748047,11.222055735750988,10.777601020654467,10.30896475728489,9.82085575933031,9.318013768450262,8.805130740888329,8.286777249550068,7.767335469901142,7.250939943954036,6.741427029849419,6.242293651051825,5.756665667070832,5.287275905697184,4.8364516335252095,4.406111004571172,3.9977678222500037,3.6125437823554853,3.2511872367637493,2.914097430362931,2.601353116568403,2.3127444475988557,2.047807061095006,1.8058573403000089,1.586027905820786,1.387302497463272,1.208549519147509,1.0485536429324753,0.9060449945129332,0.7797255674921971
0.706030044066853,0.8237554170261937,0.9572078990560555,1.1077637817959838,1.276794367977583,1.465641239667024,1.6755883524207467,1.907831201730516,2.1634434343701083,2.443341409252781,2.7482473458748515,3.078651828391658,3.4347765543514304,3.8165383232600125,4.2235153455121575,4.65491701100415,5.109558283583741,5.585839877790592,6.081735324535055,6.594785940221324,7.122104578672845,7.660388868137299,8.205944419555664,8.754718241948925,9.302342322721618,9.844187032901958,10.375423708871,10.891095452363981,11.386194888167461,11.855747330555317,12.29489753750394,12.698997971694414,13.063696224940902,13.385018970825202,13.659449447507125,13.883994985642225,14.05624043012641,14.174382424800957,14.237238461742555,14.244223482971744,14.195285988368731,14.090795621780119,13.931375919744648,13.717680362887252,13.450118125860678,13.128548674290533,12.751981417943627,12.318336336964737,11.824340257252214,11.265645667384272,10.63725766192026,9.934332864436984,9.15336746260659,8.293720158077553,7.359327406655007,6.360378195127036,5.31464549401798,4.248145265400208,3.194831041815701,2.1951408870142552,1.2933855382679713,0.5341749406567757,-0.041716152857935285,-0.4014913975676935,-0.5238740210199158,-0.4014913975676935,-0.041716152857935285,0.5341749406567757,1.2933855382679713,2.1951408870142552,3.194831041815701,4.248145265400208,5.31464549401798,6.360378195127036,7.359327406655007,8.293720158077553,9.15336746260659,9.934332864436984,10.63725766192026,11.265645667384272,11.824340257252214,12.318336336964737,12.751981417943627,13.128548674290533,13.450118125860678,13.717680362887252,13.931375919744648,14.090795621780119,14.195285988368731,14.244223482971744,14.237238461742555,14.174382424800957,14.05624043012641,13.883994985642225,13.659449447507125,13.385018970825202,13.063696224940902,12.698997971694414,12.29489753750394,11.855747330555317,11.386194888167461,10.891095452363981,10.375423708871,9.844187032901958,9.302342322721618,8.754718241948925,8.205944419555664,7.660388868137299,7.122104578672845,6.594785940221324,6.081735324535055,5.585839877790592,5.109558283583741,4.65491701100415,4.2235153455121575,3.8165383232600125,3.4347765543514304,3.078651828391658,2.7482473458748515,2.443341409252781,2.1634434343701083,1.907831201730516,1.6755883524207467,1.465641239667024,1.276794367977583,1.1077637817959838,0.9572078990560555,0.8237554170261937
0.7428695238761027,0.8667376120592751,1.0071534238490358,1.1655650635060673,1.3434153860701505,1.542115975140468,1.7630177809505236,2.0073786779692933,2.276328334083222,2.570830922297849,2.8916463463281437,3.2392907881991606,3.6139975132704723,4.01567897978377,4.4438913898499175,4.897802880637818,5.3761665827691285,5.8772997627139265,6.3990702135783595,6.938890961725935,7.493724214474916,8.060095287795663,8.634117025568072,9.211524958577186,9.787723158887411,10.357840431975998,10.916796164569474,11.459374820462049,11.98030775900939,12.474360748656451,12.936425263755646,13.361611383186645,13.745339840054573,14.083430476222384,14.37218399240365,14.608453400829456,14.789700928119055,14.914035246539642,14.98022285745741,14.987666352642199,14.936341462654763,14.82668483866072,14.659426245987872,14.43536332277695,14.155085331494961,13.818665100762288,13.425355430749821,12.973345955530068,12.45965522460659,11.880244988710269,11.230442370733424,10.50573387151417,9.702948436593433,8.82177547548727,7.866475290657091,6.847549235564451,5.783066804478204,4.699320586442351,3.6305171426891283,2.6173206519273444,1.7042381483976197,0.9360435808335401,0.35364137787640537,-0.01007835491110054,-0.13378213418235685,-0.01007835491110054,0.35364137787640537,0.9360435808335401,1.7042381483976197,2.6173206519273444,3.6305171426891283,4.699320586442351,5.783066804478204,6.847549235564451,7.866475290657091,8.82177547548727,9.702948436593433,10.50573387151417,11.230442370733424,11.880244988710269,12.45965522460659,12.973345955530068,13.425355430749821,13.818665100762288,14.155085331494961,14.43536332277695,14.659426245987872,14.82668483866072,14.936341462654763,14.987666352642199,14.98022285745741,14.914035246539642,14.789700928119055,14.608453400829456,14.37218399240365,14.083430476222384,13.745339840054573,13.361611383186645,12.936425263755646,12.474360748656451,11.98030775900939,11.459374820462049,10.916796164569474,10.357840431975998,9.787723158887411,9.211524958577186,8.634117025568072,8.060095287795663,7.493724214474916,6.938890961725935,6.3990702135783595,5.8772997627139265,5.3761665827691285,4.897802880637818,4.4438913898499175,4.01567897978377,3.6139975132704723,3.2392907881991606,2.8916463463281437,2.570830922297849,2.276328334083222,2.0073786779692933,1.7630177809505236,1.542115975140468,1.3434153860701505,1.1655650635060673,1.0071534238490358,0.8667376120592751
0.7784572231057116,0.9082593012086867,1.0554018335280253,1.2214022968013079,1.4077726670775044,1.6159921508841204,1.8474764166979551,2.1035435983697908,2.3853774813392628,2.6939884280137165,3.0301727458425316,3.3944713449222026,3.7871286653572507,4.2080529716384225,4.656779205419291,5.13243565288111,5.633715712470598,6.158856038097158,6.705622277961717,7.271303527595815,7.85271646667877,8.446219953958138,9.04774061634694,9.65280969228154,10.256611082895159,10.854040236347927,11.43977315079051,12.008344440418208,12.554233076778218,13.071954101678115,13.556154312252369,14.001709639616694,14.403821666672496,14.758110431565639,15.060700300062292,15.308295209604646,15.498238935021305,15.628555166219911,15.697961146485968,15.705847536991783,15.652216373698563,15.537569038227618,15.362737915113481,15.128659901637906,14.836098228820179,14.48533183834534,14.075848650547263,13.606098790768286,13.07338261954661,12.473960641247238,11.803471064790768,11.05771905927062,10.233855021209445,9.331887830761465,8.356390632954273,7.318166533914828,6.235571475980438,5.1351652755695465,4.051398924861078,3.0251550342896545,2.1011302650263293,1.3242569967252509,0.7355649274158296,0.36803473758461624,0.2430546944744929,0.36803473758461624,0.7355649274158296,1.3242569967252509,2.1011302650263293,3.0251550342896545,4.051398924861078,5.1351652755695465,6.235571475980438,7.318166533914828,8.356390632954273,9.331887830761465,10.233855021209445,11.05771905927062,11.803471064790768,12.473960641247238,13.07338261954661,13.606098790768286,14.075848650547263,14.48533183834534,14.836098228820179,15.128659901637906,15.362737915113481,15.537569038227618,15.652216373698563,15.705847536991783,15.697961146485968,15.628555166219911,15.498238935021305,15.308295209604646,15.060700300062292,14.758110431565639,14.403821666672496,14.001709639616694,13.556154312252369,13.071954101678115,12.554233076778218,12.008344440418208,11.43977315079051,10.854040236347927,10.256611082895159,9.65280969228154,9.04774061634694,8.446219953958138,7.85271646667877,7.271303527595815,6.705622277961717,6.158856038097158,5.633715712470598,5.13243565288111,4.656779205419291,4.2080529716384225,3.7871286653572507,3.3944713449222026,3.0301727458425316,2.6939884280137165,2.3853774813392628,2.1035435983697908,1.8474764166979551,1.6159921508841204,1.4077726670775044,1.2214022968013079,1.0554018335280253,0.9082593012086867
0.812437226314256,0.9479052227226942,1.1014705918684125,1.2747170490219264,1.4692225686576437,1.6865309253243546,1.9281195820560362,2.1953642098309447,2.489500266848429,2.8115822182832373,3.162441130758256,3.5426415253357066,3.952438512039135,4.391736351063608,4.860049684059524,5.3564687465131735,5.879629903133773,6.427692836991646,6.998325665840911,7.5886991530320635,8.195491024905348,8.81490120279208,9.442678509103489,10.074159118958717,10.704316708915927,11.327823911877276,11.939124332644948,12.532514022923372,13.102230968224486,13.642550810447254,14.14788672295079,14.612891066854907,15.032556175101432,15.402311308373944,15.71811246353001,15.976521237767459,16.17476830525614,16.310796212674074,16.383275170489917,16.39158444825047,16.335751198954867,16.216338610442307,16.03427705056878,15.790636384640429,15.486345953093334,15.121881499393798,14.696955442341858,14.210266630697689,13.659384505048736,13.040854827016464,12.350612838048649,11.584767979461214,10.740777577014342,9.818955549219469,8.824173750816604,7.767523408737385,6.667633972921359,5.551320415001749,4.453267115787056,3.414565249651255,2.480092538183591,1.6949326347452844,1.1002348476328336,0.7290663404792275,0.6028676895276739,0.7290663404792275,1.1002348476328336,1.6949326347452844,2.480092538183591,3.414565249651255,4.453267115787056,5.551320415001749,6.667633972921359,7.767523408737385,8.824173750816604,9.818955549219469,10.740777577014342,11.584767979461214,12.350612838048649,13.040854827016464,13.659384505048736,14.210266630697689,14.696955442341858,15.121881499393798,15.486345953093334,15.790636384640429,16.03427705056878,16.216338610442307,16.335751198954867,16.39158444825047,16.383275170489917,16.310796212674074,16.17476830525614,15.976521237767459,15.71811246353001,15.402311308373944,15.032556175101432,14.612891066854907,14.14788672295079,13.642550810447254,13.102230968224486,12.532514022923372,11.939124332644948,11.327823911877276,10.704316708915927,10.074159118958717,9.442678509103489,8.81490120279208,8.195491024905348,7.5886991530320635,6.998325665840911,6.427692836991646,5.879629903133773,5.3564687465131735,4.860049684059524,4.391736351063608,3.952438512039135,3.5426415253357066,3.162441130758256,2.8115822182832373,2.489500266848429,2.1953642098309447,1.9281195820560362,1.6865309253243546,1.4692225686576437,1.2747170490219264,1.1014705918684125,0.9479052227226942
0.8444573656566204,0.9852644873302903,1.1448822434899752,1.3249567675007803,1.5271282256728813,1.7530012364880674,2.0041114934142374,2.281888885989538,2.5876175648444537,2.9223935542068333,3.287080675069013,3.682265697649813,4.108213786483129,4.564825428424022,5.051596135962528,5.567580288539038,6.111360506658837,6.681023941998493,7.274146807126653,7.887788358255274,8.518495382794065,9.162318031687828,9.814837578072163,10.47120638441148,11.126200027806869,11.77428117721305,12.409674447829545,13.026451088433245,13.618621997846848,14.18023722592376,14.705489796960865,15.188821396923617,15.625027177699375,16.009356625976753,16.337607080714406,16.6062060086208,16.812277506511144,16.95368765793002,17.029062353239944,17.037770127396733,16.979861801762638,16.855958805598917,16.66708383870124,16.414432065206434,16.09908935427837,15.721716900232757,15.282238671942938,14.779587895972034,14.211587573232913,13.575052269827253,12.86619712779175,12.08141831116283,11.218462372187604,10.277930674044388,9.264976552512373,8.190962737390826,7.074776411129819,5.943472983995898,4.831956764276494,3.78151546094739,2.837197412998419,2.044228822487752,1.4438717092203355,1.0692747318891422,0.9419277587126977,1.0692747318891422,1.4438717092203355,2.044228822487752,2.837197412998419,3.78151546094739,4.831956764276494,5.943472983995898,7.074776411129819,8.190962737390826,9.264976552512373,10.277930674044388,11.218462372187604,12.08141831116283,12.86619712779175,13.575052269827253,14.211587573232913,14.779587895972034,15.282238671942938,15.721716900232757,16.09908935427837,16.414432065206434,16.66708383870124,16.855958805598917,16.979861801762638,17.037770127396733,17.029062353239944,16.95368765793002,16.812277506511144,16.6062060086208,16.337607080714406,16.009356625976753,15.625027177699375,15.188821396923617,14.705489796960865,14.18023722592376,13.618621997846848,13.026451088433245,12.409674447829545,11.77428117721305,11.126200027806869,10.47120638441148,9.814837578072163,9.162318031687828,8.518495382794065,7.887788358255274,7.274146807126653,6.681023941998493,6.111360506658837,5.567580288539038,5.051596135962528,4.564825428424022,4.108213786483129,3.682265697649813,3.287080675069013,2.9223935542068333,2.5876175648444537,2.281888885989538,2.0041114934142374,1.7530012364880674,1.5271282256728813,1.3249567675007803,1.1448822434899752,0.9852644873302903
0.8741752223489793,1.0199375804067952,1.185172550408201,1.3715841958843829,1.5808704033210268,1.8146922603883364,2.074639504156951,2.3621923443518136,2.678680122996085,3.0252374352298412,3.4027585013402866,3.811850740964413,4.252788650216303,4.725469213918228,5.229370190807194,5.763512682366166,6.326429429162883,6.916140266565822,7.530136110040392,8.165372726143866,8.81827537800615,9.4847552148383,10.16023800747442,10.839705522052864,11.517749479782863,12.188637682306608,12.84639150081025,13.484873544716747,14.09788395393813,14.679263406594309,15.22300060687562,15.723341713364597,16.174898874425217,16.572754728695806,16.912559364910624,17.190615763416034,17.40394910669967,17.550354512954673,17.628416739100985,17.637494357332127,17.57766015559257,17.44958961694439,17.25439113435662,16.99337616167533,16.66777584220734,16.27842348700115,15.82543940432431,15.307974346525382,14.724086643581012,14.070840338740243,13.344710349473623,12.542358946864365,11.661801113949297,10.703904990991173,9.674085156017215,8.583956320344498,7.452644867687362,6.307429359147889,5.183418217468845,4.122081555177389,3.168626061088313,2.3684102365512496,1.7628007088002384,1.385021772005282,1.2566090422138796,1.385021772005282,1.7628007088002384,2.3684102365512496,3.168626061088313,4.122081555177389,5.183418217468845,6.307429359147889,7.452644867687362,8.583956320344498,9.674085156017215,10.703904990991173,11.661801113949297,12.542358946864365,13.344710349473623,14.070840338740243,14.724086643581012,15.307974346525382,15.82543940432431,16.27842348700115,16.66777584220734,16.99337616167533,17.25439113435662,17.44958961694439,17.57766015559257,17.637494357332127,17.628416739100985,17.550354512954673,17.40394910669967,17.190615763416034,16.912559364910624,16.572754728695806,16.174898874425217,15.723341713364597,15.22300060687562,14.679263406594309,14.09788395393813,13.484873544716747,12.84639150081025,12.188637682306608,11.517749479782863,10.839705522052864,10.16023800747442,9.4847552148383,8.81827537800615,8.165372726143866,7.530136110040392,6.916140266565822,6.326429429162883,5.763512682366166,5.229370190807194,4.725469213918228,4.252788650216303,3.811850740964413,3.4027585013402866,3.0252374352298412,2.678680122996085,2.3621923443518136,2.074639504156951,1.8146922603883364,1.5808704033210268,1.3715841958843829,1.185172550408201,1.0199375804067952
0.9012641752635863,1.05154341912782,1.2218986924823534,1.4140868644007627,1.6298584354967585,1.8709259672464074,2.1389284595129237,2.4353919907790447,2.7616870967354594,3.118983531370887,3.5082032250821675,3.9299724202337365,4.384574119028749,4.871902114053846,5.39141798082713,5.942112486711879,6.5224729048219245,7.1304577091590975,7.763480063645778,8.41840140009593,9.091536207651693,9.778668930174558,10.475083592256066,11.175606455016423,11.874661648049864,12.566339344056209,13.244475649598881,13.902742991420663,14.534749394697098,15.134144687276189,15.694731327825812,16.210577244306958,16.676127770434782,17.086313456524906,17.43665016715013,17.723327408618758,17.943280199259192,18.094238969656605,18.17475098203875,18.18416572716365,18.122576016348173,17.990706604742908,17.78974399789285,17.52110565212233,17.1861551336265,16.785882644380358,16.32058746345209,15.78961862618961,15.191248973932016,14.522769957805306,13.780893290435515,12.962523809566541,12.065921183075668,11.092196728651054,10.04700315653213,8.942184868741528,7.79708629001357,6.639189391896089,5.503788655195431,4.432520460190351,3.4707358375637956,2.6639138844847414,2.0535165818242884,1.6728371683569234,1.5434529610104626,1.6728371683569234,2.0535165818242884,2.6639138844847414,3.4707358375637956,4.432520460190351,5.503788655195431,6.639189391896089,7.79708629001357,8.942184868741528,10.04700315653213,11.092196728651054,12.065921183075668,12.962523809566541,13.780893290435515,14.522769957805306,15.191248973932016,15.78961862618961,16.32058746345209,16.785882644380358,17.1861551336265,17.52110565212233,17.78974399789285,17.990706604742908,18.122576016348173,18.18416572716365,18.17475098203875,18.094238969656605,17.943280199259192,17.723327408618758,17.43665016715013,17.086313456524906,16.676127770434782,16.210577244306958,15.694731327825812,15.134144687276189,14.534749394697098,13.902742991420663,13.244475649598881,12.566339344056209,11.874661648049864,11.175606455016423,10.475083592256066,9.778668930174558,9.091536207651693,8.41840140009593,7.763480063645778,7.1304577091590975,6.5224729048219245,5.942112486711879,5.39141798082713,4.871902114053846,4.384574119028749,3.9299724202337365,3.5082032250821675,3.118983531370887,2.7616870967354594,2.4353919907790447,2.1389284595129237,1.8709259672464074,1.6298584354967585,1.4140868644007627,1.2218986924823534,1.05154341912782
0.925419348612341,1.0797262918857948,1.2546473310520556,1.4519864217972465,1.6735409806637627,1.921069468233014,2.1962548119167677,2.500663991291251,2.8357042743705905,3.20257676622918,3.602228106321607,4.0353013212064255,4.50208699795199,5.002476082633836,5.5359157202212375,6.1013696291944175,6.697284539415711,7.321564209060422,7.971552471131951,8.64402663931372,9.33520242577094,10.040751291419891,10.75583086596814,11.475128746975077,12.192919622876222,12.903135274944876,13.599446609594747,14.275356467995408,14.924301566937862,15.539761553406493,16.11537281125283,16.64504434049505,17.12307272650901,17.544252902711058,17.903981046216963,18.198345478727823,18.42420081934428,18.579219816821215,18.661916299432992,18.67163166003702,18.60847656475734,18.47321970458226,18.267117237908224,17.99168114328956,17.64839306818625,17.238383113946238,16.762110147596946,16.21910001310036,15.607816831213489,14.925754832280349,14.169836878765308,13.337184104692016,12.426274362994794,11.438435812259414,10.379533504814864,9.261616657496162,8.104224121845185,6.93501925015909,5.789462430903799,4.709338305030053,3.7401266126196955,2.927413985929191,2.3127474325060025,1.9294816689114507,1.7992311966775745,1.9294816689114507,2.3127474325060025,2.927413985929191,3.7401266126196955,4.709338305030053,5.789462430903799,6.93501925015909,8.104224121845185,9.261616657496162,10.379533504814864,11.438435812259414,12.426274362994794,13.337184104692016,14.169836878765308,14.925754832280349,15.607816831213489,16.21910001310036,16.762110147596946,17.238383113946238,17.64839306818625,17.99168114328956,18.267117237908224,18.47321970458226,18.60847656475734,18.67163166003702,18.661916299432992,18.579219816821215,18.42420081934428,18.198345478727823,17.903981046216963,17.544252902711058,17.12307272650901,16.64504434049505,16.11537281125283,15.539761553406493,14.924301566937862,14.275356467995408,13.599446609594747,12.903135274944876,12.192919622876222,11.475128746975077,10.75583086596814,10.040751291419891,9.33520242577094,8.64402663931372,7.971552471131951,7.321564209060422,6.697284539415711,6.1013696291944175,5.5359157202212375,5.002476082633836,4.50208699795199,4.0353013212064255,3.602228106321607,3.20257676622918,2.8357042743705905,2.500663991291251,2.1962548119167677,1.921069468233014,1.6735409806637627,1.4519864217972465,1.2546473310520556,1.0797262918857948
0.9463633080821017,1.1041625042144003,1.2830423315345938,1.4848475725980863,1.7114163228235773,1.9645468400230024,2.245960139382662,2.5572586641383532,2.89988153139434,3.2750570294647385,3.683753222014036,4.126627688486674,4.603977592476335,5.1156914119656,5.661203779787089,6.239454961444627,6.848856533411092,7.487264812014179,8.151963516262812,8.83965702446167,9.546475403313137,10.267992150858575,10.999255304988967,11.734832233780951,12.468868051374459,13.195157204337336,13.907227360813355,14.59843432128146,15.262066268062993,15.891455291299803,16.48009377818597,17.021752928842947,17.510600355066284,17.941313402424747,18.309184471952175,18.610214152329423,18.841187351786342,18.999726805530095,19.08431735262619,19.094293364574742,19.02978098867035,18.89158701086305,18.681027982678177,18.399697839016458,18.04918061075649,17.630727700250944,17.14493634669713,16.591485697549988,15.969005724099578,15.2751664782277,14.507073901757838,13.662036670340902,12.738721816219742,11.738645511823192,10.66785692259145,9.53858285187767,8.370530730729165,7.191521179246873,6.037158437619399,4.9493556975414625,3.9737042977324,3.1558841097097305,2.537515864162458,2.152007582517787,2.0210060075519927,2.152007582517787,2.537515864162458,3.1558841097097305,3.9737042977324,4.9493556975414625,6.037158437619399,7.191521179246873,8.370530730729165,9.53858285187767,10.66785692259145,11.738645511823192,12.738721816219742,13.662036670340902,14.507073901757838,15.2751664782277,15.969005724099578,16.591485697549988,17.14493634669713,17.630727700250944,18.04918061075649,18.399697839016458,18.681027982678177,18.89158701086305,19.02978098867035,19.094293364574742,19.08431735262619,18.999726805530095,18.841187351786342,18.610214152329423,18.309184471952175,17.941313402424747,17.510600355066284,17.021752928842947,16.48009377818597,15.891455291299803,15.262066268062993,14.59843432128146,13.907227360813355,13.195157204337336,12.468868051374459,11.734832233780951,10.999255304988967,10.267992150858575,9.546475403313137,8.83965702446167,8.151963516262812,7.487264812014179,6.848856533411092,6.239454961444627,5.661203779787089,5.1156914119656,4.603977592476335,4.126627688486674,3.683753222014036,3.2750570294647385,2.89988153139434,2.5572586641383532,2.245960139382662,1.9645468400230024,1.7114163228235773,1.4848475725980863,1.2830423315345938,1.1041625042144003
0.9638513570580688,1.1245665581186677,1.3067519438372819,1.5122863868987653,1.7430419492782452,2.0008501191764703,2.2874637147856367,2.604514791231129,2.9534690593684556,3.3355775053128953,3.7518260817834137,4.202884519774956,4.689055474230493,5.210225362293511,5.7658183692564275,6.354755177563789,6.975418010872093,7.625623571922326,8.302605384989173,9.003006927883435,9.722886753988776,10.457736563081218,11.202512884707353,11.951682696228032,12.699282918218806,13.438993323799135,14.164221978232394,14.868201904124348,15.544097258628918,16.18511692303182,16.78463304839884,17.336301772971833,17.834183016574716,18.27285593980602,18.647526291449974,18.954121403773964,19.18936797695391,19.35084698525996,19.437019061985783,19.447212715850874,19.381567020811026,19.24092057182345,19.026640348222863,18.740388717844144,18.383835200952078,17.958332485327933,17.46459334989242,16.902424949366566,16.27059573899085,15.5669225803116,14.788664285043184,13.933286124687806,12.999613094791176,11.989318357930054,10.90860481261078,9.76984754559637,8.592894750556024,7.405698365026559,6.243982744305446,5.149768418993863,4.168739911835923,3.346654948432376,2.7251958177421365,2.3378150503553785,2.20618631024535,2.3378150503553785,2.7251958177421365,3.346654948432376,4.168739911835923,5.149768418993863,6.243982744305446,7.405698365026559,8.592894750556024,9.76984754559637,10.90860481261078,11.989318357930054,12.999613094791176,13.933286124687806,14.788664285043184,15.5669225803116,16.27059573899085,16.902424949366566,17.46459334989242,17.958332485327933,18.383835200952078,18.740388717844144,19.026640348222863,19.24092057182345,19.381567020811026,19.447212715850874,19.437019061985783,19.35084698525996,19.18936797695391,18.954121403773964,18.647526291449974,18.27285593980602,17.834183016574716,17.336301772971833,16.78463304839884,16.18511692303182,15.544097258628918,14.868201904124348,14.164221978232394,13.438993323799135,12.699282918218806,11.951682696228032,11.202512884707353,10.457736563081218,9.722886753988776,9.003006927883435,8.302605384989173,7.625623571922326,6.975418010872093,6.354755177563789,5.7658183692564275,5.210225362293511,4.689055474230493,4.202884519774956,3.7518260817834137,3.3355775053128953,2.9534690593684556,2.604514791231129,2.2874637147856367,2.0008501191764703,1.7430419492782452,1.5122863868987653,1.3067519438372819,1.1245665581186677
0.9776762917908246,1.1406967001315234,1.3254952492268117,1.5339777612408882,1.7680431499392877,2.0295491733460578,2.320273791078918,2.641872467532142,2.9958319368826922,3.3834211286779667,3.805640137581004,4.263168300826579,4.75631261446773,5.284957866480171,5.8485199829982,6.4459041653502815,7.075469432730757,7.7350011719086815,8.42169322640729,9.132140929996035,9.862346302195645,10.607736378297199,11.363195347193948,12.123110823757793,12.881434197641529,13.631754588459383,14.367385511075325,15.081462927749193,15.76705294925779,16.417267055833307,17.025382347536773,17.584964002035893,18.089986804759043,18.534952297537362,18.91499772742016,19.225992514832498,19.464617344380017,19.628420176802923,19.715842509857456,19.726208217523126,19.659666592748614,19.517081376660833,19.299859413600295,19.009717170109493,18.648391748902572,18.217315907552557,17.717293763307108,17.148233665257262,16.50901354521111,15.797566323060492,15.011271659693238,14.14771862129134,13.205857079100223,12.187484302082199,11.098924720288288,9.952670643875972,8.768681544454193,7.575013170738652,6.407484833361317,5.308201918208153,4.32292261336252,3.4974661908916174,2.873563603791421,2.4847025687539963,2.3525780319317295,2.4847025687539963,2.873563603791421,3.4974661908916174,4.32292261336252,5.308201918208153,6.407484833361317,7.575013170738652,8.768681544454193,9.952670643875972,11.098924720288288,12.187484302082199,13.205857079100223,14.14771862129134,15.011271659693238,15.797566323060492,16.50901354521111,17.148233665257262,17.717293763307108,18.217315907552557,18.648391748902572,19.009717170109493,19.299859413600295,19.517081376660833,19.659666592748614,19.726208217523126,19.715842509857456,19.628420176802923,19.464617344380017,19.225992514832498,18.91499772742016,18.534952297537362,18.089986804759043,17.584964002035893,17.025382347536773,16.417267055833307,15.76705294925779,15.081462927749193,14.367385511075325,13.631754588459383,12.881434197641529,12.123110823757793,11.363195347193948,10.607736378297199,9.862346302195645,9.132140929996035,8.42169322640729,7.7350011719086815,7.075469432730757,6.4459041653502815,5.8485199829982,5.284957866480171,4.75631261446773,4.263168300826579,3.805640137581004,3.3834211286779667,2.9958319368826922,2.641872467532142,2.320273791078918,2.0295491733460578,1.7680431499392877,1.5339777612408882,1.3254952492268117,1.1406967001315234
0.9876724864037878,1.1523596874665167,1.3390476986224693,1.5496618280041672,1.786120404710943,2.050300181306152,2.3439972960526334,2.668884139544468,3.0264626469860914,3.418014722021552,3.8445506847238446,4.306756818171946,4.80494325728226,5.3389936120518255,5.9083178367855425,6.5118099391062785,7.147812160095196,7.814087243336706,8.50780034096985,9.225511975951857,9.963183290684917,10.716194564450864,11.479377679838208,12.247062868237487,13.013139675700367,13.771131674328688,14.514284013803397,15.235662476370774,15.928262279838817,16.585124478075645,17.199457443993857,17.7647605857209,18.274947131795184,18.7244625013739,19.108394410952556,19.42257040748212,19.66363790375867,19.829120989909164,19.917447327634928,19.927937439741406,19.860748008075902,19.7167609558408,19.497411951986884,19.204456579422864,18.83968080672222,18.40457528635851,17.900010178255854,17.325967000647573,16.681402842972265,15.964334541742756,15.172229138502196,14.302765209852364,13.354982919095798,12.33076927099515,11.236536569649,10.084861884230826,8.895785146472054,7.697437166328598,6.52570591240599,5.422758125667593,4.434405258322906,3.606511083948038,2.9808417423369313,2.5909103916849014,2.458427366340281,2.5909103916849014,2.9808417423369313,3.606511083948038,4.434405258322906,5.422758125667593,6.52570591240599,7.697437166328598,8.895785146472054,10.084861884230826,11.236536569649,12.33076927099515,13.354982919095798,14.302765209852364,15.172229138502196,15.964334541742756,16.681402842972265,17.325967000647573,17.900010178255854,18.40457528635851,18.83968080672222,19.204456579422864,19.497411951986884,19.7167609558408,19.860748008075902,19.927937439741406,19.917447327634928,19.829120989909164,19.66363790375867,19.42257040748212,19.108394410952556,18.7244625013739,18.274947131795184,17.7647605857209,17.199457443993857,16.585124478075645,15.928262279838817,15.235662476370774,14.514284013803397,13.771131674328688,13.013139675700367,12.247062868237487,11.479377679838208,10.716194564450864,9.963183290684917,9.225511975951857,8.50780034096985,7.814087243336706,7.147812160095196,6.5118099391062785,5.9083178367855425,5.3389936120518255,4.80494325728226,4.306756818171946,3.8445506847238446,3.418014722021552,3.0264626469860914,2.668884139544468,2.3439972960526334,2.050300181306152,1.786120404710943,1.5496618280041672,1.3390476986224693,1.1523596874665167
0.9937191951762291,1.1594146409325008,1.3472455897021929,1.559149136700827,1.797055355383839,2.0628524881316492,2.3583476694889,2.68522352872597,3.044991196165009,3.4389404234949574,3.8680877161501828,4.333123558758222,4.834359984937275,5.371679892123825,5.944489622256806,6.551676411874638,7.191572352959949,7.861926492210633,8.559886626316855,9.281992221138452,10.024179692465045,10.781801036818655,11.549656496648327,12.322041592015577,13.092808459711852,13.855441022078912,14.603143074625644,15.328937947633353,16.025777975677666,16.68666161164405,17.304755655319756,17.873519730767285,18.38682983069669,18.839097425599917,19.225380270887683,19.54148058420187,19.784025652185505,19.950525125606145,20.039398296720766,20.04996366120604,19.982382370461927,19.837547346047636,19.61691169295142,19.322254655613587,18.95539176161801,18.517848684125244,18.010535532344782,17.433478084602076,16.78568131287076,16.065212814917107,15.269592488935773,14.39655305647684,13.445189298604413,12.41744250136237,11.319778123954295,10.164824506372756,8.972670250762999,7.771491571705127,6.597217969086027,5.492053297620761,4.50184122904548,3.6724724559464503,3.0457344026491917,2.6551556169414576,2.5224557415076916,2.6551556169414576,3.0457344026491917,3.6724724559464503,4.50184122904548,5.492053297620761,6.597217969086027,7.771491571705127,8.972670250762999,10.164824506372756,11.319778123954295,12.41744250136237,13.445189298604413,14.39655305647684,15.269592488935773,16.065212814917107,16.78568131287076,17.433478084602076,18.010535532344782,18.517848684125244,18.95539176161801,19.322254655613587,19.61691169295142,19.837547346047636,19.982382370461927,20.04996366120604,20.039398296720766,19.950525125606145,19.784025652185505,19.54148058420187,19.225380270887683,18.839097425599917,18.38682983069669,17.873519730767285,17.304755655319756,16.68666161164405,16.025777975677666,15.328937947633353,14.603143074625644,13.855441022078912,13.092808459711852,12.322041592015577,11.549656496648327,10.781801036818655,10.024179692465045,9.281992221138452,8.559886626316855,7.861926492210633,7.191572352959949,6.551676411874638,5.944489622256806,5.371679892123825,4.834359984937275,4.333123558758222,3.8680877161501828,3.4389404234949574,3.044991196165009,2.68522352872597,2.3583476694889,2.0628524881316492,1.797055355383839,1.559149136700827,1.3472455897021929,1.1594146409325008
0.9957429800568035,1.1617758772173847,1.3499893580304037,1.56232446275343,1.800715195583601,2.0670536444508594,2.3631506242670888,2.6906921911054207,3.051192552820083,3.445944087777633,3.875965371603231,4.34194829514899,4.844205527513348,5.3826197276445,5.956596028451484,6.565019400245126,7.206218538186254,7.877937904734801,8.57731948785154,9.300895705754861,10.044594698435674,10.803758996403358,11.5731782524063,12.347136368902868,13.119472962105455,13.883658683899437,14.632883488884339,15.360156499009596,16.058415696177246,16.72064527506589,17.3399981212715,17.909920543449413,18.424276071776912,18.877464814400206,19.264534498995495,19.581278865688258,19.824318465059676,19.99115811513964,20.0802143069993,20.0908048578516,20.023092415019892,19.87797358112511,19.656907296857266,19.36168072598133,18.994119289244633,18.555760380950527,18.047527481013578,17.46946118125672,16.820582479553668,16.098975963054674,15.30217922065131,14.427943095773143,13.475380649610585,12.44645133571655,11.347638403881506,10.191587354029561,8.998403077902704,7.796276986644237,6.621152480327484,5.515245835342236,4.524411507041535,3.6945491975882367,3.0674534550696997,2.676657978046703,2.543885524629067,2.676657978046703,3.0674534550696997,3.6945491975882367,4.524411507041535,5.515245835342236,6.621152480327484,7.796276986644237,8.998403077902704,10.191587354029561,11.347638403881506,12.44645133571655,13.475380649610585,14.427943095773143,15.30217922065131,16.098975963054674,16.820582479553668,17.46946118125672,18.047527481013578,18.555760380950527,18.994119289244633,19.36168072598133,19.656907296857266,19.87797358112511,20.023092415019892,20.0908048578516,20.0802143069993,19.99115811513964,19.824318465059676,19.581278865688258,19.264534498995495,18.877464814400206,18.424276071776912,17.909920543449413,17.3399981212715,16.72064527506589,16.058415696177246,15.360156499009596,14.632883488884339,13.883658683899437,13.119472962105455,12.347136368902868,11.5731782524063,10.803758996403358,10.044594698435674,9.300895705754861,8.57731948785154,7.877937904734801,7.206218538186254,6.565019400245126,5.956596028451484,5.3826197276445,4.844205527513348,4.34194829514899,3.875965371603231,3.445944087777633,3.051192552820083,2.6906921911054207,2.3631506242670888,2.0670536444508594,1.800715195583601,1.56232446275343,1.3499893580304037,1.1617758772173847
0.9937191951762291,1.1594146409325008,1.3472455897021929,1.559149136700827,1.797055355383839,2.0628524881316492,2.3583476694889,2.68522352872597,3.044991196165009,3.4389404234949574,3.8680877161501828,4.333123558758222,4.834359984937275,5.371679892123825,5.944489622256806,6.551676411874638,7.191572352959949,7.861926492210633,8.559886626316855,9.281992221138452,10.024179692465045,10.781801036818655,11.549656496648327,12.322041592015577,13.092808459711852,13.855441022078912,14.603143074625644,15.328937947633353,16.025777975677666,16.68666161164405,17.304755655319756,17.873519730767285,18.38682983069669,18.839097425599917,19.225380270887683,19.54148058420187,19.784025652185505,19.950525125606145,20.039398296720766,20.04996366120604,19.982382370461927,19.837547346047636,19.61691169295142,19.322254655613587,18.95539176161801,18.517848684125244,18.010535532344782,17.433478084602076,16.78568131287076,16.065212814917107,15.269592488935773,14.39655305647684,13.445189298604413,12.41744250136237,11.319778123954295,10.164824506372756,8.972670250762999,7.771491571705127,6.597217969086027,5.492053297620761,4.50184122904548,3.6724724559464503,3.0457344026491917,2.6551556169414576,2.5224557415076916,2.6551556169414576,3.0457344026491917,3.6724724559464503,4.50184122904548,5.492053297620761,6.597217969086027,7.771491571705127,8.972670250762999,10.164824506372756,11.319778123954295,12.41744250136237,13.445189298604413,14.39655305647684,15.269592488935773,16.065212814917107,16.78568131287076,17.433478084602076,18.010535532344782,18.517848684125244,18.95539176161801,19.322254655613587,19.61691169295142,19.837547346047636,19.982382370461927,20.04996366120604,20.039398296720766,19.950525125606145,19.784025652185505,19.54148058420187,19.225380270887683,18.839097425599917,18.38682983069669,17.873519730767285,17.304755655319756,16.68666161164405,16.025777975677666,15.328937947633353,14.603143074625644,13.855441022078912,13.092808459711852,12.322041592015577,11.549656496648327,10.781801036818655,10.024179692465045,9.281992221138452,8.559886626316855,7.861926492210633,7.191572352959949,6.551676411874638,5.944489622256806,5.371679892123825,4.834359984937275,4.333123558758222,3.8680877161501828,3.4389404234949574,3.044991196165009,2.68522352872597,2.3583476694889,2.0628524881316492,1.797055355383839,1.559149136700827,1.3472455897021929,1.1594146409325008
0.9876724864037878,1.1523596874665167,1.3390476986224693,1.5496618280041672,1.786120404710943,2.050300181306152,2.3439972960526334,2.668884139544468,3.0264626469860914,3.418014722021552,3.8445506847238446,4.306756818171946,4.80494325728226,5.3389936120518255,5.9083178367855425,6.5118099391062785,7.147812160095196,7.814087243336706,8.50780034096985,9.225511975951857,9.963183290684917,10.716194564450864,11.479377679838208,12.247062868237487,13.013139675700367,13.771131674328688,14.514284013803397,15.235662476370774,15.928262279838817,16.585124478075645,17.199457443993857,17.7647605857209,18.274947131795184,18.7244625013739,19.108394410952556,19.42257040748212,19.66363790375867,19.829120989909164,19.917447327634928,19.927937439741406,19.860748008075902,19.7167609558408,19.497411951986884,19.204456579422864,18.83968080672222,18.40457528635851,17.900010178255854,17.325967000647573,16.681402842972265,15.964334541742756,15.172229138502196,14.302765209852364,13.354982919095798,12.33076927099515,11.236536569649,10.084861884230826,8.895785146472054,7.697437166328598,6.52570591240599,5.422758125667593,4.434405258322906,3.606511083948038,2.9808417423369313,2.5909103916849014,2.458427366340281,2.5909103916849014,2.9808417423369313,3.606511083948038,4.434405258322906,5.422758125667593,6.52570591240599,7.697437166328598,8.895785146472054,10.084861884230826,11.236536569649,12.33076927099515,13.354982919095798,14.302765209852364,15.172229138502196,15.964334541742756,16.681402842972265,17.325967000647573,17.900010178255854,18.40457528635851,18.83968080672222,19.204456579422864,19.497411951986884,19.7167609558408,19.860748008075902,19.927937439741406,19.917447327634928,19.829120989909164,19.66363790375867,19.42257040748212,19.108394410952556,18.7244625013739,18.274947131795184,17.7647605857209,17.199457443993857,16.585124478075645,15.928262279838817,15.235662476370774,14.514284013803397,13.771131674328688,13.013139675700367,12.247062868237487,11.479377679838208,10.716194564450864,9.963183290684917,9.225511975951857,8.50780034096985,7.814087243336706,7.147812160095196,6.5118099391062785,5.9083178367855425,5.3389936120518255,4.80494325728226,4.306756818171946,3.8445506847238446,3.418014722021552,3.0264626469860914,2.668884139544468,2.3439972960526334,2.050300181306152,1.786120404710943,1.5496618280041672,1.3390476986224693,1.1523596874665167
0.9776762917908246,1.1406967001315234,1.3254952492268117,1.5339777612408882,1.7680431499392877,2.0295491733460578,2.320273791078918,2.641872467532142,2.9958319368826922,3.3834211286779667,3.805640137581004,4.263168300826579,4.75631261446773,5.284957866480171,5.8485199829982,6.4459041653502815,7.075469432730757,7.7350011719086815,8.42169322640729,9.132140929996035,9.862346302195645,10.607736378297199,11.363195347193948,12.123110823757793,12.881434197641529,13.631754588459383,14.367385511075325,15.081462927749193,15.76705294925779,16.417267055833307,17.025382347536773,17.584964002035893,18.089986804759043,18.534952297537362,18.91499772742016,19.225992514832498,19.464617344380017,19.628420176802923,19.715842509857456,19.726208217523126,19.659666592748614,19.517081376660833,19.299859413600295,19.009717170109493,18.648391748902572,18.217315907552557,17.717293763307108,17.148233665257262,16.50901354521111,15.797566323060492,15.011271659693238,14.14771862129134,13.205857079100223,12.187484302082199,11.098924720288288,9.952670643875972,8.768681544454193,7.575013170738652,6.407484833361317,5.308201918208153,4.32292261336252,3.4974661908916174,2.873563603791421,2.4847025687539963,2.3525780319317295,2.4847025687539963,2.873563603791421,3.4974661908916174,4.32292261336252,5.308201918208153,6.407484833361317,7.575013170738652,8.768681544454193,9.952670643875972,11.098924720288288,12.187484302082199,13.205857079100223,14.14771862129134,15.011271659693238,15.797566323060492,16.50901354521111,17.148233665257262,17.717293763307108,18.217315907552557,18.648391748902572,19.009717170109493,19.299859413600295,19.517081376660833,19.659666592748614,19.726208217523126,19.715842509857456,19.628420176802923,19.464617344380017,19.225992514832498,18.91499772742016,18.534952297537362,18.089986804759043,17.584964002035893,17.025382347536773,16.417267055833307,15.76705294925779,15.081462927749193,14.367385511075325,13.631754588459383,12.881434197641529,12.123110823757793,11.363195347193948,10.607736378297199,9.862346302195645,9.132140929996035,8.42169322640729,7.7350011719086815,7.075469432730757,6.4459041653502815,5.8485199829982,5.284957866480171,4.75631261446773,4.263168300826579,3.805640137581004,3.3834211286779667,2.9958319368826922,2.641872467532142,2.320273791078918,2.0295491733460578,1.7680431499392877,1.5339777612408882,1.3254952492268117,1.1406967001315234
0.9638513570580688,1.1245665581186677,1.3067519438372819,1.5122863868987653,1.7430419492782452,2.0008501191764703,2.2874637147856367,2.604514791231129,2.9534690593684556,3.3355775053128953,3.7518260817834137,4.202884519774956,4.689055474230493,5.210225362293511,5.7658183692564275,6.354755177563789,6.975418010872093,7.625623571922326,8.302605384989173,9.003006927883435,9.722886753988776,10.457736563081218,11.202512884707353,11.951682696228032,12.699282918218806,13.438993323799135,14.164221978232394,14.868201904124348,15.544097258628918,16.18511692303182,16.78463304839884,17.336301772971833,17.834183016574716,18.27285593980602,18.647526291449974,18.954121403773964,19.18936797695391,19.35084698525996,19.437019061985783,19.447212715850874,19.381567020811026,19.24092057182345,19.026640348222863,18.740388717844144,18.383835200952078,17.958332485327933,17.46459334989242,16.902424949366566,16.27059573899085,15.5669225803116,14.788664285043184,13.933286124687806,12.999613094791176,11.989318357930054,10.90860481261078,9.76984754559637,8.592894750556024,7.405698365026559,6.243982744305446,5.149768418993863,4.168739911835923,3.346654948432376,2.7251958177421365,2.3378150503553785,2.20618631024535,2.3378150503553785,2.7251958177421365,3.346654948432376,4.168739911835923,5.149768418993863,6.243982744305446,7.405698365026559,8.592894750556024,9.76984754559637,10.90860481261078,11.989318357930054,12.999613094791176,13.933286124687806,14.788664285043184,15.5669225803116,16.27059573899085,16.902424949366566,17.46459334989242,17.958332485327933,18.383835200952078,18.740388717844144,19.026640348222863,19.24092057182345,19.381567020811026,19.447212715850874,19.437019061985783,19.35084698525996,19.18936797695391,18.954121403773964,18.647526291449974,18.27285593980602,17.834183016574716,17.336301772971833,16.78463304839884,16.18511692303182,15.544097258628918,14.868201904124348,14.164221978232394,13.438993323799135,12.699282918218806,11.951682696228032,11.202512884707353,10.457736563081218,9.722886753988776,9.003006927883435,8.302605384989173,7.625623571922326,6.975418010872093,6.354755177563789,5.7658183692564275,5.210225362293511,4.689055474230493,4.202884519774956,3.7518260817834137,3.3355775053128953,2.9534690593684556,2.604514791231129,2.2874637147856367,2.0008501191764703,1.7430419492782452,1.5122863868987653,1.3067519438372819,1.1245665581186677
0.9463633080821017,1.1041625042144003,1.2830423315345938,1.4848475725980863,1.7114163228235773,1.9645468400230024,2.245960139382662,2.5572586641383532,2.89988153139434,3.2750570294647385,3.683753222014036,4.126627688486674,4.603977592476335,5.1156914119656,5.661203779787089,6.239454961444627,6.848856533411092,7.487264812014179,8.151963516262812,8.83965702446167,9.546475403313137,10.267992150858575,10.999255304988967,11.734832233780951,12.468868051374459,13.195157204337336,13.907227360813355,14.59843432128146,15.262066268062993,15.891455291299803,16.48009377818597,17.021752928842947,17.510600355066284,17.941313402424747,18.309184471952175,18.610214152329423,18.841187351786342,18.999726805530095,19.08431735262619,19.094293364574742,19.02978098867035,18.89158701086305,18.681027982678177,18.399697839016458,18.04918061075649,17.630727700250944,17.14493634669713,16.591485697549988,15.969005724099578,15.2751664782277,14.507073901757838,13.662036670340902,12.738721816219742,11.738645511823192,10.66785692259145,9.53858285187767,8.370530730729165,7.191521179246873,6.037158437619399,4.9493556975414625,3.9737042977324,3.1558841097097305,2.537515864162458,2.152007582517787,2.0210060075519927,2.152007582517787,2.537515864162458,3.1558841097097305,3.9737042977324,4.9493556975414625,6.037158437619399,7.191521179246873,8.370530730729165,9.53858285187767,10.66785692259145,11.738645511823192,12.738721816219742,13.662036670340902,14.507073901757838,15.2751664782277,15.969005724099578,16.591485697549988,17.14493634669713,17.630727700250944,18.04918061075649,18.399697839016458,18.681027982678177,18.89158701086305,19.02978098867035,19.094293364574742,19.08431735262619,18.999726805530095,18.841187351786342,18.610214152329423,18.309184471952175,17.941313402424747,17.510600355066284,17.021752928842947,16.48009377818597,15.891455291299803,15.262066268062993,14.59843432128146,13.907227360813355,13.195157204337336,12.468868051374459,11.734832233780951,10.999255304988967,10.267992150858575,9.546475403313137,8.83965702446167,8.151963516262812,7.487264812014179,6.848856533411092,6.239454961444627,5.661203779787089,5.1156914119656,4.603977592476335,4.126627688486674,3.683753222014036,3.2750570294647385,2.89988153139434,2.5572586641383532,2.245960139382662,1.9645468400230024,1.7114163228235773,1.4848475725980863,1.2830423315345938,1.1041625042144003
0.925419348612341,1.0797262918857948,1.2546473310520556,1.4519864217972465,1.6735409806637627,1.921069468233014,2.1962548119167677,2.500663991291251,2.8357042743705905,3.20257676622918,3.602228106321607,4.0353013212064255,4.50208699795199,5.002476082633836,5.5359157202212375,6.1013696291944175,6.697284539415711,7.321564209060422,7.971552471131951,8.64402663931372,9.33520242577094,10.040751291419891,10.75583086596814,11.475128746975077,12.192919622876222,12.903135274944876,13.599446609594747,14.275356467995408,14.924301566937862,15.539761553406493,16.11537281125283,16.64504434049505,17.12307272650901,17.544252902711058,17.903981046216963,18.198345478727823,18.42420081934428,18.579219816821215,18.661916299432992,18.67163166003702,18.60847656475734,18.47321970458226,18.267117237908224,17.99168114328956,17.64839306818625,17.238383113946238,16.762110147596946,16.21910001310036,15.607816831213489,14.925754832280349,14.169836878765308,13.337184104692016,12.426274362994794,11.438435812259414,10.379533504814864,9.261616657496162,8.104224121845185,6.93501925015909,5.789462430903799,4.709338305030053,3.7401266126196955,2.927413985929191,2.3127474325060025,1.9294816689114507,1.7992311966775745,1.9294816689114507,2.3127474325060025,2.927413985929191,3.7401266126196955,4.709338305030053,5.789462430903799,6.93501925015909,8.104224121845185,9.261616657496162,10.379533504814864,11.438435812259414,12.426274362994794,13.337184104692016,14.169836878765308,14.925754832280349,15.607816831213489,16.21910001310036,16.762110147596946,17.238383113946238,17.64839306818625,17.99168114328956,18.267117237908224,18.47321970458226,18.60847656475734,18.67163166003702,18.661916299432992,18.579219816821215,18.42420081934428,18.198345478727823,17.903981046216963,17.544252902711058,17.12307272650901,16.64504434049505,16.11537281125283,15.539761553406493,14.924301566937862,14.275356467995408,13.599446609594747,12.903135274944876,12.192919622876222,11.475128746975077,10.75583086596814,10.040751291419891,9.33520242577094,8.64402663931372,7.971552471131951,7.321564209060422,6.697284539415711,6.1013696291944175,5.5359157202212375,5.002476082633836,4.50208699795199,4.0353013212064255,3.602228106321607,3.20257676622918,2.8357042743705905,2.500663991291251,2.1962548119167677,1.921069468233014,1.6735409806637627,1.4519864217972465,1.2546473310520556,1.0797262918857948
0.9012641752635863,1.05154341912782,1.2218986924823534,1.4140868644007627,1.6298584354967585,1.8709259672464074,2.1389284595129237,2.4353919907790447,2.7616870967354594,3.118983531370887,3.5082032250821675,3.9299724202337365,4.384574119028749,4.871902114053846,5.39141798082713,5.942112486711879,6.5224729048219245,7.1304577091590975,7.763480063645778,8.41840140009593,9.091536207651693,9.778668930174558,10.475083592256066,11.175606455016423,11.874661648049864,12.566339344056209,13.244475649598881,13.902742991420663,14.534749394697098,15.134144687276189,15.694731327825812,16.210577244306958,16.676127770434782,17.086313456524906,17.43665016715013,17.723327408618758,17.943280199259192,18.094238969656605,18.17475098203875,18.18416572716365,18.122576016348173,17.990706604742908,17.78974399789285,17.52110565212233,17.1861551336265,16.785882644380358,16.32058746345209,15.78961862618961,15.191248973932016,14.522769957805306,13.780893290435515,12.962523809566541,12.065921183075668,11.092196728651054,10.04700315653213,8.942184868741528,7.79708629001357,6.639189391896089,5.503788655195431,4.432520460190351,3.4707358375637956,2.6639138844847414,2.0535165818242884,1.6728371683569234,1.5434529610104626,1.6728371683569234,2.0535165818242884,2.6639138844847414,3.4707358375637956,4.432520460190351,5.503788655195431,6.639189391896089,7.79708629001357,8.942184868741528,10.04700315653213,11.092196728651054,12.065921183075668,12.962523809566541,13.780893290435515,14.522769957805306,15.191248973932016,15.78961862618961,16.32058746345209,16.785882644380358,17.1861551336265,17.52110565212233,17.78974399789285,17.990706604742908,18.122576016348173,18.18416572716365,18.17475098203875,18.094238969656605,17.943280199259192,17.723327408618758,17.43665016715013,17.086313456524906,16.676127770434782,16.210577244306958,15.694731327825812,15.134144687276189,14.534749394697098,13.902742991420663,13.244475649598881,12.566339344056209,11.874661648049864,11.175606455016423,10.475083592256066,9.778668930174558,9.091536207651693,8.41840140009593,7.763480063645778,7.1304577091590975,6.5224729048219245,5.942112486711879,5.39141798082713,4.871902114053846,4.384574119028749,3.9299724202337365,3.5082032250821675,3.118983531370887,2.7616870967354594,2.4353919907790447,2.1389284595129237,1.8709259672464074,1.6298584354967585,1.4140868644007627,1.2218986924823534,1.05154341912782
0.8741752223489793,1.0199375804067952,1.185172550408201,1.3715841958843829,1.5808704033210268,1.8146922603883364,2.074639504156951,2.3621923443518136,2.678680122996085,3.0252374352298412,3.4027585013402866,3.811850740964413,4.252788650216303,4.725469213918228,5.229370190807194,5.763512682366166,6.326429429162883,6.916140266565822,7.530136110040392,8.165372726143866,8.81827537800615,9.4847552148383,10.16023800747442,10.839705522052864,11.517749479782863,12.188637682306608,12.84639150081025,13.484873544716747,14.09788395393813,14.679263406594309,15.22300060687562,15.723341713364597,16.174898874425217,16.572754728695806,16.912559364910624,17.190615763416034,17.40394910669967,17.550354512954673,17.628416739100985,17.637494357332127,17.57766015559257,17.44958961694439,17.25439113435662,16.99337616167533,16.66777584220734,16.27842348700115,15.82543940432431,15.307974346525382,14.724086643581012,14.070840338740243,13.344710349473623,12.542358946864365,11.661801113949297,10.703904990991173,9.674085156017215,8.583956320344498,7.452644867687362,6.307429359147889,5.183418217468845,4.122081555177389,3.168626061088313,2.3684102365512496,1.7628007088002384,1.385021772005282,1.2566090422138796,1.385021772005282,1.7628007088002384,2.3684102365512496,3.168626061088313,4.122081555177389,5.183418217468845,6.307429359147889,7.452644867687362,8.583956320344498,9.674085156017215,10.703904990991173,11.661801113949297,12.542358946864365,13.344710349473623,14.070840338740243,14.724086643581012,15.307974346525382,15.82543940432431,16.27842348700115,16.66777584220734,16.99337616167533,17.25439113435662,17.44958961694439,17.57766015559257,17.637494357332127,17.628416739100985,17.550354512954673,17.40394910669967,17.190615763416034,16.912559364910624,16.572754728695806,16.174898874425217,15.723341713364597,15.22300060687562,14.679263406594309,14.09788395393813,13.484873544716747,12.84639150081025,12.188637682306608,11.517749479782863,10.839705522052864,10.16023800747442,9.4847552148383,8.81827537800615,8.165372726143866,7.530136110040392,6.916140266565822,6.326429429162883,5.763512682366166,5.229370190807194,4.725469213918228,4.252788650216303,3.811850740964413,3.4027585013402866,3.0252374352298412,2.678680122996085,2.3621923443518136,2.074639504156951,1.8146922603883364,1.5808704033210268,1.3715841958843829,1.185172550408201,1.0199375804067952
0.8444573656566204,0.9852644873302903,1.1448822434899752,1.3249567675007803,1.5271282256728813,1.7530012364880674,2.0041114934142374,2.281888885989538,2.5876175648444537,2.9223935542068333,3.287080675069013,3.682265697649813,4.108213786483129,4.564825428424022,5.051596135962528,5.567580288539038,6.111360506658837,6.681023941998493,7.274146807126653,7.887788358255274,8.518495382794065,9.162318031687828,9.814837578072163,10.47120638441148,11.126200027806869,11.77428117721305,12.409674447829545,13.026451088433245,13.618621997846848,14.18023722592376,14.705489796960865,15.188821396923617,15.625027177699375,16.009356625976753,16.337607080714406,16.6062060086208,16.812277506511144,16.95368765793002,17.029062353239944,17.037770127396733,16.979861801762638,16.855958805598917,16.66708383870124,16.414432065206434,16.09908935427837,15.721716900232757,15.282238671942938,14.779587895972034,14.211587573232913,13.575052269827253,12.86619712779175,12.08141831116283,11.218462372187604,10.277930674044388,9.264976552512373,8.190962737390826,7.074776411129819,5.943472983995898,4.831956764276494,3.78151546094739,2.837197412998419,2.044228822487752,1.4438717092203355,1.0692747318891422,0.9419277587126977,1.0692747318891422,1.4438717092203355,2.044228822487752,2.837197412998419,3.78151546094739,4.831956764276494,5.943472983995898,7.074776411129819,8.190962737390826,9.264976552512373,10.277930674044388,11.218462372187604,12.08141831116283,12.86619712779175,13.575052269827253,14.211587573232913,14.779587895972034,15.282238671942938,15.721716900232757,16.09908935427837,16.414432065206434,16.66708383870124,16.855958805598917,16.979861801762638,17.037770127396733,17.029062353239944,16.95368765793002,16.812277506511144,16.6062060086208,16.337607080714406,16.009356625976753,15.625027177699375,15.188821396923617,14.705489796960865,14.18023722592376,13.618621997846848,13.026451088433245,12.409674447829545,11.77428117721305,11.126200027806869,10.47120638441148,9.814837578072163,9.162318031687828,8.518495382794065,7.887788358255274,7.274146807126653,6.681023941998493,6.111360506658837,5.567580288539038,5.051596135962528,4.564825428424022,4.108213786483129,3.682265697649813,3.287080675069013,2.9223935542068333,2.5876175648444537,2.281888885989538,2.0041114934142374,1.7530012364880674,1.5271282256728813,1.3249567675007803,1.1448822434899752,0.9852644873302903
0.812437226314256,0.9479052227226942,1.1014705918684125,1.2747170490219264,1.4692225686576437,1.6865309253243546,1.9281195820560362,2.1953642098309447,2.489500266848429,2.8115822182832373,3.162441130758256,3.5426415253357066,3.952438512039135,4.391736351063608,4.860049684059524,5.3564687465131735,5.879629903133773,6.427692836991646,6.998325665840911,7.5886991530320635,8.195491024905348,8.81490120279208,9.442678509103489,10.074159118958717,10.704316708915927,11.327823911877276,11.939124332644948,12.532514022923372,13.102230968224486,13.642550810447254,14.14788672295079,14.612891066854907,15.032556175101432,15.402311308373944,15.71811246353001,15.976521237767459,16.17476830525614,16.310796212674074,16.383275170489917,16.39158444825047,16.335751198954867,16.216338610442307,16.03427705056878,15.790636384640429,15.486345953093334,15.121881499393798,14.696955442341858,14.210266630697689,13.659384505048736,13.040854827016464,12.350612838048649,11.584767979461214,10.740777577014342,9.818955549219469,8.824173750816604,7.767523408737385,6.667633972921359,5.551320415001749,4.453267115787056,3.414565249651255,2.480092538183591,1.6949326347452844,1.1002348476328336,0.7290663404792275,0.6028676895276739,0.7290663404792275,1.1002348476328336,1.6949326347452844,2.480092538183591,3.414565249651255,4.453267115787056,5.551320415001749,6.667633972921359,7.767523408737385,8.824173750816604,9.818955549219469,10.740777577014342,11.584767979461214,12.350612838048649,13.040854827016464,13.659384505048736,14.210266630697689,14.696955442341858,15.121881499393798,15.486345953093334,15.790636384640429,16.03427705056878,16.216338610442307,16.335751198954867,16.39158444825047,16.383275170489917,16.310796212674074,16.17476830525614,15.976521237767459,15.71811246353001,15.402311308373944,15.032556175101432,14.612891066854907,14.14788672295079,13.642550810447254,13.102230968224486,12.532514022923372,11.939124332644948,11.327823911877276,10.704316708915927,10.074159118958717,9.442678509103489,8.81490120279208,8.195491024905348,7.5886991530320635,6.998325665840911,6.427692836991646,5.879629903133773,5.3564687465131735,4.860049684059524,4.391736351063608,3.952438512039135,3.5426415253357066,3.162441130758256,2.8115822182832373,2.489500266848429,2.1953642098309447,1.9281195820560362,1.6865309253243546,1.4692225686576437,1.2747170490219264,1.1014705918684125,0.9479052227226942
0.7784572231057116,0.9082593012086867,1.0554018335280253,1.2214022968013079,1.4077726670775044,1.6159921508841204,1.8474764166979551,2.1035435983697908,2.3853774813392628,2.6939884280137165,3.0301727458425316,3.3944713449222026,3.7871286653572507,4.2080529716384225,4.656779205419291,5.13243565288111,5.633715712470598,6.158856038097158,6.705622277961717,7.271303527595815,7.85271646667877,8.446219953958138,9.04774061634694,9.65280969228154,10.256611082895159,10.854040236347927,11.43977315079051,12.008344440418208,12.554233076778218,13.071954101678115,13.556154312252369,14.001709639616694,14.403821666672496,14.758110431565639,15.060700300062292,15.308295209604646,15.498238935021305,15.628555166219911,15.697961146485968,15.705847536991783,15.652216373698563,15.537569038227618,15.362737915113481,15.128659901637906,14.836098228820179,14.48533183834534,14.075848650547263,13.606098790768286,13.07338261954661,12.473960641247238,11.803471064790768,11.05771905927062,10.233855021209445,9.331887830761465,8.356390632954273,7.318166533914828,6.235571475980438,5.1351652755695465,4.051398924861078,3.0251550342896545,2.1011302650263293,1.3242569967252509,0.7355649274158296,0.36803473758461624,0.2430546944744929,0.36803473758461624,0.7355649274158296,1.3242569967252509,2.1011302650263293,3.0251550342896545,4.051398924861078,5.1351652755695465,6.235571475980438,7.318166533914828,8.356390632954273,9.331887830761465,10.233855021209445,11.05771905927062,11.803471064790768,12.473960641247238,13.07338261954661,13.606098790768286,14.075848650547263,14.48533183834534,14.836098228820179,15.128659901637906,15.362737915113481,15.537569038227618,15.652216373698563,15.705847536991783,15.697961146485968,15.628555166219911,15.498238935021305,15.308295209604646,15.060700300062292,14.758110431565639,14.403821666672496,14.001709639616694,13.556154312252369,13.071954101678115,12.554233076778218,12.008344440418208,11.43977315079051,10.854040236347927,10.256611082895159,9.65280969228154,9.04774061634694,8.446219953958138,7.85271646667877,7.271303527595815,6.705622277961717,6.158856038097158,5.633715712470598,5.13243565288111,4.656779205419291,4.2080529716384225,3.7871286653572507,3.3944713449222026,3.0301727458425316,2.6939884280137165,2.3853774813392628,2.1035435983697908,1.8474764166979551,1.6159921508841204,1.4077726670775044,1.2214022968013079,1.0554018335280253,0.9082593012086867
0.7428695238761027,0.8667376120592751,1.0071534238490358,1.1655650635060673,1.3434153860701505,1.542115975140468,1.7630177809505236,2.0073786779692933,2.276328334083222,2.570830922297849,2.8916463463281437,3.2392907881991606,3.6139975132704723,4.01567897978377,4.4438913898499175,4.897802880637818,5.3761665827691285,5.8772997627139265,6.3990702135783595,6.938890961725935,7.493724214474916,8.060095287795663,8.634117025568072,9.211524958577186,9.787723158887411,10.357840431975998,10.916796164569474,11.459374820462049,11.98030775900939,12.474360748656451,12.936425263755646,13.361611383186645,13.745339840054573,14.083430476222384,14.37218399240365,14.608453400829456,14.789700928119055,14.914035246539642,14.98022285745741,14.987666352642199,14.936341462654763,14.82668483866072,14.659426245987872,14.43536332277695,14.155085331494961,13.818665100762288,13.425355430749821,12.973345955530068,12.45965522460659,11.880244988710269,11.230442370733424,10.50573387151417,9.702948436593433,8.82177547548727,7.866475290657091,6.847549235564451,5.783066804478204,4.699320586442351,3.6305171426891283,2.6173206519273444,1.7042381483976197,0.9360435808335401,0.35364137787640537,-0.01007835491110054,-0.13378213418235685,-0.01007835491110054,0.35364137787640537,0.9360435808335401,1.7042381483976197,2.6173206519273444,3.6305171426891283,4.699320586442351,5.783066804478204,6.847549235564451,7.866475290657091,8.82177547548727,9.702948436593433,10.50573387151417,11.230442370733424,11.880244988710269,12.45965522460659,12.973345955530068,13.425355430749821,13.818665100762288,14.155085331494961,14.43536332277695,14.659426245987872,14.82668483866072,14.936341462654763,14.987666352642199,14.98022285745741,14.914035246539642,14.789700928119055,14.608453400829456,14.37218399240365,14.083430476222384,13.745339840054573,13.361611383186645,12.936425263755646,12.474360748656451,11.98030775900939,11.459374820462049,10.916796164569474,10.357840431975998,9.787723158887411,9.211524958577186,8.634117025568072,8.060095287795663,7.493724214474916,6.938890961725935,6.3990702135783595,5.8772997627139265,5.3761665827691285,4.897802880637818,4.4438913898499175,4.01567897978377,3.6139975132704723,3.2392907881991606,2.8916463463281437,2.570830922297849,2.276328334083222,2.0073786779692933,1.7630177809505236,1.542115975140468,1.3434153860701505,1.1655650635060673,1.0071534238490358,0.8667376120592751
0.706030044066853,0.8237554170261937,0.9572078990560555,1.1077637817959838,1.276794367977583,1.465641239667024,1.6755883524207467,1.907831201730516,2.1634434343701083,2.443341409252781,2.7482473458748515,3.078651828391658,3.4347765543514304,3.8165383232600125,4.2235153455121575,4.65491701100415,5.109558283583741,5.585839877790592,6.081735324535055,6.594785940221324,7.122104578672845,7.660388868137299,8.205944419555664,8.754718241948925,9.302342322721618,9.844187032901958,10.375423708871,10.891095452363981,11.386194888167461,11.855747330555317,12.29489753750394,12.698997971694414,13.063696224940902,13.385018970825202,13.659449447507125,13.883994985642225,14.05624043012641,14.174382424800957,14.237238461742555,14.244223482971744,14.195285988368731,14.090795621780119,13.931375919744648,13.717680362887252,13.450118125860678,13.128548674290533,12.751981417943627,12.318336336964737,11.824340257252214,11.265645667384272,10.63725766192026,9.934332864436984,9.15336746260659,8.293720158077553,7.359327406655007,6.360378195127036,5.31464549401798,4.248145265400208,3.194831041815701,2.1951408870142552,1.2933855382679713,0.5341749406567757,-0.041716152857935285,-0.4014913975676935,-0.5238740210199158,-0.4014913975676935,-0.041716152857935285,0.5341749406567757,1.2933855382679713,2.1951408870142552,3.194831041815701,4.248145265400208,5.31464549401798,6.360378195127036,7.359327406655007,8.293720158077553,9.15336746260659,9.934332864436984,10.63725766192026,11.265645667384272,11.824340257252214,12.318336336964737,12.751981417943627,13.128548674290533,13.450118125860678,13.717680362887252,13.931375919744648,14.090795621780119,14.195285988368731,14.244223482971744,14.237238461742555,14.174382424800957,14.05624043012641,13.883994985642225,13.659449447507125,13.385018970825202,13.063696224940902,12.698997971694414,12.29489753750394,11.855747330555317,11.386194888167461,10.891095452363981,10.375423708871,9.844187032901958,9.302342322721618,8.754718241948925,8.205944419555664,7.660388868137299,7.122104578672845,6.594785940221324,6.081735324535055,5.585839877790592,5.109558283583741,4.65491701100415,4.2235153455121575,3.8165383232600125,3.4347765543514304,3.078651828391658,2.7482473458748515,2.443341409252781,2.1634434343701083,1.907831201730516,1.6755883524207467,1.465641239667024,1.276794367977583,1.1077637817959838,0.9572078990560555,0.8237554170261937
0.6682926332235128,0.7797255674921971,0.9060449945129332,1.0485536429324753,1.208549519147509,1.387302497463272,1.586027905820786,1.8058573403000089,2.047807061095006,2.3127444475988557,2.601353116568403,2.914097430362931,3.2511872367637493,3.6125437823554853,3.9977678222500037,4.406111004571172,4.8364516335252095,5.287275905697184,5.756665667070832,6.242293651051825,6.741427029849419,7.250939943954036,7.767335469901142,8.286777249550068,8.805130740888329,9.318013768450262,9.82085575933031,10.30896475728489,10.777601020654467,11.222055735750988,11.637733117748047,12.020233921027465,12.365438125600809,12.669584278116224,12.929342603374979,13.141878511837634,13.304902455393124,13.416701193689208,13.476144452368338,13.482659824728621,13.436167916245017,13.336969730198598,13.18557998510254,12.982504490348958,12.727967943288803,12.421611246011121,12.062194485444225,11.647361415219695,11.173540027115536,10.636066009554964,10.029614579597228,9.349004443079739,8.59039091911541,7.752793940761713,6.839818223680281,5.861332774313355,4.8348068119263035,3.785972929072363,2.748525462243828,1.762670848871374,0.8725187446866887,0.12251109366626434,-0.44671018764298154,-0.8024448007279892,-0.9234740663100931,-0.8024448007279892,-0.44671018764298154,0.12251109366626434,0.8725187446866887,1.762670848871374,2.748525462243828,3.785972929072363,4.8348068119263035,5.861332774313355,6.839818223680281,7.752793940761713,8.59039091911541,9.349004443079739,10.029614579597228,10.636066009554964,11.173540027115536,11.647361415219695,12.062194485444225,12.421611246011121,12.727967943288803,12.982504490348958,13.18557998510254,13.336969730198598,13.436167916245017,13.482659824728621,13.476144452368338,13.416701193689208,13.304902455393124,13.141878511837634,12.929342603374979,12.669584278116224,12.365438125600809,12.020233921027465,11.637733117748047,11.222055735750988,10.777601020654467,10.30896475728489,9.82085575933031,9.318013768450262,8.805130740888329,8.286777249550068,7.767335469901142,7.250939943954036,6.741427029849419,6.242293651051825,5.756665667070832,5.287275905697184,4.8364516335252095,4.406111004571172,3.9977678222500037,3.6125437823554853,3.2511872367637493,2.914097430362931,2.601353116568403,2.3127444475988557,2.047807061095006,1.8058573403000089,1.586027905820786,1.387302497463272,1.208549519147509,1.0485536429324753,0.9060449945129332,0.7797255674921971
0.630003578958915,0.7350520920100605,0.8541341934111195,0.9884779734762239,1.1393070708252993,1.3078186037824957,1.4951582694786658,1.7023928305038285,1.9304803215984336,2.1802384266554173,2.452311595399402,2.74713758508483,3.064914220506839,3.4055672603359954,3.7687203339587234,4.153667965454952,4.559352725295285,4.984347541682091,5.426844159016353,5.884648648751801,6.355184757301285,6.835505717644339,7.322314958452249,7.8119959211497525,8.300650947167632,8.784148931808266,9.258181165635508,9.718324507335021,10.160110761053925,10.579100871645238,10.970962304210985,11.331547734348293,11.656972927304198,11.943691399942141,12.188563097065432,12.388913819741632,12.542581462968897,12.647944219509437,12.703924812118894,12.709963670308621,12.665953097389432,12.572124452692824,12.428882046010417,12.236581856851448,11.995261408585893,11.704339844816339,11.3623242850449,10.966578218525791,10.51322643457574,9.99728319049552,9.413089003712892,8.75511972266273,8.019184815100626,7.2039604933922,6.312714883696195,5.354992334653692,4.347953874051693,3.317044582644068,2.2956958119596464,1.3238789872090404,0.4454997431845005,-0.29517043307192914,-0.8576244032232969,-1.2092593189500072,-1.3289154433501817,-1.2092593189500072,-0.8576244032232969,-0.29517043307192914,0.4454997431845005,1.3238789872090404,2.2956958119596464,3.317044582644068,4.347953874051693,5.354992334653692,6.312714883696195,7.2039604933922,8.019184815100626,8.75511972266273,9.413089003712892,9.99728319049552,10.51322643457574,10.966578218525791,11.3623242850449,11.704339844816339,11.995261408585893,12.236581856851448,12.428882046010417,12.572124452692824,12.665953097389432,12.709963670308621,12.703924812118894,12.647944219509437,12.542581462968897,12.388913819741632,12.188563097065432,11.943691399942141,11.656972927304198,11.331547734348293,10.970962304210985,10.579100871645238,10.160110761053925,9.718324507335021,9.258181165635508,8.784148931808266,8.300650947167632,7.8119959211497525,7.322314958452249,6.835505717644339,6.355184757301285,5.884648648751801,5.426844159016353,4.984347541682091,4.559352725295285,4.153667965454952,3.7687203339587234,3.4055672603359954,3.064914220506839,2.74713758508483,2.452311595399402,2.1802384266554173,1.9304803215984336,1.7023928305038285,1.4951582694786658,1.3078186037824957,1.1393070708252993,0.9884779734762239,0.8541341934111195,0.7350520920100605
0.5914965429172745,0.6901242878755375,0.8019278611480065,0.9280602897958923,1.0696704212823498,1.2278822037464818,1.4037713070967797,1.598339291332559,1.8124856342598137,2.0469780413520122,2.3024215723213977,2.5792272278531843,2.877580741308793,3.1974124091322906,3.5383688652092213,3.899787753670838,4.280676277123654,4.679694589155404,5.095144958242286,5.524967552987235,5.966743585392589,6.41770640051079,6.874760919765109,7.334511635477203,7.793299121112126,8.247244772100531,8.692303233279407,9.124321708642443,9.539105094069221,9.932485628704654,10.300395526276091,10.638940817797879,10.944474396091334,11.21366597207296,11.443566290634909,11.63166245656467,11.77592053351052,11.87481066788308,11.927308881266772,11.932868512463505,11.891353401494095,11.802924867253479,11.667876182248548,11.486412643115564,11.258383533651346,10.98298497648827,10.65846968354421,10.281919284134883,9.849153638966774,9.354863744292437,8.793053512444,8.157853982546976,7.444726802048075,6.652002505799489,5.782610714233774,4.845769269895411,3.8583292545413084,2.84544660030485,1.8402881765629457,0.8825890583681373,0.016049698070340845,-0.7152298446439209,-1.2708779769477214,-1.6183898555044687,-1.736665021351385,-1.6183898555044687,-1.2708779769477214,-0.7152298446439209,0.016049698070340845,0.8825890583681373,1.8402881765629457,2.84544660030485,3.8583292545413084,4.845769269895411,5.782610714233774,6.652002505799489,7.444726802048075,8.157853982546976,8.793053512444,9.354863744292437,9.849153638966774,10.281919284134883,10.65846968354421,10.98298497648827,11.258383533651346,11.486412643115564,11.667876182248548,11.802924867253479,11.891353401494095,11.932868512463505,11.927308881266772,11.87481066788308,11.77592053351052,11.63166245656467,11.443566290634909,11.21366597207296,10.944474396091334,10.638940817797879,10.300395526276091,9.932485628704654,9.539105094069221,9.124321708642443,8.692303233279407,8.247244772100531,7.793299121112126,7.334511635477203,6.874760919765109,6.41770640051079,5.966743585392589,5.524967552987235,5.095144958242286,4.679694589155404,4.280676277123654,3.899787753670838,3.5383688652092213,3.1974124091322906,2.877580741308793,2.5792272278531843,2.3024215723213977,2.0469780413520122,1.8124856342598137,1.598339291332559,1.4037713070967797,1.2278822037464818,1.0696704212823498,0.9280602897958923,0.8019278611480065,0.6901242878755375
0.553088025471839,0.6453114295963415,0.7498550965415165,0.867797182161759,1.0002119341134144,1.1481503175533072,1.312618154329209,1.4945519686677546,1.6947928312558826,1.9140585970152297,2.152915036423315,2.4117464620516573,2.6907265467633716,2.989790113166327,3.3086067407891666,3.646557083493671,4.002712810663721,4.375821078110013,4.764294395612875,5.166206685842651,5.579296223522227,6.000976004967957,6.428351928844559,6.858248972821384,7.287245332891342,7.711714258602644,8.127873075284826,8.53183864057275,8.919688243385016,9.287524723063635,9.631544364613312,9.948105906266667,10.233798761738603,10.485508282875479,10.700475526504487,10.876348488444389,11.01122107307962,11.103655145209741,11.152679888885203,11.157761519170599,11.118735485618858,11.035693245883795,10.908817319271694,10.738162705061496,10.523390929079719,10.263475663578086,9.956415863781103,9.599012020192527,9.186779845055332,8.714087900623351,8.174604355322744,7.562116321149457,6.871738515124624,6.101456678988072,5.253862793498508,4.337849030455623,3.3699573185698357,2.3750551811283485,1.3860456820223703,0.4424281508380892,-0.4123016175664542,-1.1342145522707412,-1.6830742591705095,-2.026473649170633,-2.1433713895873803,-2.026473649170633,-1.6830742591705095,-1.1342145522707412,-0.4123016175664542,0.4424281508380892,1.3860456820223703,2.3750551811283485,3.3699573185698357,4.337849030455623,5.253862793498508,6.101456678988072,6.871738515124624,7.562116321149457,8.174604355322744,8.714087900623351,9.186779845055332,9.599012020192527,9.956415863781103,10.263475663578086,10.523390929079719,10.738162705061496,10.908817319271694,11.035693245883795,11.118735485618858,11.157761519170599,11.152679888885203,11.103655145209741,11.01122107307962,10.876348488444389,10.700475526504487,10.485508282875479,10.233798761738603,9.948105906266667,9.631544364613312,9.287524723063635,8.919688243385016,8.53183864057275,8.127873075284826,7.711714258602644,7.287245332891342,6.858248972821384,6.428351928844559,6.000976004967957,5.579296223522227,5.166206685842651,4.764294395612875,4.375821078110013,4.002712810663721,3.646557083493671,3.3086067407891666,2.989790113166327,2.6907265467633716,2.4117464620516573,2.152915036423315,1.9140585970152297,1.6947928312558826,1.4945519686677546,1.312618154329209,1.1481503175533072,1.0002119341134144,0.867797182161759,0.7498550965415165,0.6453114295963415
0.5150734359787267,0.600958183889402,0.6983164040340698,0.8081521489592841,0.9314658316300052,1.069236182753623,1.222399892497445,1.3918291163395762,1.5783071168868188,1.7825024097894733,2.0049418792511586,2.2459834234500757,2.5057887784467088,2.7842972465911937,3.0812011177186562,3.3959236143021947,3.727600211314673,4.075064174471856,4.436837124194109,4.811125365401961,5.195822624661889,5.588519707003092,5.986521427055791,6.38687098648077,6.786381766679056,7.181676288233723,7.569231862845977,7.945432236152531,8.306624296375652,8.649178707707001,8.969553118043505,9.26435638100373,9.530412005375082,9.764818772263158,9.965006098540446,10.128781220915851,10.254364573341435,10.340408798317547,10.385995697112307,10.390604228990624,10.35404174421771,10.276330555721698,10.157543565522495,9.997587017031323,9.795936603799989,9.551345829209728,9.2615624943877,8.92310883445999,8.53119953263347,8.079884024131939,7.562498176954228,6.97248870337467,6.304626948199374,5.556557396345504,4.730537851820065,3.835138155843574,2.886594254835688,1.9094882212351196,0.9364620191064885,0.0067816504377136155,-0.8362596483834626,-1.5489020414963424,-2.091042946885338,-2.4303720271033358,-2.545906469330829,-2.4303720271033358,-2.091042946885338,-1.5489020414963424,-0.8362596483834626,0.0067816504377136155,0.9364620191064885,1.9094882212351196,2.886594254835688,3.835138155843574,4.730537851820065,5.556557396345504,6.304626948199374,6.97248870337467,7.562498176954228,8.079884024131939,8.53119953263347,8.92310883445999,9.2615624943877,9.551345829209728,9.795936603799989,9.997587017031323,10.157543565522495,10.276330555721698,10.35404174421771,10.390604228990624,10.385995697112307,10.340408798317547,10.254364573341435,10.128781220915851,9.965006098540446,9.764818772263158,9.530412005375082,9.26435638100373,8.969553118043505,8.649178707707001,8.306624296375652,7.945432236152531,7.569231862845977,7.181676288233723,6.786381766679056,6.38687098648077,5.986521427055791,5.588519707003092,5.195822624661889,4.811125365401961,4.436837124194109,4.075064174471856,3.727600211314673,3.3959236143021947,3.0812011177186562,2.7842972465911937,2.5057887784467088,2.2459834234500757,2.0049418792511586,1.7825024097894733,1.5783071168868188,1.3918291163395762,1.222399892497445,1.069236182753623,0.9314658316300052,0.8081521489592841,0.6983164040340698,0.600958183889402
0.4777238242226897,0.5573807961189924,0.6476792623146868,0.7495504683152786,0.863922283962306,0.9917024690891427,1.1337597914822444,1.2909031638542723,1.4638590519511863,1.6532474952289284,1.8595571718430632,2.0831200276374844,2.324086070676927,2.5823990046910166,2.85777343255683,3.1496744007189137,3.45730007360721,3.779568320547977,4.115107963962141,4.462255375297676,4.819057013692478,5.183278382534468,5.552419732842436,5.923738672942194,6.294279655615555,6.660910112057501,7.020362792477798,7.369283661923758,7.7042844919021105,8.02199908647492,8.319141884489166,8.592567479756429,8.839329381182198,9.056736065677697,9.242402015235314,9.394290921901286,9.510747535851765,9.590513689340987,9.632722880437631,9.636866589676467,9.602724559567358,9.530251167840563,9.419411616731708,9.269965995925773,9.08120741740774,8.85167306703593,8.578863985202965,8.259029019094568,7.887087088691546,7.4567740845804575,6.961099387163859,6.393175263504032,5.747435692698549,5.0211898723444826,4.216367275350157,3.341221050788435,2.4116865152440274,1.4520652836126846,0.4947427874728696,-0.42124421725653516,-1.252801509363917,-1.9563355276705954,-2.4918751615151846,-2.82720513265121,-2.941400124453085,-2.82720513265121,-2.4918751615151846,-1.9563355276705954,-1.252801509363917,-0.42124421725653516,0.4947427874728696,1.4520652836126846,2.4116865152440274,3.341221050788435,4.216367275350157,5.0211898723444826,5.747435692698549,6.393175263504032,6.961099387163859,7.4567740845804575,7.887087088691546,8.259029019094568,8.578863985202965,8.85167306703593,9.08120741740774,9.269965995925773,9.419411616731708,9.530251167840563,9.602724559567358,9.636866589676467,9.632722880437631,9.590513689340987,9.510747535851765,9.394290921901286,9.242402015235314,9.056736065677697,8.839329381182198,8.592567479756429,8.319141884489166,8.02199908647492,7.7042844919021105,7.369283661923758,7.020362792477798,6.660910112057501,6.294279655615555,5.923738672942194,5.552419732842436,5.183278382534468,4.819057013692478,4.462255375297676,4.115107963962141,3.779568320547977,3.45730007360721,3.1496744007189137,2.85777343255683,2.5823990046910166,2.324086070676927,2.0831200276374844,1.8595571718430632,1.6532474952289284,1.4638590519511863,1.2909031638542723,1.1337597914822444,0.9917024690891427,0.863922283962306,0.7495504683152786,0.6476792623146868,0.5573807961189924
0.44128330705002816,0.514864087839403,0.5982746354486144,0.6923751604753098,0.7980227553470066,0.9160559364636983,1.047277202470893,1.1924337626532415,1.3521966683391076,1.5271386627071775,1.7177111478053224,1.9242207488264405,2.146806031300517,2.385414993206495,2.639784007360955,2.9094189261787906,3.1935790776771897,3.491264875529624,3.8012097348464366,4.121876927766245,4.451461928466994,4.787900686513727,5.128884132365772,5.471879062326854,5.814155376251016,6.152819454787853,6.484853269247969,6.807158621633491,7.116605719440761,7.410085101742347,7.684561748008951,7.937130010895754,8.165067801192455,8.365888187591745,8.53738621269595,8.677678215744638,8.785230237264416,8.858871128372774,8.897784825631852,8.901475026076893,8.869694536438892,8.802331452802106,8.699245899045138,8.560055368528133,8.383874835729173,8.169030434181341,7.912782449732229,7.6111129959265265,7.25865242843575,6.848830724927948,6.374338724961484,5.827962390828118,5.203806547443702,4.498853266023769,3.7147116800011504,2.8593259546305996,1.9483380940325903,1.0057760819342931,0.06377506146329281,-0.8388518776503435,-1.659204685314931,-2.353852027885633,-2.882951066024794,-3.2143792669328244,-3.3272674107129436,-3.2143792669328244,-2.882951066024794,-2.353852027885633,-1.659204685314931,-0.8388518776503435,0.06377506146329281,1.0057760819342931,1.9483380940325903,2.8593259546305996,3.7147116800011504,4.498853266023769,5.203806547443702,5.827962390828118,6.374338724961484,6.848830724927948,7.25865242843575,7.6111129959265265,7.912782449732229,8.169030434181341,8.383874835729173,8.560055368528133,8.699245899045138,8.802331452802106,8.869694536438892,8.901475026076893,8.897784825631852,8.858871128372774,8.785230237264416,8.677678215744638,8.53738621269595,8.365888187591745,8.165067801192455,7.937130010895754,7.684561748008951,7.410085101742347,7.116605719440761,6.807158621633491,6.484853269247969,6.152819454787853,5.814155376251016,5.471879062326854,5.128884132365772,4.787900686513727,4.451461928466994,4.121876927766245,3.8012097348464366,3.491264875529624,3.1935790776771897,2.9094189261787906,2.639784007360955,2.385414993206495,2.146806031300517,1.9242207488264405,1.7177111478053224,1.5271386627071775,1.3521966683391076,1.1924337626532415,1.047277202470893,0.9160559364636983,0.7980227553470066,0.6923751604753098,0.5982746354486144,0.514864087839403
0.40596720288064453,0.47365928025045506,0.5503944437217881,0.6369640608461372,0.7341566305534429,0.8427435623940697,0.9634631306812033,1.0970027451999171,1.2439797527349477,1.4049210595673742,1.5802419418334601,1.770224485372177,1.974996166250996,2.1945091441942997,2.428520890222288,2.6765768036062485,2.937995488679571,3.2118573564645843,3.49699718743638,3.792001238761165,4.095209401630846,4.404722812479741,4.7184171975798455,5.03396208648326,5.348845869694147,5.660406504263447,5.965867492606197,6.26237857954332,6.547060434228645,6.817052408898709,7.0695622929361726,7.301916799811949,7.511611318028281,7.696357195150586,7.854124462991113,7.9831773978825185,8.08209958815214,8.149804218716156,8.18552410829392,8.188774793467333,8.15928297632217,8.096872516491166,8.0013017018064,7.872049829272599,7.70805923249341,7.507451504932729,7.267253606644477,6.983189147897777,6.64960882403007,6.259646139076884,5.805683220687194,5.280189794881689,4.676951688815718,3.9926339411744514,3.2285352303488106,2.3923002718174855,1.4992868077215666,0.5732576338160635,-0.35389467229161475,-1.24357378558926,-2.0530678357375605,-2.739102710913132,-3.261959885146572,-3.589606709320461,-3.7012283293393695,-3.589606709320461,-3.261959885146572,-2.739102710913132,-2.0530678357375605,-1.24357378558926,-0.35389467229161475,0.5732576338160635,1.4992868077215666,2.3923002718174855,3.2285352303488106,3.9926339411744514,4.676951688815718,5.280189794881689,5.805683220687194,6.259646139076884,6.64960882403007,6.983189147897777,7.267253606644477,7.507451504932729,7.70805923249341,7.872049829272599,8.0013017018064,8.096872516491166,8.15928297632217,8.188774793467333,8.18552410829392,8.149804218716156,8.08209958815214,7.9831773978825185,7.854124462991113,7.696357195150586,7.511611318028281,7.301916799811949,7.0695622929361726,6.817052408898709,6.547060434228645,6.26237857954332,5.965867492606197,5.660406504263447,5.348845869694147,5.03396208648326,4.7184171975798455,4.404722812479741,4.095209401630846,3.792001238761165,3.49699718743638,3.2118573564645843,2.937995488679571,2.6765768036062485,2.428520890222288,2.1945091441942997,1.974996166250996,1.770224485372177,1.5802419418334601,1.4049210595673742,1.2439797527349477,1.0970027451999171,0.9634631306812033,0.8427435623940697,0.7341566305534429,0.6369640608461372,0.5503944437217881,0.47365928025045506
0.37196086655186156,0.4339826347600019,0.504289983967685,0.5836079918613002,0.6726591077992553,0.7721501232730407,0.882757470150395,1.005110976499985,1.139776276302547,1.2872361388939073,1.447871054299876,1.6219394790961612,1.8095582111624535,2.010683417621984,2.2250928852298015,2.4523700934399004,2.6918907245219996,2.94281221998677,3.2040669663382504,3.4743596446263103,3.752169207065122,4.03575585067527,4.323173244021805,4.612286131140177,4.900793290025106,5.186255665658267,5.466129333898566,5.7378027869340285,5.998637866708119,6.246013510891167,6.477371313690119,6.690261731829437,6.88238956593115,7.0516570888677395,7.1962028318391,7.314433521730163,7.4050459351754245,7.467034463203385,7.499678993798766,7.502506463997026,7.4752184393813135,7.417576925469192,7.329242150838179,7.209560341423814,7.057307592684898,6.870408543790706,6.645665482351797,6.378553102468937,6.063152810904228,5.692312633373968,5.258117434811825,4.752732433217391,4.169636288650809,3.5051887650477176,2.760389599598748,1.942595163696005,1.0668894799210777,0.15677999107927842,-0.7560742947182515,-1.6332857780272283,-2.432323789240984,-3.1100656074741826,-3.6269124097176,-3.9509180970211704,-4.061320164827144,-3.9509180970211704,-3.6269124097176,-3.1100656074741826,-2.432323789240984,-1.6332857780272283,-0.7560742947182515,0.15677999107927842,1.0668894799210777,1.942595163696005,2.760389599598748,3.5051887650477176,4.169636288650809,4.752732433217391,5.258117434811825,5.692312633373968,6.063152810904228,6.378553102468937,6.645665482351797,6.870408543790706,7.057307592684898,7.209560341423814,7.329242150838179,7.417576925469192,7.4752184393813135,7.502506463997026,7.499678993798766,7.467034463203385,7.4050459351754245,7.314433521730163,7.1962028318391,7.0516570888677395,6.88238956593115,6.690261731829437,6.477371313690119,6.246013510891167,5.998637866708119,5.7378027869340285,5.466129333898566,5.186255665658267,4.900793290025106,4.612286131140177,4.323173244021805,4.03575585067527,3.752169207065122,3.4743596446263103,3.2040669663382504,2.94281221998677,2.6918907245219996,2.4523700934399004,2.2250928852298015,2.010683417621984,1.8095582111624535,1.6219394790961612,1.447871054299876,1.2872361388939073,1.139776276302547,1.005110976499985,0.882757470150395,0.7721501232730407,0.6726591077992553,0.5836079918613002,0.504289983967685,0.4339826347600019
0.3394191984063625,0.3960148802158546,0.46017126400796715,0.5325499927382561,0.6138103109783161,0.7045971752895885,0.8055278386762748,0.9171770275610289,1.0400608904142872,1.1746199606246834,1.3212014403609817,1.4800411746586095,1.6512457431238223,1.8347751476782308,2.030426615803906,2.2378200670069717,2.456385803121114,2.685354978407611,2.9237533814639267,3.1703990166537226,3.4239039077927367,3.6826804616769064,3.9449526251098357,4.20877194863482,4.472038536253409,4.732526716687648,4.987915122197608,5.235820709382049,5.473836105553674,5.699569514764338,5.9106862659664525,6.104950922415579,6.280268677379456,6.434724505798875,6.5666181809170565,6.674492744761919,6.757153287203871,6.813671907800008,6.843373536506004,6.845796019788222,6.820616869367648,6.767538900731197,6.686128506657976,6.575604573445074,6.434584118358019,6.260803309181421,6.050849437825551,5.799959003154016,5.501955721733499,5.149414436640529,4.734135553332164,4.247992897084168,3.6841711906862695,3.038738071645182,2.3124072114830434,1.5122590566147247,0.6531156992867153,-0.24175977247911362,-1.1409318601247476,-2.0062126998698453,-2.795245018443421,-3.4650509654224733,-3.9761462650976824,-4.296667640931748,-4.40590268318649,-4.296667640931748,-3.9761462650976824,-3.4650509654224733,-2.795245018443421,-2.0062126998698453,-1.1409318601247476,-0.24175977247911362,0.6531156992867153,1.5122590566147247,2.3124072114830434,3.038738071645182,3.6841711906862695,4.247992897084168,4.734135553332164,5.149414436640529,5.501955721733499,5.799959003154016,6.050849437825551,6.260803309181421,6.434584118358019,6.575604573445074,6.686128506657976,6.767538900731197,6.820616869367648,6.845796019788222,6.843373536506004,6.813671907800008,6.757153287203871,6.674492744761919,6.5666181809170565,6.434724505798875,6.280268677379456,6.104950922415579,5.9106862659664525,5.699569514764338,5.473836105553674,5.235820709382049,4.987915122197608,4.732526716687648,4.472038536253409,4.20877194863482,3.9449526251098357,3.6826804616769064,3.4239039077927367,3.1703990166537226,2.9237533814639267,2.685354978407611,2.456385803121114,2.2378200670069717,2.030426615803906,1.8347751476782308,1.6512457431238223,1.4800411746586095,1.3212014403609817,1.1746199606246834,1.0400608904142872,0.9171770275610289,0.8055278386762748,0.7045971752895885,0.6138103109783161,0.5325499927382561,0.46017126400796715,0.3960148802158546
0.3084667852187023,0.3599013773307656,0.41820719371513193,0.4839855405926083,0.5578355445141605,0.6403433469769331,0.7320699122715927,0.8335375562035165,0.9452153584833358,1.0675036792521717,1.2007180585187296,1.3450728340701157,1.50066486627447,1.6674578045696684,1.8452673677275593,2.0337481356639606,2.2323823622914896,2.4404713146727657,2.657129621970383,2.8812830774301403,3.111670277579928,3.346848405440336,3.585203370083555,3.82496440539079,4.0642231091038825,4.300956772548701,4.533055715279762,4.758354200667194,4.974664370403683,5.179812498116961,5.371676720850748,5.54822525195584,5.70755389066221,5.8479213912597405,5.967780894370545,6.0658050998695385,6.140902121111261,6.192217971088169,6.219120421987923,6.2211576969180395,6.1979844284687555,6.149247132791712,6.074422949576986,5.972609644437655,5.842272925433306,5.680969693442313,5.485082744535359,5.249622015207861,4.96816611678582,4.633030051273577,4.235743656952102,3.7679035972765877,3.222415012938985,2.5950676817526905,1.8863031803143238,1.1029395055581155,0.25954961142817545,-0.6208358351510208,-1.5069939295182704,-2.3609267889590777,-3.1404420682879883,-3.8026997124276116,-4.30832439876041,-4.62553162831911,-4.73365663967744,-4.62553162831911,-4.30832439876041,-3.8026997124276116,-3.1404420682879883,-2.3609267889590777,-1.5069939295182704,-0.6208358351510208,0.25954961142817545,1.1029395055581155,1.8863031803143238,2.5950676817526905,3.222415012938985,3.7679035972765877,4.235743656952102,4.633030051273577,4.96816611678582,5.249622015207861,5.485082744535359,5.680969693442313,5.842272925433306,5.972609644437655,6.074422949576986,6.149247132791712,6.1979844284687555,6.2211576969180395,6.219120421987923,6.192217971088169,6.140902121111261,6.0658050998695385,5.967780894370545,5.8479213912597405,5.70755389066221,5.54822525195584,5.371676720850748,5.179812498116961,4.974664370403683,4.758354200667194,4.533055715279762,4.300956772548701,4.0642231091038825,3.82496440539079,3.585203370083555,3.346848405440336,3.111670277579928,2.8812830774301403,2.657129621970383,2.4404713146727657,2.2323823622914896,2.0337481356639606,1.8452673677275593,1.6674578045696684,1.50066486627447,1.3450728340701157,1.2007180585187296,1.0675036792521717,0.9452153584833358,0.8335375562035165,0.7320699122715927,0.6403433469769331,0.5578355445141605,0.4839855405926083,0.41820719371513193,0.3599013773307656
0.27919861685641434,0.3257529548415568,0.37852655663358603,0.4380636748820612,0.5049065893797094,0.5795858269226943,0.6626091259825949,0.754449243619204,0.8555307519831689,0.9662160239554674,1.0867906602497406,1.2174486617003335,1.3582776982999587,1.5092448685267856,1.6701833762572678,1.8407805758051463,2.0205678462411862,2.2089127523108885,2.405013929570855,2.607899094924041,2.816426530282055,3.029290317035649,3.2450295135095995,3.4620413684606373,3.678598553429191,3.8928702783364266,4.102947031277391,4.306868557861433,4.502654569504218,4.688337543369949,4.8619968448527064,5.02179325598082,5.166002810312359,5.2930485854555895,5.401528744077899,5.490238588698213,5.558183650234631,5.6045798331887875,5.628835420762816,5.63050844807077,5.60923191351731,5.564599097391223,5.496002742911765,5.402426085669735,5.282191757858963,5.1326871480822565,4.950101684008743,4.729231067931926,4.463422143095382,4.144744209425163,3.764471260670345,3.3139378799507684,2.7857848390428153,2.175539175525834,1.4833851768460926,0.7158926713850331,-0.1126009686023055,-0.9792848503256399,-1.8531370949348078,-2.6963394631501254,-3.4668555634736853,-4.121975638176815,-4.622427389159472,-4.936500808421164,-5.043576190111962,-4.936500808421164,-4.622427389159472,-4.121975638176815,-3.4668555634736853,-2.6963394631501254,-1.8531370949348078,-0.9792848503256399,-0.1126009686023055,0.7158926713850331,1.4833851768460926,2.175539175525834,2.7857848390428153,3.3139378799507684,3.764471260670345,4.144744209425163,4.463422143095382,4.729231067931926,4.950101684008743,5.1326871480822565,5.282191757858963,5.402426085669735,5.496002742911765,5.564599097391223,5.60923191351731,5.63050844807077,5.628835420762816,5.6045798331887875,5.558183650234631,5.490238588698213,5.401528744077899,5.2930485854555895,5.166002810312359,5.02179325598082,4.8619968448527064,4.688337543369949,4.502654569504218,4.306868557861433,4.102947031277391,3.8928702783364266,3.678598553429191,3.4620413684606373,3.2450295135095995,3.029290317035649,2.816426530282055,2.607899094924041,2.405013929570855,2.2089127523108885,2.0205678462411862,1.8407805758051463,1.6701833762572678,1.5092448685267856,1.3582776982999587,1.2174486617003335,1.0867906602497406,0.9662160239554674,0.8555307519831689,0.754449243619204,0.6626091259825949,0.5795858269226943,0.5049065893797094,0.4380636748820612,0.37852655663358603,0.3257529548415568
0.25168131175663583,0.29364733932506093,0.3412196714328915,0.3948889201838346,0.4551439192659272,0.5224629077244907,0.5973035822558593,0.680092105848556,0.7712112055984859,0.8709875395781576,0.9796785602171619,1.0974591479823834,1.2244083322723769,1.360496454279131,1.5055731569999948,1.6593566085357556,1.8214243743788252,1.9912063509363496,2.167980154777529,2.3508693292450253,2.5388446818850894,2.730729003004343,2.9252053385750645,3.120828901341822,3.3160426045526754,3.5091960958820416,3.698568057600058,3.8823914253168623,4.058881063056447,4.226263316132038,4.382806740523302,4.526853167205223,4.656848082191323,4.771369056354733,4.869150598984081,4.949103280978592,5.010324223163362,5.052095040540189,5.073862103899453,5.075192673393618,5.055699407429378,5.014925535077342,4.9521844518022915,4.866351714520813,4.755615438561798,4.6172036407167685,4.4471239478248075,4.239970643770719,3.988872668410436,3.6856683178378478,3.321391046252203,2.8871290344546434,2.37527450022874,1.7811074584125226,1.1045702987030936,0.35199952672323054,-0.46248897413097456,-1.3162909380036205,-2.1785734862069988,-3.0116872763716747,-3.773742541316931,-4.422152026090973,-4.917740294038773,-5.228867371971548,-5.334955914327346,-5.228867371971548,-4.917740294038773,-4.422152026090973,-3.773742541316931,-3.0116872763716747,-2.1785734862069988,-1.3162909380036205,-0.46248897413097456,0.35199952672323054,1.1045702987030936,1.7811074584125226,2.37527450022874,2.8871290344546434,3.321391046252203,3.6856683178378478,3.988872668410436,4.239970643770719,4.4471239478248075,4.6172036407167685,4.755615438561798,4.866351714520813,4.9521844518022915,5.014925535077342,5.055699407429378,5.075192673393618,5.073862103899453,5.052095040540189,5.010324223163362,4.949103280978592,4.869150598984081,4.771369056354733,4.656848082191323,4.526853167205223,4.382806740523302,4.226263316132038,4.058881063056447,3.8823914253168623,3.698568057600058,3.5091960958820416,3.3160426045526754,3.120828901341822,2.9252053385750645,2.730729003004343,2.5388446818850894,2.3508693292450253,2.167980154777529,1.9912063509363496,1.8214243743788252,1.6593566085357556,1.5055731569999948,1.360496454279131,1.2244083322723769,1.0974591479823834,0.9796785602171619,0.8709875395781576,0.7712112055984859,0.680092105848556,0.5973035822558593,0.5224629077244907,0.4551439192659272,0.3948889201838346,0.3412196714328915,0.29364733932506093
0.22595477649776236,0.2636310914912709,0.3063406418900549,0.3545238900688005,0.40861970177385104,0.4690574310793886,0.5362479895227148,0.6105739782677823,0.6923790025461883,0.7819563298685391,0.8795370962130323,0.9852783059934355,1.099250910326311,1.2214282820882936,1.3516754335733214,1.4897393413710927,1.6352407516779692,1.787667836145903,1.9463720524341983,2.110566534136853,2.2793272914969855,2.4515974476245335,2.6261946657181636,2.8018218425375774,2.97708105405691,3.1504906431845097,3.320505239074247,3.485538394927586,3.64398742724491,3.794259932946506,3.9348013464619154,4.064122765418247,4.1808281006658286,4.283639362237497,4.371418532884341,4.443183950455844,4.4981183652005985,4.535564826315835,4.555005313517966,4.556015711651266,4.53818966280986,4.501023602076917,4.443756740952047,4.365163965185138,4.263307627322122,4.135266743934217,3.976878972256015,3.7825502856610163,3.5452059013235537,3.256468144761493,2.9071455844453604,2.4880960342156966,1.9914793332478942,1.4123445493725963,0.7504079167476703,0.011787802404358061,-0.7896069850790264,-1.631365359923386,-2.482831143860107,-3.3065128999651012,-4.0606579433646735,-4.7027935496541575,-5.193834840079141,-5.502207318540486,-5.607373243043457,-5.502207318540486,-5.193834840079141,-4.7027935496541575,-4.0606579433646735,-3.3065128999651012,-2.482831143860107,-1.631365359923386,-0.7896069850790264,0.011787802404358061,0.7504079167476703,1.4123445493725963,1.9914793332478942,2.4880960342156966,2.9071455844453604,3.256468144761493,3.5452059013235537,3.7825502856610163,3.976878972256015,4.135266743934217,4.263307627322122,4.365163965185138,4.443756740952047,4.501023602076917,4.53818966280986,4.556015711651266,4.555005313517966,4.535564826315835,4.4981183652005985,4.443183950455844,4.371418532884341,4.283639362237497,4.1808281006658286,4.064122765418247,3.9348013464619154,3.794259932946506,3.64398742724491,3.485538394927586,3.320505239074247,3.1504906431845097,2.97708105405691,2.8018218425375774,2.6261946657181636,2.4515974476245335,2.2793272914969855,2.110566534136853,1.9463720524341983,1.787667836145903,1.6352407516779692,1.4897393413710927,1.3516754335733214,1.2214282820882936,1.099250910326311,0.9852783059934355,0.8795370962130323,0.7819563298685391,0.6923790025461883,0.6105739782677823,0.5362479895227148,0.4690574310793886,0.40861970177385104,0.3545238900688005,0.3063406418900549,0.2636310914912709
0.20203421996041,0.2357219561909896,0.27391008761012603,0.31699244732757204,0.3653614408507663,0.4194009689620193,0.47947844231402054,0.5459359582455087,0.61908074644207,0.699175027838634,0.7864254693522873,0.8809724542258962,0.982879422381873,1.0921225655600717,1.2085811864407678,1.3320290477735857,1.4621270452137922,1.5984175347904437,1.7403206316774673,1.8871327705683114,2.0380277792720105,2.192060666451526,2.348174262528491,2.505208780997956,2.6619142874855726,2.816965977885928,2.96898207692989,3.1165440762242125,3.2582189367524124,3.3925827833484936,3.5182455121900627,3.633875605195635,3.7382242767769265,3.8301478366325106,3.9086267924580613,3.97277968391417,4.021868879567453,4.055294550187501,4.072571784703439,4.073284487206057,4.057008618404266,4.023197104287969,3.9710201800365943,3.8991591272551083,3.8055593641362715,3.687161366707138,3.539644754305137,3.357240409014288,3.1326841264690994,2.8573974225439227,2.521979766748456,2.1170747775078818,1.634626228150447,1.0694684517633903,0.4211074028727553,-0.3045413769565837,-1.093761617505491,-1.9243218520109044,-2.765730198419089,-3.5806420404366825,-4.327432152447222,-4.963734300655848,-5.45054780712881,-5.756359056426136,-5.860667129986927,-5.756359056426136,-5.45054780712881,-4.963734300655848,-4.327432152447222,-3.5806420404366825,-2.765730198419089,-1.9243218520109044,-1.093761617505491,-0.3045413769565837,0.4211074028727553,1.0694684517633903,1.634626228150447,2.1170747775078818,2.521979766748456,2.8573974225439227,3.1326841264690994,3.357240409014288,3.539644754305137,3.687161366707138,3.8055593641362715,3.8991591272551083,3.9710201800365943,4.023197104287969,4.057008618404266,4.073284487206057,4.072571784703439,4.055294550187501,4.021868879567453,3.97277968391417,3.9086267924580613,3.8301478366325106,3.7382242767769265,3.633875605195635,3.5182455121900627,3.3925827833484936,3.2582189367524124,3.1165440762242125,2.96898207692989,2.816965977885928,2.6619142874855726,2.505208780997956,2.348174262528491,2.192060666451526,2.0380277792720105,1.8871327705683114,1.7403206316774673,1.5984175347904437,1.4621270452137922,1.3320290477735857,1.2085811864407678,1.0921225655600717,0.982879422381873,0.8809724542258962,0.7864254693522873,0.699175027838634,0.61908074644207,0.5459359582455087,0.47947844231402054,0.4194009689620193,0.3653614408507663,0.31699244732757204,0.27391008761012603,0.2357219561909896
0.17991244068906312,0.20991153117839026,0.2439182451415884,0.28228329284949033,0.3253561132862293,0.37347857193747136,0.4269778497494615,0.4861585860411119,0.5512943703191745,0.6226187115823336,0.7003156477102614,0.7845101906532146,0.8752588339659985,0.972540376278899,1.0762473360505016,1.1861782479255356,1.3020311378604126,1.4233984717061903,1.5497638592457688,1.6805007721985674,1.8148735002572547,1.9520405240714869,2.0910604289649224,2.23090041922837,2.37044742161779,2.5085216899880303,2.643892742591851,2.775297380814319,2.901459453201524,3.021110939544373,3.1330138305791304,3.235982157536667,3.3289033614614634,3.4107579526557483,3.4806360509246814,3.537748862767291,3.581432387932422,3.6111396233357986,3.6264162773737123,3.6268536703524163,3.612011411199872,3.581302188608144,3.53383244831567,3.468196906624064,3.382232840598764,3.2727526036901957,3.1352896614674917,2.96391297123453,2.7511831512010483,2.488336008075211,2.1657776362230337,1.7739535657145205,1.3046077517436174,0.7523759402707149,0.1165696187912375,-0.5970832445331977,-1.3750444393490926,-2.1952486109242417,-3.0273558186781395,-3.8341572263349253,-4.574145482858115,-5.2050528371850895,-5.687956480472072,-5.991399099836341,-6.094913831103401,-5.991399099836341,-5.687956480472072,-5.2050528371850895,-4.574145482858115,-3.8341572263349253,-3.0273558186781395,-2.1952486109242417,-1.3750444393490926,-0.5970832445331977,0.1165696187912375,0.7523759402707149,1.3046077517436174,1.7739535657145205,2.1657776362230337,2.488336008075211,2.7511831512010483,2.96391297123453,3.1352896614674917,3.2727526036901957,3.382232840598764,3.468196906624064,3.53383244831567,3.581302188608144,3.612011411199872,3.6268536703524163,3.6264162773737123,3.6111396233357986,3.581432387932422,3.537748862767291,3.4806360509246814,3.4107579526557483,3.3289033614614634,3.235982157536667,3.1330138305791304,3.021110939544373,2.901459453201524,2.775297380814319,2.643892742591851,2.5085216899880303,2.37044742161779,2.23090041922837,2.0910604289649224,1.9520405240714869,1.8148735002572547,1.6805007721985674,1.5497638592457688,1.4233984717061903,1.3020311378604126,1.1861782479255356,1.0762473360505016,0.972540376278899,0.8752588339659985,0.7845101906532146,0.7003156477102614,0.6226187115823336,0.5512943703191745,0.4861585860411119,0.4269778497494615,0.37347857193747136,0.3253561132862293,0.28228329284949033,0.2439182451415884,0.20991153117839026
0.1595623068704388,0.1861681606077288,0.21632833023395812,0.2503538567179608,0.2885546535387895,0.33123391732544466,0.37868182115515775,0.4311685461910706,0.48893673586943315,0.5521934866776382,0.6211020197276871,0.6957732067030098,0.776257151097802,0.8625350496572779,0.9545115782191308,1.0520080594404895,1.154756675960541,1.262395990355695,1.374468021986739,1.4904171100095802,1.6095907612674982,1.7312426417363351,1.8545378212913515,1.978560324830582,2.1023229795758693,2.224779480226332,2.3448385220592627,2.4613797780946602,2.5732714199393216,2.679388800536488,2.778633824531866,2.869954416002259,2.9523633327748695,3.024955339022454,3.086921388261101,3.1375579325091767,3.176268705868771,3.2025553007654763,3.215991592871228,3.216175724772491,3.2026522631654757,3.174796881889811,3.131657345885947,3.0717487388235334,2.9928088572341216,2.891532192819877,2.763317762256541,2.6020855659804605,2.4002350740408964,2.1488312566894616,1.8381023197958266,1.4583115691845412,1.0010191445561185,0.4606781087984677,-0.16357894353138347,-0.8661965956660924,-1.6338004370102626,-2.4444779216096517,-3.268028881967777,-4.067369387743882,-4.801100522374448,-5.427045130438165,-5.90635203595504,-6.207615719551385,-6.3104006441585305,-6.207615719551385,-5.90635203595504,-5.427045130438165,-4.801100522374448,-4.067369387743882,-3.268028881967777,-2.4444779216096517,-1.6338004370102626,-0.8661965956660924,-0.16357894353138347,0.4606781087984677,1.0010191445561185,1.4583115691845412,1.8381023197958266,2.1488312566894616,2.4002350740408964,2.6020855659804605,2.763317762256541,2.891532192819877,2.9928088572341216,3.0717487388235334,3.131657345885947,3.174796881889811,3.2026522631654757,3.216175724772491,3.215991592871228,3.2025553007654763,3.176268705868771,3.1375579325091767,3.086921388261101,3.024955339022454,2.9523633327748695,2.869954416002259,2.778633824531866,2.679388800536488,2.5732714199393216,2.4613797780946602,2.3448385220592627,2.224779480226332,2.1023229795758693,1.978560324830582,1.8545378212913515,1.7312426417363351,1.6095907612674982,1.4904171100095802,1.374468021986739,1.262395990355695,1.154756675960541,1.0520080594404895,0.9545115782191308,0.8625350496572779,0.776257151097802,0.6957732067030098,0.6211020197276871,0.5521934866776382,0.48893673586943315,0.4311685461910706,0.37868182115515775,0.33123391732544466,0.2885546535387895,0.2503538567179608,0.21632833023395812,0.1861681606077288
0.1409393515399906,0.1644399629716507,0.19108005631718253,0.22113437009917106,0.25487664694285084,0.29257469656543206,0.3344848251468744,0.3808456802642794,0.4318715857716406,0.4877454673561822,0.5486114961453734,0.6145676036837819,0.6856580457491047,0.7618662136660895,0.8431079088173564,0.9292253077836872,1.0199818509042542,1.1150582851098674,1.2140500819385633,1.3164664332452916,1.4217310001282606,1.5291845552179102,1.6380896152694893,1.7476371108637871,1.8569550841285078,1.9651193450719,2.0711659536133773,2.1741053284524994,2.2729377151144363,2.366669671174062,2.4543311402624255,2.534992575404352,2.607781415188728,2.671896980581216,2.7266225007414504,2.7713324381575526,2.8054925124618326,2.828648787139271,2.840400914494067,2.8403532803649862,2.8280366858969876,2.8027929316417124,2.763616082161546,2.7089483471607303,2.6364364858560143,2.542667131490615,2.422916262938252,2.27096756619553,2.0790730402915765,1.8381413184372932,1.538237815950177,1.1694590803418572,0.7231970368060674,0.19373757003283476,-0.4199504351649528,-1.112469468446342,-1.8705950167844458,-2.6725543736517037,-3.4882752816638383,-4.280788115264067,-5.008793189194391,-5.630196254543906,-6.106211688494795,-6.405481369307882,-6.507598428192443,-6.405481369307882,-6.106211688494795,-5.630196254543906,-5.008793189194391,-4.280788115264067,-3.4882752816638383,-2.6725543736517037,-1.8705950167844458,-1.112469468446342,-0.4199504351649528,0.19373757003283476,0.7231970368060674,1.1694590803418572,1.538237815950177,1.8381413184372932,2.0790730402915765,2.27096756619553,2.422916262938252,2.542667131490615,2.6364364858560143,2.7089483471607303,2.763616082161546,2.8027929316417124,2.8280366858969876,2.8403532803649862,2.840400914494067,2.828648787139271,2.8054925124618326,2.7713324381575526,2.7266225007414504,2.671896980581216,2.607781415188728,2.534992575404352,2.4543311402624255,2.366669671174062,2.2729377151144363,2.1741053284524994,2.0711659536133773,1.9651193450719,1.8569550841285078,1.7476371108637871,1.6380896152694893,1.5291845552179102,1.4217310001282606,1.3164664332452916,1.2140500819385633,1.1150582851098674,1.0199818509042542,0.9292253077836872,0.8431079088173564,0.7618662136660895,0.6856580457491047,0.6145676036837819,0.5486114961453734,0.4877454673561822,0.4318715857716406,0.3808456802642794,0.3344848251468744,0.29257469656543206,0.25487664694285084,0.22113437009917106,0.19108005631718253,0.1644399629716507
0.12398441085596881,0.14465790928825498,0.16809321137034652,0.19453200470396684,0.2242151007994927,0.2573780919854468,0.29424645092346563,0.3350301159943203,0.37991762798863676,0.4290699067156317,0.4826137795808977,0.5406353970081784,0.6031736908249911,0.6702140503722503,0.7416824060884082,0.8174399206406272,0.897278492388828,0.9809172742640467,1.0680004023947995,1.1580961126301814,1.250697399364443,1.3452243399428636,1.4410281699110592,1.5373971502400694,1.6335642184332315,1.72871636222468,1.822005598422201,1.9125613808195314,1.9995041993075813,2.0819600644002123,2.1590754905607157,2.2300324851300224,2.294062895770528,2.3504612353328698,2.398594743706193,2.437908906632661,2.4679258773755244,2.4882322073101486,2.498451016620205,2.4981923752032196,2.486974551601201,2.4641085070291497,2.4285394154889275,2.3786431398703756,2.311983556075262,2.225049099518302,2.113003731479972,1.9695070328833724,1.7866767403725936,1.5552791528617114,1.2652314758858758,0.9064784347967063,0.47025880686194554,-0.04929372766524098,-0.6533593306163896,-1.3366842547668487,-2.086180458682862,-2.8802025501724633,-3.6887947253533486,-4.475091425439975,-5.197883308563414,-5.815151606580521,-6.288170378391904,-6.585624654597398,-6.687133666933472,-6.585624654597398,-6.288170378391904,-5.815151606580521,-5.197883308563414,-4.475091425439975,-3.6887947253533486,-2.8802025501724633,-2.086180458682862,-1.3366842547668487,-0.6533593306163896,-0.04929372766524098,0.47025880686194554,0.9064784347967063,1.2652314758858758,1.5552791528617114,1.7866767403725936,1.9695070328833724,2.113003731479972,2.225049099518302,2.311983556075262,2.3786431398703756,2.4285394154889275,2.4641085070291497,2.486974551601201,2.4981923752032196,2.498451016620205,2.4882322073101486,2.4679258773755244,2.437908906632661,2.398594743706193,2.3504612353328698,2.294062895770528,2.2300324851300224,2.1590754905607157,2.0819600644002123,1.9995041993075813,1.9125613808195314,1.822005598422201,1.72871636222468,1.6335642184332315,1.5373971502400694,1.4410281699110592,1.3452243399428636,1.250697399364443,1.1580961126301814,1.0680004023947995,0.9809172742640467,0.897278492388828,0.8174399206406272,0.7416824060884082,0.6702140503722503,0.6031736908249911,0.5406353970081784,0.4826137795808977,0.4290699067156317,0.37991762798863676,0.3350301159943203,0.29424645092346563,0.2573780919854468,0.2242151007994927,0.19453200470396684,0.16809321137034652,0.14465790928825498
0.10862624014297224,0.12673887535087477,0.14727120465112584,0.17043497736997645,0.19644117526533292,0.22549620742263846,0.2577976168016846,0.2935293363405522,0.3328565519449359,0.3759202499994871,0.42283154757224234,0.47366592347988046,0.5284574869948141,0.5871934373064236,0.6498088799822005,0.7161821757179667,0.7861310007957804,0.859409297174778,0.9357052824758366,1.0146406759402133,1.0957712756378855,1.1785889949276913,1.2625254328524298,1.346957014463268,1.431211693879408,1.5145771661465268,1.5963104844579772,1.6756489273018633,1.751821904649127,1.8240636302013227,1.8916262109316273,1.9537927026164916,2.0098895290306587,2.0592974299982005,2.1014597442368927,2.1358862919669988,2.1621503453175994,2.1798751305155917,2.1887050254833746,2.188255248868116,2.178032716895167,2.1573204558073207,2.1250193534252717,2.0794451741860955,2.0180867164006413,1.9373434656582085,1.832277915156788,1.6964372286225842,1.5218175247790977,1.2990561728986116,1.0179361267261313,0.6682645876493272,0.24114160806302132,-0.2694370020186343,-0.8647864142660164,-1.5397831053534237,-2.2814626529186057,-3.068294988989052,-3.870429795911914,-4.651095780948817,-5.369165437326455,-5.982688369097044,-6.452992696218503,-6.748802537660339,-6.849760767609903,-6.748802537660339,-6.452992696218503,-5.982688369097044,-5.369165437326455,-4.651095780948817,-3.870429795911914,-3.068294988989052,-2.2814626529186057,-1.5397831053534237,-0.8647864142660164,-0.2694370020186343,0.24114160806302132,0.6682645876493272,1.0179361267261313,1.2990561728986116,1.5218175247790977,1.6964372286225842,1.832277915156788,1.9373434656582085,2.0180867164006413,2.0794451741860955,2.1250193534252717,2.1573204558073207,2.178032716895167,2.188255248868116,2.1887050254833746,2.1798751305155917,2.1621503453175994,2.1358862919669988,2.1014597442368927,2.0592974299982005,2.0098895290306587,1.9537927026164916,1.8916262109316273,1.8240636302013227,1.751821904649127,1.6756489273018633,1.5963104844579772,1.5145771661465268,1.431211693879408,1.346957014463268,1.2625254328524298,1.1785889949276913,1.0957712756378855,1.0146406759402133,0.9357052824758366,0.859409297174778,0.7861310007957804,0.7161821757179667,0.6498088799822005,0.5871934373064236,0.5284574869948141,0.47366592347988046,0.42283154757224234,0.3759202499994871,0.3328565519449359,0.2935293363405522,0.2577976168016846,0.22549620742263846,0.19644117526533292,0.17043497736997645,0.14727120465112584,0.12673887535087477
0.09478405048698992,0.11058860128188676,0.12850450571205965,0.1487165299887255,0.1714087705656226,0.19676133391748338,0.22494659019952673,0.2561250338637955,0.29044080125528776,0.32801691293131324,0.36895032636524844,0.4133069021443817,0.4611164030129084,0.5123676593613572,0.567004046223594,0.6249194247335378,0.6859547045969288,0.7498951828303454,0.816468807331727,0.8853455014723375,0.9561376677450891,1.0284019647016134,1.1016424223265355,1.1753149272124235,1.2488330711525135,1.3215753158425045,1.3928933828836598,1.4621217322511821,1.5285879426649713,1.5916237504465225,1.650576432207075,1.704820117825269,1.7537664717277743,1.7968739493821533,1.833654476738223,1.8636758581384458,1.886557438714278,1.9019554994268062,1.9095335776189502,1.9089115324624806,1.8995860484355436,1.880814974226226,1.8514592828938683,1.8097805726472416,1.7531999749980771,1.678036805808676,1.579262105950576,1.4503217184791035,1.2831021489122698,1.0681245633242433,0.7950509154545304,0.4535644575026512,0.034640210306169594,-0.4678502774037001,-1.0553438605257313,-1.7228343854353902,-2.4574688465963526,-3.237821116781878,-4.034135952187531,-4.8097270212677365,-5.5235405745302675,-6.133687839310024,-6.601545660339662,-6.895873386606401,-6.996335201039056,-6.895873386606401,-6.601545660339662,-6.133687839310024,-5.5235405745302675,-4.8097270212677365,-4.034135952187531,-3.237821116781878,-2.4574688465963526,-1.7228343854353902,-1.0553438605257313,-0.4678502774037001,0.034640210306169594,0.4535644575026512,0.7950509154545304,1.0681245633242433,1.2831021489122698,1.4503217184791035,1.579262105950576,1.678036805808676,1.7531999749980771,1.8097805726472416,1.8514592828938683,1.880814974226226,1.8995860484355436,1.9089115324624806,1.9095335776189502,1.9019554994268062,1.886557438714278,1.8636758581384458,1.833654476738223,1.7968739493821533,1.7537664717277743,1.704820117825269,1.650576432207075,1.5916237504465225,1.5285879426649713,1.4621217322511821,1.3928933828836598,1.3215753158425045,1.2488330711525135,1.1753149272124235,1.1016424223265355,1.0284019647016134,0.9561376677450891,0.8853455014723375,0.816468807331727,0.7498951828303454,0.6859547045969288,0.6249194247335378,0.567004046223594,0.5123676593613572,0.4611164030129084,0.4133069021443817,0.36895032636524844,0.32801691293131324,0.29044080125528776,0.2561250338637955,0.22494659019952673,0.19676133391748338,0.1714087705656226,0.1487165299887255,0.12850450571205965,0.11058860128188676
0.08236991754520993,0.09610450199402942,0.11167391017060616,0.12923870893724326,0.1489588831187807,0.17099095013979415,0.19548470435281107,0.22257961980133684,0.2524009548889928,0.28505561782565053,0.3206278672924529,0.3591749379308457,0.4007226943749363,0.4452614299303285,0.49274193596150345,0.5430719749073014,0.5961132929753064,0.6516793074333832,0.7095335976043771,0.7693893179157023,0.830909635576609,0.8937092747663994,0.9573572239309857,1.0213806333981719,1.0852698976561928,1.1484848809308452,1.210462206578849,1.2706234901432991,1.3283843513210343,1.383163987940642,1.4343950278885782,1.4815332793068372,1.5240668532545514,1.561523903155594,1.5934778662551687,1.6195485489719506,1.639396616227889,1.6527079935616096,1.6591634011172607,1.6583868598423699,1.6498658780462003,1.6328357243540694,1.606121574948807,1.567936449976327,1.515640795127632,1.4454820274055507,1.352349170214249,1.229597198884422,1.069014314190467,0.8610174673398704,0.5951600952701268,0.26101428845433206,-0.1505570647007528,-0.645793857087257,-1.2262420731428247,-1.8870008202680788,-2.6153170152166916,-3.3898577482562757,-4.18095304095029,-4.951992757757441,-5.661989297151648,-6.269109152263365,-6.734772865812788,-7.0277713822307994,-7.127787994829465,-7.0277713822307994,-6.734772865812788,-6.269109152263365,-5.661989297151648,-4.951992757757441,-4.18095304095029,-3.3898577482562757,-2.6153170152166916,-1.8870008202680788,-1.2262420731428247,-0.645793857087257,-0.1505570647007528,0.26101428845433206,0.5951600952701268,0.8610174673398704,1.069014314190467,1.229597198884422,1.352349170214249,1.4454820274055507,1.515640795127632,1.567936449976327,1.606121574948807,1.6328357243540694,1.6498658780462003,1.6583868598423699,1.6591634011172607,1.6527079935616096,1.639396616227889,1.6195485489719506,1.5934778662551687,1.561523903155594,1.5240668532545514,1.4815332793068372,1.4343950278885782,1.383163987940642,1.3283843513210343,1.2706234901432991,1.210462206578849,1.1484848809308452,1.0852698976561928,1.0213806333981719,0.9573572239309857,0.8937092747663994,0.830909635576609,0.7693893179157023,0.7095335976043771,0.6516793074333832,0.5961132929753064,0.5430719749073014,0.49274193596150345,0.4452614299303285,0.4007226943749363,0.3591749379308457,0.3206278672924529,0.28505561782565053,0.2524009548889928,0.22257961980133684,0.19548470435281107,0.17099095013979415,0.1489588831187807,0.12923870893724326,0.11167391017060616,0.09610450199402942
0.071291023518025,0.08317828299492894,0.09665357928703514,0.11185588274053086,0.12892365994916896,0.14799237647767208,0.16919167908334104,0.1926422823135743,0.21845259710363238,0.24671515232730004,0.27750287372977595,0.3108652977958705,0.3468248103224045,0.3853730101818832,0.42646730738395144,0.4700278704762603,0.5159350410364372,0.5640273320265435,0.6141001217506673,0.665905145847817,0.7191508760938412,0.7735038568747857,0.8285910482977449,0.8840031994431987,0.9392992467525647,0.994011701491004,1.0476529569103916,1.0997224098459244,1.1497142514627936,1.1971257339146917,1.2414656561535578,1.2822627194366976,1.3190732590112508,1.3514876296868439,1.3791341639741224,1.401679077130319,1.418819909595172,1.430269042974319,1.4357225320659526,1.4348081119612122,1.4270051017705594,1.4115286187222131,1.387171892361789,1.3521045897300819,1.3036329979409327,1.237940368432929,1.1498425287750031,1.032613360121041,0.877953331960303,0.6761863897728951,0.41676912554102774,0.08917442434079437,-0.3158348971154361,-0.8045981869085705,-1.378758821263666,-2.0335098469445185,-2.7561873555563206,-3.5255416285767573,-4.311978781967461,-5.07895668070403,-5.785546756485692,-6.389964823961785,-6.853670423773297,-7.145482697453052,-7.245101993222375,-7.145482697453052,-6.853670423773297,-6.389964823961785,-5.785546756485692,-5.07895668070403,-4.311978781967461,-3.5255416285767573,-2.7561873555563206,-2.0335098469445185,-1.378758821263666,-0.8045981869085705,-0.3158348971154361,0.08917442434079437,0.41676912554102774,0.6761863897728951,0.877953331960303,1.032613360121041,1.1498425287750031,1.237940368432929,1.3036329979409327,1.3521045897300819,1.387171892361789,1.4115286187222131,1.4270051017705594,1.4348081119612122,1.4357225320659526,1.430269042974319,1.418819909595172,1.401679077130319,1.3791341639741224,1.3514876296868439,1.3190732590112508,1.2822627194366976,1.2414656561535578,1.1971257339146917,1.1497142514627936,1.0997224098459244,1.0476529569103916,0.994011701491004,0.9392992467525647,0.8840031994431987,0.8285910482977449,0.7735038568747857,0.7191508760938412,0.665905145847817,0.6141001217506673,0.5640273320265435,0.5159350410364372,0.4700278704762603,0.42646730738395144,0.3853730101818832,0.3468248103224045,0.3108652977958705,0.27750287372977595,0.24671515232730004,0.21845259710363238,0.1926422823135743,0.16919167908334104,0.14799237647767208,0.12892365994916896,0.11185588274053086,0.09665357928703514,0.08317828299492894
0.06145170255183047,0.07169832684593155,0.08331381304148221,0.09641795131620737,0.11113009762142846,0.12756702107026158,0.1458404750584827,0.1660545135622353,0.18830258504414812,0.21266444788821823,0.23920296290049317,0.26796082972504864,0.2989573445545824,0.33218526575385304,0.3676078814439817,0.4051563782116243,0.44472761244300724,0.48618238493772015,0.5293443151204977,0.5739994031447656,0.6198963564065455,0.6667477415433295,0.7142320041065108,0.76199637611964,0.8096606670928158,0.8568219071444145,0.9030597818314975,0.947942766644252,0.9910348331694527,1.0319025547002152,1.0701223787786514,1.1052877440587807,1.1370155766447199,1.1649514732680288,1.1887725196935013,1.2081861475179398,1.2229226468449372,1.232717895283815,1.2372815665538108,1.2362446943290313,1.2290793247777738,1.2149826783902375,1.1927196124560577,1.16042129151613,1.1153459036933255,1.0536197140898709,0.9699935440281824,0.8576692537878465,0.7082693974749532,0.5120353208804008,0.2583376066251193,-0.0634389659174367,-0.46262045510837624,-0.9456345365748157,-1.5142110815523684,-2.163626565669062,-2.8812962779647853,-3.646044383196135,-4.428344577825609,-5.191715119040325,-5.895279866773786,-6.497298438807088,-6.9592650103809115,-7.250023765269272,-7.349290198397288,-7.250023765269272,-6.9592650103809115,-6.497298438807088,-5.895279866773786,-5.191715119040325,-4.428344577825609,-3.646044383196135,-2.8812962779647853,-2.163626565669062,-1.5142110815523684,-0.9456345365748157,-0.46262045510837624,-0.0634389659174367,0.2583376066251193,0.5120353208804008,0.7082693974749532,0.8576692537878465,0.9699935440281824,1.0536197140898709,1.1153459036933255,1.16042129151613,1.1927196124560577,1.2149826783902375,1.2290793247777738,1.2362446943290313,1.2372815665538108,1.232717895283815,1.2229226468449372,1.2081861475179398,1.1887725196935013,1.1649514732680288,1.1370155766447199,1.1052877440587807,1.0701223787786514,1.0319025547002152,0.9910348331694527,0.947942766644252,0.9030597818314975,0.8568219071444145,0.8096606670928158,0.76199637611964,0.7142320041065108,0.6667477415433295,0.6198963564065455,0.5739994031447656,0.5293443151204977,0.48618238493772015,0.44472761244300724,0.4051563782116243,0.3676078814439817,0.33218526575385304,0.2989573445545824,0.26796082972504864,0.23920296290049317,0.21266444788821823,0.18830258504414812,0.1660545135622353,0.1458404750584827,0.12756702107026158,0.11113009762142846,0.09641795131620737,0.08331381304148221,0.07169832684593155
0.05275526887731633,0.06155182612915514,0.07152352865229016,0.0827732143303327,0.09540334827071831,0.10951417482312645,0.12520163242697047,0.14255504969742702,0.16165465059196887,0.18256890636229878,0.20535178196930734,0.23003993435024117,0.2566499289669459,0.2851755489954959,0.31558527789587376,0.34782004049234033,0.3817912897005076,0.4173795253115402,0.45443332752068094,0.4927689809977415,0.5321707551865091,0.5723918932567931,0.6131563459074535,0.6541612673233211,0.6950802693659128,0.7355674068130995,0.7752618411828209,0.8137931027823095,0.8507868382682124,0.8858708900693203,0.9186814965892933,0.948869314300201,0.9761048222262025,1.0000824423899335,1.0205223508713188,1.0371684081187662,1.0497798498593065,1.058113320525333,1.0618905308500204,1.0607454299432117,1.0541436358203535,1.041266551030983,1.0208539561909311,0.9910029856028452,0.94892931534164,0.8907088434266692,0.8110349357407716,0.7030457972809507,0.5582951170390983,0.3669512354919061,0.11830871632481565,-0.19832553286482546,-0.5923561222187307,-1.070288795215435,-1.6339298712646741,-2.278629564170802,-2.9918731612226086,-3.752550128536097,-4.531193893254924,-5.29137608991448,-5.992266916875845,-6.592164707094811,-7.052594247426425,-7.342421855101913,-7.441376412383326,-7.342421855101913,-7.052594247426425,-6.592164707094811,-5.992266916875845,-5.29137608991448,-4.531193893254924,-3.752550128536097,-2.9918731612226086,-2.278629564170802,-1.6339298712646741,-1.070288795215435,-0.5923561222187307,-0.19832553286482546,0.11830871632481565,0.3669512354919061,0.5582951170390983,0.7030457972809507,0.8110349357407716,0.8907088434266692,0.94892931534164,0.9910029856028452,1.0208539561909311,1.041266551030983,1.0541436358203535,1.0607454299432117,1.0618905308500204,1.058113320525333,1.0497798498593065,1.0371684081187662,1.0205223508713188,1.0000824423899335,0.9761048222262025,0.948869314300201,0.9186814965892933,0.8858708900693203,0.8507868382682124,0.8137931027823095,0.7752618411828209,0.7355674068130995,0.6950802693659128,0.6541612673233211,0.6131563459074535,0.5723918932567931,0.5321707551865091,0.4927689809977415,0.45443332752068094,0.4173795253115402,0.3817912897005076,0.34782004049234033,0.31558527789587376,0.2851755489954959,0.2566499289669459,0.23003993435024117,0.20535178196930734,0.18256890636229878,0.16165465059196887,0.14255504969742702,0.12520163242697047,0.10951417482312645,0.09540334827071831,0.0827732143303327,0.07152352865229016,0.06155182612915514
0.04510561546859991,0.052626648671400426,0.061152427975487936,0.0707708794995704,0.08156961063971062,0.0936343300499591,0.10704706484246806,0.12188419074713641,0.13821429903558766,0.1560959324470717,0.1755752308805315,0.19668353592043528,0.21943501099288037,0.2438243407298329,0.2698245785728473,0.2973852154027162,0.32643054369606755,0.356858391089442,0.38853929404778526,0.42131617644298563,0.4550045892015726,0.48939355583570576,0.5242470547865884,0.5593061533240586,0.59429178953051,0.6289081788470477,0.6628467996957481,0.6957908880989437,0.727420342022054,0.7574168981303009,0.7854693887278987,0.811278800858421,0.834562720359312,0.8550585174970827,0.8725242719324113,0.8867358880640486,0.8974780630892466,0.9045257085835539,0.9076111234118026,0.9063708211917438,0.9002647655357419,0.8884604450409923,0.869675582101479,0.8419773769643796,0.8025441107856411,0.7474073771327469,0.6712100022977481,0.5670341981122178,0.42637307767276855,0.23933076371217876,-0.004865048702989538,-0.31697595041047466,-0.7064756481401732,-1.1799385562796454,-1.7392382404291533,-2.379789776785267,-3.0891400252725663,-3.8462358931128318,-4.621663348413733,-5.379040978085556,-6.077579741210818,-6.675612025816519,-7.134689545685341,-7.423698087325536,-7.522378308916901,-7.423698087325536,-7.134689545685341,-6.675612025816519,-6.077579741210818,-5.379040978085556,-4.621663348413733,-3.8462358931128318,-3.0891400252725663,-2.379789776785267,-1.7392382404291533,-1.1799385562796454,-0.7064756481401732,-0.31697595041047466,-0.004865048702989538,0.23933076371217876,0.42637307767276855,0.5670341981122178,0.6712100022977481,0.7474073771327469,0.8025441107856411,0.8419773769643796,0.869675582101479,0.8884604450409923,0.9002647655357419,0.9063708211917438,0.9076111234118026,0.9045257085835539,0.8974780630892466,0.8867358880640486,0.8725242719324113,0.8550585174970827,0.834562720359312,0.811278800858421,0.7854693887278987,0.7574168981303009,0.727420342022054,0.6957908880989437,0.6628467996957481,0.6289081788470477,0.59429178953051,0.5593061533240586,0.5242470547865884,0.48939355583570576,0.4550045892015726,0.42131617644298563,0.38853929404778526,0.356858391089442,0.32643054369606755,0.2973852154027162,0.2698245785728473,0.2438243407298329,0.21943501099288037,0.19668353592043528,0.1755752308805315,0.1560959324470717,0.13821429903558766,0.12188419074713641,0.10704706484246806,0.0936343300499591,0.08156961063971062,0.0707708794995704,0.061152427975487936,0.052626648671400426
0.03840857871957454,0.04481292977035212,0.05207284767956958,0.060263203773486776,0.0694585979779253,0.07973201339159347,0.09115329818664278,0.10378748823950677,0.11769299076241954,0.13291965638674016,0.14950677440987076,0.16748103298808006,0.18685449263889864,0.20762262719125607,0.2297624909652946,0.25323107416136087,0.27796390989763403,0.30387399580739494,0.33085109039575367,0.3587614393383116,0.38744797953953747,0.4167310591030203,0.44640969952971243,0.47626341264743904,0.5060545691922675,0.5355312987262557,0.5644308815151531,0.5924835712863394,0.6194167613607884,0.6449593711534056,0.668846277313941,0.6908225297563958,0.7106469548872758,0.7280945228422864,0.7429564967035807,0.755036834364832,0.7641425237589138,0.7700644687844894,0.7725442378906484,0.7712205898430963,0.7655485379978632,0.7546833897139646,0.7373235560892498,0.7115100310241733,0.6743883575709843,0.6219513421095003,0.5487975650713814,0.44796021799060604,0.3108793816268809,0.1276029580493857,-0.11269989909857647,-0.420850748932066,-0.8063837901229741,-1.2759335563318233,-1.831432485134521,-2.468352437761036,-3.1742941790885797,-3.9282549042638504,-4.700866579395739,-5.455788896757523,-6.152268500192166,-6.748667591896171,-7.2065614593508265,-7.494852933818805,-7.593292982934416,-7.494852933818805,-7.2065614593508265,-6.748667591896171,-6.152268500192166,-5.455788896757523,-4.700866579395739,-3.9282549042638504,-3.1742941790885797,-2.468352437761036,-1.831432485134521,-1.2759335563318233,-0.8063837901229741,-0.420850748932066,-0.11269989909857647,0.1276029580493857,0.3108793816268809,0.44796021799060604,0.5487975650713814,0.6219513421095003,0.6743883575709843,0.7115100310241733,0.7373235560892498,0.7546833897139646,0.7655485379978632,0.7712205898430963,0.7725442378906484,0.7700644687844894,0.7641425237589138,0.755036834364832,0.7429564967035807,0.7280945228422864,0.7106469548872758,0.6908225297563958,0.668846277313941,0.6449593711534056,0.6194167613607884,0.5924835712863394,0.5644308815151531,0.5355312987262557,0.5060545691922675,0.47626341264743904,0.44640969952971243,0.4167310591030203,0.38744797953953747,0.3587614393383116,0.33085109039575367,0.30387399580739494,0.27796390989763403,0.25323107416136087,0.2297624909652946,0.20762262719125607,0.18685449263889864,0.16748103298808006,0.14950677440987076,0.13291965638674016,0.11769299076241954,0.10378748823950677,0.09115329818664278,0.07973201339159347,0.0694585979779253,0.060263203773486776,0.05207284767956958,0.04481292977035212
0.03257307141878779,0.03800439408477468,0.044161295288488264,0.051107270976375525,0.058905586928963354,0.0676181377480788,0.07730415940588765,0.08801880672244516,0.0998116129624254,0.11272485483144104,0.12679185230989568,0.14203523875859408,0.1584652423117678,0.17607802447034393,0.19485412574650524,0.21475707092233193,0.23573218772342366,0.25770569226013534,0.28058409228951,0.3042539550951881,0.32858208053479043,0.35341611160199526,0.3785856047998256,0.4039035708761846,0.42916848318417217,0.45416673614581704,0.4786755197665305,0.5024660569622058,0.5253071264462652,0.5469687606348658,0.5672259572230207,0.5858621605985423,0.6026721324107712,0.6174636056903179,0.63005675811329,0.6402799921718533,0.6479597189789147,0.652900777449741,0.6548528131470219,0.6534565411609944,0.6481626614090646,0.6381158670477305,0.6219977421491251,0.5978264455400201,0.5627189937093046,0.5126343955640817,0.4421326776126829,0.34420431722829903,0.21024318509283846,0.030248195028114266,-0.20666250977922906,-0.5113627421996423,-0.8934394109590879,-1.3595794350445283,-1.9117665505175405,-2.545522098622822,-3.2484938146748674,-3.999722712536626,-4.769880838979823,-5.52266370370787,-6.217349044715948,-6.81232504297451,-7.269187527063162,-7.556854180304164,-7.65508495354326,-7.556854180304164,-7.269187527063162,-6.81232504297451,-6.217349044715948,-5.52266370370787,-4.769880838979823,-3.999722712536626,-3.2484938146748674,-2.545522098622822,-1.9117665505175405,-1.3595794350445283,-0.8934394109590879,-0.5113627421996423,-0.20666250977922906,0.030248195028114266,0.21024318509283846,0.34420431722829903,0.4421326776126829,0.5126343955640817,0.5627189937093046,0.5978264455400201,0.6219977421491251,0.6381158670477305,0.6481626614090646,0.6534565411609944,0.6548528131470219,0.652900777449741,0.6479597189789147,0.6402799921718533,0.63005675811329,0.6174636056903179,0.6026721324107712,0.5858621605985423,0.5672259572230207,0.5469687606348658,0.5253071264462652,0.5024660569622058,0.4786755197665305,0.45416673614581704,0.42916848318417217,0.4039035708761846,0.3785856047998256,0.35341611160199526,0.32858208053479043,0.3042539550951881,0.28058409228951,0.25770569226013534,0.23573218772342366,0.21475707092233193,0.19485412574650524,0.17607802447034393,0.1584652423117678,0.14203523875859408,0.12679185230989568,0.11272485483144104,0.0998116129624254,0.08801880672244516,0.07730415940588765,0.0676181377480788,0.058905586928963354,0.051107270976375525,0.044161295288488264,0.03800439408477468
0.027511992062834365,0.03209941656929758,0.03729968199316308,0.04316641852337472,0.04975306194525732,0.057111889913942226,0.0652929345426159,0.0743427809061729,0.0843032659799184,0.09521009767651122,0.10709141884513525,0.11996634616148817,0.13384351855139068,0.14871969392707896,0.16457843634156216,0.18138893795680852,0.19910502126722884,0.21766436664120847,0.2369880083008976,0.2569801382651352,0.2775282525012969,0.2985036665987114,0.31976241977401304,0.3411465760662942,0.36248592028117177,0.3836000335856952,0.40430071931863165,0.4243947325790301,0.44368674523313717,0.4619824466076703,0.47909163099431484,0.49483104193873995,0.5090266073807714,0.5215144752946566,0.5321399007057388,0.5407524866713485,0.5471954898416224,0.5512858348376999,0.5527801724252105,0.5513209143958413,0.5463550196631676,0.53701797578793,0.5219767729247017,0.49922976526047663,0.4658692284701107,0.4178248592376875,0.34962324662464656,0.25421782242335456,0.12296237975969343,-0.054186654580293536,-0.2881553782884031,-0.5898629234145583,-0.9689419136076514,-1.4321247011444234,-1.9814395127696824,-2.612450603269,-3.312846444965365,-4.06170605527288,-4.8297362425366535,-5.5806635805727565,-6.273792775035524,-6.867534538036192,-7.323502513251373,-7.610627265051762,-7.708676535335975,-7.610627265051762,-7.323502513251373,-6.867534538036192,-6.273792775035524,-5.5806635805727565,-4.8297362425366535,-4.06170605527288,-3.312846444965365,-2.612450603269,-1.9814395127696824,-1.4321247011444234,-0.9689419136076514,-0.5898629234145583,-0.2881553782884031,-0.054186654580293536,0.12296237975969343,0.25421782242335456,0.34962324662464656,0.4178248592376875,0.4658692284701107,0.49922976526047663,0.5219767729247017,0.53701797578793,0.5463550196631676,0.5513209143958413,0.5527801724252105,0.5512858348376999,0.5471954898416224,0.5407524866713485,0.5321399007057388,0.5215144752946566,0.5090266073807714,0.49483104193873995,0.47909163099431484,0.4619824466076703,0.44368674523313717,0.4243947325790301,0.40430071931863165,0.3836000335856952,0.36248592028117177,0.3411465760662942,0.31976241977401304,0.2985036665987114,0.2775282525012969,0.2569801382651352,0.2369880083008976,0.21766436664120847,0.19910502126722884,0.18138893795680852,0.16457843634156216,0.14871969392707896,0.13384351855139068,0.11996634616148817,0.10709141884513525,0.09521009767651122,0.0843032659799184,0.0743427809061729,0.0652929345426159,0.057111889913942226,0.04975306194525732,0.04316641852337472,0.03729968199316308,0.03209941656929758
0.023142923233077973,0.027001837300374382,0.03137626948330335,0.036311333176157375,0.04185197824206696,0.0480421803319681,0.05492402616033866,0.06253670281365448,0.07091540330540508,0.08009016491822672,0.0900846612485907,0.10091497312979755,0.11258836757459433,0.12510211735813084,0.13844239666004166,0.15258329011108906,0.16748595346940462,0.1830979638326868,0.199352895658368,0.2161701558385925,0.23345510663400365,0.25109949943279997,0.2689822351359366,0.2869704585646896,0.30492098470570744,0.3226820437874421,0.3400953197383966,0.35699824146116277,0.3732264662391645,0.3886164648758625,0.4030080704580698,0.4162467726352851,0.4281854042146,0.4386846428873076,0.4476113921567079,0.45483355685370924,0.460208935844932,0.4635648869569842,0.46466410832437804,0.4631504764471954,0.4584677207493944,0.44974338189370167,0.4356318515698514,0.41411438724924576,0.3822619066489192,0.33597880214315795,0.2697627973090498,0.17653534366734686,0.04761563666456525,-0.12707657461984379,-0.358505579620861,-0.6576296329945761,-1.0341208226287877,-1.494750721914202,-2.0415859649873407,-2.6702278525286567,-3.368400023824846,-4.11521430354694,-4.881407508600683,-5.6307330294625455,-6.322518852109251,-6.915195139069218,-7.370390913225663,-7.657047858748681,-7.754940443305026,-7.657047858748681,-7.370390913225663,-6.915195139069218,-6.322518852109251,-5.6307330294625455,-4.881407508600683,-4.11521430354694,-3.368400023824846,-2.6702278525286567,-2.0415859649873407,-1.494750721914202,-1.0341208226287877,-0.6576296329945761,-0.358505579620861,-0.12707657461984379,0.04761563666456525,0.17653534366734686,0.2697627973090498,0.33597880214315795,0.3822619066489192,0.41411438724924576,0.4356318515698514,0.44974338189370167,0.4584677207493944,0.4631504764471954,0.46466410832437804,0.4635648869569842,0.460208935844932,0.45483355685370924,0.4476113921567079,0.4386846428873076,0.4281854042146,0.4162467726352851,0.4030080704580698,0.3886164648758625,0.3732264662391645,0.35699824146116277,0.3400953197383966,0.3226820437874421,0.30492098470570744,0.2869704585646896,0.2689822351359366,0.25109949943279997,0.23345510663400365,0.2161701558385925,0.199352895658368,0.1830979638326868,0.16748595346940462,0.15258329011108906,0.13844239666004166,0.12510211735813084,0.11258836757459433,0.10091497312979755,0.0900846612485907,0.08009016491822672,0.07091540330540508,0.06253670281365448,0.05492402616033866,0.0480421803319681,0.04185197824206696,0.036311333176157375,0.03137626948330335,0.027001837300374382
0.01938863537097481,0.02262154925247606,0.02628635294627403,0.030420841468299747,0.03506267283165014,0.040248688875733823,0.04601414893027141,0.05239188308000538,0.05941137526260782,0.06709779005710372,0.07547096068530673,0.0845443593179608,0.09432407409954613,0.10480782022067028,0.11598401471112423,0.12783094624077462,0.14031607195233842,0.15339547308299606,0.16701349976228363,0.1811026328384673,0.19558358686133256,0.2103656734532231,0.22534743828319015,0.24041757778448727,0.2554561336505309,0.27033595390081133,0.284924398492233,0.2990852539547931,0.3126808029651385,0.3255739664764114,0.33763038954780117,0.34872026300722414,0.3587195386879417,0.36750997236963406,0.3749770698301806,0.38100446239258107,0.3854624448737281,0.38818734022716633,0.3889470430181528,0.38738668835293083,0.3829472305941941,0.37474938173157746,0.3614367077467591,0.34097577511076355,0.3104191489064752,0.26564947782163534,0.2011396816726761,0.10978373172077416,-0.017128905953871232,-0.18970999898029517,-0.4189566544952491,-0.715860744735866,-1.0901282687318563,-1.5485645021015257,-2.093269081987333,-2.7198751421579503,-3.416136540445521,-4.161193292399105,-4.925808000916687,-5.673757099705819,-6.364388579241931,-6.956149315561056,-7.410681546712142,-7.69693651197406,-7.794694458384562,-7.69693651197406,-7.410681546712142,-6.956149315561056,-6.364388579241931,-5.673757099705819,-4.925808000916687,-4.161193292399105,-3.416136540445521,-2.7198751421579503,-2.093269081987333,-1.5485645021015257,-1.0901282687318563,-0.715860744735866,-0.4189566544952491,-0.18970999898029517,-0.017128905953871232,0.10978373172077416,0.2011396816726761,0.26564947782163534,0.3104191489064752,0.34097577511076355,0.3614367077467591,0.37474938173157746,0.3829472305941941,0.38738668835293083,0.3889470430181528,0.38818734022716633,0.3854624448737281,0.38100446239258107,0.3749770698301806,0.36750997236963406,0.3587195386879417,0.34872026300722414,0.33763038954780117,0.3255739664764114,0.3126808029651385,0.2990852539547931,0.284924398492233,0.27033595390081133,0.2554561336505309,0.24041757778448727,0.22534743828319015,0.2103656734532231,0.19558358686133256,0.1811026328384673,0.16701349976228363,0.15339547308299606,0.14031607195233842,0.12783094624077462,0.11598401471112423,0.10480782022067028,0.09432407409954613,0.0845443593179608,0.07547096068530673,0.06709779005710372,0.05941137526260782,0.05239188308000538,0.04601414893027141,0.040248688875733823,0.03506267283165014,0.030420841468299747,0.02628635294627403,0.02262154925247606
0.01617741486301327,0.01887488108880731,0.02193270587181536,0.02538242447177961,0.029255457836545512,0.033582545918101774,0.038393108260102,0.04371453750213669,0.049571434338498685,0.05598479549365819,0.06297116933480082,0.07054179671983361,0.07870175745128398,0.08744914513868812,0.09677429522797414,0.10665909230309012,0.11707638337991993,0.12798952368957048,0.13935208030511476,0.15110771684970478,0.16319027941432623,0.1755240997226258,0.18802452654573504,0.20059869043301817,0.21314649998204024,0.2255618599768097,0.23773409229936596,0.2495495284088057,0.26089322494367917,0.27165072692491904,0.2817097576161808,0.2909616359350809,0.2993020885147045,0.3066309002236532,0.312849488247726,0.3178549355246572,0.3215282252504018,0.3237133486768696,0.32418264512304734,0.32258232624073513,0.3183509727510807,0.3106034557556791,0.29797408149454696,0.2784168505291606,0.24896863006378622,0.205493470379565,0.14244307545977614,0.05268791139594614,-0.0725079846690661,-0.24328333810018526,-0.47066332657132315,-0.7656685770314631,-1.1380340943187015,-1.594593981165409,-2.1374761037506502,-2.7623408241935796,-3.4569678476817978,-4.200521302759688,-4.96378584830766,-5.710557628001957,-6.400201743114744,-6.991179365537989,-7.445144036878802,-7.731055169353877,-7.828697953371146,-7.731055169353877,-7.445144036878802,-6.991179365537989,-6.400201743114744,-5.710557628001957,-4.96378584830766,-4.200521302759688,-3.4569678476817978,-2.7623408241935796,-2.1374761037506502,-1.594593981165409,-1.1380340943187015,-0.7656685770314631,-0.47066332657132315,-0.24328333810018526,-0.0725079846690661,0.05268791139594614,0.14244307545977614,0.205493470379565,0.24896863006378622,0.2784168505291606,0.29797408149454696,0.3106034557556791,0.3183509727510807,0.32258232624073513,0.32418264512304734,0.3237133486768696,0.3215282252504018,0.3178549355246572,0.312849488247726,0.3066309002236532,0.2993020885147045,0.2909616359350809,0.2817097576161808,0.27165072692491904,0.26089322494367917,0.2495495284088057,0.23773409229936596,0.2255618599768097,0.21314649998204024,0.20059869043301817,0.18802452654573504,0.1755240997226258,0.16319027941432623,0.15110771684970478,0.13935208030511476,0.12798952368957048,0.11707638337991993,0.10665909230309012,0.09677429522797414,0.08744914513868812,0.07870175745128398,0.07054179671983361,0.06297116933480082,0.05598479549365819,0.049571434338498685,0.04371453750213669,0.038393108260102,0.033582545918101774,0.029255457836545512,0.02538242447177961,0.02193270587181536,0.01887488108880731
0.013443236959512475,0.01568479891305669,0.018225814488581737,0.021092489107218487,0.02431093319828805,0.027906691291754392,0.03190421067415411,0.036326254299153066,0.04119326504749254,0.04652269094438651,0.05232828348370772,0.05861938368302559,0.06540021279707217,0.072669186638319,0.08041827407867642,0.08863242142544628,0.09728906487550432,0.10635775306630088,0.11579990079213948,0.12556869319483374,0.13560915715152155,0.14585841317721168,0.15624611696163615,0.16669509469163257,0.17712217054256643,0.1874391779770031,0.19755413825009432,0.2073725785899048,0.2167989464128092,0.22573804989095808,0.23409641066658288,0.24178333706533273,0.2487113928763191,0.25479571374720805,0.25995126455379425,0.2640865815450009,0.26709174848455275,0.2688172857592778,0.2690393171518587,0.2674049709335136,0.26335080679997436,0.2559867226574484,0.24393914058447028,0.22515136196065041,0.19664688810873293,0.15427393378805682,0.09246613886513724,0.004073956070438672,-0.11966022879677793,-0.2888980941330376,-0.5146887181330219,-0.8080772108036552,-1.1788232738358884,-1.6337855546665425,-2.1751159549490247,-2.798498020247554,-3.4917334633533756,-4.234006943702114,-4.99612189963191,-5.741891256774877,-6.430694685306888,-7.021005529256113,-7.474486954588651,-7.760105332328897,-7.857650061893003,-7.760105332328897,-7.474486954588651,-7.021005529256113,-6.430694685306888,-5.741891256774877,-4.99612189963191,-4.234006943702114,-3.4917334633533756,-2.798498020247554,-2.1751159549490247,-1.6337855546665425,-1.1788232738358884,-0.8080772108036552,-0.5146887181330219,-0.2888980941330376,-0.11966022879677793,0.004073956070438672,0.09246613886513724,0.15427393378805682,0.19664688810873293,0.22515136196065041,0.24393914058447028,0.2559867226574484,0.26335080679997436,0.2674049709335136,0.2690393171518587,0.2688172857592778,0.26709174848455275,0.2640865815450009,0.25995126455379425,0.25479571374720805,0.2487113928763191,0.24178333706533273,0.23409641066658288,0.22573804989095808,0.2167989464128092,0.2073725785899048,0.19755413825009432,0.1874391779770031,0.17712217054256643,0.16669509469163257,0.15624611696163615,0.14585841317721168,0.13560915715152155,0.12556869319483374,0.11579990079213948,0.10635775306630088,0.09728906487550432,0.08863242142544628,0.08041827407867642,0.072669186638319,0.06540021279707217,0.05861938368302559,0.05232828348370772,0.04652269094438651,0.04119326504749254,0.036326254299153066,0.03190421067415411,0.027906691291754392,0.02431093319828805,0.021092489107218487,0.018225814488581737,0.01568479891305669
0.011125804799048329,0.012980951800861708,0.015083930671931043,0.01745642937335209,0.02012005724971358,0.02309595529963946,0.02640435642824714,0.030064099563980613,0.03409210351154016,0.038502808492670286,0.04330759542976203,0.04851419507534214,0.05412610099693947,0.06014200209951276,0.06655525171276423,0.07335339119684785,0.0805177464427252,0.08802311548987873,0.09583756469743623,0.1039223494478253,0.11223197321931346,0.12071439603971397,0.1293113998445458,0.13795911411558323,0.14658870031910348,0.15512718789165364,0.16349844728699636,0.1716242756665815,0.17942555566560675,0.18682342250139686,0.19374033092976037,0.20010083672336496,0.20583177449357395,0.21086129088819605,0.2151158335224834,0.21851364623302494,0.22095252623496403,0.2222885278736979,0.2223009825644005,0.22063779548578952,0.2167338133546091,0.2096947189003894,0.19814025175084352,0.18000464488219986,0.15230007097481563,0.1108613229300534,0.05010672984584755,-0.03713021845472719,-0.15962548739963126,-0.3275602098962108,-0.5520037217220258,-0.8440218842132347,-1.21339533159813,-1.6670035148930635,-2.2070187077181527,-2.8291441054420843,-3.5212000740419103,-4.262388674508429,-5.023529262256444,-5.768448986953823,-6.4565398670753344,-7.046285563497905,-7.499357399593562,-7.784727644526958,-7.882189265181822,-7.784727644526958,-7.499357399593562,-7.046285563497905,-6.4565398670753344,-5.768448986953823,-5.023529262256444,-4.262388674508429,-3.5212000740419103,-2.8291441054420843,-2.2070187077181527,-1.6670035148930635,-1.21339533159813,-0.8440218842132347,-0.5520037217220258,-0.3275602098962108,-0.15962548739963126,-0.03713021845472719,0.05010672984584755,0.1108613229300534,0.15230007097481563,0.18000464488219986,0.19814025175084352,0.2096947189003894,0.2167338133546091,0.22063779548578952,0.2223009825644005,0.2222885278736979,0.22095252623496403,0.21851364623302494,0.2151158335224834,0.21086129088819605,0.20583177449357395,0.20010083672336496,0.19374033092976037,0.18682342250139686,0.17942555566560675,0.1716242756665815,0.16349844728699636,0.15512718789165364,0.14658870031910348,0.13795911411558323,0.1293113998445458,0.12071439603971397,0.11223197321931346,0.1039223494478253,0.09583756469743623,0.08802311548987873,0.0805177464427252,0.07335339119684785,0.06655525171276423,0.06014200209951276,0.05412610099693947,0.04851419507534214,0.04330759542976203,0.038502808492670286,0.03409210351154016,0.030064099563980613,0.02640435642824714,0.02309595529963946,0.02012005724971358,0.01745642937335209,0.015083930671931043,0.012980951800861708
0.009170475805709557,0.010699585924342891,0.012432972156205355,0.01438851086404967,0.01658401361075218,0.019036905923714386,0.021763864831718396,0.024780418374364246,0.02810051192387152,0.0317360478735077,0.03569640698046906,0.03998796133920431,0.044613590532543816,0.049572213886714726,0.054858352865057296,0.06046173839865136,0.06636697830047153,0.07255329978301608,0.07899438145062705,0.0856582879359552,0.09250751858151095,0.09949917923349279,0.10658528332432071,0.1137131849656592,0.12082614268581947,0.12786400749559634,0.1347640225800423,0.14146171282606612,0.14789182805359863,0.15398927939338689,0.1596899651356237,0.16493130605750098,0.16965217774961078,0.1737917048664734,0.17728602356299586,0.18006156843446208,0.18202264490603082,0.18302997659015435,0.1828656013358421,0.1811780798360417,0.17740081348472297,0.17063592846408338,0.15949752609662035,0.14191218791039512,0.11488252806522108,0.0742320147952311,0.014366058766386719,-0.0718961626191991,-0.19334609860267504,-0.3601812967980221,-0.5834881852799607,-0.8743501342793628,-1.2425654398132309,-1.6950311058787177,-2.2339365949042445,-2.8550016817437753,-3.546062470964536,-4.286335706086522,-5.046654172527806,-5.7908570214594635,-6.4783466902100555,-7.067615544478092,-7.5203417904313925,-7.805502673779277,-7.902894171449478,-7.805502673779277,-7.5203417904313925,-7.067615544478092,-6.4783466902100555,-5.7908570214594635,-5.046654172527806,-4.286335706086522,-3.546062470964536,-2.8550016817437753,-2.2339365949042445,-1.6950311058787177,-1.2425654398132309,-0.8743501342793628,-0.5834881852799607,-0.3601812967980221,-0.19334609860267504,-0.0718961626191991,0.014366058766386719,0.0742320147952311,0.11488252806522108,0.14191218791039512,0.15949752609662035,0.17063592846408338,0.17740081348472297,0.1811780798360417,0.1828656013358421,0.18302997659015435,0.18202264490603082,0.18006156843446208,0.17728602356299586,0.1737917048664734,0.16965217774961078,0.16493130605750098,0.1596899651356237,0.15398927939338689,0.14789182805359863,0.14146171282606612,0.1347640225800423,0.12786400749559634,0.12082614268581947,0.1137131849656592,0.10658528332432071,0.09949917923349279,0.09250751858151095,0.0856582879359552,0.07899438145062705,0.07255329978301608,0.06636697830047153,0.06046173839865136,0.054858352865057296,0.049572213886714726,0.044613590532543816,0.03998796133920431,0.03569640698046906,0.0317360478735077,0.02810051192387152,0.024780418374364246,0.021763864831718396,0.019036905923714386,0.01658401361075218,0.01438851086404967,0.012432972156205355,0.010699585924342891
0.007528096092824692,0.00878335134385708,0.010206298025785574,0.011811610947141806,0.013613911721867879,0.01562750506517441,0.017866081245470025,0.020342387319365343,0.023067871122757145,0.026052303398423737,0.029303384863655097,0.032826346407265845,0.03662355189528539,0.040694114196418045,0.0450335359485254,0.049633387214046004,0.054481032458237495,0.05955941918002098,0.06484693999233504,0.07031737896147279,0.07593995156071547,0.0816794456716765,0.08749646867848371,0.0933478028271355,0.09918686758015875,0.10496428343701329,0.11062852601609288,0.1161266508152025,0.1214050554040681,0.12641022199984142,0.13108934079715506,0.13539063854115274,0.13926310464985706,0.14265508476084152,0.1455108529234701,0.14776372356550474,0.1493234686868517,0.15005473385351156,0.14974183018515086,0.14803386897427243,0.14436303761515007,0.13782847496600312,0.12703954645161858,0.1099164067617685,0.08345364137143634,0.0434652063539996,-0.015654338468947815,-0.10109783742151374,-0.22166974538264242,-0.3875813975085965,-0.6099335785589302,-0.8998243653707019,-1.2670668889905035,-1.7185728970518097,-2.256546289732464,-2.8767207678346307,-3.5669456555634036,-4.306450029037626,-5.066077954214341,-5.809678662934154,-6.496663343847855,-7.085531674273856,-7.537967641588262,-7.822952671551947,-7.9202852693808365,-7.822952671551947,-7.537967641588262,-7.085531674273856,-6.496663343847855,-5.809678662934154,-5.066077954214341,-4.306450029037626,-3.5669456555634036,-2.8767207678346307,-2.256546289732464,-1.7185728970518097,-1.2670668889905035,-0.8998243653707019,-0.6099335785589302,-0.3875813975085965,-0.22166974538264242,-0.10109783742151374,-0.015654338468947815,0.0434652063539996,0.08345364137143634,0.1099164067617685,0.12703954645161858,0.13782847496600312,0.14436303761515007,0.14803386897427243,0.14974183018515086,0.15005473385351156,0.1493234686868517,0.14776372356550474,0.1455108529234701,0.14265508476084152,0.13926310464985706,0.13539063854115274,0.13108934079715506,0.12641022199984142,0.1214050554040681,0.1161266508152025,0.11062852601609288,0.10496428343701329,0.09918686758015875,0.0933478028271355,0.08749646867848371,0.0816794456716765,0.07593995156071547,0.07031737896147279,0.06484693999233504,0.05955941918002098,0.054481032458237495,0.049633387214046004,0.0450335359485254,0.040694114196418045,0.03662355189528539,0.032826346407265845,0.029303384863655097,0.026052303398423737,0.023067871122757145,0.020342387319365343,0.017866081245470025,0.01562750506517441,0.013613911721867879,0.011811610947141806,0.010206298025785574,0.00878335134385708
0.006154762370266011,0.0071810242150765055,0.008344385918333171,0.009656845196088995,0.011130356273977361,0.012776614290026541,0.014606812027617789,0.01663137112635178,0.01885965101904254,0.02129963999372991,0.023957633943082438,0.02683790949657415,0.029942399285442452,0.03327037801575996,0.03681816876906961,0.04057887946236058,0.04454217963292221,0.048694127628380025,0.05301705784622054,0.05748953685889753,0.062086396069309734,0.06677884696392276,0.0715346830626881,0.07631857027865141,0.08109242449785313,0.0858158715075333,0.09044677932138398,0.09494184516418827,0.09925720628247142,0.10334902046538684,0.1071739200317225,0.1106891675178443,0.1138522093752887,0.11661910169182704,0.11894092330429162,0.12075674145501795,0.1219808992131895,0.12248132162459137,0.12204422068432673,0.1203191680881355,0.11673733610162888,0.11039536562672081,0.09989866200029615,0.08316200588462089,0.057173269286691544,0.017738454351182653,-0.040756952416531794,-0.12551584773093746,-0.24535356159372163,-0.41049295810090275,-0.6320468268604095,-0.9211255421567558,-1.2875546398697455,-1.7382581960443624,-2.27545218349184,-2.894881947687087,-3.5844078669016493,-4.32326932959186,-5.08231983433528,-5.8254170422798754,-6.511979459803179,-7.100512878092455,-7.552706118685017,-7.837544102639273,-7.934827449288493,-7.837544102639273,-7.552706118685017,-7.100512878092455,-6.511979459803179,-5.8254170422798754,-5.08231983433528,-4.32326932959186,-3.5844078669016493,-2.894881947687087,-2.27545218349184,-1.7382581960443624,-1.2875546398697455,-0.9211255421567558,-0.6320468268604095,-0.41049295810090275,-0.24535356159372163,-0.12551584773093746,-0.040756952416531794,0.017738454351182653,0.057173269286691544,0.08316200588462089,0.09989866200029615,0.11039536562672081,0.11673733610162888,0.1203191680881355,0.12204422068432673,0.12248132162459137,0.1219808992131895,0.12075674145501795,0.11894092330429162,0.11661910169182704,0.1138522093752887,0.1106891675178443,0.1071739200317225,0.10334902046538684,0.09925720628247142,0.09494184516418827,0.09044677932138398,0.0858158715075333,0.08109242449785313,0.07631857027865141,0.0715346830626881,0.06677884696392276,0.062086396069309734,0.05748953685889753,0.05301705784622054,0.048694127628380025,0.04454217963292221,0.04057887946236058,0.03681816876906961,0.03327037801575996,0.029942399285442452,0.02683790949657415,0.023957633943082438,0.02129963999372991,0.01885965101904254,0.01663137112635178,0.014606812027617789,0.012776614290026541,0.011130356273977361,0.009656845196088995,0.008344385918333171,0.0071810242150765055
0.005011529336273388,0.005847165390528318,0.006794435318078057,0.007863108286658193,0.009062918051830685,0.010403387406482492,0.011893630100080306,0.01354213197650385,0.015356513975327493,0.017343280578357233,0.019507558230597348,0.02185282918737715,0.024380667098099256,0.02709048139051569,0.02997927812533435,0.03304144540810669,0.03626857163564544,0.03964930478469851,0.043169260595250614,0.046810986841803015,0.05055398991349411,0.05437482863308763,0.05824727862650513,0.06214256857332848,0.06602968721586866,0.0698757568022057,0.07364646405491251,0.07730653246406038,0.08082020707988911,0.08415170013116384,0.08726550404239079,0.09012640320339621,0.0926988841317426,0.09494542148719765,0.09682275875874281,0.0982747521249722,0.09921954984627086,0.09952780697465828,0.09898731789090022,0.09724803755387264,0.09374029318431425,0.08755864625790828,0.07730520553239623,0.060890278055459206,0.03529614720093849,-0.0036778061424131148,-0.061653648560404284,-0.14584264488996734,-0.2650691781396182,-0.42956570968283225,-0.6504550225756007,-0.9388577281248996,-1.3046096886263745,-1.754645242923528,-2.2911904137033607,-2.9100002400602807,-3.5989443022345333,-4.337270573198132,-5.095840403723041,-5.83851847194259,-6.5247293758832745,-7.112983996228613,-7.564975178718264,-7.849690754074569,-7.946933101529902,-7.849690754074569,-7.564975178718264,-7.112983996228613,-6.5247293758832745,-5.83851847194259,-5.095840403723041,-4.337270573198132,-3.5989443022345333,-2.9100002400602807,-2.2911904137033607,-1.754645242923528,-1.3046096886263745,-0.9388577281248996,-0.6504550225756007,-0.42956570968283225,-0.2650691781396182,-0.14584264488996734,-0.061653648560404284,-0.0036778061424131148,0.03529614720093849,0.060890278055459206,0.07730520553239623,0.08755864625790828,0.09374029318431425,0.09724803755387264,0.09898731789090022,0.09952780697465828,0.09921954984627086,0.0982747521249722,0.09682275875874281,0.09494542148719765,0.0926988841317426,0.09012640320339621,0.08726550404239079,0.08415170013116384,0.08082020707988911,0.07730653246406038,0.07364646405491251,0.0698757568022057,0.06602968721586866,0.06214256857332848,0.05824727862650513,0.05437482863308763,0.05055398991349411,0.046810986841803015,0.043169260595250614,0.03964930478469851,0.03626857163564544,0.03304144540810669,0.02997927812533435,0.02709048139051569,0.024380667098099256,0.02185282918737715,0.019507558230597348,0.017343280578357233,0.015356513975327493,0.01354213197650385,0.011893630100080306,0.010403387406482492,0.009062918051830685,0.007863108286658193,0.006794435318078057,0.005847165390528318
0.004064078755076874,0.004741734318318382,0.005509918904211842,0.006376554778473943,0.007349535489467295,0.008436583506255523,0.009645089585851384,0.01098193528785802,0.012453300781349494,0.014064460848642069,0.015819572758870915,0.0177214604324305,0.019771400013719572,0.021968912580634804,0.02431157021059946,0.02679482196118543,0.02941184647766458,0.032153437883322,0.03500793131984315,0.03796117396970794,0.04099654660137899,0.044095039624823404,0.04723538631642348,0.05039425422673852,0.05354649370423099,0.05666543966401207,0.059723258557680736,0.06269132561601683,0.06554060520466976,0.0682419846424907,0.0707664703905028,0.07308508054961388,0.07516813606873139,0.07698343097785414,0.07849240332762468,0.07964287811166121,0.08035615712992368,0.08050515791803374,0.07987898625362128,0.07812791472361423,0.07468157022061822,0.06863279090273255,0.05858095349867812,0.04243265756290258,0.01716555490807485,-0.021426460920913992,-0.07897171610911255,-0.16268841054714722,-0.28140842989288584,-0.44537218923163124,-0.6657107536562772,-0.9535532183721759,-1.3187440036578164,-1.7682259536169003,-2.304233419737602,-2.922529474669306,-3.6109913247532646,-4.348874057350359,-5.107045530712595,-5.849376238276627,-6.5352958265028,-7.123319393977757,-7.575143121485485,-7.859757251122656,-7.956965620632181,-7.859757251122656,-7.575143121485485,-7.123319393977757,-6.5352958265028,-5.849376238276627,-5.107045530712595,-4.348874057350359,-3.6109913247532646,-2.922529474669306,-2.304233419737602,-1.7682259536169003,-1.3187440036578164,-0.9535532183721759,-0.6657107536562772,-0.44537218923163124,-0.28140842989288584,-0.16268841054714722,-0.07897171610911255,-0.021426460920913992,0.01716555490807485,0.04243265756290258,0.05858095349867812,0.06863279090273255,0.07468157022061822,0.07812791472361423,0.07987898625362128,0.08050515791803374,0.08035615712992368,0.07964287811166121,0.07849240332762468,0.07698343097785414,0.07516813606873139,0.07308508054961388,0.0707664703905028,0.0682419846424907,0.06554060520466976,0.06269132561601683,0.059723258557680736,0.05666543966401207,0.05354649370423099,0.05039425422673852,0.04723538631642348,0.044095039624823404,0.04099654660137899,0.03796117396970794,0.03500793131984315,0.032153437883322,0.02941184647766458,0.02679482196118543,0.02431157021059946,0.021968912580634804,0.019771400013719572,0.0177214604324305,0.015819572758870915,0.014064460848642069,0.012453300781349494,0.01098193528785802,0.009645089585851384,0.008436583506255523,0.007349535489467295,0.006376554778473943,0.005509918904211842,0.004741734318318382
0.003282364483893607,0.003829674879962635,0.004450101292384241,0.005150042161047895,0.0059358727321923545,0.006813830079385831,0.007789883368038185,0.008869590508858435,0.010057942932548495,0.011359200831682965,0.012776721836214592,0.014312786693285276,0.01596842608445717,0.01774325320695551,0.019635307142343822,0.02164091230924389,0.023754559421271703,0.02596881332559963,0.028274252864176543,0.03065944746627231,0.03311097453948824,0.03561348086915226,0.03814979014669712,0.040701057378963776,0.04324696915735071,0.04576598629015756,0.04823562146735544,0.050632738079997096,0.0529338444079501,0.05511533519523934,0.057153591447386055,0.05902477452132803,0.06070401918775623,0.06216350833631658,0.06336855336568706,0.06427025382480904,0.06479251340860062,0.06481011636294289,0.06411325046136537,0.062352450356581615,0.05895676512056292,0.053017611051549965,0.043132110759561484,0.027203804852828133,0.002206523775877836,-0.036070366376265046,-0.09326035640425537,-0.1765873681124021,-0.2948894773791359,-0.45841366166902026,-0.6782978193458018,-0.9656780454357918,-1.3304058211634058,-1.7794310080783298,-2.3149948295234504,-2.9328669864037007,-3.6209309771373133,-4.358447758963154,-5.116290559268167,-5.858334669528811,-6.544013901523246,-7.131846833908879,-7.58353239911902,-7.86806282880606,-7.965243164088078,-7.86806282880606,-7.58353239911902,-7.131846833908879,-6.544013901523246,-5.858334669528811,-5.116290559268167,-4.358447758963154,-3.6209309771373133,-2.9328669864037007,-2.3149948295234504,-1.7794310080783298,-1.3304058211634058,-0.9656780454357918,-0.6782978193458018,-0.45841366166902026,-0.2948894773791359,-0.1765873681124021,-0.09326035640425537,-0.036070366376265046,0.002206523775877836,0.027203804852828133,0.043132110759561484,0.053017611051549965,0.05895676512056292,0.062352450356581615,0.06411325046136537,0.06481011636294289,0.06479251340860062,0.06427025382480904,0.06336855336568706,0.06216350833631658,0.06070401918775623,0.05902477452132803,0.057153591447386055,0.05511533519523934,0.0529338444079501,0.050632738079997096,0.04823562146735544,0.04576598629015756,0.04324696915735071,0.040701057378963776,0.03814979014669712,0.03561348086915226,0.03311097453948824,0.03065944746627231,0.028274252864176543,0.02596881332559963,0.023754559421271703,0.02164091230924389,0.019635307142343822,0.01774325320695551,0.01596842608445717,0.014312786693285276,0.012776721836214592,0.011359200831682965,0.010057942932548495,0.008869590508858435,0.007789883368038185,0.006813830079385831,0.0059358727321923545,0.005150042161047895,0.004450101292384241,0.003829674879962635
0.0026402457095633406,0.0030804874719000306,0.0035795417912889618,0.004142555400687117,0.004774656376702651,0.005480861653563766,0.006265972667381667,0.0071344600520471205,0.00809033878016905,0.009137035636073787,0.01027725140698954,0.01151282066457433,0.012844572461353225,0.014272195663568273,0.01579411296113867,0.01740736781516141,0.019107528703530316,0.020888614988314184,0.02274304854045113,0.02466163490774773,0.026633577293548552,0.02864652591723882,0.03068666443487718,0.03273883395708146,0.034786693680715915,0.03681291494518209,0.03879940196834974,0.040727526247209836,0.0425783499651902,0.04433279179690345,0.045971647527097675,0.04747530330606516,0.04882284809269249,0.04999006989077175,0.05094546175957583,0.05164281304600443,0.052008164703642765,0.05191783433876738,0.05116289850218421,0.049394107113702665,0.04604003460962341,0.040190929338536574,0.030442062323517417,0.014694461481308041,-0.01008118170663174,-0.048099220100740275,-0.1049973868402932,-0.1880043038461716,-0.30596313179183565,-0.46912623863692227,-0.6886371357570755,-0.9756376679987402,-1.3399851166159724,-1.788635107456209,-2.323834508567937,-2.94135846546352,-3.6290956450235132,-4.366311826144767,-5.1238846465499135,-5.8656933389399075,-6.551175136584459,-7.138851476754224,-7.59042355215299,-7.87488522870174,-7.972042535999661,-7.87488522870174,-7.59042355215299,-7.138851476754224,-6.551175136584459,-5.8656933389399075,-5.1238846465499135,-4.366311826144767,-3.6290956450235132,-2.94135846546352,-2.323834508567937,-1.788635107456209,-1.3399851166159724,-0.9756376679987402,-0.6886371357570755,-0.46912623863692227,-0.30596313179183565,-0.1880043038461716,-0.1049973868402932,-0.048099220100740275,-0.01008118170663174,0.014694461481308041,0.030442062323517417,0.040190929338536574,0.04604003460962341,0.049394107113702665,0.05116289850218421,0.05191783433876738,0.052008164703642765,0.05164281304600443,0.05094546175957583,0.04999006989077175,0.04882284809269249,0.04747530330606516,0.045971647527097675,0.04433279179690345,0.0425783499651902,0.040727526247209836,0.03879940196834974,0.03681291494518209,0.034786693680715915,0.03273883395708146,0.03068666443487718,0.02864652591723882,0.026633577293548552,0.02466163490774773,0.02274304854045113,0.020888614988314184,0.019107528703530316,0.01740736781516141,0.01579411296113867,0.014272195663568273,0.012844572461353225,0.01151282066457433,0.01027725140698954,0.009137035636073787,0.00809033878016905,0.0071344600520471205,0.006265972667381667,0.005480861653563766,0.004774656376702651,0.004142555400687117,0.0035795417912889618,0.0030804874719000306
0.0021151186641877114,0.0024677993123942052,0.0028675950971424344,0.003318629100953646,0.0038250094606220794,0.004390755276030999,0.005019713010067119,0.00571546411772492,0.006481225020669448,0.007319740938961222,0.008233175491483561,0.009222998365977472,0.010289873722015595,0.011433552308234379,0.01265277053084733,0.013945159886476287,0.01530717025252167,0.01673401049857101,0.018219609731305028,0.019756602204320017,0.021336338506172593,0.02294892507543301,0.02458329335932724,0.026227298977412383,0.027867849937604775,0.029491060966799442,0.031082427690192063,0.032627008350039545,0.034109589328496226,0.035514788986896265,0.03682701353233319,0.038030104166314596,0.039106383597069166,0.04003458810371667,0.040785812719018995,0.041316046516329766,0.04155307830706692,0.041374479685158456,0.040572054046666695,0.038796727357607315,0.0354766858955204,0.029701222855567425,0.020064095026354947,0.004464275436479849,-0.020130111487895862,-0.05793645998237697,-0.11459597258603615,-0.19734111499200835,-0.31501920623743496,-0.47788702264823046,-0.6970926659413768,-0.9837826831869233,-1.347819098924048,-1.7961622530636403,-2.331063629914749,-2.948302827609297,-3.635772739814933,-4.372743088597766,-5.130095118468832,-5.871711285276667,-6.557031620399089,-7.14457989889096,-7.596059161913403,-7.880464611898137,-7.9776030868277585,-7.880464611898137,-7.596059161913403,-7.14457989889096,-6.557031620399089,-5.871711285276667,-5.130095118468832,-4.372743088597766,-3.635772739814933,-2.948302827609297,-2.331063629914749,-1.7961622530636403,-1.347819098924048,-0.9837826831869233,-0.6970926659413768,-0.47788702264823046,-0.31501920623743496,-0.19734111499200835,-0.11459597258603615,-0.05793645998237697,-0.020130111487895862,0.004464275436479849,0.020064095026354947,0.029701222855567425,0.0354766858955204,0.038796727357607315,0.040572054046666695,0.041374479685158456,0.04155307830706692,0.041316046516329766,0.040785812719018995,0.04003458810371667,0.039106383597069166,0.038030104166314596,0.03682701353233319,0.035514788986896265,0.034109589328496226,0.032627008350039545,0.031082427690192063,0.029491060966799442,0.027867849937604775,0.026227298977412383,0.02458329335932724,0.02294892507543301,0.021336338506172593,0.019756602204320017,0.018219609731305028,0.01673401049857101,0.01530717025252167,0.013945159886476287,0.01265277053084733,0.011433552308234379,0.010289873722015595,0.009222998365977472,0.008233175491483561,0.007319740938961222,0.006481225020669448,0.00571546411772492,0.005019713010067119,0.004390755276030999,0.0038250094606220794,0.003318629100953646,0.0028675950971424344,0.0024677993123942052
0.0016875551737713667,0.001968942720790378,0.0022879212520790513,0.0026477803841295612,0.003051797808931043,0.0035031801800470743,0.004004996411981176,0.004560103981719337,0.005171069123068553,0.005840082119909627,0.0065688692234935845,0.007358603029567168,0.008209813440275405,0.009122301589495369,0.010095059314264356,0.011126196895383612,0.012212881854208074,0.0133512915687864,0.01453658235163579,0.01576287740619291,0.01702327574270517,0.0183098836770243,0.019613869934369903,0.02092554457646753,0.022234460824435386,0.023529537044380364,0.02479919301988086,0.0260314887766443,0.027214242975243188,0.028335086297519657,0.029381364591161925,0.030339732193603756,0.031195144762886685,0.03192873909225544,0.032513728766309424,0.032907893896835565,0.03304044641790797,0.03278997893226,0.0319488866403517,0.03016823884671274,0.026875905786287693,0.021160402959130655,0.011614254249581738,-0.0038652404234516755,-0.028312046754918052,-0.06594603529733109,-0.12241123340844298,-0.20494323641772275,-0.32239274914201144,-0.48502013724144144,-0.7039772399330562,-0.9904144328825852,-1.354197602657568,-1.8022909274046912,-2.3369496500367477,-2.9539569940513237,-3.6412092946067705,-4.377979484335528,-5.135151744430433,-5.876611155057783,-6.561800025841926,-7.149244035284105,-7.600647729577182,-7.885007399352773,-7.982130540787016,-7.885007399352773,-7.600647729577182,-7.149244035284105,-6.561800025841926,-5.876611155057783,-5.135151744430433,-4.377979484335528,-3.6412092946067705,-2.9539569940513237,-2.3369496500367477,-1.8022909274046912,-1.354197602657568,-0.9904144328825852,-0.7039772399330562,-0.48502013724144144,-0.32239274914201144,-0.20494323641772275,-0.12241123340844298,-0.06594603529733109,-0.028312046754918052,-0.0038652404234516755,0.011614254249581738,0.021160402959130655,0.026875905786287693,0.03016823884671274,0.0319488866403517,0.03278997893226,0.03304044641790797,0.032907893896835565,0.032513728766309424,0.03192873909225544,0.031195144762886685,0.030339732193603756,0.029381364591161925,0.028335086297519657,0.027214242975243188,0.0260314887766443,0.02479919301988086,0.023529537044380364,0.022234460824435386,0.02092554457646753,0.019613869934369903,0.0183098836770243,0.01702327574270517,0.01576287740619291,0.01453658235163579,0.0133512915687864,0.012212881854208074,0.011126196895383612,0.010095059314264356,0.009122301589495369,0.008209813440275405,0.007358603029567168,0.0065688692234935845,0.005840082119909627,0.005171069123068553,0.004560103981719337,0.004004996411981176,0.0035031801800470743,0.003051797808931043,0.0026477803841295612,0.0022879212520790513,0.001968942720790378
0.0013409546024968763,0.0015645490260304173,0.0018180137638222687,0.002103962790481495,0.002425000605242675,0.00278367525922824,0.003182425354204891,0.0036235214807734204,0.00410900280369005,0.0046406097527174955,0.0052197140308944,0.005847247398963484,0.006523630924470583,0.007248706585643543,0.00802167328226339,0.008841029417302304,0.009704524263855414,0.010609120312810624,0.0115509687002693,0.012525399633719772,0.013526929466027408,0.014549285695918018,0.01558545067827807,0.016627724146722367,0.01766780364111346,0.018696880272949926,0.019705744269004337,0.020684889024254707,0.021624591289020542,0.022514923656187198,0.023345614967155662,0.02410560000317901,0.02478196879983503,0.02535780410596499,0.025808036891524253,0.026091899157804015,0.026139756480703893,0.025831029134737393,0.024958592061378293,0.023173630761257984,0.01990375927217937,0.014236862662518963,0.004764465373650856,-0.010617488967126231,-0.034944660392998636,-0.07243892686093459,-0.12874660564302653,-0.21110582908082615,-0.3283700466436166,-0.4908025336536464,-0.7095581590994097,-0.9957904022639457,-1.3593682804340115,-1.8072590831882802,-2.3417211003185083,-2.9585404941929734,-3.6456163897840996,-4.382224322341598,-5.1392508536534995,-5.880583191266141,-6.565665491644317,-7.153024976301291,-7.604367411470621,-7.888689969923571,-7.985800681395068,-7.888689969923571,-7.604367411470621,-7.153024976301291,-6.565665491644317,-5.880583191266141,-5.1392508536534995,-4.382224322341598,-3.6456163897840996,-2.9585404941929734,-2.3417211003185083,-1.8072590831882802,-1.3593682804340115,-0.9957904022639457,-0.7095581590994097,-0.4908025336536464,-0.3283700466436166,-0.21110582908082615,-0.12874660564302653,-0.07243892686093459,-0.034944660392998636,-0.010617488967126231,0.004764465373650856,0.014236862662518963,0.01990375927217937,0.023173630761257984,0.024958592061378293,0.025831029134737393,0.026139756480703893,0.026091899157804015,0.025808036891524253,0.02535780410596499,0.02478196879983503,0.02410560000317901,0.023345614967155662,0.022514923656187198,0.021624591289020542,0.020684889024254707,0.019705744269004337,0.018696880272949926,0.01766780364111346,0.016627724146722367,0.01558545067827807,0.014549285695918018,0.013526929466027408,0.012525399633719772,0.0115509687002693,0.010609120312810624,0.009704524263855414,0.008841029417302304,0.00802167328226339,0.007248706585643543,0.006523630924470583,0.005847247398963484,0.0052197140308944,0.0046406097527174955,0.00410900280369005,0.0036235214807734204,0.003182425354204891,0.00278367525922824,0.002425000605242675,0.002103962790481495,0.0018180137638222687,0.0015645490260304173
0.0010612141225614306,0.0012381638563838517,0.0014387525704351678,0.0016650489304002485,0.0019191141032751957,0.002202964583750504,0.0025185302497126496,0.002867608017185204,0.003251811654772631,0.003672518516070629,0.004130814149116069,0.004627435937304382,0.005162717108040527,0.005736532604928746,0.006348248447588018,0.006996676291452752,0.007680034940035825,0.008395920546892319,0.009141287167824128,0.009912439180360487,0.010705036871154068,0.011514116191694028,0.01233412327296958,0.013158963707948735,0.013982065710948783,0.014796454720758263,0.015594834143099203,0.016369661339382446,0.017113196978197014,0.017817484512905168,0.018474176093350267,0.019074047041457754,0.01960591004373514,0.0200544184250632,0.020395889252950244,0.02059072634518286,0.020570226379178463,0.020214477641335576,0.019316742270935904,0.017528299550202686,0.014276556740847346,0.008648890091369557,-0.0007639826048491706,-0.01606721238017585,-0.04029782676407673,-0.07767932388478375,-0.13385986919869614,-0.21607964266366053,-0.33319430895128527,-0.4954694917650518,-0.7140625054146391,-1.0001293341050852,-1.36354152191903,-1.8112688696643524,-2.3455721262614255,-2.9622398260339295,-3.649173345606457,-4.385650320794802,-5.142559234759601,-5.883789012050455,-6.568785299712604,-7.156076564620565,-7.607369557699785,-7.891662163694295,-7.988762842973024,-7.891662163694295,-7.607369557699785,-7.156076564620565,-6.568785299712604,-5.883789012050455,-5.142559234759601,-4.385650320794802,-3.649173345606457,-2.9622398260339295,-2.3455721262614255,-1.8112688696643524,-1.36354152191903,-1.0001293341050852,-0.7140625054146391,-0.4954694917650518,-0.33319430895128527,-0.21607964266366053,-0.13385986919869614,-0.07767932388478375,-0.04029782676407673,-0.01606721238017585,-0.0007639826048491706,0.008648890091369557,0.014276556740847346,0.017528299550202686,0.019316742270935904,0.020214477641335576,0.020570226379178463,0.02059072634518286,0.020395889252950244,0.0200544184250632,0.01960591004373514,0.019074047041457754,0.018474176093350267,0.017817484512905168,0.017113196978197014,0.016369661339382446,0.015594834143099203,0.014796454720758263,0.013982065710948783,0.013158963707948735,0.01233412327296958,0.011514116191694028,0.010705036871154068,0.009912439180360487,0.009141287167824128,0.008395920546892319,0.007680034940035825,0.006996676291452752,0.006348248447588018,0.005736532604928746,0.005162717108040527,0.004627435937304382,0.004130814149116069,0.003672518516070629,0.003251811654772631,0.002867608017185204,0.0025185302497126496,0.002202964583750504,0.0019191141032751957,0.0016650489304002485,0.0014387525704351678,0.0012381638563838517
0.0008364207876010418,0.0009758878683559691,0.0011339865655215545,0.0013123473464508385,0.0015125947682295257,0.0017363181784184505,0.001985038655513896,0.002260172481003009,0.002562991584441228,0.0028945815593527636,0.0032557980058699797,0.0036472221100008395,0.004069116512733131,0.004521382647927,0.005003520829050221,0.00551459443436861,0.006053199571775482,0.006617441592294345,0.007204919760447803,0.007812721275516016,0.008437425664338439,0.009075120322443982,0.009721427639302045,0.010371543641355159,0.0110202872750824,0.011662158004586885,0.012291396624375088,0.012902038696353906,0.013487939122468155,0.014042725096479228,0.014559594296854116,0.015030801063771058,0.015446542368370056,0.01579273361610673,0.016046805712184923,0.016170104120512733,0.01609467373133471,0.015701139630798465,0.014783075101880608,0.01299183478764157,0.009754659789045576,0.004158517478061254,-0.005206522556624526,-0.02044649099195855,-0.044599514247526145,-0.08189039238577221,-0.13796877602360624,-0.2200764905385717,-0.33707098069044433,-0.4992197572905322,-0.7176820996551674,-1.003616004889952,-1.366895047555466,-1.814491046428485,-2.3486667265313868,-2.965212528239365,-3.6520316375554773,-4.388403378264507,-5.145217777500116,-5.8863651395582,-6.571292309281861,-7.158528754290698,-7.6097820167870385,-7.89405055364066,-7.991143171268571,-7.89405055364066,-7.6097820167870385,-7.158528754290698,-6.571292309281861,-5.8863651395582,-5.145217777500116,-4.388403378264507,-3.6520316375554773,-2.965212528239365,-2.3486667265313868,-1.814491046428485,-1.366895047555466,-1.003616004889952,-0.7176820996551674,-0.4992197572905322,-0.33707098069044433,-0.2200764905385717,-0.13796877602360624,-0.08189039238577221,-0.044599514247526145,-0.02044649099195855,-0.005206522556624526,0.004158517478061254,0.009754659789045576,0.01299183478764157,0.014783075101880608,0.015701139630798465,0.01609467373133471,0.016170104120512733,0.016046805712184923,0.01579273361610673,0.015446542368370056,0.015030801063771058,0.014559594296854116,0.014042725096479228,0.013487939122468155,0.012902038696353906,0.012291396624375088,0.011662158004586885,0.0110202872750824,0.010371543641355159,0.009721427639302045,0.009075120322443982,0.008437425664338439,0.007812721275516016,0.007204919760447803,0.006617441592294345,0.006053199571775482,0.00551459443436861,0.005003520829050221,0.004521382647927,0.004069116512733131,0.0036472221100008395,0.0032557980058699797,0.0028945815593527636,0.002562991584441228,0.002260172481003009,0.001985038655513896,0.0017363181784184505,0.0015125947682295257,0.0013123473464508385,0.0011339865655215545,0.0009758878683559691
0.0006565676278220148,0.0007660455027480527,0.0008901486911174836,0.0010301570655710842,0.0011873458593501059,0.0013629626671739423,0.0015582014943983165,0.001774174083569715,0.002011878864884197,0.002272167999808202,0.002555713111234659,0.0028629704144125336,0.0031941460753893477,0.003549162722409085,0.003927628115065774,0.004328807030597407,0.004751597451439229,0.005194512128476802,0.005655666546285019,0.006132774225940813,0.00662315016205102,0.007123722991869604,0.007631056208410759,0.008141378291049476,0.008650620886397802,0.009154462800065889,0.009648374864055492,0.010127655330495314,0.01058743461915864,0.011022607046406839,0.011427606840743156,0.011795871678614098,0.012118706072738891,0.012383035196853511,0.01256718111794403,0.012633242694276885,0.012513863447907354,0.012090097948940223,0.011155768420903125,0.009362289801725508,0.006136770250105257,0.0005658500031514059,-0.008760919967527092,-0.02395027412690165,-0.048041218097049074,-0.08525959359488348,-0.14125623948789404,-0.2232742976247361,-0.3401726369821519,-0.5022202782129468,-0.7205780728004196,-1.006405628336208,-1.3695781439302728,-1.8170690529005091,-2.351142661313455,-2.967590934542309,-3.6543185062417436,-4.390606050710587,-5.147344830387932,-5.888426253480208,-6.5732981231673415,-7.16049070774732,-7.611712182509062,-7.895961462070015,-7.993047629714108,-7.895961462070015,-7.611712182509062,-7.16049070774732,-6.5732981231673415,-5.888426253480208,-5.147344830387932,-4.390606050710587,-3.6543185062417436,-2.967590934542309,-2.351142661313455,-1.8170690529005091,-1.3695781439302728,-1.006405628336208,-0.7205780728004196,-0.5022202782129468,-0.3401726369821519,-0.2232742976247361,-0.14125623948789404,-0.08525959359488348,-0.048041218097049074,-0.02395027412690165,-0.008760919967527092,0.0005658500031514059,0.006136770250105257,0.009362289801725508,0.011155768420903125,0.012090097948940223,0.012513863447907354,0.012633242694276885,0.01256718111794403,0.012383035196853511,0.012118706072738891,0.011795871678614098,0.011427606840743156,0.011022607046406839,0.01058743461915864,0.010127655330495314,0.009648374864055492,0.009154462800065889,0.008650620886397802,0.008141378291049476,0.007631056208410759,0.007123722991869604,0.00662315016205102,0.006132774225940813,0.005655666546285019,0.005194512128476802,0.004751597451439229,0.004328807030597407,0.003927628115065774,0.003549162722409085,0.0031941460753893477,0.0028629704144125336,0.002555713111234659,0.002272167999808202,0.002011878864884197,0.001774174083569715,0.0015582014943983165,0.0013629626671739423,0.0011873458593501059,0.0010301570655710842,0.0008901486911174836,0.0007660455027480527
0.0005132949190425363,0.0005988831121941218,0.0006959051603848313,0.0008053616492294499,0.0009282495373284178,0.0010655441758921098,0.0012181790207542148,0.0013870232158935255,0.0015728573193590986,0.0017763475384574563,0.0019980189380923294,0.0022382281806375567,0.00249713644367517,0.0027746832390935093,0.0030705619190754046,0.003384197697163287,0.0037147290318751292,0.004060993212635956,0.004421516949741196,0.0047945126980674475,0.005177881332721951,0.005569221631982792,0.0059658467807476665,0.006364807720051405,0.00676292248383618,0.007156809352183951,0.0075429190164665715,0.007917555599650074,0.008276865610936546,0.0086167527683986,0.008932636347860559,0.009218896682504963,0.009467720563028957,0.009666837554022409,0.009795279630279841,0.009815745811058076,0.00966135649411027,0.009213508380477336,0.008266222002057535,0.006470960328236815,0.003254725614660567,-0.00229610250025015,-0.011592386180099952,-0.026741420533981326,-0.050782911564896685,-0.0879435307814503,-0.14387506362265362,-0.22582170065035934,-0.3426434453858621,-0.5046105212358218,-0.7228850320864433,-1.0086278684575984,-1.371715523590476,-1.819122716961523,-2.353115014111838,-2.9694855952422916,-3.6561402472203666,-4.392360720177009,-5.149039260607167,-5.890068156102726,-6.574895973263684,-7.16205361821592,-7.613249770571054,-7.897483709592602,-7.9945647391192765,-7.897483709592602,-7.613249770571054,-7.16205361821592,-6.574895973263684,-5.890068156102726,-5.149039260607167,-4.392360720177009,-3.6561402472203666,-2.9694855952422916,-2.353115014111838,-1.819122716961523,-1.371715523590476,-1.0086278684575984,-0.7228850320864433,-0.5046105212358218,-0.3426434453858621,-0.22582170065035934,-0.14387506362265362,-0.0879435307814503,-0.050782911564896685,-0.026741420533981326,-0.011592386180099952,-0.00229610250025015,0.003254725614660567,0.006470960328236815,0.008266222002057535,0.009213508380477336,0.00966135649411027,0.009815745811058076,0.009795279630279841,0.009666837554022409,0.009467720563028957,0.009218896682504963,0.008932636347860559,0.0086167527683986,0.008276865610936546,0.007917555599650074,0.0075429190164665715,0.007156809352183951,0.00676292248383618,0.006364807720051405,0.0059658467807476665,0.005569221631982792,0.005177881332721951,0.0047945126980674475,0.004421516949741196,0.004060993212635956,0.0037147290318751292,0.003384197697163287,0.0030705619190754046,0.0027746832390935093,0.00249713644367517,0.0022382281806375567,0.0019980189380923294,0.0017763475384574563,0.0015728573193590986,0.0013870232158935255,0.0012181790207542148,0.0010655441758921098,0.0009282495373284178,0.0008053616492294499,0.0006959051603848313,0.0005988831121941218
0.0003996569004997539,0.00046629678085964945,0.0005418391827450332,0.0006270631727911941,0.0007227449936013552,0.0008296440640342964,0.0009484871827615119,0.0010799510745581038,0.0012246434902491127,0.0013830831459513428,0.0015556788628007078,0.0017427083419259688,0.0019442970779091058,0.0021603979740505838,0.002390772271053513,0.002634972433936834,0.0028923276569544753,0.003161932640149832,0.0034426402611425558,0.0037330587085736126,0.0040315535538607864,0.004336255103573728,0.004645071167370715,0.004955705029040119,0.0052656777684895045,0.00557235281830306,0.005872958053994782,0.00616459541389863,0.0064442173275509355,0.0067085281289361275,0.006953728392890035,0.007174946129138446,0.007365067914974794,0.00751246132472261,0.007596721402845351,0.007581023191607546,0.007398865326947826,0.006931915874090803,0.005974352654976164,0.004177676735565176,0.0009688063735587386,-0.004566085488780699,-0.013838188696913268,-0.028955243039784112,-0.05295751003373305,-0.09007231934399632,-0.14595220719117613,-0.2278421959332905,-0.34460318896569947,-0.5065063636699403,-0.7247148172866805,-1.0103904579016898,-1.3734108052078078,-1.820751598809533,-2.354679403211374,-2.970988362165532,-3.6575851772204517,-4.393752451812855,-5.150383212950312,-5.891370445717074,-6.576163322226535,-7.16329325450342,-7.614469322167364,-7.898691093704147,-7.995768047887461,-7.898691093704147,-7.614469322167364,-7.16329325450342,-6.576163322226535,-5.891370445717074,-5.150383212950312,-4.393752451812855,-3.6575851772204517,-2.970988362165532,-2.354679403211374,-1.820751598809533,-1.3734108052078078,-1.0103904579016898,-0.7247148172866805,-0.5065063636699403,-0.34460318896569947,-0.2278421959332905,-0.14595220719117613,-0.09007231934399632,-0.05295751003373305,-0.028955243039784112,-0.013838188696913268,-0.004566085488780699,0.0009688063735587386,0.004177676735565176,0.005974352654976164,0.006931915874090803,0.007398865326947826,0.007581023191607546,0.007596721402845351,0.00751246132472261,0.007365067914974794,0.007174946129138446,0.006953728392890035,0.0067085281289361275,0.0064442173275509355,0.00616459541389863,0.005872958053994782,0.00557235281830306,0.0052656777684895045,0.004955705029040119,0.004645071167370715,0.004336255103573728,0.0040315535538607864,0.0037330587085736126,0.0034426402611425558,0.003161932640149832,0.0028923276569544753,0.002634972433936834,0.002390772271053513,0.0021603979740505838,0.0019442970779091058,0.0017427083419259688,0.0015556788628007078,0.0013830831459513428,0.0012246434902491127,0.0010799510745581038,0.0009484871827615119,0.0008296440640342964,0.0007227449936013552,0.0006270631727911941,0.0005418391827450332,0.00046629678085964945
0.00030991351641127213,0.0003615893404236607,0.00042016861523957804,0.00048625546724883364,0.0005604518329485875,0.0006433466028813532,0.0007355033723002654,0.000837446906709012,0.0009496484858353965,0.0010725103475378213,0.0012063495117290103,0.0013513813214516162,0.0015077030913420335,0.0016752783003043585,0.0018539218026617722,0.002043286557777248,0.0022428523896907016,0.0024519172834049784,0.0026695917007516913,0.0028947963533079496,0.0031262637972385107,0.003362544103099022,0.00360201467372583,0.0038428939677320564,0.004083258281711684,0.004321059517742344,0.004554139317187485,0.0047802296773341475,0.004996919487409053,0.005201545352024091,0.005390924861501375,0.005560776488371803,0.005704539452592761,0.005811085184092725,0.005860453400501904,0.005816195073867505,0.005612107546275914,0.005130073187464227,0.004164394036080444,0.0023666012441048868,-0.0008364532664816944,-0.006358759787631843,-0.015611766945088874,-0.030703565704942048,-0.05467485628923409,-0.09175348812942184,-0.14759259036106268,-0.22943784223679228,-0.34615085780976734,-0.5080035678443714,-0.7261598540633689,-1.0117824281551295,-1.3747496204324416,-1.8220379761258154,-2.3559148486514108,-2.9721751427070906,-3.6587262821925504,-4.39485154442592,-5.151444572809224,-5.892398903257548,-6.577164186076556,-7.164272232814602,-7.61543243898977,-7.899644601495416,-7.996718337256679,-7.899644601495416,-7.61543243898977,-7.164272232814602,-6.577164186076556,-5.892398903257548,-5.151444572809224,-4.39485154442592,-3.6587262821925504,-2.9721751427070906,-2.3559148486514108,-1.8220379761258154,-1.3747496204324416,-1.0117824281551295,-0.7261598540633689,-0.5080035678443714,-0.34615085780976734,-0.22943784223679228,-0.14759259036106268,-0.09175348812942184,-0.05467485628923409,-0.030703565704942048,-0.015611766945088874,-0.006358759787631843,-0.0008364532664816944,0.0023666012441048868,0.004164394036080444,0.005130073187464227,0.005612107546275914,0.005816195073867505,0.005860453400501904,0.005811085184092725,0.005704539452592761,0.005560776488371803,0.005390924861501375,0.005201545352024091,0.004996919487409053,0.0047802296773341475,0.004554139317187485,0.004321059517742344,0.004083258281711684,0.0038428939677320564,0.00360201467372583,0.003362544103099022,0.0031262637972385107,0.0028947963533079496,0.0026695917007516913,0.0024519172834049784,0.0022428523896907016,0.002043286557777248,0.0018539218026617722,0.0016752783003043585,0.0015077030913420335,0.0013513813214516162,0.0012063495117290103,0.0010725103475378213,0.0009496484858353965,0.000837446906709012,0.0007355033723002654,0.0006433466028813532,0.0005604518329485875,0.00048625546724883364,0.00042016861523957804,0.0003615893404236607
